代表PKGI,全PKGI,商品名,数量合計,Shop_Key,Bundling_ID,Shelf_No,色確認,サイズ確認,中古確認,月,グループ,グループ名,優先,箱/PKG,箱種別,元シート行,元数量,不足点数(同名群),確認が要る理由,現物で見ること,参考URL,参考URL出所,候補URL,候補タイトル,候補一致度,現物メモ,商品コード(PD),在庫コード(IT),特定状況
PKGI-01930770,PKGI-01930770,GLSSWRKS Hana Premium Glass Mousepad International Edition 490x420mm【他商品との同梱不可】,1,fumo-collection_com,BU-00731744,PKG-00818672,,,,8月,I,登録済み・IT未入庫,高,BU-00731744,箱,2,1,,商品マスタ(PD)はあるが在庫(IT)が未入庫,現物の有無と点数,https://www.fumo-collection.com/products/glsswrks-mousepad-hana-int-4942,master_v336_confirmed_url,,,,,PD50KYGFSUZ3,,特定済み
PKGI-01980257,PKGI-01980257,(torin car) Pok?mon Card Charizard Qu Squirrel Tartar Type English charizard,1,magi_camp,BU-00749512,PKG-00819769,,,,8月,G,商品特定（候補あり）,高,BU-00749512,箱,3,1,,商品を特定できていない（候補が複数）,タグ・JAN・型番・ブランド名を撮影、全体写真、数量,,,,,,,,,候補あり
PKGI-02057290,PKGI-02057290,【EN】《Cold Foil》[Mechanologist] Cogwerx Tinker Rings/コグワークスの絡繰リング (装備品)「L」〔SEA008〕,1,tokyofab_com,BU-00777114,PKG-00836011,YES,YES,YES,8月,A,版・サイズ・色の確定,中,BU-00777114,箱,4,1,,版・SKU・サイズ・色が元データから確定できない,版・種類・サイズ・色、数量・セット内容、状態・未開封、画像と現物の一致、箱・袋の所在,https://www.tokyofab.com/view/item/000000015088,master_v336_confirmed_url,,,,,,,特定済み
PKGI-02060368,PKGI-02060368,GIFT KIT（L）,1,store_hystericglamour_jp,BU-00778202,PKG-00847123,YES,YES,YES,8月,A,版・サイズ・色の確定,中,BU-00778202,箱,6,1,,版・SKU・サイズ・色が元データから確定できない,版・種類・サイズ・色、数量・セット内容、状態・未開封、画像と現物の一致、箱・袋の所在,https://store.hystericglamour.jp/item/103011.html,master_v336_confirmed_url,,,,,,,特定済み
PKGI-02122785,PKGI-02122785,15＜完全生産限定盤/カラーバイナル＞ + '（特典あり）(発売日: 2025年07月09日)',2,tower_jp,BU-00800362,PKG-00769991,YES,YES,YES,8月,A,版・サイズ・色の確定,中,BU-00800362,箱,7,2,,版・SKU・サイズ・色が元データから確定できない,版・種類・サイズ・色、数量・セット内容、bonus_or_purchase_benefit_presence、状態・未開封、画像と現物の一致、箱・袋の所在,https://tower.jp/item/6810313,master_v336_confirmed_url,,,,,,,特定済み
PKGI-02130604,PKGI-02130604,We are：8th Mini Album（Special Jewel Ver.）＜ワーナーミュージック・ストア限定特典付き＞,1,store_wmg_jp,BU-00803075,PKG-00876629,YES,YES,YES,8月,A,版・サイズ・色の確定,中,BU-00803075,箱,8,1,,版・SKU・サイズ・色が元データから確定できない,版・種類・サイズ・色、数量・セット内容、bonus_or_purchase_benefit_presence、状態・未開封、画像と現物の一致、箱・袋の所在,https://e-store.wmg.jp/shop/g/gSETIDL-02/,master_v336_confirmed_url,,,,,,,特定済み
PKGI-02152281,PKGI-02152281,Synthesizer V AI 重音テト,1,ah-soft_net,BU-00810603,PKG-00892447,YES,YES,YES,8月,A,版・サイズ・色の確定,中,BU-00810603,箱,9,1,,版・SKU・サイズ・色が元データから確定できない,版・種類・サイズ・色、数量・セット内容、状態・未開封、画像と現物の一致、箱・袋の所在,https://www.ah-soft.net/shopdetail/000000001490/,master_v336_confirmed_url,,,,,,,特定済み
PKGI-02231415,PKGI-02231415,"Kunjudoincensesticks,Traumereiseries,Lavender",1,kohgen_com,BU-00838064,PKG-00938206,YES,YES,YES,8月,A,版・サイズ・色の確定,中,BU-00838064,箱,13,1,,版・SKU・サイズ・色が元データから確定できない,版・種類・サイズ・色、数量・セット内容、状態・未開封、画像と現物の一致、箱・袋の所在,https://www.kohgen.com/i/1390500000000,master_v336_confirmed_url,,,,,,,特定済み
PKGI-02230028,PKGI-02230028,"Kunjudoincensesticks,Traumereiseries,FloralBlend",1,kohgen_com,BU-00838064,PKG-00938269,,,,8月,G,商品特定（候補あり）,高,BU-00838064,箱,12,1,,商品を特定できていない（候補が複数）,タグ・JAN・型番・ブランド名を撮影、全体写真、数量,,,,,,,,,候補あり
PKGI-02266322,PKGI-02266322,[U Syrup] Ginger 200ml,1,u-products_co_jp,BU-00851873,PKG-00950778,,,,8月,H,商品特定（ページ見つからず）,高,BU-00851873,箱,17,1,,商品ページが見つからない（商品名から特定不可）,タグ・JAN・型番・ブランド名を撮影、全体写真、数量,,,,,,,,,未発見
PKGI-02266323,PKGI-02266323,[U Syrup] Cola 200ml,1,u-products_co_jp,BU-00851873,PKG-00950778,,,,8月,H,商品特定（ページ見つからず）,高,BU-00851873,箱,18,1,,商品ページが見つからない（商品名から特定不可）,タグ・JAN・型番・ブランド名を撮影、全体写真、数量,,,,,,,,,未発見
PKGI-02268725,PKGI-02268725,カプコンフィギュアビルダー モンスターハンター スタンダードモデル Plus Vol.27 （1BOX/6個入り）,1,e-capcom_com,BU-00852780,PKG-00943492,YES,YES,,8月,A,版・サイズ・色の確定,中,BU-00852780,箱,19,1,,版・SKU・サイズ・色が元データから確定できない,版・種類・サイズ・色,https://www.e-capcom.com/shop/g/gC00008781/,master_v336_confirmed_url,,,,,,,特定済み
PKGI-02286085,PKGI-02286085,PING ピン キャディバッグ CB-U2504 オーセンティックカート 9.0型 5分割 カートバッグ ゴルフ 2025年モデル 日本正規品,1,jypers_com,BU-00859109,PKG-00943795,YES,YES,,8月,A,版・サイズ・色の確定,中,BU-00859109,箱,20,1,,版・SKU・サイズ・色が元データから確定できない,版・種類・サイズ・色,https://ec.jal.co.jp/shop/g/g0192-201601000117029996/,master_v336_confirmed_url,,,,,,,特定済み
PKGI-02354288,PKGI-02354288,ぷるふわナイトブラ,1,peachjohn_co_jp,BU-00884974,PKG-00954593,YES,YES,,8月,A,版・サイズ・色の確定,中,BU-00884974,箱,22,1,,版・SKU・サイズ・色が元データから確定できない,版・種類・サイズ・色,https://www.peachjohn.co.jp/shop/g/g10254700102/,master_v336_confirmed_url,,,,,,,特定済み
PKGI-02354291,PKGI-02354291,スマートブラ,1,peachjohn_co_jp,BU-00884974,PKG-00954593,,,,8月,G,商品特定（候補あり）,高,BU-00884974,箱,23,1,,商品を特定できていない（候補が複数）,タグ・JAN・型番・ブランド名を撮影、全体写真、数量,https://www.peachjohn.co.jp/shop/e/eal-smartbra/,candidate_verified(score=1.00),https://www.peachjohn.co.jp/shop/e/eal-smartbra/,,,,,,候補あり
PKGI-02354294,PKGI-02354294,ナイスバディブラキャミソール＋パワー（プッシュアップ脇高）,1,peachjohn_co_jp,BU-00884974,PKG-00954593,YES,YES,YES,8月,A,版・サイズ・色の確定,中,BU-00884974,箱,24,1,,版・SKU・サイズ・色が元データから確定できない,版・種類・サイズ・色、数量・セット内容、状態・未開封,https://www.peachjohn.co.jp/shop/g/g10312750173/,master_v336_confirmed_url,,,,現物,,,特定済み
PKGI-02354289,PKGI-02354289,もりこれ脇高レーシィブラ,1,peachjohn_co_jp,BU-00884974,PKG-00954593,,,,8月,B,数量・版＋撮影（写真なし）,中,BU-00884974,箱,27,1,,現物未確認（数量・版の確認）／写真なし（撮影が必要）,現物未確認,https://www.peachjohn.co.jp/shop/g/g10261050119/,master_v336_confirmed_url,,,,現物,,,特定済み
PKGI-02354290,PKGI-02354290,もりこれ脇高レーシィブラ,1,peachjohn_co_jp,BU-00884974,PKG-00954593,,,,8月,B,数量・版＋撮影（写真なし）,中,BU-00884974,箱,28,1,,現物未確認（数量・版の確認）／写真なし（撮影が必要）,現物未確認,,,,,,現物,,,特定済み
PKGI-02354292,PKGI-02354292,ハートブラ,1,peachjohn_co_jp,BU-00884974,PKG-00954593,YES,YES,,8月,A,版・サイズ・色の確定,中,BU-00884974,箱,29,1,,版・SKU・サイズ・色が元データから確定できない,版・種類・サイズ・色,https://www.peachjohn.co.jp/shop/g/g10297400623/,master_v336_confirmed_url,,,,,,,特定済み
PKGI-02354293,PKGI-02354293,ハートブラ,1,peachjohn_co_jp,BU-00884974,PKG-00954593,YES,YES,,8月,A,版・サイズ・色の確定,中,BU-00884974,箱,30,1,,版・SKU・サイズ・色が元データから確定できない,版・種類・サイズ・色,,,,,,,,,特定済み
PKGI-02372833,PKGI-02372833,ラインラグランZIPパーカー,1,wegoec_jp,BU-00891627,PKG-00934377,YES,YES,YES,8月,A,版・サイズ・色の確定,中,BU-00891627,箱,31,1,,版・SKU・サイズ・色が元データから確定できない,版・種類・サイズ・色、数量・セット内容、状態・未開封、画像と現物の一致、箱・袋の所在,https://wego.jp/products/sk25aw09-m0005,master_v336_confirmed_url,,,,,,,特定済み
PKGI-02372829,PKGI-02372829,裏起毛ショートグラフィックプルオーバー,1,wegoec_jp,BU-00891627,PKG-00934377,YES,YES,,8月,A,版・サイズ・色の確定,中,BU-00891627,箱,32,1,,版・SKU・サイズ・色が元データから確定できない,版・種類・サイズ・色,https://wego.jp/products/we25aw09-m0016,master_v336_confirmed_url,,,,,,,特定済み
PKGI-02372830,PKGI-02372830,フェザーニットプルオーバー,1,wegoec_jp,BU-00891627,PKG-00934377,YES,YES,,8月,A,版・サイズ・色の確定,中,BU-00891627,箱,33,1,,版・SKU・サイズ・色が元データから確定できない,版・種類・サイズ・色,https://wego.jp/products/br25wn11-m0003,master_v336_confirmed_url,,,,,,,特定済み
PKGI-02372831,PKGI-02372831,フェザーニットプルオーバー,1,wegoec_jp,BU-00891627,PKG-00934377,YES,YES,,8月,A,版・サイズ・色の確定,中,BU-00891627,箱,34,1,,版・SKU・サイズ・色が元データから確定できない,版・種類・サイズ・色,,,,,,,,,特定済み
PKGI-02372832,PKGI-02372832,フェザーニットプルオーバー,1,wegoec_jp,BU-00891627,PKG-00934377,YES,YES,,8月,A,版・サイズ・色の確定,中,BU-00891627,箱,35,1,,版・SKU・サイズ・色が元データから確定できない,版・種類・サイズ・色,,,,,,,,,特定済み
PKGI-02391581,PKGI-02391581,イージーデニムパンツ,1,store_hystericglamour_jp,BU-00898831,PKG-00980297,,,,8月,H,商品特定（ページ見つからず）,高,BU-00898831,箱,36,1,,商品ページが見つからない（商品名から特定不可）,タグ・JAN・型番・ブランド名を撮影、全体写真、数量,,,,,,,,,未発見
PKGI-02406127,PKGI-02406127,ダメージジャガードカーディガン,1,wegoec_jp,BU-00904385,PKG-00872421,YES,YES,,8月,A,版・サイズ・色の確定,中,BU-00904385,箱,37,1,,版・SKU・サイズ・色が元データから確定できない,版・種類・サイズ・色,https://wego.jp/products/we25au09-m0013,master_v336_confirmed_url,,,,,,,特定済み
PKGI-02406126,PKGI-02406126,マルチカーゴデニムハーフパンツ,1,wegoec_jp,BU-00904385,PKG-00872421,,,,8月,G,商品特定（候補あり）,高,BU-00904385,箱,38,1,,商品を特定できていない（候補が複数）,タグ・JAN・型番・ブランド名を撮影、全体写真、数量,,,,,,,,,候補あり
PKGI-02406128,PKGI-02406128,3Dフレアデニムパンツ,1,wegoec_jp,BU-00904385,PKG-00872421,YES,YES,,8月,B,数量・版＋撮影（写真なし）,中,BU-00904385,箱,39,1,,現物未確認（数量・版の確認）／写真なし（撮影が必要）,確認数量（元リストの商品単位） / 欠品・付属品の実際の内容 / 色・サイズ・種類の現物と根拠照合 / 色・サイズ・素材構成の現物照合,https://wear.jp/item/94906673/,master_v336_confirmed_url,,,,,,,特定済み
PKGI-02411554,PKGI-02411554,MARQUE Lounge Robe《ラウンジローブ》,1,sodaterutowel_com,BU-00906673,PKG-01007513,YES,YES,,8月,B,数量・版＋撮影（写真なし）,中,BU-00906673,箱,40,1,,現物未確認（数量・版の確認）／写真なし（撮影が必要）,確認数量（元リストの商品単位） / 欠品・付属品の実際の内容 / 00/01のサイズ・色・ベルトと洗濯ネットの現物構成を確認,https://sodaterutowel.com/products/mq15,master_v336_confirmed_url,,,,,,,特定済み
PKGI-02411555,PKGI-02411555,MARQUE Lounge Robe《ラウンジローブ》,1,sodaterutowel_com,BU-00906673,PKG-01007513,YES,YES,,8月,B,数量・版＋撮影（写真なし）,中,BU-00906673,箱,41,1,,現物未確認（数量・版の確認）／写真なし（撮影が必要）,確認数量（元リストの商品単位） / 欠品・付属品の実際の内容 / 00/01のサイズ・色・ベルトと洗濯ネットの現物構成を確認,,,,,,,,,特定済み
PKGI-02444207,PKGI-02444207,UNDER COVER(アンダーカバー) ジャケット ジャケット(商品コード:レディース),1,ragtag_jp,BU-00920164,PKG-00927847,,,,8月,G,商品特定（候補あり）,高,BU-00920164,箱,42,1,,商品を特定できていない（候補が複数）,タグ・JAN・型番・ブランド名を撮影、全体写真、数量,,,,,,,,,候補あり
PKGI-02453157,PKGI-02453157,SOPHNET.(ソフネット) Tシャツ・カットソー Tシャツ・カットソー(商品コード:メンズ),1,ragtag_jp,BU-00923771,PKG-00935233,,,,8月,G,商品特定（候補あり）,高,BU-00923771,箱,43,1,,商品を特定できていない（候補が複数）,タグ・JAN・型番・ブランド名を撮影、全体写真、数量,,,,,,,,,候補あり
PKGI-02462525,PKGI-02462525,Theory(セオリー) パンツ カーゴパンツ(商品コード:メンズ),1,ragtag_jp,BU-00927360,PKG-00977128,,,,8月,G,商品特定（候補あり）,高,BU-00927360,箱,44,1,,商品を特定できていない（候補が複数）,タグ・JAN・型番・ブランド名を撮影、全体写真、数量,,,,,,,,,候補あり
PKGI-02505270,PKGI-02505270,厚底ローファー （ブラック）,1,yosuke-idocorp_com,BU-00943295,PKG-01040026,YES,YES,,8月,A,版・サイズ・色の確定,中,BU-00943295,箱,45,1,,版・SKU・サイズ・色が元データから確定できない,版・種類・サイズ・色,https://yosuke-idocorp.com/commodity/SIDO0035D/YO729BW20033/,master_v336_confirmed_url,,,,,,,特定済み
PKGI-02511033,PKGI-02511033,【1／28 2時までの限定価格】ファーフード付ウエストベルトエコダウンコート,1,ingni-store_com,BU-00945309,PKG-01040589,,,,8月,G,商品特定（候補あり）,高,BU-00945309,箱,47,1,,商品を特定できていない（候補が複数）,タグ・JAN・型番・ブランド名を撮影、全体写真、数量,https://www.ingni-store.com/item/1254-700014,candidate_verified(score=1.00),https://www.ingni-store.com/item/1254-700014,,,,,,候補あり
PKGI-02526082,PKGI-02526082,amu 2 uki beni,1,us_marlmarl_com,BU-00951406,PKG-01042671,YES,YES,,8月,C,数量・版,中,BU-00951406,箱,49,1,,現物未確認（数量・版の確認）,説明文の未確認項目（サイズ・色・種類・構成など）,https://www.international.marlmarl.com/products/10101443,master_v336_confirmed_url,,,,,,,特定済み
PKGI-02526080,PKGI-02526080,dolce 1 lace collar,1,us_marlmarl_com,BU-00951406,PKG-01042671,YES,YES,,8月,C,数量・版,中,BU-00951406,箱,51,1,,現物未確認（数量・版の確認）,説明文の未確認項目（サイズ・色・種類・構成など）,https://www.international.marlmarl.com/products/10100019,master_v336_confirmed_url,,,,,,,特定済み
PKGI-02526078,PKGI-02526078,crown 3 champagne,1,us_marlmarl_com,BU-00951406,PKG-01042671,,,YES,8月,F,状態・未開封・動作,中,BU-00951406,箱,52,1,,状態・未開封・動作の確認が必要,状態・未開封,https://www.international.marlmarl.com/products/10102592,master_v336_confirmed_url,,,,,,,特定済み
PKGI-02526079,PKGI-02526079,hennin 1 rose,1,us_marlmarl_com,BU-00951406,PKG-01042671,YES,YES,,8月,C,数量・版,中,BU-00951406,箱,53,1,,現物未確認（数量・版の確認）,説明文の未確認項目（サイズ・色・種類・構成など）,https://www.international.marlmarl.com/products/10102252,master_v336_confirmed_url,,,,,,,特定済み
PKGI-02543064,PKGI-02543064,kardia 3 graph black,1,us_marlmarl_com,BU-00957817,PKG-01031179,YES,YES,YES,8月,A,版・サイズ・色の確定,中,BU-00957817,箱,54,1,,版・SKU・サイズ・色が元データから確定できない,版・種類・サイズ・色、数量・セット内容、状態・未開封,https://www.international.marlmarl.com/products/10101467,master_v336_confirmed_url,,,,,,,特定済み
PKGI-02553290,PKGI-02553290,【NATURAL FOUNDATION】 Hair Care Set,1,essenza_co_jp,BU-00963563,PKG-01046308,,,YES,8月,E,賞味期限・保管状態,高,BU-00963563,箱,55,1,,期限・保管状態の確認が必要,賞味期限・保管状態、状態・未開封,https://essenza.co.jp/?pid=179668379,master_v336_confirmed_url,,,,,,,特定済み
PKGI-02569065,PKGI-02569065,(愛鳥笑(アトリエ)てにょりーた) 丸小ビーズのスズメ,1,minne_com,BU-00968197,PKG-01072607,,,,8月,D,数量・セット内容,中,BU-00968197,箱,60,1,,数量・セット内容の確認が必要,数量・セット内容,https://minne.com/items/39381252,master_v336_confirmed_url,,,,,,,特定済み
PKGI-02569278,PKGI-02569278,【新色追加★】きらふわティンクルぬい痛ボストンバッグ,1,wegoec_jp,BU-00968761,PKG-00970322,,,,8月,B,数量・版＋撮影（写真なし）,中,BU-00968761,箱,62,1,,現物未確認（数量・版の確認）／写真なし（撮影が必要）,元帳数量保持・現物未確認,https://wego.jp/products/wg25ss06-g0002,master_v336_confirmed_url,,,,元帳数量保持・現物,,,特定済み
PKGI-02569279,PKGI-02569279,ときめきエンジェル魔法の鍵DIYセット,1,wegoec_jp,BU-00968761,PKG-00970322,YES,YES,YES,8月,A,版・サイズ・色の確定,中,BU-00968761,箱,63,1,,版・SKU・サイズ・色が元データから確定できない,版・種類・サイズ・色、数量・セット内容、状態・未開封、画像と現物の一致、箱・袋の所在,https://wego.jp/products/wg25ss07-g0002,master_v336_confirmed_url,,,,,,,特定済み
PKGI-02576092,PKGI-02576092,【送料無料】『ビバリウム Adoと私』 特装版　箔押しクリアしおり3種セット ※お1人様1点まで 【Release Date: 2026/03/05】,1,store_kadokawa_co_jp,BU-00971249,PKG-01073521,YES,YES,YES,8月,A,版・サイズ・色の確定,中,BU-00971249,箱,64,1,,版・SKU・サイズ・色が元データから確定できない,版・種類・サイズ・色、数量・セット内容、状態・未開封、画像と現物の一致、箱・袋の所在,https://store.kadokawa.co.jp/shop/g/g302510003170/,master_v336_confirmed_url,,,,,,,特定済み
PKGI-02577812,PKGI-02577812,【ハローキティ】キンチャクチャーム,1,dot-st_com,BU-00971771,PKG-00967350,YES,YES,YES,8月,A,版・サイズ・色の確定,中,BU-00971771,箱,65,1,,版・SKU・サイズ・色が元データから確定できない,版・種類・サイズ・色、数量・セット内容、状態・未開封、画像と現物の一致、箱・袋の所在,https://www.dot-st.com/jeanasis/disp/item/645164/,master_v336_confirmed_url,,,,,,,特定済み
PKGI-02577813,PKGI-02577813,【ハローキティ】キンチャクチャーム,1,dot-st_com,BU-00971771,PKG-00967350,YES,YES,YES,8月,A,版・サイズ・色の確定,中,BU-00971771,箱,66,1,,版・SKU・サイズ・色が元データから確定できない,版・種類・サイズ・色、数量・セット内容、状態・未開封、画像と現物の一致、箱・袋の所在,,,,,,,,,特定済み
PKGI-02577814,PKGI-02577814,【ハローキティ】キンチャクチャーム,1,dot-st_com,BU-00971771,PKG-00967350,YES,YES,YES,8月,A,版・サイズ・色の確定,中,BU-00971771,箱,67,1,,版・SKU・サイズ・色が元データから確定できない,版・種類・サイズ・色、数量・セット内容、状態・未開封、画像と現物の一致、箱・袋の所在,,,,,,,,,特定済み
PKGI-02591589,PKGI-02591589,YUPO 両面ユポ 油性・UVオフセット用 ニューユポ FGS 250um 四六判 (788×1091mm) 125枚,1,paperandgoods_com,BU-00977825,PKG-01096114,YES,YES,,8月,A,版・サイズ・色の確定,中,BU-00977825,箱,70,1,,版・SKU・サイズ・色が元データから確定できない,版・種類・サイズ・色,https://www.paperandgoods.com/c/76/7620/762010/FGS250-46-125,master_v336_confirmed_url,,,,,,,特定済み
PKGI-02610833,PKGI-02610833,ホットウィール(Hot Wheels) 　ベーシックカー 日産 スカイライン 2000GT-R LBWK 乗り物おもちゃ ミニカー 3歳から ブルー HXR17,2,books_rakuten_co_jp,BU-00984883,PKG-01016872,,,,8月,B,数量・版＋撮影（写真なし）,中,BU-00984883,箱,71,2,,現物未確認（数量・版の確認）／写真なし（撮影が必要）,未確認,https://mattel.co.jp/toys/hot_wheels/category/hw-19826/,master_v336_confirmed_url,,,,,,,特定済み
PKGI-02614706,PKGI-02614706,◆コカコーラ 爽健美茶 600ml,3,sundrug-online_com,BU-00986497,PKG-01103695,YES,YES,YES,8月,E,賞味期限・保管状態,高,BU-00986497,箱,72,3,,期限・保管状態の確認が必要,賞味期限・保管状態、版・種類・サイズ・色、数量・セット内容、状態・未開封、画像と現物の一致,https://www.kakuyasu.co.jp/products/00283364,master_v336_confirmed_url,,,,,,,特定済み
PKGI-02613956,PKGI-02613956,◆コカコーラ 爽健美茶 600ml,3,sundrug-online_com,BU-00986512,PKG-01103696,YES,YES,YES,8月,E,賞味期限・保管状態,高,BU-00986512,箱,73,3,,期限・保管状態の確認が必要,賞味期限・保管状態、版・種類・サイズ・色、数量・セット内容、状態・未開封、画像と現物の一致,,,,,,,,,特定済み
PKGI-02614810,PKGI-02614810,◆コカコーラ 爽健美茶 600ml,3,sundrug-online_com,BU-00986522,PKG-01103697,YES,YES,YES,8月,E,賞味期限・保管状態,高,BU-00986522,箱,74,3,,期限・保管状態の確認が必要,賞味期限・保管状態、版・種類・サイズ・色、数量・セット内容、状態・未開封、画像と現物の一致,,,,,,,,,特定済み
PKGI-02631668,PKGI-02631668,figure fuchi kun,1,eveofficialstore_com,BU-00992574,PKG-01089728,YES,YES,YES,8月,A,版・サイズ・色の確定,中,BU-00992574,箱,76,1,,版・SKU・サイズ・色が元データから確定できない,版・種類・サイズ・色、数量・セット内容、状態・未開封、画像と現物の一致、箱・袋の所在,https://www.eveofficialstore.com/view/item/000000000275,master_v336_confirmed_url,,,,,,,特定済み
PKGI-02632884,PKGI-02632884,重ねて色をつくるゲーム,1,bodoge_hoobby_net,BU-00992956,PKG-01087852,YES,,,8月,B,数量・版＋撮影（写真なし）,中,BU-00992956,箱,77,1,,現物未確認（数量・版の確認）／写真なし（撮影が必要）,確認数量（元リストの商品単位） / 欠品・付属品の実際の内容 / 通常版/日本の伝統色版と現物構成を照合。別版の人数やお題枚数を混用しない,https://baton-store.jp/view/item/000000034326,master_v336_confirmed_url,,,,,,,特定済み
PKGI-02634852,PKGI-02634852,LB Cherry Blossoms Logo R35 Tee Black,1,lbwk_jp,BU-00993721,PKG-01088008,,,,8月,G,商品特定（候補あり）,高,BU-00993721,箱,78,1,,商品を特定できていない（候補が複数）,タグ・JAN・型番・ブランド名を撮影、全体写真、数量,,,,,,,,,候補あり
PKGI-02635128,PKGI-02635128,2613-3C7B374-00 3COINS ウォーターボトル：800ml／KITINTO,2,palcloset_jp,BU-00993842,PKG-01058253,YES,YES,YES,8月,A,版・サイズ・色の確定,中,BU-00993842,箱,79,2,,版・SKU・サイズ・色が元データから確定できない,版・種類・サイズ・色、数量・セット内容、状態・未開封、画像と現物の一致、箱・袋の所在,https://www.palcloset.jp/display/item/2613-3C7B374-00/?b=3coins,master_v336_confirmed_url,,,,,,,特定済み
PKGI-02635129,PKGI-02635129,2613-3C7B373-00 3COINS ウォーターボトル：400ml／KITINTO,3,palcloset_jp,BU-00993842,PKG-01058253,YES,YES,,8月,A,版・サイズ・色の確定,中,BU-00993842,箱,80,3,,版・SKU・サイズ・色が元データから確定できない,版・種類・サイズ・色,https://www.palcloset.jp/display/item/2613-3C7B373-00/,master_v336_confirmed_url,,,,,,,特定済み
PKGI-02635130,PKGI-02635130,2612-ESKO02-000 3COINS ポータブルゴミ箱,1,palcloset_jp,BU-00993842,PKG-01058253,YES,YES,,8月,A,版・サイズ・色の確定,中,BU-00993842,箱,81,1,,版・SKU・サイズ・色が元データから確定できない,版・種類・サイズ・色,https://www.palcloset.jp/display/item/2612-ESKO02-000/,master_v336_confirmed_url,,,,,,,特定済み
PKGI-02635131,PKGI-02635131,2612-ESKO01-000 3COINS 帽子クリップ,1,palcloset_jp,BU-00993842,PKG-01058253,YES,YES,,8月,A,版・サイズ・色の確定,中,BU-00993842,箱,82,1,,版・SKU・サイズ・色が元データから確定できない,版・種類・サイズ・色,https://www.palcloset.jp/display/item/2612-ESKO01-000/,master_v336_confirmed_url,,,,,,,特定済み
PKGI-02635132,PKGI-02635132,2612-OSRPS1-000 3COINS おしりふきケース2枚セット,1,palcloset_jp,BU-00993842,PKG-01058253,YES,YES,,8月,A,版・サイズ・色の確定,中,BU-00993842,箱,83,1,,版・SKU・サイズ・色が元データから確定できない,版・種類・サイズ・色,https://www.palcloset.jp/display/item/2612-OSRPS1-000/,master_v336_confirmed_url,,,,,,,特定済み
PKGI-02635239,PKGI-02635239,IDEA/Idea SORRY I DONT WORK HERE HAT,1,jadore-jun_jp,BU-00993866,PKG-01087985,,,,8月,G,商品特定（候補あり）,高,BU-00993866,箱,84,1,,商品を特定できていない（候補が複数）,タグ・JAN・型番・ブランド名を撮影、全体写真、数量,,,,,,,,,候補あり
PKGI-02635330,PKGI-02635330,MICKEY MOUSE OS T-SHIRT,1,n-nine-store_com,BU-00993897,PKG-01089827,YES,YES,YES,8月,A,版・サイズ・色の確定,中,BU-00993897,箱,85,1,,版・SKU・サイズ・色が元データから確定できない,版・種類・サイズ・色、数量・セット内容、状態・未開封,https://www.n-nine-store.com/item/107385852.html,master_v336_confirmed_url,,,,,,,特定済み
PKGI-02635634,PKGI-02635634,イケメン風まるさんアクリルキーホルダー。(Acrylic Key Chain),1,suzuri_jp,BU-00994026,PKG-01089822,YES,YES,YES,8月,A,版・サイズ・色の確定,中,BU-00994026,箱,86,1,,版・SKU・サイズ・色が元データから確定できない,版・種類・サイズ・色、数量・セット内容、状態・未開封、画像と現物の一致、箱・袋の所在,https://suzuri.jp/IamMaru/16297380/acrylic-keychain/70x70mm/clear,master_v336_confirmed_url,,,,,,,特定済み
PKGI-02635687,PKGI-02635687,2517-MNSTP1-000 3COINS 折り畳み踏み台／KIDSトイレ,1,palcloset_jp,BU-00994059,PKG-01058427,YES,YES,,8月,A,版・サイズ・色の確定,中,BU-00994059,箱,89,1,,版・SKU・サイズ・色が元データから確定できない,版・種類・サイズ・色,https://www.palcloset.jp/display/item/2517-MNSTP1-000/,master_v336_confirmed_url,,,,,,,特定済み
PKGI-02635690,PKGI-02635690,2422-3C240012-0 3COINS ライトパッカブルバッグ／MENS,2,palcloset_jp,BU-00994059,PKG-01058427,YES,YES,,8月,A,版・サイズ・色の確定,中,BU-00994059,箱,90,2,,版・SKU・サイズ・色が元データから確定できない,版・種類・サイズ・色,https://www.palcloset.jp/display/item/2422-3C240012-0/?b=3coins,master_v336_confirmed_url,,,,,,,特定済み
PKGI-02635688,PKGI-02635688,2515-3C2B887-00 3COINS CARサンバイザー収納,1,palcloset_jp,BU-00994059,PKG-01058427,YES,YES,,8月,A,版・サイズ・色の確定,中,BU-00994059,箱,91,1,,版・SKU・サイズ・色が元データから確定できない,版・種類・サイズ・色,https://www.palcloset.jp/display/item/2515-3C2B887-00/?b=3coins,master_v336_confirmed_url,,,,,,,特定済み
PKGI-02635689,PKGI-02635689,2522-SDTV002-2- 3COINS コンパクトレジャーシート,1,palcloset_jp,BU-00994059,PKG-01058427,,,,8月,B,数量・版＋撮影（写真なし）,中,BU-00994059,箱,92,1,,現物未確認（数量・版の確認）／写真なし（撮影が必要）,元帳数量保持・現物未確認,https://www.palcloset.jp/display/item/2522-SDTV002-2-/,master_v336_confirmed_url,,,,元帳数量保持・現物,,,特定済み
PKGI-02636777,PKGI-02636777,「いつも」極細シルクモヘヤ/ 20gコーン巻き 32色展開  「いつも」極細シルクモヘヤ/ 20gコーン巻き 32色展開,1,proef_ocnk_net,BU-00994393,PKG-01089872,,,,8月,H,商品特定（ページ見つからず）,高,BU-00994393,箱,96,1,,商品ページが見つからない（商品名から特定不可）,タグ・JAN・型番・ブランド名を撮影、全体写真、数量,,,,,,,,,未発見
PKGI-02636779,PKGI-02636779,合細 アンゴラ100%/ 50g・約400m巻 4色合細 アンゴラ100%/ 50g・約400m巻 4色,1,proef_ocnk_net,BU-00994393,PKG-01089872,,,,8月,H,商品特定（ページ見つからず）,高,BU-00994393,箱,97,1,,商品ページが見つからない（商品名から特定不可）,タグ・JAN・型番・ブランド名を撮影、全体写真、数量,,,,,,,,,未発見
PKGI-02636778,PKGI-02636778,合細・韓国製スーパーファインウール×カシミヤ 50g/375m巻 22色合細・韓国製スーパーファインウール×カシミヤ 50g/375m巻 22色,1,proef_ocnk_net,BU-00994393,PKG-01089872,,,,8月,H,商品特定（ページ見つからず）,高,BU-00994393,箱,98,1,,商品ページが見つからない（商品名から特定不可）,タグ・JAN・型番・ブランド名を撮影、全体写真、数量,,,,,,,,,未発見
PKGI-02636850,PKGI-02636850,メッシュデコシートL,1,wegoec_jp,BU-00994424,PKG-01058500,YES,YES,,8月,A,版・サイズ・色の確定,中,BU-00994424,箱,99,1,,版・SKU・サイズ・色が元データから確定できない,版・種類・サイズ・色,https://wego.jp/products/wg24ss03-g0005,master_v336_confirmed_url,,,,,,,特定済み
PKGI-02636889,PKGI-02636889,ダイヤ 刺繍 フリル ノースリーブ ブラウス【限定展開】,1,freaksstore_com,BU-00994431,PKG-01058605,,,,8月,B,数量・版＋撮影（写真なし）,中,BU-00994431,箱,100,1,,現物未確認（数量・版の確認）／写真なし（撮影が必要）,未確認,https://www.daytona-park.com/item/1303248900239,master_v336_confirmed_url,,,,,,,特定済み
PKGI-02637653,PKGI-02637653,【gelato pique】【LADIES】スムーズィーカーディガン,1,usagi-online_com,BU-00994787,PKG-01081400,,,,8月,G,商品特定（候補あり）,高,BU-00994787,箱,101,1,,商品を特定できていない（候補が複数）,タグ・JAN・型番・ブランド名を撮影、全体写真、数量,,,,,,,,,候補あり
PKGI-02638164,PKGI-02638164,BAPE × LBWK Circle APE HEAD Logo Tee White,1,lbwk_jp,BU-00994988,PKG-01090194,,,,8月,B,数量・版＋撮影（写真なし）,中,BU-00994988,箱,103,1,,現物未確認（数量・版の確認）／写真なし（撮影が必要）,元帳数量保持・現物未確認,https://en.lbwk.jp/product/t454-wh/,master_v336_confirmed_url,,,,元帳数量保持・現物,,,特定済み
PKGI-02638261,PKGI-02638261,ル・サンク　Vol.229『うたかたの恋』『ENCHANTEMENT―華麗なる香水―』＜花組＞,1,shop_tca-pictures_net,BU-00995017,PKG-01090166,,,,8月,G,商品特定（候補あり）,高,BU-00995017,箱,105,1,,商品を特定できていない（候補が複数）,タグ・JAN・型番・ブランド名を撮影、全体写真、数量,https://shop.tca-pictures.net/shop/g/g630229/,"shop_site_search(supplier,score=1.00)",https://shop.tca-pictures.net/shop/g/g630229/,ル・サンク Vol.229『うたかたの恋』『ENCHANTEMENT―華麗なる香水―』＜花組＞: ブック - 宝塚クリエイティブアーツ公式ショッピングサイト｜キャトルレーヴオンライン,1.00,,,,候補あり
PKGI-02638378,PKGI-02638378,Relax Samue,1,ensulo_jp,BU-00995050,PKG-01090159,YES,YES,,8月,A,版・サイズ・色の確定,中,BU-00995050,箱,109,1,,版・SKU・サイズ・色が元データから確定できない,版・種類・サイズ・色,https://ensulo.jp/products/relax-samue,master_v336_confirmed_url,,,,,,,特定済み
PKGI-02638659,PKGI-02638659,メンズ 2枚組ボクサーブリーフ（たまごっち）(しまむら)【予約】,1,shop-shimamura_com,BU-00995129,PKG-01090153,,,,8月,G,商品特定（候補あり）,高,BU-00995129,箱,110,1,,商品を特定できていない（候補が複数）,タグ・JAN・型番・ブランド名を撮影、全体写真、数量,,,,,,,,,候補あり
PKGI-02638690,PKGI-02638690,メンズ 2枚組ボクサーブリーフ（たまごっち）(しまむら)【予約】,1,shop-shimamura_com,BU-00995138,PKG-01090151,,,,8月,G,商品特定（候補あり）,高,BU-00995138,箱,111,1,,商品を特定できていない（候補が複数）,タグ・JAN・型番・ブランド名を撮影、全体写真、数量,,,,,,,,,候補あり
PKGI-02638749,PKGI-02638749,カビゴン ネックレス シルバー,1,u-treasure-onlineshop_jp,BU-00995161,PKG-01090233,,,,8月,G,商品特定（候補あり）,高,BU-00995161,箱,113,1,,商品を特定できていない（候補が複数）,タグ・JAN・型番・ブランド名を撮影、全体写真、数量,https://u-treasure.jp/product/PO0200425200,"candidate_url(other,score=1.00)",https://u-treasure.jp/product/PO0200425200,【ポケモン30周年モデル】カビゴン ネックレス シルバー（イエローゴールドコーティング） ポケットモンスター|U-TREASURE | ユートレジャー,1.00,,,,候補あり
PKGI-02621497,PKGI-02621497,Honda×Kuromi コラボジャガードニット,1,wegoec_jp,BU-00995201,PKG-01052551,YES,YES,,8月,A,版・サイズ・色の確定,中,BU-00995201,箱,114,1,,版・SKU・サイズ・色が元データから確定できない,版・種類・サイズ・色,https://wego.jp/products/mc25aw11-g0001,master_v336_confirmed_url,,,,,,,特定済み
PKGI-02638967,PKGI-02638967,＜接触冷感＞別注 クルーネック サマーニット カーディガン 限定展開,1,freaksstore_com,BU-00995237,PKG-01058867,YES,YES,,8月,B,数量・版＋撮影（写真なし）,中,BU-00995237,箱,117,1,,現物未確認（数量・版の確認）／写真なし（撮影が必要）,確認数量（元リストの商品単位） / 欠品・付属品の実際の内容 / 色・サイズ・種類の現物と根拠照合,https://www.daytona-park.com/item/3135291600009,master_v336_confirmed_url,,,,,,,特定済み
PKGI-02638968,PKGI-02638968,＜接触冷感＞別注 クルーネック サマーニット カーディガン 限定展開,1,freaksstore_com,BU-00995237,PKG-01058867,YES,YES,,8月,B,数量・版＋撮影（写真なし）,中,BU-00995237,箱,118,1,,現物未確認（数量・版の確認）／写真なし（撮影が必要）,確認数量（元リストの商品単位） / 欠品・付属品の実際の内容 / 色・サイズ・種類の現物と根拠照合,,,,,,,,,特定済み
PKGI-02639128,PKGI-02639128,ウェザーステーション (発売日: 2022年03月23日),1,tower_jp,BU-00995293,PKG-01058973,YES,YES,YES,8月,A,版・サイズ・色の確定,中,BU-00995293,箱,119,1,,版・SKU・サイズ・色が元データから確定できない,版・種類・サイズ・色、数量・セット内容、状態・未開封,https://tower.jp/item/5336788,master_v336_confirmed_url,,,,元帳数量保持・現物,,,特定済み
PKGI-02639127,PKGI-02639127,アンチサイクロン (発売日: 2024年08月21日),1,tower_jp,BU-00995293,PKG-01058973,YES,YES,YES,8月,A,版・サイズ・色の確定,中,BU-00995293,箱,120,1,,版・SKU・サイズ・色が元データから確定できない,版・種類・サイズ・色、数量・セット内容、状態・未開封,https://tower.jp/item/6419985,master_v336_confirmed_url,,,,元帳数量保持・現物,,,特定済み
PKGI-02639806,PKGI-02639806,カードキャプターさくら アイコニック シューズオブジェ ドレス スニーカー,1,mayla_jp,BU-00995503,PKG-01090293,YES,YES,YES,8月,A,版・サイズ・色の確定,中,BU-00995503,箱,121,1,,版・SKU・サイズ・色が元データから確定できない,版・種類・サイズ・色、数量・セット内容、状態・未開封、画像と現物の一致、箱・袋の所在,https://mayla.jp/SHOP/sha2518.html,master_v336_confirmed_url,,,,,,,特定済み
PKGI-02639807,PKGI-02639807,【4月下旬入荷】無線マウス トヨタ AE86 『頭文字D』藤原とうふ店(自家用)仕様 Bluetooth対応 スプリンタートレノ イニD Toyota,1,camshop_jp,BU-00995504,PKG-01075879,YES,YES,,8月,A,版・サイズ・色の確定,中,BU-00995504,箱,122,1,,版・SKU・サイズ・色が元データから確定できない,版・種類・サイズ・色,https://www.camshop.jp/?pid=190386608,master_v336_confirmed_url,,,,,,,特定済み
PKGI-02639863,PKGI-02639863,カードキャプターさくら アイコニック シューズオブジェ ドレス スニーカー,1,mayla_jp,BU-00995527,PKG-01088282,YES,YES,YES,8月,A,版・サイズ・色の確定,中,BU-00995527,箱,123,1,,版・SKU・サイズ・色が元データから確定できない,版・種類・サイズ・色、数量・セット内容、状態・未開封、画像と現物の一致、箱・袋の所在,,,,,,,,,特定済み
PKGI-02640231,PKGI-02640231,MORTAL DOWNER ［2CD+Blu-ray Disc］＜完全生産限定盤＞ (発売日: 2026年04月08日) + '（特典あり)',1,tower_jp,BU-00995674,PKG-01058966,YES,YES,YES,8月,A,版・サイズ・色の確定,中,BU-00995674,箱,124,1,,版・SKU・サイズ・色が元データから確定できない,版・種類・サイズ・色、数量・セット内容、bonus_or_purchase_benefit_presence、状態・未開封、画像と現物の一致、箱・袋の所在,https://tower.jp/item/7960723,master_v336_confirmed_url,,,,,,,特定済み
PKGI-02640486,PKGI-02640486,レディースファッションウォッチ「BL1161」スクエアレディースファッションウォッチ「BL1161」スクエア,1,ponysp_jp,BU-00995768,PKG-01090405,YES,YES,YES,8月,A,版・サイズ・色の確定,中,BU-00995768,箱,126,1,,版・SKU・サイズ・色が元データから確定できない,版・種類・サイズ・色、数量・セット内容、状態・未開封,https://www.ponysp.jp/product/14714,master_v336_confirmed_url,,,,元帳数量保持・現物,,,特定済み
PKGI-02639237,PKGI-02639237,＜数量限定・どうぶつの森デザイン＞【MiteaORGANIC】セラムオイルリップスティック,1,cosmekitchen-webstore_jp,BU-00996004,PKG-01081161,YES,YES,,8月,A,版・サイズ・色の確定,中,BU-00996004,箱,128,1,,版・SKU・サイズ・色が元データから確定できない,版・種類・サイズ・色,https://www.cosmekitchen-webstore.jp/Form/Product/ProductDetail.aspx?bid=CK01&cat=CAT112103&pid=4573623439152&shop=0,master_v336_confirmed_url,,,,,,,特定済み
PKGI-02639238,PKGI-02639238,＜数量限定・どうぶつの森デザイン＞【MiteaORGANIC】インテンシブマスクC（シートマスク）,1,cosmekitchen-webstore_jp,BU-00996004,PKG-01081161,YES,YES,,8月,A,版・サイズ・色の確定,中,BU-00996004,箱,129,1,,版・SKU・サイズ・色が元データから確定できない,版・種類・サイズ・色、数量・セット内容,https://store.biople.jp/Form/Product/ProductDetail.aspx?pid=4571649070038&shop=0,master_v336_confirmed_url,,,,,,,特定済み
PKGI-02642170,PKGI-02642170,グラドル名鑑2026【予約】,1,books_rakuten_co_jp,BU-00996250,PKG-01088261,,,,8月,H,商品特定（ページ見つからず）,高,BU-00996250,箱,133,1,,商品ページが見つからない（商品名から特定不可）,タグ・JAN・型番・ブランド名を撮影、全体写真、数量,https://books.rakuten.co.jp/rb/18557615/,"web_search(supplier,score=1.00)",https://books.rakuten.co.jp/rb/18557615/,グラドル名鑑2026,1.00,,,,未発見
PKGI-02642308,PKGI-02642308,Nina【ムラサキオカヤドカリの片耳ピアス “Coenobita purpureus”】,1,nina2014_com,BU-00996290,PKG-01075846,,,,8月,H,商品特定（ページ見つからず）,高,BU-00996290,箱,138,1,,商品ページが見つからない（商品名から特定不可）,タグ・JAN・型番・ブランド名を撮影、全体写真、数量,,,,,,,,,未発見
PKGI-02642446,PKGI-02642446,インド フリルブラウス,1,freaksstore_com,BU-00996338,PKG-01058559,,,,8月,G,商品特定（候補あり）,高,BU-00996338,箱,139,1,,商品を特定できていない（候補が複数）,タグ・JAN・型番・ブランド名を撮影、全体写真、数量,,,,,,,,,候補あり
PKGI-02636557,PKGI-02636557,カットシャーリング ボタン ノースリーブ Tシャツ【限定展開】,1,freaksstore_com,BU-00996338,PKG-01058559,,,,8月,G,商品特定（候補あり）,高,BU-00996338,箱,140,1,,商品を特定できていない（候補が複数）,タグ・JAN・型番・ブランド名を撮影、全体写真、数量,,,,,,,,,候補あり
PKGI-02636558,PKGI-02636558,オーガニックコットン ロールアップハート刺繍Tシャツ,1,freaksstore_com,BU-00996338,PKG-01058559,,,,8月,G,商品特定（候補あり）,高,BU-00996338,箱,141,1,,商品を特定できていない（候補が複数）,タグ・JAN・型番・ブランド名を撮影、全体写真、数量,,,,,,,,,候補あり
PKGI-02642578,PKGI-02642578,MyGO!!!!! 1st Album「迷跡波」【カラーヴァイナル仕様／完全生産限定盤／アナログ盤】,1,bushiroad-store_com,BU-00996377,PKG-01090481,YES,YES,,8月,A,版・サイズ・色の確定,中,BU-00996377,箱,142,1,,版・SKU・サイズ・色が元データから確定できない,版・種類・サイズ・色,https://bushiroad-store.com/collections/savage-fair/products/2000263626601,master_v336_confirmed_url,,,,,,,特定済み
PKGI-02642579,PKGI-02642579,MyGO!!!!! 2nd Album「跡暖空」【完全生産限定盤／アナログ盤】,1,bushiroad-store_com,BU-00996377,PKG-01090481,YES,YES,,8月,A,版・サイズ・色の確定,中,BU-00996377,箱,143,1,,版・SKU・サイズ・色が元データから確定できない,版・種類・サイズ・色、bonus_or_purchase_benefit_presence,https://bushiroad-store.com/collections/bang-dream-music/products/2000263626618,master_v336_confirmed_url,,,,,,,特定済み
PKGI-02642695,PKGI-02642695,MARQUE Grandket《マルク グランケット》,2,sodaterutowel_com,BU-00996415,PKG-01081757,,,,8月,D,数量・セット内容,中,BU-00996415,箱,144,2,,数量・セット内容の確認が必要,数量・セット内容,https://sodaterutowel.com/products/mq17,master_v336_confirmed_url,,,,,,,特定済み
PKGI-02643300,PKGI-02643300,サコッシュ,1,avant-gardey_shop-pro_jp,BU-00996635,PKG-01081812,,,,8月,G,商品特定（候補あり）,高,BU-00996635,箱,145,1,,商品を特定できていない（候補が複数）,タグ・JAN・型番・ブランド名を撮影、全体写真、数量,,,,,,,,,候補あり
PKGI-02643605,PKGI-02643605,◎【転写シート】顔がいっぱい ぴたタンシール 転写シール レジンシール レジン封入 装飾シール 透明 こするだけ 表情 目 口 アニマル キャラクター 顔パーツ GreenOceanオリジナル♪,3,shop-green-ocean_com,BU-00996751,PKG-01090559,,,,8月,G,商品特定（候補あり）,高,BU-00996751,箱,146,3,,商品を特定できていない（候補が複数）,タグ・JAN・型番・ブランド名を撮影、全体写真、数量,,,,,,,,,候補あり
PKGI-02643607,PKGI-02643607,◎【シリコン型・モールド】推し文字のカシャカシャ シリコンモールド シェイカー レジン型 セット 推し活グッズ オタク文字 推し色 キーホルダー 手芸 GreenOceanオリジナル♪,1,shop-green-ocean_com,BU-00996751,PKG-01090559,,,,8月,D,数量・セット内容,中,BU-00996751,箱,147,1,,数量・セット内容の確認が必要,数量・セット内容,https://shop-green-ocean.com/?pid=180164232,master_v336_confirmed_url,,,,,,,特定済み
PKGI-02643609,PKGI-02643609,【シリコン型・モールド】つみつみミニアイスクリーム シリコンモールド レジン型 セット ソフトクリーム カップ コーン ミニチュアスイーツ UVレジン GreenOceanオリジナル♪,1,shop-green-ocean_com,BU-00996751,PKG-01090559,,,,8月,D,数量・セット内容,中,BU-00996751,箱,148,1,,数量・セット内容の確認が必要,数量・セット内容,https://shop-green-ocean.com/?pid=190553600,master_v336_confirmed_url,,,,,,,特定済み
PKGI-02643610,PKGI-02643610,◎【シリコン型・モールド】無限組み合わせ♪アニマル顔パーツ シリコンモールド レジン型 セット 動物 アレンジ デコパーツ UVレジン 手芸 クラフト GreenOceanオリジナル♪,1,shop-green-ocean_com,BU-00996751,PKG-01090559,,,YES,8月,D,数量・セット内容,中,BU-00996751,箱,149,1,,数量・セット内容の確認が必要,数量・セット内容、状態・未開封,https://shop-green-ocean.com/?pid=178268256,master_v336_confirmed_url,,,,,,,特定済み
PKGI-02643611,PKGI-02643611,◎【シリコン型・モールド】まんまる猫 立ってる編 シリコンモールド アニマル ネコ 猫 まさる しゅーこ にゃんこ ぽっちゃり 動物 キーホルダー チャーム 立体 3d UVレジン LED クラフト,1,shop-green-ocean_com,BU-00996751,PKG-01090559,YES,YES,YES,8月,A,版・サイズ・色の確定,中,BU-00996751,箱,150,1,,版・SKU・サイズ・色が元データから確定できない,版・種類・サイズ・色、状態・未開封,https://shop-green-ocean.com/?pid=189753367,master_v336_confirmed_url,,,,,,,特定済み
PKGI-02643606,PKGI-02643606,◎【シリコン型・モールド】おにぎりアニマルズ シリコンモールド レジン型 食玩 食品サンプル ミニチュアフード うさぎ 猫 ネコ くま 動物 おむすび スクイーズ 立体 3d UVレジン クラフト,1,shop-green-ocean_com,BU-00996751,PKG-01090559,YES,YES,YES,8月,A,版・サイズ・色の確定,中,BU-00996751,箱,151,1,,版・SKU・サイズ・色が元データから確定できない,版・種類・サイズ・色、状態・未開封,https://shop-green-ocean.com/?pid=187648533,master_v336_confirmed_url,,,,,,,特定済み
PKGI-02643608,PKGI-02643608,★【シリコン型・モールド】 全身ホイップわんこ シリコンモールド レジン型 立体 3d 犬 クリーム スイーツ お菓子 カフェ アニマル プードル キーホルダー UVレジン LED 《選べる4種》,1,shop-green-ocean_com,BU-00996751,PKG-01090559,YES,YES,YES,8月,A,版・サイズ・色の確定,中,BU-00996751,箱,152,1,,版・SKU・サイズ・色が元データから確定できない,版・種類・サイズ・色、状態・未開封、画像と現物の一致,https://shop-green-ocean.com/?pid=190032027,master_v336_confirmed_url,,,,,,,特定済み
PKGI-02643813,PKGI-02643813,Biala Flaga: Wei?e Flagge (Gedenkver?ffentlichung anl?sslich ihres Besuchs in Japan),1,hmv_co_jp,BU-00996819,PKG-01088390,,,,8月,H,商品特定（ページ見つからず）,高,BU-00996819,箱,153,1,,商品ページが見つからない（商品名から特定不可）,タグ・JAN・型番・ブランド名を撮影、全体写真、数量,,,,,,,,,未発見
PKGI-02644057,PKGI-02644057,NOVESSEL【ノベセル】ダブルハトメチェーンベルト/全1色,1,acrotokyo_com,BU-00996903,PKG-01081868,,,,8月,G,商品特定（候補あり）,高,BU-00996903,箱,154,1,,商品を特定できていない（候補が複数）,タグ・JAN・型番・ブランド名を撮影、全体写真、数量,,,,,,,,,候補あり
PKGI-02644168,PKGI-02644168,"ANAheim アナハイム ラップトップ スリーブ 16 インチ ""クラフト"" | 自分だけの風合いへと育つ素材の PCケース",1,detail_co_jp,BU-00996951,PKG-01081920,,,YES,8月,F,状態・未開封・動作,中,BU-00996951,箱,155,1,,状態・未開封・動作の確認が必要,状態・未開封,https://www.detail.co.jp/view/item/000000003002?category_page_id=stationery,master_v336_confirmed_url,,,,,,,特定済み
PKGI-02644392,PKGI-02644392,HAZBIN HOTEL Acrylic Stand,1,blackballoon_market,BU-00997026,PKG-01081866,YES,YES,YES,8月,A,版・サイズ・色の確定,中,BU-00997026,箱,157,1,,版・SKU・サイズ・色が元データから確定できない,版・種類・サイズ・色、数量・セット内容、状態・未開封、画像と現物の一致,https://blackballoon.market/en/products/z8557ht,master_v336_confirmed_url,,,,,,,特定済み
PKGI-02644409,PKGI-02644409,Synthesizer V 2 AI 重音テト,1,ah-soft_net,BU-00997030,PKG-01076542,YES,YES,,8月,A,版・サイズ・色の確定,中,BU-00997030,箱,158,1,,版・SKU・サイズ・色が元データから確定できない,版・種類・サイズ・色,https://www.ah-soft.com/synth-v/teto2/,master_v336_confirmed_url,,,,,,,特定済み
PKGI-02644559,PKGI-02644559,Parappa The Rapper  iPhoneケース,1,shop_rodneyfun_com,BU-00997083,PKG-01081686,,,,8月,B,数量・版＋撮影（写真なし）,中,BU-00997083,箱,159,1,,現物未確認（数量・版の確認）／写真なし（撮影が必要）,確認数量（元リストの商品単位） / 欠品・付属品の実際の内容 / 現物の対応iPhone機種・10種のどのデザインかを確認。全機種共通とはしない,https://shop.rodneyfun.com/view/item/000000000813,master_v336_confirmed_url,,,,,,,特定済み
PKGI-02644764,PKGI-02644764,"■G.I.S.M. - ANARCHY VIOLENCE / you die,you live long sleeve T shirt black■FU&#220;DOBRAIN限定",1,fuudobrain_shop-pro_jp,BU-00997140,PKG-01082018,YES,YES,YES,8月,A,版・サイズ・色の確定,中,BU-00997140,箱,160,1,,版・SKU・サイズ・色が元データから確定できない,版・種類・サイズ・色、状態・未開封,https://fuudobrain.shop-pro.jp/?pid=190365378,master_v336_confirmed_url,,,,,,,特定済み
PKGI-02644763,PKGI-02644763,"■G.I.S.M. - ANARCHY VIOLENCE / you die,you live T shirt white■",1,fuudobrain_shop-pro_jp,BU-00997140,PKG-01082018,YES,YES,YES,8月,A,版・サイズ・色の確定,中,BU-00997140,箱,161,1,,版・SKU・サイズ・色が元データから確定できない,版・種類・サイズ・色、状態・未開封,https://fuudobrain.shop-pro.jp/?pid=190364728,master_v336_confirmed_url,,,,,,,特定済み
PKGI-02644765,PKGI-02644765,年刊ブシロード2026 (発売日: 2026年04月08日),1,tower_jp,BU-00997143,PKG-01053657,,,,8月,B,数量・版＋撮影（写真なし）,中,BU-00997143,箱,162,1,,現物未確認（数量・版の確認）／写真なし（撮影が必要）,元帳数量保持・現物未確認,https://tower.jp/item/item/7956031,master_v336_confirmed_url,,,,元帳数量保持・現物,,,特定済み
PKGI-02644908,PKGI-02644908,Costa Rica / LA LIA EL BUR&#205;O COE 2025 #5,1,nozycoffee-onlinestore_com,BU-00997182,PKG-01081717,,,,8月,H,商品特定（ページ見つからず）,高,BU-00997182,箱,163,1,,商品ページが見つからない（商品名から特定不可）,タグ・JAN・型番・ブランド名を撮影、全体写真、数量,,,,,,,,,未発見
PKGI-02644921,PKGI-02644921,ミニチュアデカール 1/24 ポルシェ 911 GT3 R Rexy Dinosaur Livery No.80 フルデカール　MS24009,1,romu-romu_com,BU-00997190,PKG-01081718,YES,YES,,8月,C,数量・版,中,BU-00997190,箱,164,1,,現物未確認（数量・版の確認）,説明文の未確認項目（サイズ・色・種類・構成など）,https://romu-romu.com/SHOP/MS24009.html,master_v336_confirmed_url,,,,,,,特定済み
PKGI-02642697,PKGI-02642697,＜数量限定・どうぶつの森デザイン＞【MiteaORGANIC】セラムオイルリップスティック,1,cosmekitchen-webstore_jp,BU-00997264,PKG-01081640,YES,YES,,8月,A,版・サイズ・色の確定,中,BU-00997264,箱,165,1,,版・SKU・サイズ・色が元データから確定できない,版・種類・サイズ・色,,,,,,,,,特定済み
PKGI-02642698,PKGI-02642698,＜数量限定・どうぶつの森デザイン＞【MiteaORGANIC】セラムオイルリップスティック,1,cosmekitchen-webstore_jp,BU-00997264,PKG-01081640,YES,YES,,8月,A,版・サイズ・色の確定,中,BU-00997264,箱,166,1,,版・SKU・サイズ・色が元データから確定できない,版・種類・サイズ・色,,,,,,,,,特定済み
PKGI-02645749,PKGI-02645749,【 03/31 発送予定】 TVアニメ「FAIRY TAIL 100年クエスト」 アクリルスタンド （バレンタインデーVer） Aセット ※セット販売,1,pricafe_shop,BU-00997442,PKG-01076418,YES,YES,YES,8月,A,版・サイズ・色の確定,中,BU-00997442,箱,169,1,,版・SKU・サイズ・色が元データから確定できない,版・種類・サイズ・色、状態・未開封、画像と現物の一致,https://www.pricafe.shop/view/item/000000018087?category_page_id=ct1408,master_v336_confirmed_url,,,,,,,特定済み
PKGI-02645750,PKGI-02645750,【 03/31 発送予定】 TVアニメ「FAIRY TAIL 100年クエスト」 アクリルスタンド （バレンタインデーVer） Bセット ※セット販売,1,pricafe_shop,BU-00997442,PKG-01076418,YES,YES,YES,8月,A,版・サイズ・色の確定,中,BU-00997442,箱,170,1,,版・SKU・サイズ・色が元データから確定できない,版・種類・サイズ・色、状態・未開封、画像と現物の一致,https://www.pricafe.shop/view/item/000000018088?category_page_id=ct1408,master_v336_confirmed_url,,,,,,,特定済み
PKGI-02645748,PKGI-02645748,【 04/01 発送予定】 『東京喰種トーキョーグール』トレーディングミニキャラアクリルスタンド ※ブラインド販売 グッズ,5,pricafe_shop,BU-00997442,PKG-01076418,YES,YES,YES,8月,A,版・サイズ・色の確定,中,BU-00997442,箱,171,5,,版・SKU・サイズ・色が元データから確定できない,版・種類・サイズ・色、状態・未開封、画像と現物の一致,https://www.pricafe.shop/view/item/000000016570,master_v336_confirmed_url,,,,,,,特定済み
PKGI-02645738,PKGI-02645738,【 04/04 発送予定】 TVアニメ『東京リベンジャーズ』 アクリルスタンド Y2KVer 橘日向 グッズ,1,pricafe_shop,BU-00997442,PKG-01076418,YES,YES,YES,8月,A,版・サイズ・色の確定,中,BU-00997442,箱,172,1,,版・SKU・サイズ・色が元データから確定できない,版・種類・サイズ・色、数量・セット内容、bonus_or_purchase_benefit_presence、状態・未開封、画像と現物の一致,https://www.pricafe.shop/view/item/000000016843,master_v336_confirmed_url,,,,,,,特定済み
PKGI-02645739,PKGI-02645739,【 04/04 発送予定】 TVアニメ『東京リベンジャーズ』 アクリルスタンド Y2KVer 佐野エマ グッズ,1,pricafe_shop,BU-00997442,PKG-01076418,YES,YES,YES,8月,A,版・サイズ・色の確定,中,BU-00997442,箱,173,1,,版・SKU・サイズ・色が元データから確定できない,版・種類・サイズ・色、状態・未開封、画像と現物の一致,https://www.pricafe.shop/view/item/000000016844,master_v336_confirmed_url,,,,,,,特定済み
PKGI-02645740,PKGI-02645740,【 04/04 発送予定】 TVアニメ『東京リベンジャーズ』 アクリルスタンド Y2KVer 花垣武道 グッズ,1,pricafe_shop,BU-00997442,PKG-01076418,YES,YES,YES,8月,A,版・サイズ・色の確定,中,BU-00997442,箱,174,1,,版・SKU・サイズ・色が元データから確定できない,版・種類・サイズ・色、数量・セット内容、bonus_or_purchase_benefit_presence、状態・未開封、画像と現物の一致,https://www.pricafe.shop/view/item/000000016822,master_v336_confirmed_url,,,,,,,特定済み
PKGI-02645741,PKGI-02645741,【 04/04 発送予定】 TVアニメ『東京リベンジャーズ』 アクリルスタンド Y2KVer 龍宮寺堅 グッズ,1,pricafe_shop,BU-00997442,PKG-01076418,YES,YES,YES,8月,A,版・サイズ・色の確定,中,BU-00997442,箱,175,1,,版・SKU・サイズ・色が元データから確定できない,版・種類・サイズ・色、数量・セット内容、bonus_or_purchase_benefit_presence、状態・未開封、画像と現物の一致,https://www.pricafe.shop/view/item/000000016824,master_v336_confirmed_url,,,,,,,特定済み
PKGI-02645742,PKGI-02645742,【 04/04 発送予定】 TVアニメ『東京リベンジャーズ』 アクリルスタンド Y2KVer 羽宮一虎 グッズ,1,pricafe_shop,BU-00997442,PKG-01076418,YES,YES,YES,8月,A,版・サイズ・色の確定,中,BU-00997442,箱,176,1,,版・SKU・サイズ・色が元データから確定できない,版・種類・サイズ・色、数量・セット内容、bonus_or_purchase_benefit_presence、状態・未開封、画像と現物の一致,https://www.pricafe.shop/view/item/000000016829,master_v336_confirmed_url,,,,,,,特定済み
PKGI-02645743,PKGI-02645743,【 03/28 発送予定】 TVアニメ『東京リベンジャーズ』アクリルスタンド 雪像Ver 花垣武道 グッズ,1,pricafe_shop,BU-00997442,PKG-01076418,YES,YES,YES,8月,A,版・サイズ・色の確定,中,BU-00997442,箱,177,1,,版・SKU・サイズ・色が元データから確定できない,版・種類・サイズ・色、数量・セット内容、bonus_or_purchase_benefit_presence、状態・未開封、画像と現物の一致,https://www.pricafe.shop/view/item/000000017371,master_v336_confirmed_url,,,,,,,特定済み
PKGI-02645744,PKGI-02645744,【 03/28 発送予定】 TVアニメ『東京リベンジャーズ』アクリルスタンド 雪像Ver 佐野万次郎 グッズ,1,pricafe_shop,BU-00997442,PKG-01076418,YES,YES,YES,8月,A,版・サイズ・色の確定,中,BU-00997442,箱,178,1,,版・SKU・サイズ・色が元データから確定できない,版・種類・サイズ・色、数量・セット内容、bonus_or_purchase_benefit_presence、状態・未開封、画像と現物の一致,https://www.pricafe.shop/view/item/000000017372,master_v336_confirmed_url,,,,,,,特定済み
PKGI-02645745,PKGI-02645745,【 03/28 発送予定】 TVアニメ『東京リベンジャーズ』アクリルスタンド 雪像Ver 龍宮寺堅 グッズ,1,pricafe_shop,BU-00997442,PKG-01076418,YES,YES,YES,8月,A,版・サイズ・色の確定,中,BU-00997442,箱,179,1,,版・SKU・サイズ・色が元データから確定できない,版・種類・サイズ・色、数量・セット内容、bonus_or_purchase_benefit_presence、状態・未開封、画像と現物の一致,https://www.pricafe.shop/view/item/000000017373,master_v336_confirmed_url,,,,,,,特定済み
PKGI-02645746,PKGI-02645746,【 03/28 発送予定】 TVアニメ『東京リベンジャーズ』アクリルスタンド 雪像Ver 橘日向 グッズ,1,pricafe_shop,BU-00997442,PKG-01076418,YES,YES,YES,8月,A,版・サイズ・色の確定,中,BU-00997442,箱,180,1,,版・SKU・サイズ・色が元データから確定できない,版・種類・サイズ・色、数量・セット内容、bonus_or_purchase_benefit_presence、状態・未開封、画像と現物の一致,https://www.pricafe.shop/view/item/000000017392,master_v336_confirmed_url,,,,,,,特定済み
PKGI-02645747,PKGI-02645747,【 03/28 発送予定】 TVアニメ『東京リベンジャーズ』アクリルスタンド 雪像Ver 佐野エマ グッズ,1,pricafe_shop,BU-00997442,PKG-01076418,YES,YES,YES,8月,A,版・サイズ・色の確定,中,BU-00997442,箱,181,1,,版・SKU・サイズ・色が元データから確定できない,版・種類・サイズ・色、数量・セット内容、bonus_or_purchase_benefit_presence、状態・未開封、画像と現物の一致,https://www.pricafe.shop/view/item/000000017393,master_v336_confirmed_url,,,,,,,特定済み
PKGI-02646221,PKGI-02646221,[申込期間：2026年2月23日迄]アクリルスタンド／原ペ～ニョ,1,manga10_com,BU-00997597,PKG-01076395,,,,8月,G,商品特定（候補あり）,高,BU-00997597,箱,182,1,,商品を特定できていない（候補が複数）,タグ・JAN・型番・ブランド名を撮影、全体写真、数量,,,,,,,,,候補あり
PKGI-02646219,PKGI-02646219,[申込期間：2026年2月23日迄]陽向愛用(？)ブランド ラブサンアクリルバッジ,1,manga10_com,BU-00997597,PKG-01076395,,,,8月,H,商品特定（ページ見つからず）,高,BU-00997597,箱,183,1,,商品ページが見つからない（商品名から特定不可）,タグ・JAN・型番・ブランド名を撮影、全体写真、数量,,,,,,,,,未発見
PKGI-02646218,PKGI-02646218,[申込期間：2026年2月23日迄]インスタンドカメラ風ブロマイド：トレーディング全6種／原ペ～ニョ,2,manga10_com,BU-00997597,PKG-01076395,,,,8月,G,商品特定（候補あり）,高,BU-00997597,箱,184,2,,商品を特定できていない（候補が複数）,タグ・JAN・型番・ブランド名を撮影、全体写真、数量,,,,,,,,,候補あり
PKGI-02646220,PKGI-02646220,[申込期間：2026年2月23日迄]SNS風クリアカード／原ペ～ニョ,1,manga10_com,BU-00997597,PKG-01076395,,,,8月,G,商品特定（候補あり）,高,BU-00997597,箱,185,1,,商品を特定できていない（候補が複数）,タグ・JAN・型番・ブランド名を撮影、全体写真、数量,,,,,,,,,候補あり
PKGI-02646344,PKGI-02646344,Synthesizer V 2 AI 重音テト,1,ah-soft_net,BU-00997644,PKG-01081882,YES,YES,,8月,A,版・サイズ・色の確定,中,BU-00997644,箱,186,1,,版・SKU・サイズ・色が元データから確定できない,版・種類・サイズ・色,,,,,,,,,特定済み
PKGI-02646378,PKGI-02646378,Synthesizer V AI 重音テト,1,ah-soft_net,BU-00997659,PKG-01081878,YES,YES,YES,8月,A,版・サイズ・色の確定,中,BU-00997659,箱,187,1,,版・SKU・サイズ・色が元データから確定できない,版・種類・サイズ・色、数量・セット内容、状態・未開封、画像と現物の一致、箱・袋の所在,,,,,,,,,特定済み
PKGI-02646487,PKGI-02646487,『ＯＮＥ　ＰＩＥＣＥ　ＨＥＲＯＩＮＥＳ&times;Ｓａｌｕｔｅ』【限定発売商品】Ｒｉｃｈ　Ｖｅｉｌ　Ｂｒａ ワイヤーブラ（３／４カップ）,1,store_wacoal_jp,BU-00997714,PKG-01076272,,,,8月,H,商品特定（ページ見つからず）,高,BU-00997714,箱,188,1,,商品ページが見つからない（商品名から特定不可）,タグ・JAN・型番・ブランド名を撮影、全体写真、数量,,,,,,,,,未発見
PKGI-02646488,PKGI-02646488,『ＯＮＥ　ＰＩＥＣＥ　ＨＥＲＯＩＮＥＳ&times;Ｓａｌｕｔｅ』 ガーターベルト,1,store_wacoal_jp,BU-00997714,PKG-01076272,,,,8月,H,商品特定（ページ見つからず）,高,BU-00997714,箱,189,1,,商品ページが見つからない（商品名から特定不可）,タグ・JAN・型番・ブランド名を撮影、全体写真、数量,,,,,,,,,未発見
PKGI-02646618,PKGI-02646618,Bonsai Hinomaru Sticker,1,lbwk_jp,BU-00997750,PKG-01090618,YES,YES,YES,8月,B,数量・版＋撮影（写真なし）,中,BU-00997750,箱,194,1,,現物未確認（数量・版の確認）／写真なし（撮影が必要）,版・種類・サイズ・色、数量・セット内容、状態・未開封,,,,,,,,,特定済み
PKGI-02646619,PKGI-02646619,LIBERTYWALK CAR STICKER ER34,1,lbwk_jp,BU-00997750,PKG-01090618,YES,YES,YES,8月,A,版・サイズ・色の確定,中,BU-00997750,箱,195,1,,版・SKU・サイズ・色が元データから確定できない,版・種類・サイズ・色、数量・セット内容、状態・未開封、画像と現物の一致、箱・袋の所在,https://lbwk.jp/products/libertywalk-car-sticker-er34-whye,master_v336_confirmed_url,,,,,,,特定済み
PKGI-02646637,PKGI-02646637,New PANTY & STOCKING with GARTERBELT サムネイルキラステッカーセット ポリエステル&ポリウレタン,1,charaon_jp,BU-00997757,PKG-01082379,,,YES,8月,F,状態・未開封・動作,中,BU-00997757,箱,196,1,,状態・未開封・動作の確認が必要,状態・未開封,https://www.charaon.jp/SHOP/AZNPS048.html,master_v336_confirmed_url,,,,,,,特定済み
PKGI-02646638,PKGI-02646638,New PANTY & STOCKING with GARTERBELT サムネイルキラステッカーセット スキャンティ&ニーソックス,1,charaon_jp,BU-00997757,PKG-01082379,,,,8月,B,数量・版＋撮影（写真なし）,中,BU-00997757,箱,197,1,,現物未確認（数量・版の確認）／写真なし（撮影が必要）,確認数量（元リストの商品単位） / 欠品・付属品の実際の内容 / 現物の3枚構成・キャラ・版を確認。JAN未確認、別キャラのJANを採用しない,https://www.hobbystock.jp/item/view/hby-ccg-00387343,master_v336_confirmed_url,,,,,,,特定済み
PKGI-02646639,PKGI-02646639,New PANTY & STOCKING with GARTERBELT サムネイルキラステッカーセット パンティ&ストッキング,1,charaon_jp,BU-00997757,PKG-01082379,,,,8月,B,数量・版＋撮影（写真なし）,中,BU-00997757,箱,198,1,,現物未確認（数量・版の確認）／写真なし（撮影が必要）,確認数量（元リストの商品単位） / 欠品・付属品の実際の内容 / 現物の3枚構成・キャラ・版を確認。JAN未確認、別キャラのJANを採用しない,https://www.hobbystock.jp/item/view/hby-ccg-00387342,master_v336_confirmed_url,,,,,,,特定済み
PKGI-02647210,PKGI-02647210,モンスターボールアクセサリーケースレビュー,1,u-treasure-onlineshop_jp,BU-00997952,PKG-01090835,,,,8月,H,商品特定（ページ見つからず）,高,BU-00997952,箱,199,1,,商品ページが見つからない（商品名から特定不可）,タグ・JAN・型番・ブランド名を撮影、全体写真、数量,,,,,,,,,未発見
PKGI-02647439,PKGI-02647439,東京ヤクルトスワローズ? キャップ 59FIFTY Cap ニューエラ/New Era ブラック ホワイト,1,selection-store_com,BU-00998054,PKG-01082293,,YES,,8月,B,数量・版＋撮影（写真なし）,中,BU-00998054,箱,200,1,,現物未確認（数量・版の確認）／写真なし（撮影が必要）,確認数量（元リストの商品単位） / 欠品・付属品の実際の内容 / 現物サイズと製品タグを確認。掲載サイズを個体サイズへ転記しない,https://store.shopping.yahoo.co.jp/mlbshop/npb-220719new08.html,master_v336_confirmed_url,,,,,,,特定済み
PKGI-02647550,PKGI-02647550,【3月下旬～4月中旬入荷予定】無線マウス トヨタ AE86 『頭文字D』藤原とうふ店(自家用)仕様 Bluetooth対応 スプリンタートレノ イニD Toyota,1,camshop_jp,BU-00998099,PKG-01082173,YES,YES,,8月,A,版・サイズ・色の確定,中,BU-00998099,箱,201,1,,版・SKU・サイズ・色が元データから確定できない,版・種類・サイズ・色,https://www.camshop.jp/?pid=190386608,master_v336_confirmed_url,,,,,,,特定済み
PKGI-02647558,PKGI-02647558,【予約販売】カモフラージュ コンシーラーチーク,1,store_brilliage_jp,BU-00998106,PKG-01082064,YES,YES,YES,8月,A,版・サイズ・色の確定,中,BU-00998106,箱,202,1,,版・SKU・サイズ・色が元データから確定できない,版・種類・サイズ・色、数量・セット内容、bonus_or_purchase_benefit_presence、状態・未開封,https://brilliage.jp/products/13398,master_v336_confirmed_url,,,,,,,特定済み
PKGI-02622307,PKGI-02622307,【予約販売】カモフラージュ コンシーラーチーク,1,store_brilliage_jp,BU-00998106,PKG-01082064,YES,YES,YES,8月,A,版・サイズ・色の確定,中,BU-00998106,箱,203,1,,版・SKU・サイズ・色が元データから確定できない,版・種類・サイズ・色、数量・セット内容、bonus_or_purchase_benefit_presence、状態・未開封,,,,,,,,,特定済み
PKGI-02622308,PKGI-02622308,【予約販売】カモフラージュ コンシーラーチーク,1,store_brilliage_jp,BU-00998106,PKG-01082064,YES,YES,YES,8月,A,版・サイズ・色の確定,中,BU-00998106,箱,204,1,,版・SKU・サイズ・色が元データから確定できない,版・種類・サイズ・色、数量・セット内容、bonus_or_purchase_benefit_presence、状態・未開封,,,,,,,,,特定済み
PKGI-02647563,PKGI-02647563,【3月下旬～4月中旬入荷予定】無線マウス トヨタ AE86 『頭文字D』藤原とうふ店(自家用)仕様 Bluetooth対応 スプリンタートレノ イニD Toyota,1,camshop_jp,BU-00998109,PKG-01082178,YES,YES,,8月,A,版・サイズ・色の確定,中,BU-00998109,箱,205,1,,版・SKU・サイズ・色が元データから確定できない,版・種類・サイズ・色,,,,,,,,,特定済み
PKGI-02647610,PKGI-02647610,【3月下旬～4月中旬入荷予定】無線マウス トヨタ AE86 『頭文字D』藤原とうふ店(自家用)仕様 Bluetooth対応 スプリンタートレノ イニD Toyota,1,camshop_jp,BU-00998111,PKG-01082162,YES,YES,,8月,A,版・サイズ・色の確定,中,BU-00998111,箱,206,1,,版・SKU・サイズ・色が元データから確定できない,版・種類・サイズ・色,,,,,,,,,特定済み
PKGI-02647815,PKGI-02647815,【川崎フロンターレ】BX-00 スターター ドランソード1-60V メタルコート：ブラック JリーグVer,1,store_jleague_jp,BU-00998188,PKG-01082067,YES,YES,,8月,B,数量・版＋撮影（写真なし）,中,BU-00998188,箱,207,1,,現物未確認（数量・版の確認）／写真なし（撮影が必要）,確認数量（元リストの商品単位） / 欠品・付属品の実際の内容 / 色・サイズ・種類の現物と根拠照合,https://beyblade.takaratomy.co.jp/beyblade-x/lineup/bx00-ds_black.html,master_v336_confirmed_url,,,,,,,特定済み
PKGI-02647816,PKGI-02647816,【横浜F・マリノス】BX-00 スターター コバルトドラグーン9-60F メタルコート：ホワイト JリーグVer,1,store_jleague_jp,BU-00998188,PKG-01082067,YES,YES,,8月,B,数量・版＋撮影（写真なし）,中,BU-00998188,箱,208,1,,現物未確認（数量・版の確認）／写真なし（撮影が必要）,確認数量（元リストの商品単位） / 欠品・付属品の実際の内容 / 色・サイズ・種類の現物と根拠照合,https://beyblade.takaratomy.co.jp/beyblade-x/lineup/bx00-cd_white.html,master_v336_confirmed_url,,,,,,,特定済み
PKGI-02647817,PKGI-02647817,【アルビレックス新潟】BX-00 スターター ドランソード1-60V メタルコート：ブラック JリーグVer,1,store_jleague_jp,BU-00998188,PKG-01082067,YES,YES,,8月,B,数量・版＋撮影（写真なし）,中,BU-00998188,箱,209,1,,現物未確認（数量・版の確認）／写真なし（撮影が必要）,確認数量（元リストの商品単位） / 欠品・付属品の実際の内容 / 色・サイズ・種類の現物と根拠照合,https://beyblade.takaratomy.co.jp/beyblade-x/lineup/bx00-ds_black.html,master_v336_confirmed_url,,,,,,,特定済み
PKGI-02647818,PKGI-02647818,【FC町田ゼルビア】BX-00 スターター コバルトドラグーン9-60F メタルコート：ホワイト JリーグVer,1,store_jleague_jp,BU-00998188,PKG-01082067,YES,YES,,8月,B,数量・版＋撮影（写真なし）,中,BU-00998188,箱,210,1,,現物未確認（数量・版の確認）／写真なし（撮影が必要）,確認数量（元リストの商品単位） / 欠品・付属品の実際の内容 / 色・サイズ・種類の現物と根拠照合,https://beyblade.takaratomy.co.jp/beyblade-x/lineup/bx00-cd_white.html,master_v336_confirmed_url,,,,,,,特定済み
PKGI-02648046,PKGI-02648046,7DAYS INNER DOWN CARDIGAN|セブンデイズ インナーダウンカーディガン,1,shop_moonloid_jp,BU-00998266,PKG-01082056,YES,YES,,8月,B,数量・版＋撮影（写真なし）,中,BU-00998266,箱,211,1,,現物未確認（数量・版の確認）／写真なし（撮影が必要）,確認数量（元リストの商品単位） / 欠品・付属品の実際の内容 / 色・サイズ・種類の現物と根拠照合,https://nangaosaka.jp/products/7days-inner-down-cardigan-wwomen%E3%82%BB%E3%83%96%E3%83%B3%E3%83%87%E3%82%A4%E3%82%BA%E3%82%A4%E3%83%B3%E3%83%8A%E3%83%BC%E3%83%80%E3%82%A6%E3%83%B3%E3%82%AB%E3%83%BC%E3%83%87%E3%82%A3%E3%82%AC%E3%83%B3,master_v336_confirmed_url,,,,,,,特定済み
PKGI-02648181,PKGI-02648181,【受注】2025/26WOMEN推しユニ(FP1st),1,store_jleague_jp,BU-00998305,PKG-01076969,,,,8月,G,商品特定（候補あり）,高,BU-00998305,箱,212,1,,商品を特定できていない（候補が複数）,タグ・JAN・型番・ブランド名を撮影、全体写真、数量,,,,,,,,,候補あり
PKGI-02648288,PKGI-02648288,Strawberry スマホケース,1,coeur-u_com,BU-00998439,PKG-01088615,,,,8月,G,商品特定（候補あり）,高,BU-00998439,箱,213,1,,商品を特定できていない（候補が複数）,タグ・JAN・型番・ブランド名を撮影、全体写真、数量,https://coeur-u.com/items/693d295be88e81c926d62a53,candidate_verified(score=1.00),https://coeur-u.com/items/693d295be88e81c926d62a53,,,,,,候補あり
PKGI-02648758,PKGI-02648758,ばっどがーる_トレーディング缶バッジ アニマルルームウェアVer.【OPP/10個入り】【予約】,1,colleize_com,BU-00998509,PKG-01053296,YES,YES,YES,8月,A,版・サイズ・色の確定,中,BU-00998509,箱,215,1,,版・SKU・サイズ・色が元データから確定できない,版・種類・サイズ・色、数量・セット内容、状態・未開封、画像と現物の一致,https://www.chugai-contents.jp/shopdetail/000000013251/ct394/page1/recommend/,master_v336_confirmed_url,,,,,,,特定済み
PKGI-02648765,PKGI-02648765,ばっどがーる_B2タペストリー アニマルルームウェアVer.【予約】,1,colleize_com,BU-00998509,PKG-01053296,YES,YES,YES,8月,A,版・サイズ・色の確定,中,BU-00998509,箱,216,1,,版・SKU・サイズ・色が元データから確定できない,版・種類・サイズ・色、状態・未開封、画像と現物の一致,https://www.chugai-contents.jp/shopdetail/000000013243/ct394/page1/recommend/,master_v336_confirmed_url,,,,,,,特定済み
PKGI-02648763,PKGI-02648763,ばっどがーる_アクリルキーホルダー アニマルルームウェアVer. 優谷優【予約】,1,colleize_com,BU-00998509,PKG-01053296,YES,YES,YES,8月,A,版・サイズ・色の確定,中,BU-00998509,箱,221,1,,版・SKU・サイズ・色が元データから確定できない,版・種類・サイズ・色、状態・未開封、画像と現物の一致,https://www.chugai-contents.jp/shopdetail/000000013247/ct394/page1/recommend/,master_v336_confirmed_url,,,,,,,特定済み
PKGI-02648764,PKGI-02648764,ばっどがーる_アクリルキーホルダー アニマルルームウェアVer. 涼風涼【予約】,1,colleize_com,BU-00998509,PKG-01053296,YES,YES,YES,8月,A,版・サイズ・色の確定,中,BU-00998509,箱,222,1,,版・SKU・サイズ・色が元データから確定できない,版・種類・サイズ・色、状態・未開封、画像と現物の一致,https://www.chugai-contents.jp/shopdetail/000000013245/ct394/page1/recommend/,master_v336_confirmed_url,,,,,,,特定済み
PKGI-02650090,PKGI-02650090,【お一人様各色1本まで】[数量限定]ゼブラ ポケモンシリーズ サラサグランド 0.5mm 黒インク,1,ishimarubun_shop-pro_jp,BU-00998897,PKG-01077165,YES,YES,,8月,A,版・サイズ・色の確定,中,BU-00998897,箱,227,1,,版・SKU・サイズ・色が元データから確定できない,版・種類・サイズ・色,https://ishimarubun.shop-pro.jp/?pid=190795870,master_v336_confirmed_url,,,,,,,特定済み
PKGI-02650111,PKGI-02650111,【DUSTCELL】ビックシルエットTシャツ／BLACK／DUSTCELL TOUR 2026「碧い海」,1,findmestore_thinkr_jp,BU-00998903,PKG-01088549,YES,YES,,8月,A,版・サイズ・色の確定,中,BU-00998903,箱,228,1,,版・SKU・サイズ・色が元データから確定できない,版・種類・サイズ・色,https://findmestore.thinkr.jp/products/dcg-300-0580,master_v336_confirmed_url,,,,,,,特定済み
PKGI-02650517,PKGI-02650517,Th(Reusable Bag),1,suzuri_jp,BU-00999052,PKG-01090841,,,,8月,G,商品特定（候補あり）,高,BU-00999052,箱,230,1,,商品を特定できていない（候補が複数）,タグ・JAN・型番・ブランド名を撮影、全体写真、数量,https://www.uniqlo.com/th/en/products/E462191-000,"candidate_url(other,score=0.95)",https://www.uniqlo.com/th/en/products/E462191-000,Unisex Reusable Bag (Cotton) | UNIQLO TH,0.95,,,,候補あり
PKGI-02650640,PKGI-02650640,Official Artist Book - Miyako（サイン入り/Signed）,2,victor-store_jp,BU-00999094,PKG-01077278,YES,YES,,8月,A,版・サイズ・色の確定,中,BU-00999094,箱,231,2,,版・SKU・サイズ・色が元データから確定できない,版・種類・サイズ・色,https://victor-store.jp/item/107867,master_v336_confirmed_url,,,,,,,特定済み
PKGI-02650730,PKGI-02650730,カットシャーリング ボタン ノースリーブ Tシャツ【限定展開】,1,freaksstore_com,BU-00999130,PKG-01053944,,,,8月,G,商品特定（候補あり）,高,BU-00999130,箱,232,1,,商品を特定できていない（候補が複数）,タグ・JAN・型番・ブランド名を撮影、全体写真、数量,,,,,,,,,候補あり
PKGI-02650815,PKGI-02650815,Official Artist Book - Miyako（サイン入り/Signed）,1,victor-store_jp,BU-00999158,PKG-01077267,YES,YES,,8月,A,版・サイズ・色の確定,中,BU-00999158,箱,233,1,,版・SKU・サイズ・色が元データから確定できない,版・種類・サイズ・色,,,,,,,,,特定済み
PKGI-02649195,PKGI-02649195,インド レイヤード ノースリーブ ショートシャツ,1,freaksstore_com,BU-00999449,PKG-01054006,,,,8月,G,商品特定（候補あり）,高,BU-00999449,箱,234,1,,商品を特定できていない（候補が複数）,タグ・JAN・型番・ブランド名を撮影、全体写真、数量,,,,,,,,,候補あり
PKGI-02651595,PKGI-02651595,hooded towel 1 ivory,1,us_marlmarl_com,BU-00999468,PKG-01077360,YES,YES,YES,8月,A,版・サイズ・色の確定,中,BU-00999468,箱,236,1,,版・SKU・サイズ・色が元データから確定できない,版・種類・サイズ・色、数量・セット内容、状態・未開封,https://www.international.marlmarl.com/products/10101059,master_v336_confirmed_url,,,,,,,特定済み
PKGI-02651738,PKGI-02651738,薄くて快適スラブ天竺９分丈パンツ 【子供ズボン】,1,bellemaison_jp,BU-00999506,PKG-01088977,YES,YES,,8月,B,数量・版＋撮影（写真なし）,中,BU-00999506,箱,237,1,,現物未確認（数量・版の確認）／写真なし（撮影が必要）,確認数量（元リストの商品単位） / 欠品・付属品の実際の内容 / 色・サイズ・種類の現物と根拠照合,https://www.bellemaison.jp/shop/commodity/0000/1244926,master_v336_confirmed_url,,,,,,,特定済み
PKGI-02651739,PKGI-02651739,薄くて快適スラブ天竺９分丈パンツ 【子供ズボン】,1,bellemaison_jp,BU-00999506,PKG-01088977,YES,YES,,8月,B,数量・版＋撮影（写真なし）,中,BU-00999506,箱,238,1,,現物未確認（数量・版の確認）／写真なし（撮影が必要）,確認数量（元リストの商品単位） / 欠品・付属品の実際の内容 / 色・サイズ・種類の現物と根拠照合,,,,,,,,,特定済み
PKGI-02651740,PKGI-02651740,薄くて快適スラブ天竺９分丈パンツ 【子供ズボン】,1,bellemaison_jp,BU-00999506,PKG-01088977,YES,YES,,8月,B,数量・版＋撮影（写真なし）,中,BU-00999506,箱,239,1,,現物未確認（数量・版の確認）／写真なし（撮影が必要）,確認数量（元リストの商品単位） / 欠品・付属品の実際の内容 / 色・サイズ・種類の現物と根拠照合,,,,,,,,,特定済み
PKGI-02651735,PKGI-02651735,履き心地快適キレイ見えストレッチジョガーパンツ 【子供ズボン】,1,bellemaison_jp,BU-00999506,PKG-01088977,,,,8月,G,商品特定（候補あり）,高,BU-00999506,箱,240,1,,商品を特定できていない（候補が複数）,タグ・JAN・型番・ブランド名を撮影、全体写真、数量,,,,,,,,,候補あり
PKGI-02651736,PKGI-02651736,履き心地快適キレイ見えストレッチジョガーパンツ 【子供ズボン】,1,bellemaison_jp,BU-00999506,PKG-01088977,,,,8月,G,商品特定（候補あり）,高,BU-00999506,箱,241,1,,商品を特定できていない（候補が複数）,タグ・JAN・型番・ブランド名を撮影、全体写真、数量,,,,,,,,,候補あり
PKGI-02651737,PKGI-02651737,履き心地快適キレイ見えストレッチジョガーパンツ 【子供ズボン】,1,bellemaison_jp,BU-00999506,PKG-01088977,,,,8月,G,商品特定（候補あり）,高,BU-00999506,箱,242,1,,商品を特定できていない（候補が複数）,タグ・JAN・型番・ブランド名を撮影、全体写真、数量,,,,,,,,,候補あり
PKGI-02651729,PKGI-02651729,裾フェイクレイヤード長袖Ｔシャツ 【子供服】,1,bellemaison_jp,BU-00999506,PKG-01088977,,,,8月,B,数量・版＋撮影（写真なし）,中,BU-00999506,箱,243,1,,現物未確認（数量・版の確認）／写真なし（撮影が必要）,元帳数量保持・現物未確認,https://www.bellemaison.jp/shop/commodity/0000/1157313,master_v336_confirmed_url,,,,元帳数量保持・現物,,,特定済み
PKGI-02651730,PKGI-02651730,裾フェイクレイヤード長袖Ｔシャツ 【子供服】,1,bellemaison_jp,BU-00999506,PKG-01088977,,,,8月,B,数量・版＋撮影（写真なし）,中,BU-00999506,箱,244,1,,現物未確認（数量・版の確認）／写真なし（撮影が必要）,元帳数量保持・現物未確認,,,,,,元帳数量保持・現物,,,特定済み
PKGI-02651731,PKGI-02651731,裾フェイクレイヤード長袖Ｔシャツ 【子供服】,1,bellemaison_jp,BU-00999506,PKG-01088977,,,,8月,B,数量・版＋撮影（写真なし）,中,BU-00999506,箱,245,1,,現物未確認（数量・版の確認）／写真なし（撮影が必要）,元帳数量保持・現物未確認,,,,,,元帳数量保持・現物,,,特定済み
PKGI-02651732,PKGI-02651732,裾フェイクレイヤード長袖Ｔシャツ 【子供服】,1,bellemaison_jp,BU-00999506,PKG-01088977,,,,8月,B,数量・版＋撮影（写真なし）,中,BU-00999506,箱,246,1,,現物未確認（数量・版の確認）／写真なし（撮影が必要）,元帳数量保持・現物未確認,,,,,,元帳数量保持・現物,,,特定済み
PKGI-02651733,PKGI-02651733,キーネックレイヤード風長袖Tシャツ 【子供服】,1,bellemaison_jp,BU-00999506,PKG-01088977,YES,YES,,8月,B,数量・版＋撮影（写真なし）,中,BU-00999506,箱,247,1,,現物未確認（数量・版の確認）／写真なし（撮影が必要）,確認数量（元リストの商品単位） / 欠品・付属品の実際の内容 / 色・サイズ・種類の現物と根拠照合,https://www.bellemaison.jp/shop/commodity/0000/1273172,master_v336_confirmed_url,,,,,,,特定済み
PKGI-02651734,PKGI-02651734,キーネックレイヤード風長袖Tシャツ 【子供服】,1,bellemaison_jp,BU-00999506,PKG-01088977,YES,YES,,8月,B,数量・版＋撮影（写真なし）,中,BU-00999506,箱,248,1,,現物未確認（数量・版の確認）／写真なし（撮影が必要）,確認数量（元リストの商品単位） / 欠品・付属品の実際の内容 / 色・サイズ・種類の現物と根拠照合,,,,,,,,,特定済み
PKGI-02651721,PKGI-02651721,名札ココ選べるプリント七分袖Ｔシャツ 【子供服】,1,bellemaison_jp,BU-00999506,PKG-01088977,,,,8月,B,数量・版＋撮影（写真なし）,中,BU-00999506,箱,249,1,,現物未確認（数量・版の確認）／写真なし（撮影が必要）,元帳数量保持・現物未確認,https://www.bellemaison.jp/shop/commodity/0000/1241341,master_v336_confirmed_url,,,,元帳数量保持・現物,,,特定済み
PKGI-02651722,PKGI-02651722,名札ココ選べるプリント七分袖Ｔシャツ 【子供服】,1,bellemaison_jp,BU-00999506,PKG-01088977,,,,8月,B,数量・版＋撮影（写真なし）,中,BU-00999506,箱,250,1,,現物未確認（数量・版の確認）／写真なし（撮影が必要）,元帳数量保持・現物未確認,,,,,,元帳数量保持・現物,,,特定済み
PKGI-02651723,PKGI-02651723,名札ココ選べるプリント七分袖Ｔシャツ 【子供服】,1,bellemaison_jp,BU-00999506,PKG-01088977,,,,8月,B,数量・版＋撮影（写真なし）,中,BU-00999506,箱,251,1,,現物未確認（数量・版の確認）／写真なし（撮影が必要）,元帳数量保持・現物未確認,,,,,,元帳数量保持・現物,,,特定済み
PKGI-02651724,PKGI-02651724,マイニチお洗濯してもよれにくい七分袖Ｔシャツ 【子供服】,1,bellemaison_jp,BU-00999506,PKG-01088977,,,,8月,B,数量・版＋撮影（写真なし）,中,BU-00999506,箱,252,1,,現物未確認（数量・版の確認）／写真なし（撮影が必要）,元帳数量保持・現物未確認,https://www.bellemaison.jp/shop/commodity/0000/1262712,master_v336_confirmed_url,,,,元帳数量保持・現物,,,特定済み
PKGI-02651725,PKGI-02651725,マイニチお洗濯してもよれにくい七分袖Ｔシャツ 【子供服】,1,bellemaison_jp,BU-00999506,PKG-01088977,,,,8月,B,数量・版＋撮影（写真なし）,中,BU-00999506,箱,253,1,,現物未確認（数量・版の確認）／写真なし（撮影が必要）,元帳数量保持・現物未確認,,,,,,元帳数量保持・現物,,,特定済み
PKGI-02651726,PKGI-02651726,マイニチお洗濯してもよれにくい七分袖Ｔシャツ 【子供服】,1,bellemaison_jp,BU-00999506,PKG-01088977,,,,8月,B,数量・版＋撮影（写真なし）,中,BU-00999506,箱,254,1,,現物未確認（数量・版の確認）／写真なし（撮影が必要）,元帳数量保持・現物未確認,,,,,,元帳数量保持・現物,,,特定済み
PKGI-02651727,PKGI-02651727,マイニチお洗濯してもよれにくい七分袖Ｔシャツ 【子供服】,1,bellemaison_jp,BU-00999506,PKG-01088977,,,,8月,B,数量・版＋撮影（写真なし）,中,BU-00999506,箱,255,1,,現物未確認（数量・版の確認）／写真なし（撮影が必要）,元帳数量保持・現物未確認,,,,,,元帳数量保持・現物,,,特定済み
PKGI-02651728,PKGI-02651728,マイニチお洗濯してもよれにくい七分袖Ｔシャツ 【子供服】,1,bellemaison_jp,BU-00999506,PKG-01088977,,,,8月,B,数量・版＋撮影（写真なし）,中,BU-00999506,箱,256,1,,現物未確認（数量・版の確認）／写真なし（撮影が必要）,元帳数量保持・現物未確認,,,,,,元帳数量保持・現物,,,特定済み
PKGI-02651847,PKGI-02651847,インド ボイル ピンタック ギャザー フリル ブラウス【限定展開】,1,freaksstore_com,BU-00999542,PKG-01054088,YES,YES,,8月,B,数量・版＋撮影（写真なし）,中,BU-00999542,箱,257,1,,現物未確認（数量・版の確認）／写真なし（撮影が必要）,確認数量（元リストの商品単位） / 欠品・付属品の実際の内容 / 色・サイズ・種類の現物と根拠照合,https://www.daytona-park.com/item/1303248900237,master_v336_confirmed_url,,,,,,,特定済み
PKGI-02651848,PKGI-02651848,Vネック ロゴTシャツ,1,freaksstore_com,BU-00999542,PKG-01054088,YES,YES,,8月,B,数量・版＋撮影（写真なし）,中,BU-00999542,箱,258,1,,現物未確認（数量・版の確認）／写真なし（撮影が必要）,確認数量（元リストの商品単位） / 欠品・付属品の実際の内容 / 色・サイズ・種類の現物と根拠照合,https://www.daytona-park.com/item/1121248901492,master_v336_confirmed_url,,,,,,,特定済み
PKGI-02652066,PKGI-02652066,4th Mini Album 'Caligo Pt.2' (ID PASS Ver.)【5形態セット】,1,hmv_co_jp,BU-00999608,PKG-01088964,,,,8月,I,登録済み・IT未入庫,高,BU-00999608,箱,259,1,,商品マスタ(PD)はあるが在庫(IT)が未入庫,現物の有無と点数,https://www.hmv.co.jp/artist_PLAVE_000000000929266/item_4th-Mini-Album-Caligo-Pt-2-ID-PASS-Ver-%E3%80%905%E5%BD%A2%E6%85%8B%E3%82%BB%E3%83%83%E3%83%88%E3%80%91_16761373,master_v336_confirmed_url,,,,,PDMK7Y1ADYFM,,特定済み
PKGI-02652264,PKGI-02652264,4th Mini Album 'Caligo Pt.2' (ID PASS Ver.)【5 ?? ??】,1,hmv_co_jp,BU-00999683,PKG-01088981,,,,8月,B,数量・版＋撮影（写真なし）,中,BU-00999683,箱,260,1,,現物未確認（数量・版の確認）／写真なし（撮影が必要）,確認数量（元リストの商品単位） / 欠品・付属品の実際の内容 / 元名の文字化け部分を注文または現物で確認。5形態の揃い、封入物、販売点数は未確定,https://shop.weverse.io/en/shop/CNY/artists/167/sales/56699,master_v336_confirmed_url,,,,,,,特定済み
PKGI-02652372,PKGI-02652372,LB LB Silicon Patch Hoodie Black,1,lbwk_jp,BU-00999714,PKG-01109022,,,,8月,G,商品特定（候補あり）,高,BU-00999714,箱,261,1,,商品を特定できていない（候補が複数）,タグ・JAN・型番・ブランド名を撮影、全体写真、数量,https://lbwk.jp/product/p185-bk/,"web_search(supplier,score=1.00)",https://lbwk.jp/product/p185-bk/,LB LB Silicon Patch Hoodie Black - LB-ONLINE STORE,1.00,,,,候補あり
PKGI-02652543,PKGI-02652543,Comfort Shirt Relaxed,1,yaecaya_yaeca_com,BU-00999783,PKG-01088624,YES,YES,,8月,A,版・サイズ・色の確定,中,BU-00999783,箱,262,1,,版・SKU・サイズ・色が元データから確定できない,版・種類・サイズ・色,https://yaecaya.yaeca.com/products/comfort-shirt-relaxed,master_v336_confirmed_url,,,,,,,特定済み
PKGI-02652542,PKGI-02652542,Short Sleeve T-shirts Standard Tie-Dye,1,yaecaya_yaeca_com,BU-00999783,PKG-01088624,,,,8月,G,商品特定（候補あり）,高,BU-00999783,箱,264,1,,商品を特定できていない（候補が複数）,タグ・JAN・型番・ブランド名を撮影、全体写真、数量,,,,,,,,,候補あり
PKGI-02652540,PKGI-02652540,Cotton Silk Ribbed Socks,1,yaecaya_yaeca_com,BU-00999783,PKG-01088624,YES,YES,YES,8月,A,版・サイズ・色の確定,中,BU-00999783,箱,265,1,,版・SKU・サイズ・色が元データから確定できない,版・種類・サイズ・色、数量・セット内容、状態・未開封,https://yaecaya.yaeca.com/products/cotton-silk-ribbed-socks,master_v336_confirmed_url,,,,,,,特定済み
PKGI-02652541,PKGI-02652541,Cotton Silk Ribbed Socks,1,yaecaya_yaeca_com,BU-00999783,PKG-01088624,YES,YES,YES,8月,A,版・サイズ・色の確定,中,BU-00999783,箱,266,1,,版・SKU・サイズ・色が元データから確定できない,版・種類・サイズ・色、数量・セット内容、状態・未開封,,,,,,,,,特定済み
PKGI-02652724,PKGI-02652724,[Shall we hit the Banquet?] マルチストラップ【2026年4月中旬発送予定】,1,bmsg_shop,BU-00999867,PKG-01082665,,,,8月,H,商品特定（ページ見つからず）,高,BU-00999867,箱,267,1,,商品ページが見つからない（商品名から特定不可）,タグ・JAN・型番・ブランド名を撮影、全体写真、数量,https://bmsg.shop/products/shall-we-hit-the-banquet-%E3%83%9E%E3%83%AB%E3%83%81%E3%82%B9%E3%83%88%E3%83%A9%E3%83%83%E3%83%97?_pos=1&_sid=7664b423c&_ss=r,"shop_site_search(supplier,score=0.90)",https://bmsg.shop/products/shall-we-hit-the-banquet-%E3%83%9E%E3%83%AB%E3%83%81%E3%82%B9%E3%83%88%E3%83%A9%E3%83%83%E3%83%97?_pos=1&_sid=7664b423c&_ss=r,,,,,,未発見
PKGI-02652842,PKGI-02652842,初音ミク ジャージパーカー 【EMERALD】 / 初音ミク×リッスンフレーバー,1,listenflavor_com,BU-00999914,PKG-01077481,YES,YES,,8月,B,数量・版＋撮影（写真なし）,中,BU-00999914,箱,268,1,,現物未確認（数量・版の確認）／写真なし（撮影が必要）,確認数量（元リストの商品単位） / 欠品・付属品の実際の内容 / 色・サイズ・種類の現物と根拠照合,https://listenflavor.com/shopdetail/000000004680/all_items/page2/order/,master_v336_confirmed_url,,,,,,,特定済み
PKGI-02653089,PKGI-02653089,月刊バレーボール 2026年5月号,1,shop_nbp_ne_jp,BU-01000005,PKG-01082669,YES,YES,YES,8月,A,版・サイズ・色の確定,中,BU-01000005,箱,269,1,,版・SKU・サイズ・色が元データから確定できない,版・種類・サイズ・色、状態・未開封,https://www.fujisan.co.jp/product/778/b/2778908/,master_v336_confirmed_url,,,,,,,特定済み
PKGI-02648931,PKGI-02648931,LANDER SANDWICHES×FREAK'S STORE/ランダー 別注 ビッグシルエット バックプリント クルーネックTシャツ 【限定展開】,1,freaksstore_com,BU-01000089,PKG-01053992,,,,8月,G,商品特定（候補あり）,高,BU-01000089,箱,271,1,,商品を特定できていない（候補が複数）,タグ・JAN・型番・ブランド名を撮影、全体写真、数量,,,,,,,,,候補あり
PKGI-02653266,PKGI-02653266,PLAVE 4th Mini Album 'Caligo Pt.2' ID PASS Ver. (Compact)(5形態セット) (???: 2026? 04? 14?) + '（特典あり)',1,tower_jp,BU-01000095,PKG-01054566,,,,8月,H,商品特定（ページ見つからず）,高,BU-01000095,箱,272,1,,商品ページが見つからない（商品名から特定不可）,タグ・JAN・型番・ブランド名を撮影、全体写真、数量,,,,,,,,,未発見
PKGI-02653297,PKGI-02653297,NASA Shopping Basket,1,landtokyo_com,BU-01000114,PKG-01109136,YES,YES,YES,8月,A,版・サイズ・色の確定,中,BU-01000114,箱,273,1,,版・SKU・サイズ・色が元データから確定できない,版・種類・サイズ・色、数量・セット内容、状態・未開封,https://landtokyo.com/products/02500389,master_v336_confirmed_url,,,,元帳数量保持・現物,,,特定済み
PKGI-02653487,PKGI-02653487,PLAVE 4th Mini Album 'Caligo Pt.2' ID PASS Ver. (5形態セット) (???: 2026? 04? 14?) + '（特典あり)',1,tower_jp,BU-01000177,PKG-01054510,,,,8月,H,商品特定（ページ見つからず）,高,BU-01000177,箱,274,1,,商品ページが見つからない（商品名から特定不可）,タグ・JAN・型番・ブランド名を撮影、全体写真、数量,,,,,,,,,未発見
PKGI-02653571,PKGI-02653571,Plastic Love (Amor Pl?stico - Short Edit) / Plastic Love (Short Edit),1,diskunion_net,BU-01000229,PKG-01088699,,,,8月,H,商品特定（ページ見つからず）,高,BU-01000229,箱,275,1,,商品ページが見つからない（商品名から特定不可）,タグ・JAN・型番・ブランド名を撮影、全体写真、数量,,,,,,,,,未発見
PKGI-02653718,PKGI-02653718,コースリブ オールドスクール クルーソックス,1,rototo_jp,BU-01000281,PKG-01082732,YES,YES,,8月,B,数量・版＋撮影（写真なし）,中,BU-01000281,箱,276,1,,現物未確認（数量・版の確認）／写真なし（撮影が必要）,確認数量（元リストの商品単位） / 欠品・付属品の実際の内容 / 色・サイズとR1255タグの現物照合,https://www.rototo.jp/products/r1255,master_v336_confirmed_url,,,,,,,特定済み
PKGI-02653778,PKGI-02653778,yoshikitty:ぬいぐるみボールチェーンマスコット・パステルムーン(Xポーズ),1,asunaro_shop-pro_jp,BU-01000313,PKG-01082764,,,,8月,G,商品特定（候補あり）,高,BU-01000313,箱,277,1,,商品を特定できていない（候補が複数）,タグ・JAN・型番・ブランド名を撮影、全体写真、数量,,,,,,,,,候補あり
PKGI-02653780,PKGI-02653780,yoshikitty:キャスト立体ラバーストーンキーホルダー（赤スーツ）,1,asunaro_shop-pro_jp,BU-01000313,PKG-01082764,,,,8月,H,商品特定（ページ見つからず）,高,BU-01000313,箱,278,1,,商品ページが見つからない（商品名から特定不可）,タグ・JAN・型番・ブランド名を撮影、全体写真、数量,,,,,,,,,未発見
PKGI-02653779,PKGI-02653779,yoshikitty:立体ラバーストーンキーホルダー（初代）,1,asunaro_shop-pro_jp,BU-01000313,PKG-01082764,,,,8月,G,商品特定（候補あり）,高,BU-01000313,箱,279,1,,商品を特定できていない（候補が複数）,タグ・JAN・型番・ブランド名を撮影、全体写真、数量,,,,,,,,,候補あり
PKGI-02654077,PKGI-02654077,Obey Me! アクリルハンガー アスモデウス / Obey Me! Acrylic Hanger - Asmodeus,1,acrpicto_com,BU-01000410,PKG-01093008,,,YES,8月,D,数量・セット内容,中,BU-01000410,箱,281,1,,数量・セット内容の確認が必要,数量・セット内容、状態・未開封、画像と現物の一致,https://acrpicto.com/view/item/000000000084,master_v336_confirmed_url,,,,,,,特定済み
PKGI-02654126,PKGI-02654126,4th Mini Album 'Caligo Pt.2' (ID PASS Ver.)【5形態セット】,1,hmv_co_jp,BU-01000428,PKG-01088943,,,,8月,I,登録済み・IT未入庫,高,BU-01000428,箱,282,1,,商品マスタ(PD)はあるが在庫(IT)が未入庫,現物の有無と点数,,,,,,,PDMK7Y1ADYFM,,特定済み
PKGI-02638446,PKGI-02638446,BRAHMS: VIOLIN CONCERTO / ブラームス: ヴァイオリン協奏曲 (LPレコード),1,diskunion_net,BU-01000578,PKG-01088233,,,,8月,G,商品特定（候補あり）,高,BU-01000578,箱,283,1,,商品を特定できていない（候補が複数）,タグ・JAN・型番・ブランド名を撮影、全体写真、数量,,,,,,,,,候補あり
PKGI-02638447,PKGI-02638447,バッハ:ブランデンブルク協奏曲全集,1,diskunion_net,BU-01000578,PKG-01088233,YES,YES,,8月,A,版・サイズ・色の確定,中,BU-01000578,箱,284,1,,版・SKU・サイズ・色が元データから確定できない,版・種類・サイズ・色,https://tower.jp/item/2884609,master_v336_confirmed_url,,,,,,,特定済み
PKGI-02649930,PKGI-02649930,チェット・ベイカー・シングス(HYBRID SACD),1,diskunion_net,BU-01000578,PKG-01088233,,,,8月,G,商品特定（候補あり）,高,BU-01000578,箱,285,1,,商品を特定できていない（候補が複数）,タグ・JAN・型番・ブランド名を撮影、全体写真、数量,,,,,,,,,候補あり
PKGI-02638449,PKGI-02638449,"R.STRAUSS: DON QUIXOTE, ETC (SACD) / R.シュトラウス: ドン・キホーテ、他 (SACD)",1,diskunion_net,BU-01000578,PKG-01088233,,,,8月,H,商品特定（ページ見つからず）,高,BU-01000578,箱,287,1,,商品ページが見つからない（商品名から特定不可）,タグ・JAN・型番・ブランド名を撮影、全体写真、数量,,,,,,,,,未発見
PKGI-02654625,PKGI-02654625,【3月下旬～4月中旬入荷予定】無線マウス トヨタ AE86 『頭文字D』藤原とうふ店(自家用)仕様 Bluetooth対応 スプリンタートレノ イニD Toyota,2,camshop_jp,BU-01000635,PKG-01077531,YES,YES,,8月,A,版・サイズ・色の確定,中,BU-01000635,箱,288,2,,版・SKU・サイズ・色が元データから確定できない,版・種類・サイズ・色,,,,,,,,,特定済み
PKGI-02654666,PKGI-02654666,Obey Me! アクリルハンガー マモン / Obey Me! Acrylic Hanger - Mammon,2,acrpicto_com,BU-01000652,PKG-01093013,,,YES,8月,D,数量・セット内容,中,BU-01000652,箱,289,2,,数量・セット内容の確認が必要,数量・セット内容、状態・未開封、画像と現物の一致,https://acrpicto.com/view/item/000000000081,master_v336_confirmed_url,,,,,,,特定済み
PKGI-02654673,PKGI-02654673,トミカ　東京オートサロン★★トヨタスープラ(A70) ※買取品・現状渡し,1,ken-box_com,BU-01000658,PKG-01077521,,,,8月,G,商品特定（候補あり）,高,BU-01000658,箱,290,1,,商品を特定できていない（候補が複数）,タグ・JAN・型番・ブランド名を撮影、全体写真、数量,,,,,,,,,候補あり
PKGI-02654972,PKGI-02654972,Designed by Axel Syrios.『AxelSyrios jacket』,1,popcornmuseum_net,BU-01000758,PKG-01085057,,,,8月,G,商品特定（候補あり）,高,BU-01000758,箱,291,1,,商品を特定できていない（候補が複数）,タグ・JAN・型番・ブランド名を撮影、全体写真、数量,,,,,,,,,候補あり
PKGI-02654005,PKGI-02654005,【予約販売】カモフラージュ コンシーラーチーク,1,store_brilliage_jp,BU-01000811,PKG-01082523,YES,YES,YES,8月,A,版・サイズ・色の確定,中,BU-01000811,箱,292,1,,版・SKU・サイズ・色が元データから確定できない,版・種類・サイズ・色、数量・セット内容、bonus_or_purchase_benefit_presence、状態・未開封,,,,,,,,,特定済み
PKGI-02655244,PKGI-02655244,LIVE AT THE VILLAGE VANGUARD / ライヴ・アット・ザ・ヴィレッジ・ヴァンガード(2CD),1,diskunion_net,BU-01000846,PKG-01109203,,,,8月,G,商品特定（候補あり）,高,BU-01000846,箱,293,1,,商品を特定できていない（候補が複数）,タグ・JAN・型番・ブランド名を撮影、全体写真、数量,,,,,,,,,候補あり
PKGI-02655585,PKGI-02655585,【3月下旬～4月中旬入荷予定】無線マウス トヨタ AE86 『頭文字D』藤原とうふ店(自家用)仕様 Bluetooth対応 スプリンタートレノ イニD Toyota,1,camshop_jp,BU-01000971,PKG-01085192,YES,YES,,8月,A,版・サイズ・色の確定,中,BU-01000971,箱,295,1,,版・SKU・サイズ・色が元データから確定できない,版・種類・サイズ・色,,,,,,,,,特定済み
PKGI-02655619,PKGI-02655619,4th Mini Album 'Caligo Pt.2' (ID PASS Ver.)(ランダムカバーバージョン),1,hmv_co_jp,BU-01000984,PKG-01088914,,,,8月,B,数量・版＋撮影（写真なし）,中,BU-01000984,箱,296,1,,現物未確認（数量・版の確認）／写真なし（撮影が必要）,確認数量（元リストの商品単位） / 欠品・付属品の実際の内容 / 封入種類・現物との根拠照合,https://www.hmv.co.jp/artist_PLAVE_000000000929266/item_4th-Mini-Album-Caligo-Pt-2-ID-PASS-Ver-%E3%83%A9%E3%83%B3%E3%83%80%E3%83%A0%E3%82%AB%E3%83%90%E3%83%BC%E3%83%90%E3%83%BC%E3%82%B8%E3%83%A7%E3%83%B3_16761372,master_v336_confirmed_url,,,,,,,特定済み
PKGI-02655622,PKGI-02655622,【3月下旬～4月中旬入荷予定】無線マウス トヨタ AE86 『頭文字D』藤原とうふ店(自家用)仕様 Bluetooth対応 スプリンタートレノ イニD Toyota,1,camshop_jp,BU-01000989,PKG-01085347,YES,YES,,8月,A,版・サイズ・色の確定,中,BU-01000989,箱,297,1,,版・SKU・サイズ・色が元データから確定できない,版・種類・サイズ・色,,,,,,,,,特定済み
PKGI-02655677,PKGI-02655677,EDiT Small Graph Paper Notebook - B7 size (modified) - with PVC cover,1,online-marks_com,BU-01001007,PKG-01054702,YES,YES,YES,8月,A,版・サイズ・色の確定,中,BU-01001007,箱,298,1,,版・SKU・サイズ・色が元データから確定できない,版・種類・サイズ・色、数量・セット内容、状態・未開封,https://www.online-marks.com/product/detail/EDI-NB20,master_v336_confirmed_url,,,,,,,特定済み
PKGI-02655678,PKGI-02655678,EDiT Small Graph Paper Notebook - B7 size (modified) - with PVC cover,1,online-marks_com,BU-01001007,PKG-01054702,YES,YES,YES,8月,A,版・サイズ・色の確定,中,BU-01001007,箱,299,1,,版・SKU・サイズ・色が元データから確定できない,版・種類・サイズ・色、数量・セット内容、状態・未開封,,,,,,,,,特定済み
PKGI-02655911,PKGI-02655911,10K ホワイトゴールド ピアス 13mm,1,avalanche-store-jp_com,BU-01001129,PKG-01029303,,,YES,8月,B,数量・版＋撮影（写真なし）,中,BU-01001129,箱,301,1,,現物未確認（数量・版の確認）／写真なし（撮影が必要）,確認数量（元リストの商品単位） / 欠品・付属品の実際の内容 / 販売元は片耳用販売。現物の点数・材質刻印・状態を確認,https://avalanche-store-jp.com/?pid=98135422,master_v336_confirmed_url,,,,,,,特定済み
PKGI-02655912,PKGI-02655912,10K ホワイトゴールド ピアス 9mm,1,avalanche-store-jp_com,BU-01001129,PKG-01029303,,,,8月,G,商品特定（候補あり）,高,BU-01001129,箱,302,1,,商品を特定できていない（候補が複数）,タグ・JAN・型番・ブランド名を撮影、全体写真、数量,,,,,,,,,候補あり
PKGI-02655085,PKGI-02655085,＜数量限定・どうぶつの森デザイン＞【MiteaORGANIC】セラムオイルリップスティック,1,cosmekitchen-webstore_jp,BU-01001157,PKG-01082913,YES,YES,,8月,A,版・サイズ・色の確定,中,BU-01001157,箱,303,1,,版・SKU・サイズ・色が元データから確定できない,版・種類・サイズ・色,,,,,,,,,特定済み
PKGI-02656142,PKGI-02656142,ガチアクタ　ふわコロりん ※ 2026年3月下旬 発送予定,1,maxlimited-online_com,BU-01001164,PKG-01085302,,,,8月,H,商品特定（ページ見つからず）,高,BU-01001164,箱,305,1,,商品ページが見つからない（商品名から特定不可）,タグ・JAN・型番・ブランド名を撮影、全体写真、数量,,,,,,,,,未発見
PKGI-02656185,PKGI-02656185,定番のおうちご飯セット(お茶碗、汁椀、マグカップ大、取り皿ボウル、箸 各2 ＋ オーバル皿 1枚),1,aras-jp_com,BU-01001181,PKG-01082973,YES,YES,YES,8月,A,版・サイズ・色の確定,中,BU-01001181,箱,306,1,,版・SKU・サイズ・色が元データから確定できない,版・種類・サイズ・色、状態・未開封,https://aras-jp.com/products/%E5%AE%9A%E7%95%AA%E3%81%AE%E3%81%8A%E3%81%86%E3%81%A1%E3%81%94%E9%A3%AF%E3%82%BB%E3%83%83%E3%83%88,master_v336_confirmed_url,,,,,,,特定済み
PKGI-02656296,PKGI-02656296,Synthesizer V 2 AI 重音テト,1,ah-soft_net,BU-01001238,PKG-01085078,YES,YES,,8月,A,版・サイズ・色の確定,中,BU-01001238,箱,308,1,,版・SKU・サイズ・色が元データから確定できない,版・種類・サイズ・色,,,,,,,,,特定済み
PKGI-02656751,PKGI-02656751,◆カルビー ポテトチップスBIGBAGコンソメパンチ 160g,1,sundrug-online_com,BU-01001291,PKG-01077244,,,,8月,G,商品特定（候補あり）,高,BU-01001291,箱,310,1,,商品を特定できていない（候補が複数）,タグ・JAN・型番・ブランド名を撮影、全体写真、数量,,,,,,,,,候補あり
PKGI-02656442,PKGI-02656442,明星 ロカボNOODLES 濃厚鶏白湯,2,worldshopping_global,BU-01001291,PKG-01085212,,,YES,8月,E,賞味期限・保管状態,高,BU-01001291,箱,309,2,,期限・保管状態の確認が必要,賞味期限・保管状態、状態・未開封,https://store.nissin.com/products/13098,master_v336_confirmed_url,,,,,,,特定済み
PKGI-02656697,PKGI-02656697,お座りいちごちゃんチャーム☆オリジナルワンピース(ハートガールズ),1,curlycollection_jp,BU-01001388,PKG-01085107,,,,8月,H,商品特定（ページ見つからず）,高,BU-01001388,箱,311,1,,商品ページが見つからない（商品名から特定不可）,タグ・JAN・型番・ブランド名を撮影、全体写真、数量,,,,,,,,,未発見
PKGI-02656976,PKGI-02656976,ブリーチニットグラフィックZIPパーカー,1,wegoec_jp,BU-01001499,PKG-01054832,YES,YES,,8月,A,版・サイズ・色の確定,中,BU-01001499,箱,312,1,,版・SKU・サイズ・色が元データから確定できない,版・種類・サイズ・色,https://wego.jp/products/we26sp02-m0012,master_v336_confirmed_url,,,,,,,特定済み
PKGI-02656975,PKGI-02656975,イージー3Dバレルレッグデニムパンツ,1,wegoec_jp,BU-01001499,PKG-01054832,YES,YES,,8月,A,版・サイズ・色の確定,中,BU-01001499,箱,313,1,,版・SKU・サイズ・色が元データから確定できない,版・種類・サイズ・色,https://wego.jp/products/we25ss01-m0008,master_v336_confirmed_url,,,,,,,特定済み
PKGI-02657251,PKGI-02657251,【送料無料】【オリゴ糖】長沢オリゴ260ｇ×12本まとめ買い　※現在出荷までに3営業日かかります、配送日指定不可,1,gashoan_com,BU-01001597,PKG-01082943,,,,8月,H,商品特定（ページ見つからず）,高,BU-01001597,箱,314,1,,商品ページが見つからない（商品名から特定不可）,タグ・JAN・型番・ブランド名を撮影、全体写真、数量,,,,,,,,,未発見
PKGI-02658078,PKGI-02658078,"Nina【ミツバチとイチゴのリング ""Apis cerana japonica""】",1,nina2014_com,BU-01001903,PKG-01085630,,,,8月,H,商品特定（ページ見つからず）,高,BU-01001903,箱,317,1,,商品ページが見つからない（商品名から特定不可）,タグ・JAN・型番・ブランド名を撮影、全体写真、数量,,,,,,,,,未発見
PKGI-02658472,PKGI-02658472,【3月下旬～4月中旬入荷予定】無線マウス トヨタ AE86 『頭文字D』藤原とうふ店(自家用)仕様 Bluetooth対応 スプリンタートレノ イニD Toyota,1,camshop_jp,BU-01002029,PKG-01085468,YES,YES,,8月,A,版・サイズ・色の確定,中,BU-01002029,箱,319,1,,版・SKU・サイズ・色が元データから確定できない,版・種類・サイズ・色,,,,,,,,,特定済み
PKGI-02658721,PKGI-02658721,ROCK AND READ 124 (発売日: 2026年04月15日),1,tower_jp,BU-01002112,PKG-01054963,,,YES,8月,D,数量・セット内容,中,BU-01002112,箱,320,1,,数量・セット内容の確認が必要,数量・セット内容、状態・未開封,https://tower.jp/item/7997801,master_v336_confirmed_url,,,,元帳数量保持・現物,,,特定済み
PKGI-02659020,PKGI-02659020,"Persona 3 Reload Original Craft Cola ""Sea of Souls""",1,u-products_co_jp,BU-01002216,PKG-01085225,,,YES,8月,E,賞味期限・保管状態,高,BU-01002216,箱,322,1,,期限・保管状態の確認が必要,賞味期限・保管状態、数量・セット内容、状態・未開封,https://www.cradri.com/en/products/persona3-seaofsouls,master_v336_confirmed_url,,,,現物,,,特定済み
PKGI-02659273,PKGI-02659273,■G.I.S.M. - 「Performance」DVD■,1,fuudobrain_shop-pro_jp,BU-01002309,PKG-01082801,YES,YES,YES,8月,A,版・サイズ・色の確定,中,BU-01002309,箱,323,1,,版・SKU・サイズ・色が元データから確定できない,版・種類・サイズ・色、数量・セット内容、bonus_or_purchase_benefit_presence、状態・未開封、画像と現物の一致、箱・袋の所在,,,,,,,,,特定済み
PKGI-02659297,PKGI-02659297,■G.I.S.M. - 「Performance」DVD■,1,fuudobrain_shop-pro_jp,BU-01002325,PKG-01082825,YES,YES,YES,8月,A,版・サイズ・色の確定,中,BU-01002325,箱,324,1,,版・SKU・サイズ・色が元データから確定できない,版・種類・サイズ・色、数量・セット内容、bonus_or_purchase_benefit_presence、状態・未開封、画像と現物の一致、箱・袋の所在,,,,,,,,,特定済み
PKGI-02659340,PKGI-02659340,■G.I.S.M. - 「Performance」DVD■,2,fuudobrain_shop-pro_jp,BU-01002341,PKG-01082798,YES,YES,YES,8月,A,版・サイズ・色の確定,中,BU-01002341,箱,326,2,,版・SKU・サイズ・色が元データから確定できない,版・種類・サイズ・色、数量・セット内容、bonus_or_purchase_benefit_presence、状態・未開封、画像と現物の一致、箱・袋の所在,,,,,,,,,特定済み
PKGI-02659422,PKGI-02659422,■G.I.S.M. - 「Performance」DVD■,1,fuudobrain_shop-pro_jp,BU-01002358,PKG-01082818,YES,YES,YES,8月,A,版・サイズ・色の確定,中,BU-01002358,箱,327,1,,版・SKU・サイズ・色が元データから確定できない,版・種類・サイズ・色、数量・セット内容、bonus_or_purchase_benefit_presence、状態・未開封、画像と現物の一致、箱・袋の所在,,,,,,,,,特定済み
PKGI-02659423,PKGI-02659423,■G.I.S.M._DETESTATION LP■,1,fuudobrain_shop-pro_jp,BU-01002358,PKG-01082818,YES,YES,YES,8月,A,版・サイズ・色の確定,中,BU-01002358,箱,329,1,,版・SKU・サイズ・色が元データから確定できない,版・種類・サイズ・色、数量・セット内容、状態・未開封,https://fuudobrain.shop-pro.jp/?pid=155076765,master_v336_confirmed_url,,,,,,,特定済み
PKGI-02659562,PKGI-02659562,ENJOY ROCK メッシュキャップ,1,store_hystericglamour_jp,BU-01002411,PKG-01085912,YES,YES,,8月,A,版・サイズ・色の確定,中,BU-01002411,箱,330,1,,版・SKU・サイズ・色が元データから確定できない,版・種類・サイズ・色,https://store.hystericglamour.jp/item/104430.html,master_v336_confirmed_url,,,,,,,特定済み
PKGI-02659561,PKGI-02659561,MOTOR CITY BABY アシュトレイ,1,store_hystericglamour_jp,BU-01002411,PKG-01085912,YES,YES,,8月,A,版・サイズ・色の確定,中,BU-01002411,箱,331,1,,版・SKU・サイズ・色が元データから確定できない,版・種類・サイズ・色,https://brandavenue.rakuten.co.jp/item/NK6301/,master_v336_confirmed_url,,,,,,,特定済み
PKGI-02660121,PKGI-02660121,Designed by Regis Altare.『RegisAltare ZipHoodie』,1,popcornmuseum_net,BU-01002597,PKG-01086084,,,,8月,H,商品特定（ページ見つからず）,高,BU-01002597,箱,333,1,,商品ページが見つからない（商品名から特定不可）,タグ・JAN・型番・ブランド名を撮影、全体写真、数量,,,,,,,,,未発見
PKGI-02660228,PKGI-02660228,Designed by Regis Altare.『RegisAltare ZipHoodie』,1,popcornmuseum_net,BU-01002634,PKG-01086111,,,,8月,H,商品特定（ページ見つからず）,高,BU-01002634,箱,334,1,,商品ページが見つからない（商品名から特定不可）,タグ・JAN・型番・ブランド名を撮影、全体写真、数量,,,,,,,,,未発見
PKGI-02660345,PKGI-02660345,【3月下旬～4月中旬入荷予定】無線マウス トヨタ AE86 『頭文字D』藤原とうふ店(自家用)仕様 Bluetooth対応 スプリンタートレノ イニD Toyota,1,camshop_jp,BU-01002688,PKG-01077678,YES,YES,,8月,A,版・サイズ・色の確定,中,BU-01002688,箱,335,1,,版・SKU・サイズ・色が元データから確定できない,版・種類・サイズ・色,,,,,,,,,特定済み
PKGI-02660463,PKGI-02660463,Designed by Regis Altare.『RegisAltare ZipHoodie』,1,popcornmuseum_net,BU-01002746,PKG-01086122,,,,8月,H,商品特定（ページ見つからず）,高,BU-01002746,箱,336,1,,商品ページが見つからない（商品名から特定不可）,タグ・JAN・型番・ブランド名を撮影、全体写真、数量,,,,,,,,,未発見
PKGI-02660573,PKGI-02660573,Designed by Regis Altare.『RegisAltare ZipHoodie』,1,popcornmuseum_net,BU-01002789,PKG-01086120,,,,8月,H,商品特定（ページ見つからず）,高,BU-01002789,箱,337,1,,商品ページが見つからない（商品名から特定不可）,タグ・JAN・型番・ブランド名を撮影、全体写真、数量,,,,,,,,,未発見
PKGI-02660598,PKGI-02660598,Designed by Regis Altare.『RegisAltare ZipHoodie』,1,popcornmuseum_net,BU-01002801,PKG-01086118,,,,8月,H,商品特定（ページ見つからず）,高,BU-01002801,箱,338,1,,商品ページが見つからない（商品名から特定不可）,タグ・JAN・型番・ブランド名を撮影、全体写真、数量,,,,,,,,,未発見
PKGI-02660711,PKGI-02660711,MASK MINI Funny pack(ミニ・ウエストポーチ),1,store_haoming_jp,BU-01002852,PKG-01086054,,,,8月,G,商品特定（候補あり）,高,BU-01002852,箱,339,1,,商品を特定できていない（候補が複数）,タグ・JAN・型番・ブランド名を撮影、全体写真、数量,,,,,,,,,候補あり
PKGI-02660995,PKGI-02660995,【受注販売】直筆サイン入り マリーゴールド 天麗皇希 KOUKI AMAREI 写真集 Wears Light,1,bigblue_co_jp,BU-01002979,PKG-01063103,,,,8月,H,商品特定（ページ見つからず）,高,BU-01002979,箱,340,1,,商品ページが見つからない（商品名から特定不可）,タグ・JAN・型番・ブランド名を撮影、全体写真、数量,,,,,,,,,未発見
PKGI-02660996,PKGI-02660996,【受注販売】直筆サイン入り マリーゴールド 後藤智香 CHIKA GOTO 写真集 DYNAMITE,1,bigblue_co_jp,BU-01002979,PKG-01063103,,,,8月,G,商品特定（候補あり）,高,BU-01002979,箱,341,1,,商品を特定できていない（候補が複数）,タグ・JAN・型番・ブランド名を撮影、全体写真、数量,,,,,,,,,候補あり
PKGI-02661122,PKGI-02661122,【CAMBIO(カンビオ)】Botanical Gobelin Wide Straight Pants ワイドストレートパンツ(S43325cmb),1,cambio_co_jp,BU-01003022,PKG-01086203,,,,8月,B,数量・版＋撮影（写真なし）,中,BU-01003022,箱,342,1,,現物未確認（数量・版の確認）／写真なし（撮影が必要）,元帳数量保持・現物未確認,https://www.cambio.co.jp/c/brand/cambio/mp13116,master_v336_confirmed_url,,,,元帳数量保持・現物,,,特定済み
PKGI-02661121,PKGI-02661121,"[Pre-orders available for select sizes and colors, expected to arrive mid-to-late April] CAMBIO Accordion Jacquard Denim Wide S",1,cambio_co_jp,BU-01003022,PKG-01086203,,,,8月,H,商品特定（ページ見つからず）,高,BU-01003022,箱,343,1,,商品ページが見つからない（商品名から特定不可）,タグ・JAN・型番・ブランド名を撮影、全体写真、数量,,,,,,,,,未発見
PKGI-02661470,PKGI-02661470,【２次予約・送料無料】『ビバリウム Adoと私』 特装版　箔押しクリアしおり3種セット ※数量限定・お1人様1点まで 【Release Date: 2026/04/16】,1,store_kadokawa_co_jp,BU-01003162,PKG-01086326,YES,YES,YES,8月,A,版・サイズ・色の確定,中,BU-01003162,箱,344,1,,版・SKU・サイズ・色が元データから確定できない,版・種類・サイズ・色、数量・セット内容、状態・未開封、画像と現物の一致、箱・袋の所在,https://store.kadokawa.co.jp/shop/g/g302510003170/,master_v336_confirmed_url,,,,,,,特定済み
PKGI-02661480,PKGI-02661480,【２次予約・送料無料】『ビバリウム Adoと私』 特装版　箔押しクリアしおり3種セット ※数量限定・お1人様1点まで 【Release Date: 2026/04/16】,1,store_kadokawa_co_jp,BU-01003169,PKG-01086332,YES,YES,YES,8月,A,版・サイズ・色の確定,中,BU-01003169,箱,345,1,,版・SKU・サイズ・色が元データから確定できない,版・種類・サイズ・色、数量・セット内容、状態・未開封、画像と現物の一致、箱・袋の所在,,,,,,,,,特定済み
PKGI-02661491,PKGI-02661491,【２次予約・送料無料】『ビバリウム Adoと私』 特装版　箔押しクリアしおり3種セット ※数量限定・お1人様1点まで 【Release Date: 2026/04/16】,1,store_kadokawa_co_jp,BU-01003180,PKG-01086346,YES,YES,YES,8月,A,版・サイズ・色の確定,中,BU-01003180,箱,346,1,,版・SKU・サイズ・色が元データから確定できない,版・種類・サイズ・色、数量・セット内容、状態・未開封、画像と現物の一致、箱・袋の所在,,,,,,,,,特定済み
PKGI-02661548,PKGI-02661548,【２次予約・送料無料】『ビバリウム Adoと私』 特装版　箔押しクリアしおり3種セット ※数量限定・お1人様1点まで 【Release Date: 2026/04/16】,1,store_kadokawa_co_jp,BU-01003219,PKG-01086335,YES,YES,YES,8月,A,版・サイズ・色の確定,中,BU-01003219,箱,347,1,,版・SKU・サイズ・色が元データから確定できない,版・種類・サイズ・色、数量・セット内容、状態・未開封、画像と現物の一致、箱・袋の所在,,,,,,,,,特定済み
PKGI-02661689,PKGI-02661689,【２次予約・送料無料】『ビバリウム Adoと私』 特装版　箔押しクリアしおり3種セット ※数量限定・お1人様1点まで 【Release Date: 2026/04/16】,1,store_kadokawa_co_jp,BU-01003356,PKG-01086505,YES,YES,YES,8月,A,版・サイズ・色の確定,中,BU-01003356,箱,348,1,,版・SKU・サイズ・色が元データから確定できない,版・種類・サイズ・色、数量・セット内容、状態・未開封、画像と現物の一致、箱・袋の所在,,,,,,,,,特定済み
PKGI-02661697,PKGI-02661697,【２次予約・送料無料】『ビバリウム Adoと私』 特装版　箔押しクリアしおり3種セット ※数量限定・お1人様1点まで 【Release Date: 2026/04/16】,1,store_kadokawa_co_jp,BU-01003363,PKG-01086633,YES,YES,YES,8月,A,版・サイズ・色の確定,中,BU-01003363,箱,349,1,,版・SKU・サイズ・色が元データから確定できない,版・種類・サイズ・色、数量・セット内容、状態・未開封、画像と現物の一致、箱・袋の所在,,,,,,,,,特定済み
PKGI-02661752,PKGI-02661752,【２次予約・送料無料】『ビバリウム Adoと私』 特装版　箔押しクリアしおり3種セット ※数量限定・お1人様1点まで 【Release Date: 2026/04/16】,1,store_kadokawa_co_jp,BU-01003407,PKG-01086427,YES,YES,YES,8月,A,版・サイズ・色の確定,中,BU-01003407,箱,350,1,,版・SKU・サイズ・色が元データから確定できない,版・種類・サイズ・色、数量・セット内容、状態・未開封、画像と現物の一致、箱・袋の所在,,,,,,,,,特定済み
PKGI-02661776,PKGI-02661776,【２次予約・送料無料】『ビバリウム Adoと私』 特装版　箔押しクリアしおり3種セット ※数量限定・お1人様1点まで 【Release Date: 2026/04/16】,1,store_kadokawa_co_jp,BU-01003431,PKG-01086484,YES,YES,YES,8月,A,版・サイズ・色の確定,中,BU-01003431,箱,351,1,,版・SKU・サイズ・色が元データから確定できない,版・種類・サイズ・色、数量・セット内容、状態・未開封、画像と現物の一致、箱・袋の所在,,,,,,,,,特定済み
PKGI-02661780,PKGI-02661780,【２次予約・送料無料】『ビバリウム Adoと私』 特装版　箔押しクリアしおり3種セット ※数量限定・お1人様1点まで 【Release Date: 2026/04/16】,1,store_kadokawa_co_jp,BU-01003435,PKG-01086389,YES,YES,YES,8月,A,版・サイズ・色の確定,中,BU-01003435,箱,352,1,,版・SKU・サイズ・色が元データから確定できない,版・種類・サイズ・色、数量・セット内容、状態・未開封、画像と現物の一致、箱・袋の所在,,,,,,,,,特定済み
PKGI-02661818,PKGI-02661818,【２次予約・送料無料】『ビバリウム Adoと私』 特装版　箔押しクリアしおり3種セット ※数量限定・お1人様1点まで 【Release Date: 2026/04/16】,1,store_kadokawa_co_jp,BU-01003459,PKG-01086378,YES,YES,YES,8月,A,版・サイズ・色の確定,中,BU-01003459,箱,353,1,,版・SKU・サイズ・色が元データから確定できない,版・種類・サイズ・色、数量・セット内容、状態・未開封、画像と現物の一致、箱・袋の所在,,,,,,,,,特定済み
PKGI-02661821,PKGI-02661821,【２次予約・送料無料】『ビバリウム Adoと私』 特装版　箔押しクリアしおり3種セット ※数量限定・お1人様1点まで 【Release Date: 2026/04/16】,1,store_kadokawa_co_jp,BU-01003462,PKG-01086381,YES,YES,YES,8月,A,版・サイズ・色の確定,中,BU-01003462,箱,354,1,,版・SKU・サイズ・色が元データから確定できない,版・種類・サイズ・色、数量・セット内容、状態・未開封、画像と現物の一致、箱・袋の所在,,,,,,,,,特定済み
PKGI-02661912,PKGI-02661912,【２次予約・送料無料】『ビバリウム Adoと私』 特装版　箔押しクリアしおり3種セット ※数量限定・お1人様1点まで 【Release Date: 2026/04/16】,1,store_kadokawa_co_jp,BU-01003539,PKG-01086568,YES,YES,YES,8月,A,版・サイズ・色の確定,中,BU-01003539,箱,355,1,,版・SKU・サイズ・色が元データから確定できない,版・種類・サイズ・色、数量・セット内容、状態・未開封、画像と現物の一致、箱・袋の所在,,,,,,,,,特定済み
PKGI-02661909,PKGI-02661909,【２次予約・送料無料】『ビバリウム Adoと私』 特装版　箔押しクリアしおり3種セット ※数量限定・お1人様1点まで 【Release Date: 2026/04/16】,1,store_kadokawa_co_jp,BU-01003541,PKG-01086523,YES,YES,YES,8月,A,版・サイズ・色の確定,中,BU-01003541,箱,356,1,,版・SKU・サイズ・色が元データから確定できない,版・種類・サイズ・色、数量・セット内容、状態・未開封、画像と現物の一致、箱・袋の所在,,,,,,,,,特定済み
PKGI-02565631,PKGI-02565631,ビバリウム Adoと私,1,store_kadokawa_co_jp,BU-01003541,PKG-01086523,YES,YES,,8月,A,版・サイズ・色の確定,中,BU-01003541,箱,357,1,,版・SKU・サイズ・色が元データから確定できない,版・種類・サイズ・色,https://store.kadokawa.co.jp/shop/g/g322306001363/,master_v336_confirmed_url,,,,,,,特定済み
PKGI-02661947,PKGI-02661947,【２次予約・送料無料】『ビバリウム Adoと私』 特装版　箔押しクリアしおり3種セット ※数量限定・お1人様1点まで 【Release Date: 2026/04/16】,1,store_kadokawa_co_jp,BU-01003572,PKG-01086664,YES,YES,YES,8月,A,版・サイズ・色の確定,中,BU-01003572,箱,358,1,,版・SKU・サイズ・色が元データから確定できない,版・種類・サイズ・色、数量・セット内容、状態・未開封、画像と現物の一致、箱・袋の所在,,,,,,,,,特定済み
PKGI-02661958,PKGI-02661958,Designed by Regis Altare.『RegisAltare ZipHoodie』,1,popcornmuseum_net,BU-01003581,PKG-01086749,,,,8月,H,商品特定（ページ見つからず）,高,BU-01003581,箱,359,1,,商品ページが見つからない（商品名から特定不可）,タグ・JAN・型番・ブランド名を撮影、全体写真、数量,,,,,,,,,未発見
PKGI-02661959,PKGI-02661959,VTuberのSayu様がデザイン『Sayu Parka』,1,popcornmuseum_net,BU-01003581,PKG-01086749,YES,YES,,8月,B,数量・版＋撮影（写真なし）,中,BU-01003581,箱,360,1,,現物未確認（数量・版の確認）／写真なし（撮影が必要）,確認数量（元リストの商品単位） / 欠品・付属品の実際の内容 / 現物のタグ・色・サイズを確認。素材は未取得,https://popcornmuseum.net/shopdetail/000000000421/,master_v336_confirmed_url,,,,,,,特定済み
PKGI-02661992,PKGI-02661992,【２次予約・送料無料】『ビバリウム Adoと私』 特装版　箔押しクリアしおり3種セット ※数量限定・お1人様1点まで 【Release Date: 2026/04/16】,1,store_kadokawa_co_jp,BU-01003609,PKG-01086577,YES,YES,YES,8月,A,版・サイズ・色の確定,中,BU-01003609,箱,361,1,,版・SKU・サイズ・色が元データから確定できない,版・種類・サイズ・色、数量・セット内容、状態・未開封、画像と現物の一致、箱・袋の所在,,,,,,,,,特定済み
PKGI-02662056,PKGI-02662056,Designed by Regis Altare.『RegisAltare ZipHoodie』,1,popcornmuseum_net,BU-01003650,PKG-01086768,,,,8月,H,商品特定（ページ見つからず）,高,BU-01003650,箱,362,1,,商品ページが見つからない（商品名から特定不可）,タグ・JAN・型番・ブランド名を撮影、全体写真、数量,,,,,,,,,未発見
PKGI-02662138,PKGI-02662138,イヨシコーラ缶 (250ml) 6本セット【送料無料】【ギフト・熨斗対応可】,1,shop_iyoshicola_com,BU-01003687,PKG-01079112,,,YES,8月,E,賞味期限・保管状態,高,BU-01003687,箱,363,1,,期限・保管状態の確認が必要,賞味期限・保管状態、状態・未開封,https://shop.iyoshicola.com/products/can-250-6set,master_v336_confirmed_url,,,,現物6本・期限・保管状態,,,特定済み
PKGI-02662250,PKGI-02662250,【3月下旬～4月中旬入荷予定】無線マウス トヨタ AE86 『頭文字D』藤原とうふ店(自家用)仕様 Bluetooth対応 スプリンタートレノ イニD Toyota,1,camshop_jp,BU-01003737,PKG-01079050,YES,YES,,8月,A,版・サイズ・色の確定,中,BU-01003737,箱,364,1,,版・SKU・サイズ・色が元データから確定できない,版・種類・サイズ・色,,,,,,,,,特定済み
PKGI-02662335,PKGI-02662335,【再入荷】Rigid Double Knee Pants / Vステッチリジットデニムパンツ,1,halic-store_com,BU-01003769,PKG-01086798,YES,YES,,8月,A,版・サイズ・色の確定,中,BU-01003769,箱,365,1,,版・SKU・サイズ・色が元データから確定できない,版・種類・サイズ・色,https://halic-store.com/collections/vision-street-wear-%E3%83%9C%E3%83%88%E3%83%A0%E3%82%B9/products/6305048,master_v336_confirmed_url,,,,,,,特定済み
PKGI-02662381,PKGI-02662381,kson × ふもコレ ゲームパッド 豪華版（BEITONG）,1,fumo-collection_com,BU-01003783,PKG-01087000,,,,8月,G,商品特定（候補あり）,高,BU-01003783,箱,366,1,,商品を特定できていない（候補が複数）,タグ・JAN・型番・ブランド名を撮影、全体写真、数量,https://fumo-collection.com/products/fumocollection-gamepad-kson-dx,"web_search(supplier,score=1.00)",https://fumo-collection.com/products/fumocollection-gamepad-kson-dx,kson × ふもコレ ゲームパッド 豪華版（BEITONG）,1.00,,,,候補あり
PKGI-02662454,PKGI-02662454,ニットキャップ  “Parappa” x “newhattan”(Plain),1,shop_rodneyfun_com,BU-01003814,PKG-01079162,YES,YES,,8月,B,数量・版＋撮影（写真なし）,中,BU-01003814,箱,367,1,,現物未確認（数量・版の確認）／写真なし（撮影が必要）,確認数量（元リストの商品単位） / 欠品・付属品の実際の内容 / 色・サイズ・種類の現物と根拠照合 / オレンジ/ピンク/ゴールド/カーキの現物色とタグを確認,https://shop.rodneyfun.com/shopdetail/000000000828/,master_v336_confirmed_url,,,,,,,特定済み
PKGI-02663377,PKGI-02663377,【洗える／UVケア／SETUP可能】サッカー素材テーラードジャケット,1,store_world_co_jp,BU-01004214,PKG-01079541,YES,YES,,8月,B,数量・版＋撮影（写真なし）,中,BU-01004214,箱,370,1,,現物未確認（数量・版の確認）／写真なし（撮影が必要）,確認数量（元リストの商品単位） / 欠品・付属品の実際の内容 / 色・サイズ・種類の現物と根拠照合,https://store.world.co.jp/brand/indivi/item/BR12726S0154,master_v336_confirmed_url,,,,,,,特定済み
PKGI-02663527,PKGI-02663527,DECHINE SHIRT JACKET,1,ladmusician_com,BU-01004245,PKG-01086842,,,,8月,G,商品特定（候補あり）,高,BU-01004245,箱,371,1,,商品を特定できていない（候補が複数）,タグ・JAN・型番・ブランド名を撮影、全体写真、数量,,,,,,,,,候補あり
PKGI-02663542,PKGI-02663542,モールミュータントデラックス フロッキーコレクション,1,kenelestore_jp,BU-01004256,PKG-01086841,YES,YES,,8月,A,版・サイズ・色の確定,中,BU-01004256,箱,372,1,,版・SKU・サイズ・色が元データから確定できない,版・種類・サイズ・色,https://kenelestore.jp/products/gc0699c,master_v336_confirmed_url,,,,,,,特定済み
PKGI-02664002,PKGI-02664002,PLAVE 4th Mini Album 'Caligo Pt.2' ID PASS Ver. (5形態セット) (発売日: 2026年04月14日) + '（特典あり)',1,tower_jp,BU-01004401,PKG-01061228,,,,8月,D,数量・セット内容,中,BU-01004401,箱,373,1,,数量・セット内容の確認が必要,数量・セット内容、bonus_or_purchase_benefit_presence,https://tower.jp/item/8000255,master_v336_confirmed_url,,,,元帳数量保持・現物,,,特定済み
PKGI-02664060,PKGI-02664060,タワレコ ステッカーセット Yellow (発売日: 2020年01月23日),1,tower_jp,BU-01004412,PKG-01061201,,,YES,8月,D,数量・セット内容,中,BU-01004412,箱,374,1,,数量・セット内容の確認が必要,数量・セット内容、状態・未開封,https://tower.jp/item/5010170,master_v336_confirmed_url,,,,元帳数量保持・現物,,,特定済み
PKGI-02664123,PKGI-02664123,PLAVE 4th Mini Album 'Caligo Pt.2' ID PASS Ver. (5形態セット) (???: 2026? 04? 14?) + '（特典あり)',1,tower_jp,BU-01004434,PKG-01061217,,,,8月,H,商品特定（ページ見つからず）,高,BU-01004434,箱,375,1,,商品ページが見つからない（商品名から特定不可）,タグ・JAN・型番・ブランド名を撮影、全体写真、数量,,,,,,,,,未発見
PKGI-02664148,PKGI-02664148,〈残りわずか〉PUBLICDENIM INDRELAX,1,public-tokyo_com,BU-01004445,PKG-01079451,,,,8月,B,数量・版＋撮影（写真なし）,中,BU-01004445,箱,376,1,,現物未確認（数量・版の確認）／写真なし（撮影が必要）,元帳数量保持・現物未確認,https://public-tokyo.com/shop/g/g165240010732/,master_v336_confirmed_url,,,,元帳数量保持・現物,,,特定済み
PKGI-02664444,PKGI-02664444,スタンドカラー リバーシブル ボア ブルゾン【限定展開】,1,freaksstore_com,BU-01004531,PKG-01063240,YES,,,8月,B,数量・版＋撮影（写真なし）,中,BU-01004531,箱,379,1,,現物未確認（数量・版の確認）／写真なし（撮影が必要）,確認数量（元リストの商品単位） / 欠品・付属品の実際の内容 / 色・種類の現物と根拠照合,https://www.daytona-park.com/item/1353248900428,master_v336_confirmed_url,,,,,,,特定済み
PKGI-02664445,PKGI-02664445,ボートネック バスク ボーダー 半袖 Tシャツ【限定展開】,1,freaksstore_com,BU-01004531,PKG-01063240,YES,YES,,8月,B,数量・版＋撮影（写真なし）,中,BU-01004531,箱,380,1,,現物未確認（数量・版の確認）／写真なし（撮影が必要）,確認数量（元リストの商品単位） / 欠品・付属品の実際の内容 / 色・サイズ・種類の現物と根拠照合,https://www.daytona-park.com/item/1323248901720,master_v336_confirmed_url,,,,,,,特定済み
PKGI-02664446,PKGI-02664446,アーミーリブ コンビピグメント フレンチスリーブTシャツ,1,freaksstore_com,BU-01004531,PKG-01063240,YES,YES,,8月,B,数量・版＋撮影（写真なし）,中,BU-01004531,箱,381,1,,現物未確認（数量・版の確認）／写真なし（撮影が必要）,確認数量（元リストの商品単位） / 欠品・付属品の実際の内容 / 色・サイズ・種類の現物と根拠照合,https://www.daytona-park.com/item/1121248901526,master_v336_confirmed_url,,,,,,,特定済み
PKGI-02664447,PKGI-02664447,ナルミヤキャラクターズ ラグランTシャツ,1,freaksstore_com,BU-01004531,PKG-01063240,YES,YES,,8月,B,数量・版＋撮影（写真なし）,中,BU-01004531,箱,382,1,,現物未確認（数量・版の確認）／写真なし（撮影が必要）,確認数量（元リストの商品単位） / 欠品・付属品の実際の内容 / 色・サイズ・種類の現物と根拠照合 / 色・柄の現物照合,https://wear.jp/item/86785742/,master_v336_confirmed_url,,,,,,,特定済み
PKGI-02664448,PKGI-02664448,ボートネック バスク 半袖 Tシャツ【限定展開】,1,freaksstore_com,BU-01004531,PKG-01063240,YES,YES,,8月,B,数量・版＋撮影（写真なし）,中,BU-01004531,箱,383,1,,現物未確認（数量・版の確認）／写真なし（撮影が必要）,確認数量（元リストの商品単位） / 欠品・付属品の実際の内容 / 色・サイズ・種類の現物と根拠照合,https://www.daytona-park.com/item/1323248901719,master_v336_confirmed_url,,,,,,,特定済み
PKGI-02664449,PKGI-02664449,ボートネック バスク 半袖 Tシャツ【限定展開】,1,freaksstore_com,BU-01004531,PKG-01063240,YES,YES,,8月,B,数量・版＋撮影（写真なし）,中,BU-01004531,箱,384,1,,現物未確認（数量・版の確認）／写真なし（撮影が必要）,確認数量（元リストの商品単位） / 欠品・付属品の実際の内容 / 色・サイズ・種類の現物と根拠照合,,,,,,,,,特定済み
PKGI-02664599,PKGI-02664599,POLO RALPH LAUREN AMERICANA QUARTER-CREW SOCK 3-PACK (824556PK:ASSORTED),1,growaround_co_jp,BU-01004582,PKG-01079202,,,,8月,H,商品特定（ページ見つからず）,高,BU-01004582,箱,385,1,,商品ページが見つからない（商品名から特定不可）,タグ・JAN・型番・ブランド名を撮影、全体写真、数量,,,,,,,,,未発見
PKGI-02665229,PKGI-02665229,BABYBEARD Official LOGO (white)(Crew Neck Sweatshirt),1,suzuri_jp,BU-01004802,PKG-01109530,,,,8月,G,商品特定（候補あり）,高,BU-01004802,箱,388,1,,商品を特定できていない（候補が複数）,タグ・JAN・型番・ブランド名を撮影、全体写真、数量,,,,,,,,,候補あり
PKGI-02665228,PKGI-02665228,BABYBEARD Official LOGO(color)(Regular Fit T-Shirt),1,suzuri_jp,BU-01004802,PKG-01109530,,,,8月,G,商品特定（候補あり）,高,BU-01004802,箱,389,1,,商品を特定できていない（候補が複数）,タグ・JAN・型番・ブランド名を撮影、全体写真、数量,,,,,,,,,候補あり
PKGI-02665442,PKGI-02665442,Free! シリーズ ラウンジウェア,1,mayla_jp,BU-01004887,PKG-01093670,YES,YES,,8月,A,版・サイズ・色の確定,中,BU-01004887,箱,390,1,,版・SKU・サイズ・色が元データから確定できない,版・種類・サイズ・色,https://mayla.jp/SHOP/sha2451.html,master_v336_confirmed_url,,,,,,,特定済み
PKGI-02665630,PKGI-02665630,2026カレンダー(Desk Calendar),1,suzuri_jp,BU-01004953,PKG-01093566,,,,8月,G,商品特定（候補あり）,高,BU-01004953,箱,391,1,,商品を特定できていない（候補が複数）,タグ・JAN・型番・ブランド名を撮影、全体写真、数量,,,,,,,,,候補あり
PKGI-02666338,PKGI-02666338,バルーンスリーブブラウス 【予約】,1,mix_tokyo,BU-01005219,PKG-01079697,,,,8月,G,商品特定（候補あり）,高,BU-01005219,箱,393,1,,商品を特定できていない（候補が複数）,タグ・JAN・型番・ブランド名を撮影、全体写真、数量,,,,,,,,,候補あり
PKGI-02666141,PKGI-02666141,楊柳フレアスリーブブラウス,1,mix_tokyo,BU-01005219,PKG-01079697,YES,YES,,8月,A,版・サイズ・色の確定,中,BU-01005219,箱,394,1,,版・SKU・サイズ・色が元データから確定できない,版・種類・サイズ・色,https://mix.tokyo/products/0176110443,master_v336_confirmed_url,,,,,,,特定済み
PKGI-02666586,PKGI-02666586,EXTRALARGE BEANIE,1,calif_cc,BU-01005291,PKG-01093742,YES,,,8月,B,数量・版＋撮影（写真なし）,中,BU-01005291,箱,395,1,,現物未確認（数量・版の確認）／写真なし（撮影が必要）,確認数量（元リストの商品単位） / 欠品・付属品の実際の内容 / 色・年版・現物タグを確認。同一SKUとして数量を合算しない,https://mitsui-shopping-park.com/ec/p/1610000005708,master_v336_confirmed_url,,,,,,,特定済み
PKGI-02666587,PKGI-02666587,EXTRALARGE BEANIE,1,calif_cc,BU-01005291,PKG-01093742,YES,,,8月,B,数量・版＋撮影（写真なし）,中,BU-01005291,箱,396,1,,現物未確認（数量・版の確認）／写真なし（撮影が必要）,確認数量（元リストの商品単位） / 欠品・付属品の実際の内容 / 色・年版・現物タグを確認。同一SKUとして数量を合算しない,,,,,,,,,特定済み
PKGI-02666588,PKGI-02666588,EXTRALARGE BEANIE,1,calif_cc,BU-01005291,PKG-01093742,YES,,,8月,B,数量・版＋撮影（写真なし）,中,BU-01005291,箱,397,1,,現物未確認（数量・版の確認）／写真なし（撮影が必要）,確認数量（元リストの商品単位） / 欠品・付属品の実際の内容 / 色・年版・現物タグを確認。同一SKUとして数量を合算しない,,,,,,,,,特定済み
PKGI-02666589,PKGI-02666589,FOSSIL BEANIE,1,calif_cc,BU-01005291,PKG-01093742,YES,,YES,8月,B,数量・版＋撮影（写真なし）,中,BU-01005291,箱,398,1,,現物未確認（数量・版の確認）／写真なし（撮影が必要）,確認数量（元リストの商品単位） / 欠品・付属品の実際の内容 / 現物の色・品番・状態を確認,https://brandavenue.rakuten.co.jp/item/RP4554/,master_v336_confirmed_url,,,,,,,特定済み
PKGI-02666590,PKGI-02666590,FOSSIL BEANIE,1,calif_cc,BU-01005291,PKG-01093742,YES,,YES,8月,B,数量・版＋撮影（写真なし）,中,BU-01005291,箱,399,1,,現物未確認（数量・版の確認）／写真なし（撮影が必要）,確認数量（元リストの商品単位） / 欠品・付属品の実際の内容 / 現物の色・品番・状態を確認,,,,,,,,,特定済み
PKGI-02666591,PKGI-02666591,FOSSIL BEANIE,1,calif_cc,BU-01005291,PKG-01093742,YES,,YES,8月,B,数量・版＋撮影（写真なし）,中,BU-01005291,箱,400,1,,現物未確認（数量・版の確認）／写真なし（撮影が必要）,確認数量（元リストの商品単位） / 欠品・付属品の実際の内容 / 現物の色・品番・状態を確認,,,,,,,,,特定済み
PKGI-02666592,PKGI-02666592,GEOMETRIC BEANIE,1,calif_cc,BU-01005291,PKG-01093742,YES,,,8月,B,数量・版＋撮影（写真なし）,中,BU-01005291,箱,401,1,,現物未確認（数量・版の確認）／写真なし（撮影が必要）,確認数量（元リストの商品単位） / 欠品・付属品の実際の内容 / ブラック/ブルーの現物色・品番を確認,https://mitsui-shopping-park.com/ec/p/1610000005495?mallColor=0701,master_v336_confirmed_url,,,,,,,特定済み
PKGI-02666875,PKGI-02666875,2P SKULL WAPPEN  JERSEY STAND TRACK JACKET / スカルモチーフ ワッペン刺繍 ジャージ スタンドネック トラックジャケット,1,n-nine-store_com,BU-01005394,PKG-01093770,YES,YES,,8月,A,版・サイズ・色の確定,中,BU-01005394,箱,402,1,,版・SKU・サイズ・色が元データから確定できない,版・種類・サイズ・色,https://wear.jp/item/99572479/,master_v336_confirmed_url,,,,,,,特定済み
PKGI-02667392,PKGI-02667392,PULSE ［CD+DVD］＜初回限定盤/FOREVER YOUNG ver.＞ (???: 2026? 04? 22?),1,tower_jp,BU-01005579,PKG-01061480,YES,YES,,8月,C,数量・版,中,BU-01005579,箱,403,1,,現物未確認（数量・版の確認）,説明文の未確認項目（サイズ・色・種類・構成など）,https://tower.jp/item/item/7959854,master_v336_confirmed_url,,,,,,,特定済み
PKGI-02667574,PKGI-02667574,AOD4 CROPPED ZIP-UP HOODIE,1,store_plusmember_jp,BU-01005651,PKG-01080051,,,,8月,G,商品特定（候補あり）,高,BU-01005651,箱,404,1,,商品を特定できていない（候補が複数）,タグ・JAN・型番・ブランド名を撮影、全体写真、数量,https://store.plusmember.jp/chanmina/products/detail.php?product_id=107396,"web_search(supplier,score=1.00)",https://store.plusmember.jp/chanmina/products/detail.php?product_id=107396,AOD4 CROPPED ZIP-UP HOODIE,1.00,,,,候補あり
PKGI-02667575,PKGI-02667575,AOD4 BAG CHARM,1,store_plusmember_jp,BU-01005651,PKG-01080051,,,,8月,H,商品特定（ページ見つからず）,高,BU-01005651,箱,405,1,,商品ページが見つからない（商品名から特定不可）,タグ・JAN・型番・ブランド名を撮影、全体写真、数量,,,,,,,,,未発見
PKGI-02667796,PKGI-02667796,#ERROR!,1,koncent_jp,BU-01005732,PKG-01080085,,,,8月,H,商品特定（ページ見つからず）,高,BU-01005732,箱,406,1,,商品ページが見つからない（商品名から特定不可）,タグ・JAN・型番・ブランド名を撮影、全体写真、数量,,,,,,,,,未発見
PKGI-02668291,PKGI-02668291,4th Mini Album 'Caligo Pt.2' (ID PASS Ver.)(ランダムカバーバージョン),1,hmv_co_jp,BU-01005921,PKG-01093826,,,,8月,B,数量・版＋撮影（写真なし）,中,BU-01005921,箱,408,1,,現物未確認（数量・版の確認）／写真なし（撮影が必要）,確認数量（元リストの商品単位） / 欠品・付属品の実際の内容 / 封入種類・現物との根拠照合,,,,,,,,,特定済み
PKGI-02668452,PKGI-02668452,【Empty old City】Concept EP「From Noir into Clair」／EoC 5th Anniversary OFFICIAL GOODS,1,findmestore_thinkr_jp,BU-01005974,PKG-01109887,,,,8月,D,数量・セット内容,中,BU-01005974,箱,410,1,,数量・セット内容の確認が必要,数量・セット内容,https://findmestore.thinkr.jp/collections/empty-old-city/products/ktr-000-0212,master_v336_confirmed_url,,,,,,,特定済み
PKGI-02668453,PKGI-02668453,【Empty old City】ステッカーセット／EoC 5th Anniversary OFFICIAL GOODS,1,findmestore_thinkr_jp,BU-01005974,PKG-01109887,,,,8月,D,数量・セット内容,中,BU-01005974,箱,411,1,,数量・セット内容の確認が必要,数量・セット内容,https://findmestore.thinkr.jp/products/eoc-300-0041,master_v336_confirmed_url,,,,,,,特定済み
PKGI-02668619,PKGI-02668619,Dr.STONE_にゅ?とろ 第二弾 アクリルジオラマ H キリサメ【予約】,1,colleize_com,BU-01006041,PKG-01061256,YES,YES,YES,8月,A,版・サイズ・色の確定,中,BU-01006041,箱,412,1,,版・SKU・サイズ・色が元データから確定できない,版・種類・サイズ・色、数量・セット内容、状態・未開封、画像と現物の一致,https://store.menegi.jp/products/drstone_nt2_ad,master_v336_confirmed_url,,,,,,,特定済み
PKGI-02668617,PKGI-02668617,Dr.STONE_にゅ?とろ 第二弾 オーロラアクリルキーホルダー H キリサメ【予約】,1,colleize_com,BU-01006041,PKG-01061256,YES,YES,YES,8月,A,版・サイズ・色の確定,中,BU-01006041,箱,413,1,,版・SKU・サイズ・色が元データから確定できない,版・種類・サイズ・色、数量・セット内容、状態・未開封、画像と現物の一致,https://store.menegi.jp/products/drstone_nt2_ak,master_v336_confirmed_url,,,,,,,特定済み
PKGI-02668618,PKGI-02668618,Dr.STONE_にゅ?とろ 第二弾 ホログラムステッカーシート H キリサメ【予約】,1,colleize_com,BU-01006041,PKG-01061256,YES,YES,YES,8月,A,版・サイズ・色の確定,中,BU-01006041,箱,414,1,,版・SKU・サイズ・色が元データから確定できない,版・種類・サイズ・色、数量・セット内容、状態・未開封、画像と現物の一致,https://store.menegi.jp/products/drstone_nt2_hs,master_v336_confirmed_url,,,,,,,特定済み
PKGI-02668616,PKGI-02668616,Dr.STONE_にゅ?とろ IDフォト風ミニミニスタンド H キリサメ【予約】,1,colleize_com,BU-01006041,PKG-01061256,,,,8月,G,商品特定（候補あり）,高,BU-01006041,箱,415,1,,商品を特定できていない（候補が複数）,タグ・JAN・型番・ブランド名を撮影、全体写真、数量,,,,,,,,,候補あり
PKGI-02668620,PKGI-02668620,Dr.STONE_にゅ?とろ 第二弾 トレーディン蓄光缶バッジ 単品【予約】,1,colleize_com,BU-01006041,PKG-01061256,,,,8月,H,商品特定（ページ見つからず）,高,BU-01006041,箱,416,1,,商品ページが見つからない（商品名から特定不可）,タグ・JAN・型番・ブランド名を撮影、全体写真、数量,,,,,,,,,未発見
PKGI-02668613,PKGI-02668613,We on Fire(メンバー盤) (ランダムバージョン) + '（特典あり）(発売日: 2026年04月21日)',3,tower_jp,BU-01006042,PKG-01061694,YES,YES,YES,8月,A,版・サイズ・色の確定,中,BU-01006042,箱,417,3,,版・SKU・サイズ・色が元データから確定できない,版・種類・サイズ・色、数量・セット内容、bonus_or_purchase_benefit_presence、状態・未開封,https://tower.jp/item/7973918,master_v336_confirmed_url,,,,元帳数量保持・現物,,,特定済み
PKGI-02668806,PKGI-02668806,海苔ふりかけ　贅沢あられたっぷり　１００g,6,about_maruni-nori_com,BU-01006114,PKG-01079687,,,,8月,J,在庫統合（同一商品が販売中）,高,BU-01006114,箱,421,6,,同一商品が別PDで販売中,現物の有無と点数,,,,,,,,,特定済み
PKGI-02668842,PKGI-02668842,P30th 主人公アクリルスタンド（P4） 【Release Date: 2026/04/22】,1,store_kadokawa_co_jp,BU-01006131,PKG-01080294,YES,YES,,8月,A,版・サイズ・色の確定,中,BU-01006131,箱,422,1,,版・SKU・サイズ・色が元データから確定できない,版・種類・サイズ・色,https://store.kadokawa.co.jp/shop/g/g4984995908960/,master_v336_confirmed_url,,,,,,,特定済み
PKGI-02668843,PKGI-02668843,P30th 主人公アクリルスタンド（P3） 【Release Date: 2026/04/22】,1,store_kadokawa_co_jp,BU-01006131,PKG-01080294,YES,YES,YES,8月,A,版・サイズ・色の確定,中,BU-01006131,箱,423,1,,版・SKU・サイズ・色が元データから確定できない,版・種類・サイズ・色、bonus_or_purchase_benefit_presence、状態・未開封,https://store.kadokawa.co.jp/shop/g/g4984995908946/,master_v336_confirmed_url,,,,,,,特定済み
PKGI-02668847,PKGI-02668847,P30th 主人公アクリルスタンド（P1） 【Release Date: 2026/04/22】,1,store_kadokawa_co_jp,BU-01006133,PKG-01080239,YES,YES,,8月,A,版・サイズ・色の確定,中,BU-01006133,箱,424,1,,版・SKU・サイズ・色が元データから確定できない,版・種類・サイズ・色,https://store.kadokawa.co.jp/shop/g/g4984995908915/,master_v336_confirmed_url,,,,,,,特定済み
PKGI-02668852,PKGI-02668852,Juli's cats Mug(マグカップ),1,suzuri_jp,BU-01006135,PKG-01109891,,,,8月,G,商品特定（候補あり）,高,BU-01006135,箱,425,1,,商品を特定できていない（候補が複数）,タグ・JAN・型番・ブランド名を撮影、全体写真、数量,,,,,,,,,候補あり
PKGI-02663203,PKGI-02663203,Juli's cats(手帳型スマホケース),1,suzuri_jp,BU-01006145,PKG-01109888,,,,8月,G,商品特定（候補あり）,高,BU-01006145,箱,426,1,,商品を特定できていない（候補が複数）,タグ・JAN・型番・ブランド名を撮影、全体写真、数量,,,,,,,,,候補あり
PKGI-02668860,PKGI-02668860,Juli's cats Mug(マグカップ),1,suzuri_jp,BU-01006145,PKG-01109888,,,,8月,G,商品特定（候補あり）,高,BU-01006145,箱,427,1,,商品を特定できていない（候補が複数）,タグ・JAN・型番・ブランド名を撮影、全体写真、数量,,,,,,,,,候補あり
PKGI-02668867,PKGI-02668867,P30th 主人公アクリルスタンド（P2罰） 【Release Date: 2026/04/22】,1,store_kadokawa_co_jp,BU-01006147,PKG-01080243,YES,YES,,8月,A,版・サイズ・色の確定,中,BU-01006147,箱,428,1,,版・SKU・サイズ・色が元データから確定できない,版・種類・サイズ・色,https://store.kadokawa.co.jp/shop/g/g4984995908939/,master_v336_confirmed_url,,,,,,,特定済み
PKGI-02668868,PKGI-02668868,P30th 主人公キーホルダー（P2罰） 【Release Date: 2026/04/22】,1,store_kadokawa_co_jp,BU-01006147,PKG-01080243,YES,YES,,8月,A,版・サイズ・色の確定,中,BU-01006147,箱,429,1,,版・SKU・サイズ・色が元データから確定できない,版・種類・サイズ・色,https://store.kadokawa.co.jp/shop/g/g4984995909011/,master_v336_confirmed_url,,,,,,,特定済み
PKGI-02669035,PKGI-02669035,FIGURE,1,eveofficialstore_com,BU-01006214,PKG-01109967,,,,8月,G,商品特定（候補あり）,高,BU-01006214,箱,430,1,,商品を特定できていない（候補が複数）,タグ・JAN・型番・ブランド名を撮影、全体写真、数量,https://www.eveofficialstore.com/view/item/000000000291,candidate_verified(score=1.00),https://www.eveofficialstore.com/view/item/000000000291,,,,,,候補あり
PKGI-02669444,PKGI-02669444,限定展開 TACOBELL×FREAK'S STORE 別注 ビッグシルエット バックプリント  クルーネック Tシャツ,1,freaksstore_com,BU-01006373,PKG-01061592,,,,8月,G,商品特定（候補あり）,高,BU-01006373,箱,432,1,,商品を特定できていない（候補が複数）,タグ・JAN・型番・ブランド名を撮影、全体写真、数量,,,,,,,,,候補あり
PKGI-02669442,PKGI-02669442,“THIS THING OF OURS” A BOOK BY  LIVING PROOF,1,provtokyo_com,BU-01006374,PKG-01078153,,,,8月,B,数量・版＋撮影（写真なし）,中,BU-01006374,箱,433,1,,現物未確認（数量・版の確認）／写真なし（撮影が必要）,元帳数量保持・現物未確認,https://provtokyo.com/items/69e443a53ffd8efec8f665a2,master_v336_confirmed_url,,,,元帳数量保持・現物,,,特定済み
PKGI-02669468,PKGI-02669468,キングダム ハーツ ／ アイコニック スカート,1,mayla_jp,BU-01006384,PKG-01109968,YES,YES,,8月,A,版・サイズ・色の確定,中,BU-01006384,箱,434,1,,版・SKU・サイズ・色が元データから確定できない,版・種類・サイズ・色,https://mayla.jp/SHOP/bta0028.html,master_v336_confirmed_url,,,,,,,特定済み
PKGI-02669519,PKGI-02669519,P30th 校章ピンバッジセット 【Release Date: 2026/04/22】,1,store_kadokawa_co_jp,BU-01006397,PKG-01077705,YES,YES,,8月,A,版・サイズ・色の確定,中,BU-01006397,箱,435,1,,版・SKU・サイズ・色が元データから確定できない,版・種類・サイズ・色,https://store.kadokawa.co.jp/shop/g/g4984995909431/,master_v336_confirmed_url,,,,,,,特定済み
PKGI-02669520,PKGI-02669520,P30th 主人公アクリルスタンド（P1） 【Release Date: 2026/04/22】,1,store_kadokawa_co_jp,BU-01006397,PKG-01077705,YES,YES,,8月,A,版・サイズ・色の確定,中,BU-01006397,箱,436,1,,版・SKU・サイズ・色が元データから確定できない,版・種類・サイズ・色,,,,,,,,,特定済み
PKGI-02669521,PKGI-02669521,P30th 主人公アクリルスタンド（P2罪） 【Release Date: 2026/04/22】,1,store_kadokawa_co_jp,BU-01006397,PKG-01077705,YES,YES,,8月,A,版・サイズ・色の確定,中,BU-01006397,箱,437,1,,版・SKU・サイズ・色が元データから確定できない,版・種類・サイズ・色,https://store.kadokawa.co.jp/shop/g/g4984995908922/,master_v336_confirmed_url,,,,,,,特定済み
PKGI-02669522,PKGI-02669522,P30th 主人公アクリルスタンド（P2罰） 【Release Date: 2026/04/22】,1,store_kadokawa_co_jp,BU-01006397,PKG-01077705,YES,YES,,8月,A,版・サイズ・色の確定,中,BU-01006397,箱,438,1,,版・SKU・サイズ・色が元データから確定できない,版・種類・サイズ・色,,,,,,,,,特定済み
PKGI-02669523,PKGI-02669523,P30th 主人公アクリルスタンド（P3） 【Release Date: 2026/04/22】,1,store_kadokawa_co_jp,BU-01006397,PKG-01077705,YES,YES,YES,8月,A,版・サイズ・色の確定,中,BU-01006397,箱,439,1,,版・SKU・サイズ・色が元データから確定できない,版・種類・サイズ・色、bonus_or_purchase_benefit_presence、状態・未開封,,,,,,,,,特定済み
PKGI-02669524,PKGI-02669524,P30th 主人公アクリルスタンド（P3P） 【Release Date: 2026/04/22】,1,store_kadokawa_co_jp,BU-01006397,PKG-01077705,YES,YES,,8月,A,版・サイズ・色の確定,中,BU-01006397,箱,440,1,,版・SKU・サイズ・色が元データから確定できない,版・種類・サイズ・色,https://store.kadokawa.co.jp/shop/g/g4984995908953/,master_v336_confirmed_url,,,,,,,特定済み
PKGI-02669525,PKGI-02669525,P30th 主人公アクリルスタンド（P4） 【Release Date: 2026/04/22】,1,store_kadokawa_co_jp,BU-01006397,PKG-01077705,YES,YES,,8月,A,版・サイズ・色の確定,中,BU-01006397,箱,441,1,,版・SKU・サイズ・色が元データから確定できない,版・種類・サイズ・色,,,,,,,,,特定済み
PKGI-02669526,PKGI-02669526,P30th 主人公アクリルスタンド（P5） 【Release Date: 2026/04/22】,1,store_kadokawa_co_jp,BU-01006397,PKG-01077705,YES,YES,,8月,A,版・サイズ・色の確定,中,BU-01006397,箱,442,1,,版・SKU・サイズ・色が元データから確定できない,版・種類・サイズ・色,https://store.kadokawa.co.jp/shop/g/g4984995908977/,master_v336_confirmed_url,,,,,,,特定済み
PKGI-02669527,PKGI-02669527,P30th 主人公アクリルスタンド（P5X） 【Release Date: 2026/04/22】,1,store_kadokawa_co_jp,BU-01006397,PKG-01077705,YES,YES,,8月,A,版・サイズ・色の確定,中,BU-01006397,箱,443,1,,版・SKU・サイズ・色が元データから確定できない,版・種類・サイズ・色,https://store.kadokawa.co.jp/shop/g/g4984995908984/,master_v336_confirmed_url,,,,,,,特定済み
PKGI-02669532,PKGI-02669532,P30th KV Tシャツ Mサイズ 【Release Date: 2026/04/22】,1,store_kadokawa_co_jp,BU-01006400,PKG-01080291,YES,YES,,8月,A,版・サイズ・色の確定,中,BU-01006400,箱,444,1,,版・SKU・サイズ・色が元データから確定できない,版・種類・サイズ・色,https://store.kadokawa.co.jp/shop/g/g4984995909196/,master_v336_confirmed_url,,,,,,,特定済み
PKGI-02669587,PKGI-02669587,Hinomaru JDM 34 Skateboard,1,lbwk_jp,BU-01006430,PKG-01093861,YES,YES,,8月,C,数量・版,中,BU-01006430,箱,445,1,,現物未確認（数量・版の確認）,説明文の未確認項目（サイズ・色・種類・構成など）,https://lbwk.jp/products/sk18-34,master_v336_confirmed_url,,,,,,,特定済み
PKGI-02669607,PKGI-02669607,P30th 校章ピンバッジセット 【Release Date: 2026/04/22】,1,store_kadokawa_co_jp,BU-01006434,PKG-01080285,YES,YES,,8月,A,版・サイズ・色の確定,中,BU-01006434,箱,447,1,,版・SKU・サイズ・色が元データから確定できない,版・種類・サイズ・色,,,,,,,,,特定済み
PKGI-02669608,PKGI-02669608,P30th 主人公アクリルスタンド（P5） 【Release Date: 2026/04/22】,1,store_kadokawa_co_jp,BU-01006434,PKG-01080285,YES,YES,,8月,A,版・サイズ・色の確定,中,BU-01006434,箱,448,1,,版・SKU・サイズ・色が元データから確定できない,版・種類・サイズ・色,,,,,,,,,特定済み
PKGI-02669744,PKGI-02669744,P30th 主人公アクリルスタンド（P3P） 【Release Date: 2026/04/22】,1,store_kadokawa_co_jp,BU-01006471,PKG-01080342,YES,YES,,8月,A,版・サイズ・色の確定,中,BU-01006471,箱,449,1,,版・SKU・サイズ・色が元データから確定できない,版・種類・サイズ・色,,,,,,,,,特定済み
PKGI-02669919,PKGI-02669919,P30th 主人公アクリルスタンド（P4） 【Release Date: 2026/04/22】,1,store_kadokawa_co_jp,BU-01006529,PKG-01080293,YES,YES,,8月,A,版・サイズ・色の確定,中,BU-01006529,箱,450,1,,版・SKU・サイズ・色が元データから確定できない,版・種類・サイズ・色,,,,,,,,,特定済み
PKGI-02669954,PKGI-02669954,P30th KV T-shirt L size 【Release Date: 2026/04/22】,1,store_kadokawa_co_jp,BU-01006542,PKG-01080298,YES,YES,YES,8月,A,版・サイズ・色の確定,中,BU-01006542,箱,451,1,,版・SKU・サイズ・色が元データから確定できない,版・種類・サイズ・色、bonus_or_purchase_benefit_presence、状態・未開封,https://store.kadokawa.co.jp/shop/g/g4984995909202/,master_v336_confirmed_url,,,,,,,特定済み
PKGI-02669966,PKGI-02669966,P30th モルガナカー ティッシュケース（P5） 【Release Date: 2026/04/22】,1,store_kadokawa_co_jp,BU-01006549,PKG-01080250,YES,YES,,8月,A,版・サイズ・色の確定,中,BU-01006549,箱,452,1,,版・SKU・サイズ・色が元データから確定できない,版・種類・サイズ・色,https://store.kadokawa.co.jp/shop/g/g4984995909448/,master_v336_confirmed_url,,,,,,,特定済み
PKGI-02670062,PKGI-02670062,P30th 主人公アクリルスタンド（P3P） 【Release Date: 2026/04/22】,1,store_kadokawa_co_jp,BU-01006571,PKG-01077885,YES,YES,,8月,A,版・サイズ・色の確定,中,BU-01006571,箱,453,1,,版・SKU・サイズ・色が元データから確定できない,版・種類・サイズ・色,,,,,,,,,特定済み
PKGI-02670063,PKGI-02670063,P30th 主人公アクリルスタンド（P3） 【Release Date: 2026/04/22】,1,store_kadokawa_co_jp,BU-01006571,PKG-01077885,YES,YES,YES,8月,A,版・サイズ・色の確定,中,BU-01006571,箱,454,1,,版・SKU・サイズ・色が元データから確定できない,版・種類・サイズ・色、bonus_or_purchase_benefit_presence、状態・未開封,,,,,,,,,特定済み
PKGI-02670064,PKGI-02670064,P30th 主人公アクリルスタンド（P2罰） 【Release Date: 2026/04/22】,1,store_kadokawa_co_jp,BU-01006571,PKG-01077885,YES,YES,,8月,A,版・サイズ・色の確定,中,BU-01006571,箱,455,1,,版・SKU・サイズ・色が元データから確定できない,版・種類・サイズ・色,,,,,,,,,特定済み
PKGI-02670060,PKGI-02670060,P30th 主人公キーホルダー（P3） 【Release Date: 2026/04/22】,1,store_kadokawa_co_jp,BU-01006571,PKG-01077885,YES,YES,,8月,A,版・サイズ・色の確定,中,BU-01006571,箱,456,1,,版・SKU・サイズ・色が元データから確定できない,版・種類・サイズ・色,https://store.kadokawa.co.jp/shop/g/g4984995909028/,master_v336_confirmed_url,,,,,,,特定済み
PKGI-02670061,PKGI-02670061,P30th KV 缶バッジ（P1） 【Release Date: 2026/04/22】,1,store_kadokawa_co_jp,BU-01006571,PKG-01077885,YES,YES,,8月,A,版・サイズ・色の確定,中,BU-01006571,箱,457,1,,版・SKU・サイズ・色が元データから確定できない,版・種類・サイズ・色,https://store.kadokawa.co.jp/shop/g/g4984995909257/,master_v336_confirmed_url,,,,,,,特定済み
PKGI-02670073,PKGI-02670073,P30th 主人公アクリルスタンド（P3P） 【Release Date: 2026/04/22】,1,store_kadokawa_co_jp,BU-01006580,PKG-01077724,YES,YES,,8月,A,版・サイズ・色の確定,中,BU-01006580,箱,458,1,,版・SKU・サイズ・色が元データから確定できない,版・種類・サイズ・色,,,,,,,,,特定済み
PKGI-02670118,PKGI-02670118,P30th ???? ??? 2way ???(P3) 【Release Date: 2026/04/22】,1,store_kadokawa_co_jp,BU-01006592,PKG-01077700,,,,8月,G,商品特定（候補あり）,高,BU-01006592,箱,459,1,,商品を特定できていない（候補が複数）,タグ・JAN・型番・ブランド名を撮影、全体写真、数量,,,,,,,,,候補あり
PKGI-02670116,PKGI-02670116,P30th ??? ??? ???(P4) 【Release Date: 2026/04/22】,1,store_kadokawa_co_jp,BU-01006592,PKG-01077700,,,,8月,G,商品特定（候補あり）,高,BU-01006592,箱,460,1,,商品を特定できていない（候補が複数）,タグ・JAN・型番・ブランド名を撮影、全体写真、数量,,,,,,,,,候補あり
PKGI-02471411,PKGI-02471411,P4G ?? ? ?? (???),1,store_kadokawa_co_jp,BU-01006592,PKG-01077700,,,,8月,H,商品特定（ページ見つからず）,高,BU-01006592,箱,461,1,,商品ページが見つからない（商品名から特定不可）,タグ・JAN・型番・ブランド名を撮影、全体写真、数量,,,,,,,,,未発見
PKGI-02670119,PKGI-02670119,P30th ??? ??? ?? ???(P4) 【Release Date: 2026/04/22】,1,store_kadokawa_co_jp,BU-01006592,PKG-01077700,,,,8月,G,商品特定（候補あり）,高,BU-01006592,箱,462,1,,商品を特定できていない（候補が複数）,タグ・JAN・型番・ブランド名を撮影、全体写真、数量,,,,,,,,,候補あり
PKGI-02670120,PKGI-02670120,P30th ??? ???(P4) 【Release Date: 2026/04/22】,1,store_kadokawa_co_jp,BU-01006592,PKG-01077700,,,,8月,G,商品特定（候補あり）,高,BU-01006592,箱,463,1,,商品を特定できていない（候補が複数）,タグ・JAN・型番・ブランド名を撮影、全体写真、数量,,,,,,,,,候補あり
PKGI-02670117,PKGI-02670117,P30th KV ? ??(P4) 【Release Date: 2026/04/22】,1,store_kadokawa_co_jp,BU-01006592,PKG-01077700,,,,8月,H,商品特定（ページ見つからず）,高,BU-01006592,箱,464,1,,商品ページが見つからない（商品名から特定不可）,タグ・JAN・型番・ブランド名を撮影、全体写真、数量,,,,,,,,,未発見
PKGI-02670247,PKGI-02670247,テクニック+1 ストッキング,2,shop_claudiopandiani_com,BU-01006631,PKG-01080403,YES,YES,,8月,B,数量・版＋撮影（写真なし）,中,BU-01006631,箱,467,2,,現物未確認（数量・版の確認）／写真なし（撮影が必要）,確認数量（元リストの商品単位） / 欠品・付属品の実際の内容 / 現物のサイズ・色・左右の揃いを確認,https://www.soccermarket.jp/shopdetail/000000001311/,master_v336_confirmed_url,,,,,,,特定済み
PKGI-02670249,PKGI-02670249,【KIDS】パイド 半袖TEE,1,shop_claudiopandiani_com,BU-01006631,PKG-01080403,YES,YES,YES,8月,A,版・サイズ・色の確定,中,BU-01006631,箱,468,1,,版・SKU・サイズ・色が元データから確定できない,版・種類・サイズ・色、数量・セット内容、状態・未開封,https://cpshop.claudiopandiani.com/products/cp26a35k,master_v336_confirmed_url,,,,現物,,,特定済み
PKGI-02670264,PKGI-02670264,P30th 主人公アクリルスタンド（P3P） 【Release Date: 2026/04/22】,1,store_kadokawa_co_jp,BU-01006638,PKG-01077711,YES,YES,,8月,A,版・サイズ・色の確定,中,BU-01006638,箱,470,1,,版・SKU・サイズ・色が元データから確定できない,版・種類・サイズ・色,,,,,,,,,特定済み
PKGI-02670263,PKGI-02670263,P30th KV 缶バッジ（P3P） 【Release Date: 2026/04/22】,1,store_kadokawa_co_jp,BU-01006638,PKG-01077711,YES,YES,,8月,A,版・サイズ・色の確定,中,BU-01006638,箱,471,1,,版・SKU・サイズ・色が元データから確定できない,版・種類・サイズ・色,https://store.kadokawa.co.jp/shop/g/g4984995909295/,master_v336_confirmed_url,,,,,,,特定済み
PKGI-02670393,PKGI-02670393,P30th Main Character Acrylic Stand (P1) 【Release Date: 2026/04/22】,1,store_kadokawa_co_jp,BU-01006679,PKG-01080276,YES,YES,YES,8月,A,版・サイズ・色の確定,中,BU-01006679,箱,472,1,,版・SKU・サイズ・色が元データから確定できない,版・種類・サイズ・色、bonus_or_purchase_benefit_presence、状態・未開封,https://store.kadokawa.co.jp/shop/g/g4984995908915/,master_v336_confirmed_url,,,,,,,特定済み
PKGI-02670394,PKGI-02670394,P30th Main Character Acrylic Stand (P2 Sin) 【Release Date: 2026/04/22】,1,store_kadokawa_co_jp,BU-01006679,PKG-01080276,YES,YES,YES,8月,A,版・サイズ・色の確定,中,BU-01006679,箱,473,1,,版・SKU・サイズ・色が元データから確定できない,版・種類・サイズ・色、bonus_or_purchase_benefit_presence、状態・未開封,https://store.kadokawa.co.jp/shop/g/g4984995908922/,master_v336_confirmed_url,,,,,,,特定済み
PKGI-02670395,PKGI-02670395,P30th Main Character Acrylic Stand (P2 Punishment) 【Release Date: 2026/04/22】,1,store_kadokawa_co_jp,BU-01006679,PKG-01080276,YES,YES,YES,8月,A,版・サイズ・色の確定,中,BU-01006679,箱,474,1,,版・SKU・サイズ・色が元データから確定できない,版・種類・サイズ・色、bonus_or_purchase_benefit_presence、状態・未開封,https://store.kadokawa.co.jp/shop/g/g4984995908939/,master_v336_confirmed_url,,,,,,,特定済み
PKGI-02670396,PKGI-02670396,P30th Main Character Acrylic Stand (P3) 【Release Date: 2026/04/22】,1,store_kadokawa_co_jp,BU-01006679,PKG-01080276,YES,YES,YES,8月,A,版・サイズ・色の確定,中,BU-01006679,箱,475,1,,版・SKU・サイズ・色が元データから確定できない,版・種類・サイズ・色、bonus_or_purchase_benefit_presence、状態・未開封,https://store.kadokawa.co.jp/shop/g/g4984995908946/,master_v336_confirmed_url,,,,,,,特定済み
PKGI-02670397,PKGI-02670397,P30th Main Character Acrylic Stand (P3P) 【Release Date: 2026/04/22】,1,store_kadokawa_co_jp,BU-01006679,PKG-01080276,YES,YES,YES,8月,A,版・サイズ・色の確定,中,BU-01006679,箱,476,1,,版・SKU・サイズ・色が元データから確定できない,版・種類・サイズ・色、bonus_or_purchase_benefit_presence、状態・未開封,https://store.kadokawa.co.jp/shop/g/g4984995908953/,master_v336_confirmed_url,,,,,,,特定済み
PKGI-02670398,PKGI-02670398,P30th Main Character Acrylic Stand (P4) 【Release Date: 2026/04/22】,1,store_kadokawa_co_jp,BU-01006679,PKG-01080276,YES,YES,YES,8月,A,版・サイズ・色の確定,中,BU-01006679,箱,477,1,,版・SKU・サイズ・色が元データから確定できない,版・種類・サイズ・色、bonus_or_purchase_benefit_presence、状態・未開封,https://store.kadokawa.co.jp/shop/g/g4984995908960/,master_v336_confirmed_url,,,,,,,特定済み
PKGI-02670399,PKGI-02670399,P30th Main Character Acrylic Stand (P5) 【Release Date: 2026/04/22】,1,store_kadokawa_co_jp,BU-01006679,PKG-01080276,YES,YES,YES,8月,A,版・サイズ・色の確定,中,BU-01006679,箱,478,1,,版・SKU・サイズ・色が元データから確定できない,版・種類・サイズ・色、bonus_or_purchase_benefit_presence、状態・未開封,https://store.kadokawa.co.jp/shop/g/g4984995908977/,master_v336_confirmed_url,,,,,,,特定済み
PKGI-02670400,PKGI-02670400,P30th Main Character Acrylic Stand (P5X) 【Release Date: 2026/04/22】,1,store_kadokawa_co_jp,BU-01006679,PKG-01080276,YES,YES,YES,8月,A,版・サイズ・色の確定,中,BU-01006679,箱,479,1,,版・SKU・サイズ・色が元データから確定できない,版・種類・サイズ・色、bonus_or_purchase_benefit_presence、状態・未開封,https://store.kadokawa.co.jp/shop/g/g4984995908984/,master_v336_confirmed_url,,,,,,,特定済み
PKGI-02670439,PKGI-02670439,【伝説のバズりワンピ】バストフレアミニワンピース,1,ec-store_net,BU-01006689,PKG-01061522,YES,YES,,8月,B,数量・版＋撮影（写真なし）,中,BU-01006689,箱,480,1,,現物未確認（数量・版の確認）／写真なし（撮影が必要）,確認数量（元リストの商品単位） / 欠品・付属品の実際の内容 / 色・サイズ・種類の現物と根拠照合 / 色・S/M・タグの素材混率を確認。柄WHTと他色の素材を混用しない,https://www.ec-store.net/sws/g/g13975274/,master_v336_confirmed_url,,,,,,,特定済み
PKGI-02670642,PKGI-02670642,P30th パッケージアート 缶バッジ（BOX） 【Release Date: 2026/04/22】,1,store_kadokawa_co_jp,BU-01006747,PKG-01077944,YES,YES,,8月,A,版・サイズ・色の確定,中,BU-01006747,箱,481,1,,版・SKU・サイズ・色が元データから確定できない,版・種類・サイズ・色,https://store.kadokawa.co.jp/shop/g/g4984995909578/,master_v336_confirmed_url,,,,,,,特定済み
PKGI-02670641,PKGI-02670641,P30th 校章ピンバッジセット 【Release Date: 2026/04/22】,1,store_kadokawa_co_jp,BU-01006747,PKG-01077944,YES,YES,,8月,A,版・サイズ・色の確定,中,BU-01006747,箱,482,1,,版・SKU・サイズ・色が元データから確定できない,版・種類・サイズ・色,,,,,,,,,特定済み
PKGI-02670683,PKGI-02670683,P30th KV オリジナルパーカー Lサイズ 【Release Date: 2026/04/22】,1,store_kadokawa_co_jp,BU-01006758,PKG-01077934,YES,YES,,8月,A,版・サイズ・色の確定,中,BU-01006758,箱,484,1,,版・SKU・サイズ・色が元データから確定できない,版・種類・サイズ・色,https://store.kadokawa.co.jp/shop/g/g4984995909165/,master_v336_confirmed_url,,,,,,,特定済み
PKGI-02670733,PKGI-02670733,P30th 校章ピンバッジセット 【Release Date: 2026/04/22】,1,store_kadokawa_co_jp,BU-01006776,PKG-01077924,YES,YES,,8月,A,版・サイズ・色の確定,中,BU-01006776,箱,485,1,,版・SKU・サイズ・色が元データから確定できない,版・種類・サイズ・色,,,,,,,,,特定済み
PKGI-02656664,PKGI-02656664,【予約販売】カモフラージュ コンシーラーチーク,1,store_brilliage_jp,BU-01006792,PKG-01079575,YES,YES,YES,8月,A,版・サイズ・色の確定,中,BU-01006792,箱,486,1,,版・SKU・サイズ・色が元データから確定できない,版・種類・サイズ・色、数量・セット内容、bonus_or_purchase_benefit_presence、状態・未開封,,,,,,,,,特定済み
PKGI-02668787,PKGI-02668787,【予約販売】ワイドフィンガーブラシ -2026年5月中旬より順次発送-,1,store_brilliage_jp,BU-01006792,PKG-01079575,,,YES,8月,D,数量・セット内容,中,BU-01006792,箱,487,1,,数量・セット内容の確認が必要,数量・セット内容、状態・未開封,https://brilliage.jp/products/13399,master_v336_confirmed_url,,,,,,,特定済み
PKGI-02670894,PKGI-02670894,P30th 校章ピンバッジセット 【Release Date: 2026/04/22】,1,store_kadokawa_co_jp,BU-01006835,PKG-01077889,YES,YES,,8月,A,版・サイズ・色の確定,中,BU-01006835,箱,488,1,,版・SKU・サイズ・色が元データから確定できない,版・種類・サイズ・色,,,,,,,,,特定済み
PKGI-02670895,PKGI-02670895,P30th 主人公アクリルスタンド（P3） 【Release Date: 2026/04/22】,1,store_kadokawa_co_jp,BU-01006835,PKG-01077889,YES,YES,YES,8月,A,版・サイズ・色の確定,中,BU-01006835,箱,489,1,,版・SKU・サイズ・色が元データから確定できない,版・種類・サイズ・色、bonus_or_purchase_benefit_presence、状態・未開封,,,,,,,,,特定済み
PKGI-02670896,PKGI-02670896,P30th 主人公アクリルスタンド（P4） 【Release Date: 2026/04/22】,1,store_kadokawa_co_jp,BU-01006835,PKG-01077889,YES,YES,,8月,A,版・サイズ・色の確定,中,BU-01006835,箱,490,1,,版・SKU・サイズ・色が元データから確定できない,版・種類・サイズ・色,,,,,,,,,特定済み
PKGI-02670897,PKGI-02670897,P30th 主人公アクリルスタンド（P5） 【Release Date: 2026/04/22】,1,store_kadokawa_co_jp,BU-01006835,PKG-01077889,YES,YES,,8月,A,版・サイズ・色の確定,中,BU-01006835,箱,491,1,,版・SKU・サイズ・色が元データから確定できない,版・種類・サイズ・色,,,,,,,,,特定済み
PKGI-02670946,PKGI-02670946,【wiggle wiggle(ウィグルウィグル)】コラボ ワイヤレスヘッドホン,1,dot-st_com,BU-01006852,PKG-01061835,,,,8月,B,数量・版＋撮影（写真なし）,中,BU-01006852,箱,492,1,,現物未確認（数量・版の確認）／写真なし（撮影が必要）,元帳数量保持・現物未確認,https://www.dot-st.com/nikoand/disp/item/640289/,master_v336_confirmed_url,,,,元帳数量保持・現物,,,特定済み
PKGI-02671017,PKGI-02671017,P30th KV オリジナルパーカー XLサイズ 【Release Date: 2026/04/22】,1,store_kadokawa_co_jp,BU-01006875,PKG-01080313,YES,YES,,8月,A,版・サイズ・色の確定,中,BU-01006875,箱,493,1,,版・SKU・サイズ・色が元データから確定できない,版・種類・サイズ・色,https://store.kadokawa.co.jp/shop/g/g4984995909172/,master_v336_confirmed_url,,,,,,,特定済み
PKGI-02671016,PKGI-02671016,P30th 校章ピンバッジセット 【Release Date: 2026/04/22】,1,store_kadokawa_co_jp,BU-01006875,PKG-01080313,YES,YES,,8月,A,版・サイズ・色の確定,中,BU-01006875,箱,494,1,,版・SKU・サイズ・色が元データから確定できない,版・種類・サイズ・色,,,,,,,,,特定済み
PKGI-02671161,PKGI-02671161,Synthesizer V 2 AI フリモメン,1,ah-soft_net,BU-01006914,PKG-01077870,YES,YES,YES,8月,A,版・サイズ・色の確定,中,BU-01006914,箱,495,1,,版・SKU・サイズ・色が元データから確定できない,版・種類・サイズ・色、数量・セット内容、状態・未開封,https://www.ah-soft.net/shopdetail/000000001821/,master_v336_confirmed_url,,,,,,,特定済み
PKGI-02671594,PKGI-02671594,STRICT-G×THE KISS『機動戦士ガンダム 鉄血のオルフェンズ』三日月・オーガス　シルバーリング【発送予定：2026年4月下旬】,1,fanfunmarket_jp,BU-01007061,PKG-01080371,,,,8月,H,商品特定（ページ見つからず）,高,BU-01007061,箱,496,1,,商品ページが見つからない（商品名から特定不可）,タグ・JAN・型番・ブランド名を撮影、全体写真、数量,,,,,,,,,未発見
PKGI-02671747,PKGI-02671747,手ぬぐい「マイコ・ロード」,1,eirakuya_jp,BU-01007120,PKG-01078127,,,,8月,G,商品特定（候補あり）,高,BU-01007120,箱,497,1,,商品を特定できていない（候補が複数）,タグ・JAN・型番・ブランド名を撮影、全体写真、数量,https://www.eirakuya.jp/view/item/000000002709?category_page_id=ct136,candidate_verified(score=1.00),https://www.eirakuya.jp/view/item/000000002709?category_page_id=ct136,,,,,,候補あり
PKGI-02671804,PKGI-02671804,CAMBIO經典葉紋提花短? (CAM26SS-011) - 預購將於四月下旬至五月初開放。,1,cambio_co_jp,BU-01007148,PKG-01078042,,,,8月,H,商品特定（ページ見つからず）,高,BU-01007148,箱,501,1,,商品ページが見つからない（商品名から特定不可）,タグ・JAN・型番・ブランド名を撮影、全体写真、数量,,,,,,,,,未発見
PKGI-02671948,PKGI-02671948,P30th 主人公アクリルスタンド（P3P） 【Release Date: 2026/04/22】,1,store_kadokawa_co_jp,BU-01007191,PKG-01077764,YES,YES,,8月,A,版・サイズ・色の確定,中,BU-01007191,箱,502,1,,版・SKU・サイズ・色が元データから確定できない,版・種類・サイズ・色,,,,,,,,,特定済み
PKGI-02671950,PKGI-02671950,P30th 主人公クリアマルチケース（P3P） 【Release Date: 2026/04/22】,1,store_kadokawa_co_jp,BU-01007191,PKG-01077764,YES,YES,,8月,A,版・サイズ・色の確定,中,BU-01007191,箱,503,1,,版・SKU・サイズ・色が元データから確定できない,版・種類・サイズ・色,https://store.kadokawa.co.jp/shop/g/g4984995909110/,master_v336_confirmed_url,,,,,,,特定済み
PKGI-02671949,PKGI-02671949,P30th 主人公キーホルダー（P3P） 【Release Date: 2026/04/22】,1,store_kadokawa_co_jp,BU-01007191,PKG-01077764,YES,YES,,8月,A,版・サイズ・色の確定,中,BU-01007191,箱,504,1,,版・SKU・サイズ・色が元データから確定できない,版・種類・サイズ・色,https://store.kadokawa.co.jp/shop/g/g4984995909035/,master_v336_confirmed_url,,,,,,,特定済み
PKGI-02671947,PKGI-02671947,P30th KV 缶バッジ（P3P） 【Release Date: 2026/04/22】,1,store_kadokawa_co_jp,BU-01007191,PKG-01077764,YES,YES,,8月,A,版・サイズ・色の確定,中,BU-01007191,箱,505,1,,版・SKU・サイズ・色が元データから確定できない,版・種類・サイズ・色,,,,,,,,,特定済み
PKGI-02672044,PKGI-02672044,P30th 主人公アクリルスタンド（P2罪） 【Release Date: 2026/04/22】,1,store_kadokawa_co_jp,BU-01007226,PKG-01077917,YES,YES,,8月,A,版・サイズ・色の確定,中,BU-01007226,箱,507,1,,版・SKU・サイズ・色が元データから確定できない,版・種類・サイズ・色,,,,,,,,,特定済み
PKGI-02672045,PKGI-02672045,P30th 主人公アクリルスタンド（P2罰） 【Release Date: 2026/04/22】,1,store_kadokawa_co_jp,BU-01007226,PKG-01077917,YES,YES,,8月,A,版・サイズ・色の確定,中,BU-01007226,箱,508,1,,版・SKU・サイズ・色が元データから確定できない,版・種類・サイズ・色,,,,,,,,,特定済み
PKGI-02669323,PKGI-02669323,＜数量限定・どうぶつの森デザイン＞【MiteaORGANIC】セラムオイルリップスティック,1,cosmekitchen-webstore_jp,BU-01007311,PKG-01080097,YES,YES,,8月,A,版・サイズ・色の確定,中,BU-01007311,箱,509,1,,版・SKU・サイズ・色が元データから確定できない,版・種類・サイズ・色,,,,,,,,,特定済み
PKGI-02672336,PKGI-02672336,NIKE - COTTON HOODIE TYO NPB GIANTS 読売ジャイアンツ TYO×Swoosh【IO9862-010】,1,homegame-tokyo_com,BU-01007351,PKG-01078317,YES,YES,,8月,A,版・サイズ・色の確定,中,BU-01007351,箱,510,1,,版・SKU・サイズ・色が元データから確定できない,版・種類・サイズ・色,https://homegame-tokyo.com/products/314405250801,master_v336_confirmed_url,,,,,,,特定済み
PKGI-02672673,PKGI-02672673,『hololive English』×「Astromeda」ゲーミングラバーマウスパッド【Myth】,1,shop_mining-base_co_jp,BU-01007485,PKG-01078355,,,,8月,B,数量・版＋撮影（写真なし）,中,BU-01007485,箱,511,1,,現物未確認（数量・版の確認）／写真なし（撮影が必要）,元帳数量保持・現物未確認,https://shop.mining-base.co.jp/products/hololive-english-myth-rubber,master_v336_confirmed_url,,,,元帳数量保持・現物,,,特定済み
PKGI-02672857,PKGI-02672857,【ガンバ大阪】BX-00 スターター コバルトドラグーン9-60F メタルコート：ホワイト JリーグVer,1,store_jleague_jp,BU-01007575,PKG-01078248,YES,YES,,8月,B,数量・版＋撮影（写真なし）,中,BU-01007575,箱,512,1,,現物未確認（数量・版の確認）／写真なし（撮影が必要）,確認数量（元リストの商品単位） / 欠品・付属品の実際の内容 / 色・サイズ・種類の現物と根拠照合,https://beyblade.takaratomy.co.jp/beyblade-x/lineup/bx00-cd_white.html,master_v336_confirmed_url,,,,,,,特定済み
PKGI-02672858,PKGI-02672858,【鹿島アントラーズ】BX-00 スターター コバルトドラグーン9-60F メタルコート：ホワイト JリーグVer,1,store_jleague_jp,BU-01007575,PKG-01078248,YES,YES,,8月,B,数量・版＋撮影（写真なし）,中,BU-01007575,箱,513,1,,現物未確認（数量・版の確認）／写真なし（撮影が必要）,確認数量（元リストの商品単位） / 欠品・付属品の実際の内容 / 色・サイズ・種類の現物と根拠照合,https://beyblade.takaratomy.co.jp/beyblade-x/lineup/bx00-cd_white.html,master_v336_confirmed_url,,,,,,,特定済み
PKGI-02672901,PKGI-02672901,SAKURA Key Chain (5月上旬頃より順次発送) [tonari-no-zingaro],1,zingaro_shop,BU-01007597,PKG-01077981,,,,8月,H,商品特定（ページ見つからず）,高,BU-01007597,箱,514,1,,商品ページが見つからない（商品名から特定不可）,タグ・JAN・型番・ブランド名を撮影、全体写真、数量,,,,,,,,,未発見
PKGI-02672900,PKGI-02672900,Cherry blossom Paper Bag ? Wide (5月上旬頃より順次発送) [tonari-no-zingaro],1,zingaro_shop,BU-01007597,PKG-01077981,,,,8月,H,商品特定（ページ見つからず）,高,BU-01007597,箱,515,1,,商品ページが見つからない（商品名から特定不可）,タグ・JAN・型番・ブランド名を撮影、全体写真、数量,,,,,,,,,未発見
PKGI-02588052,PKGI-02588052,DCE2061105A0004 【Enlude/こなれ感UP◎】スウェットライク配色クルーカーディガン《ユニセックス》,1,palcloset_jp,BU-01007642,PKG-01053146,YES,YES,,8月,A,版・サイズ・色の確定,中,BU-01007642,箱,516,1,,版・SKU・サイズ・色が元データから確定できない,版・種類・サイズ・色,https://www.palcloset.jp/display/item/DCE2061105A0004/,master_v336_confirmed_url,,,,,,,特定済み
PKGI-02635664,PKGI-02635664,DCZ1061304A0037 【WEB限定】シャーリングキャミソール,1,palcloset_jp,BU-01007642,PKG-01053146,YES,YES,,8月,A,版・サイズ・色の確定,中,BU-01007642,箱,517,1,,版・SKU・サイズ・色が元データから確定できない,版・種類・サイズ・色,https://www.palcloset.jp/display/item/DCZ1061304A0037/,master_v336_confirmed_url,,,,,,,特定済み
PKGI-02635663,PKGI-02635663,DCU1061105A0002 【umm./5色展開】アイレットフリルニットカーディガン《WEB限定カラーあり》,1,palcloset_jp,BU-01007642,PKG-01053146,YES,YES,,8月,A,版・サイズ・色の確定,中,BU-01007642,箱,518,1,,版・SKU・サイズ・色が元データから確定できない,版・種類・サイズ・色,https://www.palcloset.jp/display/item/DCU1061105A0002/,master_v336_confirmed_url,,,,,,,特定済み
PKGI-02672986,PKGI-02672986,DCN1061204A0002 【Noka/高見え】ヴィンテージレースキャミチュニック,1,palcloset_jp,BU-01007642,PKG-01053146,,,,8月,B,数量・版＋撮影（写真なし）,中,BU-01007642,箱,519,1,,現物未確認（数量・版の確認）／写真なし（撮影が必要）,元帳数量保持・現物未確認,https://www.palcloset.jp/display/item/DCN1061204A0002/,master_v336_confirmed_url,,,,元帳数量保持・現物,,,特定済み
PKGI-02673010,PKGI-02673010,TE-V1R-HE2 ホロライブ English -Advent- コラボモデル｜4月下旬以降順次発送,1,shop_aviot_jp,BU-01007653,PKG-01110068,,,,8月,J,在庫統合（同一商品が販売中）,高,BU-01007653,箱,520,1,,同一商品が別PDで販売中,現物の有無と点数,,,,,,,,,特定済み
PKGI-02673182,PKGI-02673182,【Jih Nunc(ジーヌンク)】レーヨンリネンボートネックプルオーバーシャツ(JIH-R1158),1,cambio_co_jp,BU-01007729,PKG-01078592,YES,YES,,8月,A,版・サイズ・色の確定,中,BU-01007729,箱,521,1,,版・SKU・サイズ・色が元データから確定できない,版・種類・サイズ・色,https://www.cambio.co.jp/c/brand/jihnunc/ms6379,master_v336_confirmed_url,,,,,,,特定済み
PKGI-02674019,PKGI-02674019,ブシロード ラバーマットコレクション V2 エクストラ Vol.167 ラブライブ！サンシャイン!!『松浦果南』ラブカ感謝祭ver.,1,bushiroad-store_com,BU-01008036,PKG-01094127,YES,YES,YES,8月,A,版・サイズ・色の確定,中,BU-01008036,箱,522,1,,版・SKU・サイズ・色が元データから確定できない,版・種類・サイズ・色、数量・セット内容、状態・未開封、画像と現物の一致,https://bushiroad-store.com/products/2000277715223,master_v336_confirmed_url,,,,,,,特定済み
PKGI-02674020,PKGI-02674020,ラブライブ！シリーズ　オフィシャルカードゲーム　ラブカ感謝祭　B2半裁タペストリー μ's 高坂穂乃果,1,bushiroad-store_com,BU-01008036,PKG-01094127,YES,YES,YES,8月,A,版・サイズ・色の確定,中,BU-01008036,箱,523,1,,版・SKU・サイズ・色が元データから確定できない,版・種類・サイズ・色、数量・セット内容、状態・未開封、画像と現物の一致,https://bushiroad-store.com/products/2000275135863,master_v336_confirmed_url,,,,,,,特定済み
PKGI-02674021,PKGI-02674021,ラブライブ！シリーズ　オフィシャルカードゲーム　ラブカ感謝祭　記念アクリルカードキーホルダー Aqours 松浦果南,1,bushiroad-store_com,BU-01008036,PKG-01094127,,,,8月,G,商品特定（候補あり）,高,BU-01008036,箱,524,1,,商品を特定できていない（候補が複数）,タグ・JAN・型番・ブランド名を撮影、全体写真、数量,,,,,,,,,候補あり
PKGI-02674022,PKGI-02674022,ラブライブ！シリーズ　オフィシャルカードゲーム　ラブカ感謝祭　記念アクリルカードキーホルダー μ's 東條 希,1,bushiroad-store_com,BU-01008036,PKG-01094127,,,,8月,G,商品特定（候補あり）,高,BU-01008036,箱,525,1,,商品を特定できていない（候補が複数）,タグ・JAN・型番・ブランド名を撮影、全体写真、数量,,,,,,,,,候補あり
PKGI-02674023,PKGI-02674023,ラブライブ！シリーズ　オフィシャルカードゲーム　ラブカ感謝祭　記念アクリルカードキーホルダー μ's 西木野真姫,1,bushiroad-store_com,BU-01008036,PKG-01094127,,,,8月,G,商品特定（候補あり）,高,BU-01008036,箱,526,1,,商品を特定できていない（候補が複数）,タグ・JAN・型番・ブランド名を撮影、全体写真、数量,,,,,,,,,候補あり
PKGI-02674191,PKGI-02674191,Designed by Regis Altare.『RegisAltare ZipHoodie』Bonus: Includes a postcard,1,popcornmuseum_net,BU-01008099,PKG-01078966,,,,8月,G,商品特定（候補あり）,高,BU-01008099,箱,530,1,,商品を特定できていない（候補が複数）,タグ・JAN・型番・ブランド名を撮影、全体写真、数量,,,,,,,,,候補あり
PKGI-02674192,PKGI-02674192,Designed by Axel Syrios.『AxelSyrios jacket』Bonus: Includes a postcard,1,popcornmuseum_net,BU-01008099,PKG-01078966,,,,8月,G,商品特定（候補あり）,高,BU-01008099,箱,531,1,,商品を特定できていない（候補が複数）,タグ・JAN・型番・ブランド名を撮影、全体写真、数量,,,,,,,,,候補あり
PKGI-02674636,PKGI-02674636,Synthesizer V AI 重音テト,1,ah-soft_net,BU-01008289,PKG-01078986,YES,YES,YES,8月,A,版・サイズ・色の確定,中,BU-01008289,箱,532,1,,版・SKU・サイズ・色が元データから確定できない,版・種類・サイズ・色、数量・セット内容、状態・未開封、画像と現物の一致、箱・袋の所在,,,,,,,,,特定済み
PKGI-02674655,PKGI-02674655,Synthesizer V 2 AI 重音テト SV1重音テト優待版,1,ah-soft_net,BU-01008297,PKG-01078978,YES,YES,YES,8月,A,版・サイズ・色の確定,中,BU-01008297,箱,533,1,,版・SKU・サイズ・色が元データから確定できない,版・種類・サイズ・色、数量・セット内容、状態・未開封、画像と現物の一致、箱・袋の所在,https://www.ah-soft.net/shopdetail/000000001826/,master_v336_confirmed_url,,,,,,,特定済み
PKGI-02676135,PKGI-02676135,【受注販売：4月中旬頃より順次発送】GODZILLA | HOMEGAME REVERSIBLE SOUVENIR JACKET【HG251001】,1,homegame-tokyo_com,BU-01008738,PKG-01123089,,,,8月,G,商品特定（候補あり）,高,BU-01008738,箱,535,1,,商品を特定できていない（候補が複数）,タグ・JAN・型番・ブランド名を撮影、全体写真、数量,,,,,,,,,候補あり
PKGI-02676655,PKGI-02676655,おかっぱマスキングテープ,1,avant-gardey_shop-pro_jp,BU-01008943,PKG-01123212,,,,8月,H,商品特定（ページ見つからず）,高,BU-01008943,箱,538,1,,商品ページが見つからない（商品名から特定不可）,タグ・JAN・型番・ブランド名を撮影、全体写真、数量,,,,,,,,,未発見
PKGI-02676267,PKGI-02676267,1061030050 キラキラサイドスリットストレッチフレアデニムパンツ,1,palcloset_jp,BU-01008976,PKG-01062222,,,,8月,G,商品特定（候補あり）,高,BU-01008976,箱,540,1,,商品を特定できていない（候補が複数）,タグ・JAN・型番・ブランド名を撮影、全体写真、数量,,,,,,,,,候補あり
PKGI-02676584,PKGI-02676584,CPZ1061402A0001 レースフレアレイヤードフリルパンツ,1,palcloset_jp,BU-01008976,PKG-01062222,YES,YES,,8月,A,版・サイズ・色の確定,中,BU-01008976,箱,541,1,,版・SKU・サイズ・色が元データから確定できない,版・種類・サイズ・色,https://www.palcloset.jp/display/item/CPZ1061402A0001/,master_v336_confirmed_url,,,,,,,特定済み
PKGI-02676716,PKGI-02676716,KAZ1061204A0005 【新色追加/4色展開/2026SSカタログ】クシュクシュブラウス,1,palcloset_jp,BU-01008976,PKG-01062222,,,,8月,B,数量・版＋撮影（写真なし）,中,BU-01008976,箱,542,1,,現物未確認（数量・版の確認）／写真なし（撮影が必要）,元帳数量保持・現物未確認,https://www.palcloset.jp/display/item/KAZ1061204A0005/,master_v336_confirmed_url,,,,元帳数量保持・現物,,,特定済み
PKGI-02677337,PKGI-02677337,80'S LEVI'S 517-1558 CORDUROY PANTS BLK (SIZE. W32 L32),1,webstore_berberjin_com,BU-01009200,PKG-01080595,,,,8月,G,商品特定（候補あり）,高,BU-01009200,箱,544,1,,商品を特定できていない（候補が複数）,タグ・JAN・型番・ブランド名を撮影、全体写真、数量,,,,,,,,,候補あり
PKGI-02678129,PKGI-02678129,バブルシガレット(パロディ_4),2,kingsidea_jp,BU-01009437,PKG-01094308,,,,8月,G,商品特定（候補あり）,高,BU-01009437,箱,546,2,,商品を特定できていない（候補が複数）,タグ・JAN・型番・ブランド名を撮影、全体写真、数量,,,,,,,,,候補あり
PKGI-02678130,PKGI-02678130,バブルシガレット(パロディ_2),2,kingsidea_jp,BU-01009437,PKG-01094308,,,,8月,G,商品特定（候補あり）,高,BU-01009437,箱,547,2,,商品を特定できていない（候補が複数）,タグ・JAN・型番・ブランド名を撮影、全体写真、数量,,,,,,,,,候補あり
PKGI-02678132,PKGI-02678132,バブルシガレット(パロディ_6),2,kingsidea_jp,BU-01009437,PKG-01094308,,,,8月,G,商品特定（候補あり）,高,BU-01009437,箱,548,2,,商品を特定できていない（候補が複数）,タグ・JAN・型番・ブランド名を撮影、全体写真、数量,,,,,,,,,候補あり
PKGI-02678131,PKGI-02678131,バブルシガレット(パロディ_5),1,kingsidea_jp,BU-01009437,PKG-01094308,,,,8月,G,商品特定（候補あり）,高,BU-01009437,箱,550,1,,商品を特定できていない（候補が複数）,タグ・JAN・型番・ブランド名を撮影、全体写真、数量,,,,,,,,,候補あり
PKGI-02678135,PKGI-02678135,バブルシガレット(パロディ_3),1,kingsidea_jp,BU-01009437,PKG-01094308,,,,8月,G,商品特定（候補あり）,高,BU-01009437,箱,552,1,,商品を特定できていない（候補が複数）,タグ・JAN・型番・ブランド名を撮影、全体写真、数量,,,,,,,,,候補あり
PKGI-02678596,PKGI-02678596,福聚守,5,senso-ji_online,BU-01009677,PKG-01123252,,,,8月,G,商品特定（候補あり）,高,BU-01009677,箱,554,5,,商品を特定できていない（候補が複数）,タグ・JAN・型番・ブランド名を撮影、全体写真、数量,https://senso-ji.online/?pid=154405623,candidate_verified(score=1.00),https://senso-ji.online/?pid=154405623,,,,,,候補あり
PKGI-02678597,PKGI-02678597,金龍の鈴守,5,senso-ji_online,BU-01009677,PKG-01123252,,,,8月,G,商品特定（候補あり）,高,BU-01009677,箱,555,5,,商品を特定できていない（候補が複数）,タグ・JAN・型番・ブランド名を撮影、全体写真、数量,https://senso-ji.online/?pid=154404984,candidate_verified(score=1.00),https://senso-ji.online/?pid=154404984,,,,,,候補あり
PKGI-02678600,PKGI-02678600,学業守,2,senso-ji_online,BU-01009677,PKG-01123252,,,,8月,G,商品特定（候補あり）,高,BU-01009677,箱,559,2,,商品を特定できていない（候補が複数）,タグ・JAN・型番・ブランド名を撮影、全体写真、数量,https://senso-ji.online/?pid=154392004,candidate_verified(score=1.00),https://senso-ji.online/?pid=154392004,,,,,,候補あり
PKGI-02678715,PKGI-02678715,【HERITANOVUM】シーアイランドコットンプルオーバー (グレー),1,elleshop_jp,BU-01009728,PKG-01062338,,,,8月,G,商品特定（候補あり）,高,BU-01009728,箱,561,1,,商品を特定できていない（候補が複数）,タグ・JAN・型番・ブランド名を撮影、全体写真、数量,,,,,,,,,候補あり
PKGI-02679249,PKGI-02679249,”QUOTATION” ウルトラマン60周年企画スペシャル号「ウルトラマンはじまりと現在」【予約】,1,books_rakuten_co_jp,BU-01009951,PKG-01110693,,,,8月,B,数量・版＋撮影（写真なし）,中,BU-01009951,箱,564,1,,現物未確認（数量・版の確認）／写真なし（撮影が必要）,確認数量（元リストの商品単位） / 欠品・付属品の実際の内容 / 現物のISBN・付属物・版を確認,https://www.hanmoto.com/bd/isbn/9784904431993,master_v336_confirmed_url,,,,,,,特定済み
PKGI-02679543,PKGI-02679543,バブルシガレット(パロディ_1),1,kingsidea_jp,BU-01010063,PKG-01094336,,,,8月,G,商品特定（候補あり）,高,BU-01010063,箱,565,1,,商品を特定できていない（候補が複数）,タグ・JAN・型番・ブランド名を撮影、全体写真、数量,,,,,,,,,候補あり
PKGI-02679544,PKGI-02679544,バブルシガレット(パロディ_2),1,kingsidea_jp,BU-01010063,PKG-01094336,,,,8月,G,商品特定（候補あり）,高,BU-01010063,箱,566,1,,商品を特定できていない（候補が複数）,タグ・JAN・型番・ブランド名を撮影、全体写真、数量,,,,,,,,,候補あり
PKGI-02667524,PKGI-02667524,バブりさ＆ハレーともよ(Acrylic Block),1,suzuri_jp,BU-01010186,PKG-01094396,,,,8月,H,商品特定（ページ見つからず）,高,BU-01010186,箱,567,1,,商品ページが見つからない（商品名から特定不可）,タグ・JAN・型番・ブランド名を撮影、全体写真、数量,,,,,,,,,未発見
PKGI-02679943,PKGI-02679943,宇宙人兄弟(Acrylic Stand),1,suzuri_jp,BU-01010186,PKG-01094396,,,,8月,H,商品特定（ページ見つからず）,高,BU-01010186,箱,568,1,,商品ページが見つからない（商品名から特定不可）,タグ・JAN・型番・ブランド名を撮影、全体写真、数量,,,,,,,,,未発見
PKGI-02679945,PKGI-02679945,奈緒子とガウ子(Acrylic Key Chain),1,suzuri_jp,BU-01010186,PKG-01094396,,,,8月,G,商品特定（候補あり）,高,BU-01010186,箱,570,1,,商品を特定できていない（候補が複数）,タグ・JAN・型番・ブランド名を撮影、全体写真、数量,,,,,,,,,候補あり
PKGI-02679963,PKGI-02679963,TVアニメ「葬送のフリーレン」 ウノ　葬送のフリーレン【予約】,2,books_rakuten_co_jp,BU-01010191,PKG-01110703,,,,8月,B,数量・版＋撮影（写真なし）,中,BU-01010191,箱,571,2,,現物未確認（数量・版の確認）／写真なし（撮影が必要）,元帳数量保持・現物未確認,https://frieren-anime.jp/goods/sundries/5054/,master_v336_confirmed_url,,,,元帳数量保持・現物,,,特定済み
PKGI-02611618,PKGI-02611618,一秒/Rebellion ［CD+DVD］＜初回盤A＞ + '（特典あり）(発売日: 2026年03月18日)',1,tower_jp,BU-01010366,PKG-01062600,YES,YES,YES,8月,A,版・サイズ・色の確定,中,BU-01010366,箱,572,1,,版・SKU・サイズ・色が元データから確定できない,版・種類・サイズ・色、数量・セット内容、bonus_or_purchase_benefit_presence、状態・未開封,https://tower.jp/item/item/7964597,master_v336_confirmed_url,,,,元帳数量保持・現物,,,特定済み
PKGI-02680449,PKGI-02680449,SAVE YOUR HEART/オドロウゼ!/BANG!! ［CD+DVD］＜初回盤A＞ + '（特典あり）(発売日: 2026年04月29日)',1,tower_jp,BU-01010366,PKG-01062600,YES,YES,,8月,C,数量・版,中,BU-01010366,箱,573,1,,現物未確認（数量・版の確認）,説明文の未確認項目（サイズ・色・種類・構成など）,https://tower.jp/item/7985815,master_v336_confirmed_url,,,,,,,特定済み
PKGI-02680727,PKGI-02680727,"[Direct Store Exclusive] EDiT 2026 planner , Weekly Vertical Schedule, B6 Size, Nuanced Colors, Starting March 2026",1,online-marks_com,BU-01010478,PKG-01062461,,,,8月,H,商品特定（ページ見つからず）,高,BU-01010478,箱,574,1,,商品ページが見つからない（商品名から特定不可）,タグ・JAN・型番・ブランド名を撮影、全体写真、数量,,,,,,,,,未発見
PKGI-02681415,PKGI-02681415,マルチウェイ ドローストリングバッグ K530,1,kiu-online_jp,BU-01010702,PKG-01123942,YES,YES,YES,8月,A,版・サイズ・色の確定,中,BU-01010702,箱,576,1,,版・SKU・サイズ・色が元データから確定できない,版・種類・サイズ・色、数量・セット内容、状態・未開封,https://kiu-online.jp/products/k530,master_v336_confirmed_url,,,,,,,特定済み
PKGI-02681711,PKGI-02681711,カジュアルトート（トレーニング用）,1,tokyo42195-shopping_org,BU-01010820,PKG-01123917,,,,8月,H,商品特定（ページ見つからず）,高,BU-01010820,箱,578,1,,商品ページが見つからない（商品名から特定不可）,タグ・JAN・型番・ブランド名を撮影、全体写真、数量,,,,,,,,,未発見
PKGI-02681715,PKGI-02681715,青春のエキサイトメント (カラーヴァイナル仕様/2枚組/180グラム重量盤レコード),1,hmv_co_jp,BU-01010822,PKG-01110887,YES,YES,,8月,C,数量・版,中,BU-01010822,箱,579,1,,現物未確認（数量・版の確認）,説明文の未確認項目（サイズ・色・種類・構成など）,https://tower.jp/item/7979785,master_v336_confirmed_url,,,,,,,特定済み
PKGI-02682073,PKGI-02682073,LOGO T,1,eveofficialstore_com,BU-01010973,PKG-01110826,YES,YES,YES,8月,A,版・サイズ・色の確定,中,BU-01010973,箱,580,1,,版・SKU・サイズ・色が元データから確定できない,版・種類・サイズ・色、状態・未開封、画像と現物の一致,https://www.eveofficialstore.com/view/item/000000000127,master_v336_confirmed_url,,,,,,,特定済み
PKGI-02682475,PKGI-02682475,青春のエキサイトメント (カラーヴァイナル仕様/2枚組/180グラム重量盤レコード),1,hmv_co_jp,BU-01011139,PKG-01110879,YES,YES,,8月,C,数量・版,中,BU-01011139,箱,582,1,,現物未確認（数量・版の確認）,説明文の未確認項目（サイズ・色・種類・構成など）,,,,,,,,,特定済み
PKGI-02682570,PKGI-02682570,青春のエキサイトメント (カラーヴァイナル仕様/2枚組/180グラム重量盤レコード),1,hmv_co_jp,BU-01011168,PKG-01110839,YES,YES,,8月,C,数量・版,中,BU-01011168,箱,583,1,,現物未確認（数量・版の確認）,説明文の未確認項目（サイズ・色・種類・構成など）,,,,,,,,,特定済み
PKGI-02682615,PKGI-02682615,water linen shirt [men's],1,shop_evameva_jp,BU-01011192,PKG-01124374,YES,YES,,8月,B,数量・版＋撮影（写真なし）,中,BU-01011192,箱,584,1,,現物未確認（数量・版の確認）／写真なし（撮影が必要）,確認数量（元リストの商品単位） / 欠品・付属品の実際の内容 / 色・サイズ・種類の現物と根拠照合 / 現物の品番・色・サイズを確認,https://shop.evameva.jp/view/item/000000002526,master_v336_confirmed_url,,,,,,,特定済み
PKGI-02682694,PKGI-02682694,キミとボク、まわるセカイ。,1,hmv_co_jp,BU-01011219,PKG-01110718,,,,8月,B,数量・版＋撮影（写真なし）,中,BU-01011219,箱,585,1,,現物未確認（数量・版の確認）／写真なし（撮影が必要）,確認数量（元リストの商品単位） / 欠品・付属品の実際の内容 / 盤の品番・媒体・初回仕様/特典を確認。構造化skuを未検証JANとして転記しない,https://tower.jp/item/3239079,master_v336_confirmed_url,,,,,,,特定済み
PKGI-02682864,PKGI-02682864,Xstamper全般 顔料系補充インキ 60ml      キャップレス9を含む、Xstamper全般のインキ補充に,1,shachihata_jp,BU-01011286,PKG-01124372,YES,YES,,8月,A,版・サイズ・色の確定,中,BU-01011286,箱,586,1,,版・SKU・サイズ・色が元データから確定できない,版・種類・サイズ・色,https://www.shachihata.jp/products/detail.php?product_id=4376,master_v336_confirmed_url,,,,,,,特定済み
PKGI-02683435,PKGI-02683435,青春のエキサイトメント (カラーヴァイナル仕様/2枚組/180グラム重量盤レコード),1,hmv_co_jp,BU-01011530,PKG-01110901,YES,YES,,8月,C,数量・版,中,BU-01011530,箱,587,1,,現物未確認（数量・版の確認）,説明文の未確認項目（サイズ・色・種類・構成など）,,,,,,,,,特定済み
PKGI-02683465,PKGI-02683465,BBG5059951C0200 DO-MO CONTROLLER　コントローラー型のポーチ,1,palcloset_jp,BU-01011547,PKG-01062632,YES,YES,,8月,A,版・サイズ・色の確定,中,BU-01011547,箱,588,1,,版・SKU・サイズ・色が元データから確定できない,版・種類・サイズ・色,https://www.palcloset.jp/display/item/BBG5059951C0200/,master_v336_confirmed_url,,,,,,,特定済み
PKGI-02683822,PKGI-02683822,【ナイジェル・ケーボン】MAN / ジップアップフーディー - パイル / ZIP UP HOODIE - PILE,1,cabourn_jp,BU-01011698,PKG-01149095,,,,8月,G,商品特定（候補あり）,高,BU-01011698,箱,591,1,,商品を特定できていない（候補が複数）,タグ・JAN・型番・ブランド名を撮影、全体写真、数量,,,,,,,,,候補あり
PKGI-02683944,PKGI-02683944,イージー ボリューム バックツイル パンツ【限定展開】,1,freaksstore_com,BU-01011744,PKG-01061367,YES,YES,,8月,B,数量・版＋撮影（写真なし）,中,BU-01011744,箱,592,1,,現物未確認（数量・版の確認）／写真なし（撮影が必要）,確認数量（元リストの商品単位） / 欠品・付属品の実際の内容 / 色・サイズ・種類の現物と根拠照合,https://www.daytona-park.com/item/1349248900116,master_v336_confirmed_url,,,,,,,特定済み
PKGI-02683835,PKGI-02683835,イージー ボリューム バックツイル パンツ【限定展開】,1,freaksstore_com,BU-01011744,PKG-01061367,YES,YES,,8月,B,数量・版＋撮影（写真なし）,中,BU-01011744,箱,593,1,,現物未確認（数量・版の確認）／写真なし（撮影が必要）,確認数量（元リストの商品単位） / 欠品・付属品の実際の内容 / 色・サイズ・種類の現物と根拠照合,,,,,,,,,特定済み
PKGI-02666931,PKGI-02666931,ピグメント ロゴクロップドスウェット,1,freaksstore_com,BU-01011744,PKG-01061367,YES,YES,,8月,B,数量・版＋撮影（写真なし）,中,BU-01011744,箱,594,1,,現物未確認（数量・版の確認）／写真なし（撮影が必要）,確認数量（元リストの商品単位） / 欠品・付属品の実際の内容 / 現物の品番・年版・色サイズを照合。掲載25AWの品番を個体へ自動転記しない,https://brandavenue.rakuten.co.jp/item/QK7827/,master_v336_confirmed_url,,,,,,,特定済み
PKGI-02666930,PKGI-02666930,スナップ ボタン ニット カーディガン【限定展開】,1,freaksstore_com,BU-01011744,PKG-01061367,,,,8月,G,商品特定（候補あり）,高,BU-01011744,箱,595,1,,商品を特定できていない（候補が複数）,タグ・JAN・型番・ブランド名を撮影、全体写真、数量,,,,,,,,,候補あり
PKGI-02684226,PKGI-02684226,湯屋・狼と香辛料亭 木樽ジョッキ【復刻版】200ml,1,urakita_ocnk_net,BU-01011843,PKG-01124306,YES,,YES,8月,B,数量・版＋撮影（写真なし）,中,BU-01011843,箱,596,1,,現物未確認（数量・版の確認）／写真なし（撮影が必要）,確認数量（元リストの商品単位） / 欠品・付属品の実際の内容 / 金箔風/銀箔風/夏色のどれか、刻印と現物状態を確認。公表約50gを発送重量に使わない,https://urakita.ashitaka-works.com/products/%E6%B9%AF%E5%B1%8B-%E7%8B%BC%E3%81%A8%E9%A6%99%E8%BE%9B%E6%96%99%E4%BA%AD-%E6%9C%A8%E6%A8%BD%E3%82%B8%E3%83%A7%E3%83%83%E3%82%AD-%E5%BE%A9%E5%88%BB%E7%89%88-200ml,master_v336_confirmed_url,,,,,,,特定済み
PKGI-02684253,PKGI-02684253,"NEW FAST SPEED PUNK 2026 (7"")",1,diskunion_net,BU-01011856,PKG-01149302,,,YES,8月,B,数量・版＋撮影（写真なし）,中,BU-01011856,箱,597,1,,現物未確認（数量・版の確認）／写真なし（撮影が必要）,確認数量（元リストの商品単位） / 欠品・付属品の実際の内容 / ジャケット赤/白・プレス版・盤の状態と数量を確認,https://shop.chic-sale.com/?pid=190803336,master_v336_confirmed_url,,,,,,,特定済み
PKGI-02684569,PKGI-02684569,キッズ　Ｔシャツ（100～120cm・RYOKKUMi ）(バースデイ)【予約】,1,shop-shimamura_com,BU-01011970,PKG-01149057,,,,8月,G,商品特定（候補あり）,高,BU-01011970,箱,598,1,,商品を特定できていない（候補が複数）,タグ・JAN・型番・ブランド名を撮影、全体写真、数量,,,,,,,,,候補あり
PKGI-02684809,PKGI-02684809,"[Pre-order for select sizes and colors, arriving mid- to late April] [CAMBIO] Pintucked Stretch Ponte Collarless Jacket",1,cambio_co_jp,BU-01012042,PKG-01124502,,,,8月,G,商品特定（候補あり）,高,BU-01012042,箱,600,1,,商品を特定できていない（候補が複数）,タグ・JAN・型番・ブランド名を撮影、全体写真、数量,,,,,,,,,候補あり
PKGI-02684973,PKGI-02684973,バブルシガレット(パロディ_4),1,kingsidea_jp,BU-01012093,PKG-01094745,,,,8月,G,商品特定（候補あり）,高,BU-01012093,箱,601,1,,商品を特定できていない（候補が複数）,タグ・JAN・型番・ブランド名を撮影、全体写真、数量,,,,,,,,,候補あり
PKGI-02684974,PKGI-02684974,バブルシガレット(パロディ_2),1,kingsidea_jp,BU-01012093,PKG-01094745,,,,8月,G,商品特定（候補あり）,高,BU-01012093,箱,602,1,,商品を特定できていない（候補が複数）,タグ・JAN・型番・ブランド名を撮影、全体写真、数量,,,,,,,,,候補あり
PKGI-02684976,PKGI-02684976,バブルシガレット(パロディ_5),1,kingsidea_jp,BU-01012093,PKG-01094745,,,,8月,G,商品特定（候補あり）,高,BU-01012093,箱,604,1,,商品を特定できていない（候補が複数）,タグ・JAN・型番・ブランド名を撮影、全体写真、数量,,,,,,,,,候補あり
PKGI-02685015,PKGI-02685015,Cherry Blossom Plush Mascot Keychain (5月上旬頃より順次発送) [tonari-no-zingaro],2,zingaro_shop,BU-01012098,PKG-01124398,,,,8月,G,商品特定（候補あり）,高,BU-01012098,箱,605,2,,商品を特定できていない（候補が複数）,タグ・JAN・型番・ブランド名を撮影、全体写真、数量,,,,,,,,,候補あり
PKGI-02685013,PKGI-02685013,Cherry blossom Paper Bag ? Large (5月上旬頃より順次発送) [tonari-no-zingaro],4,zingaro_shop,BU-01012098,PKG-01124398,,,,8月,H,商品特定（ページ見つからず）,高,BU-01012098,箱,606,4,,商品ページが見つからない（商品名から特定不可）,タグ・JAN・型番・ブランド名を撮影、全体写真、数量,,,,,,,,,未発見
PKGI-02685014,PKGI-02685014,Cherry blossom Paper Bag ? Wide (5月上旬頃より順次発送),2,zingaro_shop,BU-01012098,PKG-01124398,,,,8月,H,商品特定（ページ見つからず）,高,BU-01012098,箱,607,2,,商品ページが見つからない（商品名から特定不可）,タグ・JAN・型番・ブランド名を撮影、全体写真、数量,,,,,,,,,未発見
PKGI-02685027,PKGI-02685027,キッズ　パンツ（100～120cm・RYOKKUMi ）(バースデイ)【予約】,1,shop-shimamura_com,BU-01012103,PKG-01149069,,,,8月,H,商品特定（ページ見つからず）,高,BU-01012103,箱,608,1,,商品ページが見つからない（商品名から特定不可）,タグ・JAN・型番・ブランド名を撮影、全体写真、数量,,,,,,,,,未発見
PKGI-02685070,PKGI-02685070,バブルシガレット(パロディ_4),2,kingsidea_jp,BU-01012114,PKG-01094730,,,,8月,G,商品特定（候補あり）,高,BU-01012114,箱,609,2,,商品を特定できていない（候補が複数）,タグ・JAN・型番・ブランド名を撮影、全体写真、数量,,,,,,,,,候補あり
PKGI-02685528,PKGI-02685528,SUPER WORLD REBOOT,1,tanocstore_net,BU-01012294,PKG-01149164,,,,8月,G,商品特定（候補あり）,高,BU-01012294,箱,610,1,,商品を特定できていない（候補が複数）,タグ・JAN・型番・ブランド名を撮影、全体写真、数量,https://tanocstore.net/shopdetail/000000004517,"shop_site_search(supplier,score=1.00)",https://tanocstore.net/shopdetail/000000004517,SUPER WORLD REBOOT-TANO*C STORE,1.00,,,,候補あり
PKGI-02685558,PKGI-02685558,キッズ　Ｔシャツ（100～120cm・RYOKKUMi ）(バースデイ)【予約】,1,shop-shimamura_com,BU-01012306,PKG-01149265,,,,8月,G,商品特定（候補あり）,高,BU-01012306,箱,611,1,,商品を特定できていない（候補が複数）,タグ・JAN・型番・ブランド名を撮影、全体写真、数量,,,,,,,,,候補あり
PKGI-02685559,PKGI-02685559,キッズ　Ｔシャツ（100～120cm・RYOKKUMi ）(バースデイ)【予約】,1,shop-shimamura_com,BU-01012306,PKG-01149265,,,,8月,G,商品特定（候補あり）,高,BU-01012306,箱,612,1,,商品を特定できていない（候補が複数）,タグ・JAN・型番・ブランド名を撮影、全体写真、数量,,,,,,,,,候補あり
PKGI-02685560,PKGI-02685560,キッズ　Ｔシャツ（100～120cm・RYOKKUMi ）(バースデイ)【予約】,1,shop-shimamura_com,BU-01012306,PKG-01149265,,,,8月,G,商品特定（候補あり）,高,BU-01012306,箱,613,1,,商品を特定できていない（候補が複数）,タグ・JAN・型番・ブランド名を撮影、全体写真、数量,,,,,,,,,候補あり
PKGI-02685589,PKGI-02685589,キッズ　Ｔシャツ（100～120cm・RYOKKUMi ）(バースデイ)【予約】,1,shop-shimamura_com,BU-01012319,PKG-01149224,,,,8月,G,商品特定（候補あり）,高,BU-01012319,箱,614,1,,商品を特定できていない（候補が複数）,タグ・JAN・型番・ブランド名を撮影、全体写真、数量,,,,,,,,,候補あり
PKGI-02685588,PKGI-02685588,キッズ　パンツ（100～120cm・RYOKKUMi ）(バースデイ)【予約】,1,shop-shimamura_com,BU-01012319,PKG-01149224,,,,8月,H,商品特定（ページ見つからず）,高,BU-01012319,箱,615,1,,商品ページが見つからない（商品名から特定不可）,タグ・JAN・型番・ブランド名を撮影、全体写真、数量,,,,,,,,,未発見
PKGI-02685631,PKGI-02685631,ぬいぐるみチャーム（おぱんちゅうさぎ）(しまむら)【予約】,1,shop-shimamura_com,BU-01012333,PKG-01149258,,,,8月,G,商品特定（候補あり）,高,BU-01012333,箱,616,1,,商品を特定できていない（候補が複数）,タグ・JAN・型番・ブランド名を撮影、全体写真、数量,,,,,,,,,候補あり
PKGI-02685632,PKGI-02685632,ぬいぐるみチャーム（おぱんちゅうさぎ）(しまむら)【予約】,1,shop-shimamura_com,BU-01012333,PKG-01149258,,,,8月,G,商品特定（候補あり）,高,BU-01012333,箱,617,1,,商品を特定できていない（候補が複数）,タグ・JAN・型番・ブランド名を撮影、全体写真、数量,,,,,,,,,候補あり
PKGI-02685738,PKGI-02685738,(clownhiroko'S GALLERY) <ミニフィギュア>?ハダカカメガイ?小約2cm,1,minne_com,BU-01012393,PKG-01124522,,,,8月,G,商品特定（候補あり）,高,BU-01012393,箱,618,1,,商品を特定できていない（候補が複数）,タグ・JAN・型番・ブランド名を撮影、全体写真、数量,,,,,,,,,候補あり
PKGI-02685739,PKGI-02685739,(clownhiroko'S GALLERY) <ミニフィギュア>?アオウミウシ?,1,minne_com,BU-01012393,PKG-01124522,,,,8月,G,商品特定（候補あり）,高,BU-01012393,箱,619,1,,商品を特定できていない（候補が複数）,タグ・JAN・型番・ブランド名を撮影、全体写真、数量,,,,,,,,,候補あり
PKGI-02682148,PKGI-02682148,【予約販売】カモフラージュ コンシーラーチーク,1,store_brilliage_jp,BU-01012421,PKG-01124025,YES,YES,YES,8月,A,版・サイズ・色の確定,中,BU-01012421,箱,620,1,,版・SKU・サイズ・色が元データから確定できない,版・種類・サイズ・色、数量・セット内容、bonus_or_purchase_benefit_presence、状態・未開封,,,,,,,,,特定済み
PKGI-02685854,PKGI-02685854,玄関 ブラック 網戸 カーテン 幅90cm×高210cm 防虫ネット 蚊帳 ドアカーテン 網戸ネット 開閉可 静音 マグネット 夏 エコ 取付簡単 洗濯可 リビング ベランダ 虫よけ対策【代引き不可】,1,irisplaza_co_jp,BU-01012444,PKG-01124564,,,,8月,G,商品特定（候補あり）,高,BU-01012444,箱,621,1,,商品を特定できていない（候補が複数）,タグ・JAN・型番・ブランド名を撮影、全体写真、数量,,,,,,,,,候補あり
PKGI-02686443,PKGI-02686443,coppelia lily　Bordeaux,1,marugo-wellness_jp,BU-01012681,PKG-01149109,YES,YES,,8月,A,版・サイズ・色の確定,中,BU-01012681,箱,622,1,,版・SKU・サイズ・色が元データから確定できない,版・種類・サイズ・色,https://marugo-wellness.jp/products/coppelia-lily-bordeaux,master_v336_confirmed_url,,,,,,,特定済み
PKGI-02686738,PKGI-02686738,[Wish upon a star] Ball Cap,1,bmsg_shop,BU-01012782,PKG-01124668,,,YES,8月,D,数量・セット内容,中,BU-01012782,箱,623,1,,数量・セット内容の確認が必要,数量・セット内容、bonus_or_purchase_benefit_presence、状態・未開封,https://bmsg.shop/products/wish-upon-a-star-ball-cap,master_v336_confirmed_url,,,,,,,特定済み
PKGI-02686737,PKGI-02686737,"MAZZEL ""Only You"" Fur Beanie",1,bmsg_shop,BU-01012782,PKG-01124668,YES,YES,YES,8月,A,版・サイズ・色の確定,中,BU-01012782,箱,624,1,,版・SKU・サイズ・色が元データから確定できない,版・種類・サイズ・色、数量・セット内容、状態・未開封、画像と現物の一致,https://bmsg.shop/en/products/mazzel-only-you-fur-beanie,master_v336_confirmed_url,,,,現物,,,特定済み
PKGI-02686739,PKGI-02686739,[Wish upon a star] Souvenir Keyring,1,bmsg_shop,BU-01012782,PKG-01124668,YES,YES,YES,8月,A,版・サイズ・色の確定,中,BU-01012782,箱,625,1,,版・SKU・サイズ・色が元データから確定できない,版・種類・サイズ・色、数量・セット内容、bonus_or_purchase_benefit_presence、状態・未開封,https://bmsg.shop/products/wish-upon-a-star-souvenir-keyring-black,master_v336_confirmed_url,,,,,,,特定済み
PKGI-02687005,PKGI-02687005,グラデュエーション＜期間限定特別価格盤＞ (発売日: 2007年09月05日),1,tower_jp,BU-01012890,PKG-01063547,YES,YES,YES,8月,A,版・サイズ・色の確定,中,BU-01012890,箱,627,1,,版・SKU・サイズ・色が元データから確定できない,版・種類・サイズ・色、数量・セット内容、状態・未開封,https://tower.jp/item/2255412,master_v336_confirmed_url,,,,元帳数量保持・現物,,,特定済み
PKGI-02687250,PKGI-02687250,骸音シーエ 15th Memorial,1,union-creative_jp,BU-01012984,PKG-01080882,YES,YES,YES,8月,A,版・サイズ・色の確定,中,BU-01012984,箱,628,1,,版・SKU・サイズ・色が元データから確定できない,版・種類・サイズ・色、数量・セット内容、bonus_or_purchase_benefit_presence、状態・未開封、画像と現物の一致、箱・袋の所在,https://union-creative.jp/goods/detail/?id=1209,master_v336_confirmed_url,,,,,,,特定済み
PKGI-02687258,PKGI-02687258,骸音シーエ 15th Memorial,1,union-creative_jp,BU-01012991,PKG-01080990,YES,YES,YES,8月,A,版・サイズ・色の確定,中,BU-01012991,箱,629,1,,版・SKU・サイズ・色が元データから確定できない,版・種類・サイズ・色、数量・セット内容、bonus_or_purchase_benefit_presence、状態・未開封、画像と現物の一致、箱・袋の所在,,,,,,,,,特定済み
PKGI-02687265,PKGI-02687265,骸音シーエ 15th Memorial,1,union-creative_jp,BU-01012999,PKG-01080883,YES,YES,YES,8月,A,版・サイズ・色の確定,中,BU-01012999,箱,630,1,,版・SKU・サイズ・色が元データから確定できない,版・種類・サイズ・色、数量・セット内容、bonus_or_purchase_benefit_presence、状態・未開封、画像と現物の一致、箱・袋の所在,,,,,,,,,特定済み
PKGI-02687320,PKGI-02687320,骸音シーエ 15th Memorial,1,union-creative_jp,BU-01013023,PKG-01080887,YES,YES,YES,8月,A,版・サイズ・色の確定,中,BU-01013023,箱,631,1,,版・SKU・サイズ・色が元データから確定できない,版・種類・サイズ・色、数量・セット内容、bonus_or_purchase_benefit_presence、状態・未開封、画像と現物の一致、箱・袋の所在,,,,,,,,,特定済み
PKGI-02687371,PKGI-02687371,骸音シーエ 15th Memorial,1,union-creative_jp,BU-01013048,PKG-01080894,YES,YES,YES,8月,A,版・サイズ・色の確定,中,BU-01013048,箱,632,1,,版・SKU・サイズ・色が元データから確定できない,版・種類・サイズ・色、数量・セット内容、bonus_or_purchase_benefit_presence、状態・未開封、画像と現物の一致、箱・袋の所在,,,,,,,,,特定済み
PKGI-02687385,PKGI-02687385,骸音シーエ 15th Memorial,1,union-creative_jp,BU-01013056,PKG-01080896,YES,YES,YES,8月,A,版・サイズ・色の確定,中,BU-01013056,箱,633,1,,版・SKU・サイズ・色が元データから確定できない,版・種類・サイズ・色、数量・セット内容、bonus_or_purchase_benefit_presence、状態・未開封、画像と現物の一致、箱・袋の所在,,,,,,,,,特定済み
PKGI-02687386,PKGI-02687386,S Cawaii! ME 2026 SPRING＜通常版＞【特典：南雲奨馬×濱屋拓斗 フォトカード 6種類からランダム1枚付き！】,1,infosquare_shop,BU-01013058,PKG-01125081,,,,8月,G,商品特定（候補あり）,高,BU-01013058,箱,634,1,,商品を特定できていない（候補が複数）,タグ・JAN・型番・ブランド名を撮影、全体写真、数量,,,,,,,,,候補あり
PKGI-02687443,PKGI-02687443,バックリボンデニムパンツ,1,mark-styler_co_jp,BU-01013077,PKG-01125093,YES,YES,,8月,B,数量・版＋撮影（写真なし）,中,BU-01013077,箱,636,1,,現物未確認（数量・版の確認）／写真なし（撮影が必要）,確認数量（元リストの商品単位） / 欠品・付属品の実際の内容 / 色・サイズ・種類の現物と根拠照合,https://mitsui-shopping-park.com/ec/p/1099800000920?mallColor=0709,master_v336_confirmed_url,,,,,,,特定済み
PKGI-02687457,PKGI-02687457,骸音シーエ 15th Memorial,1,union-creative_jp,BU-01013084,PKG-01080985,YES,YES,YES,8月,A,版・サイズ・色の確定,中,BU-01013084,箱,637,1,,版・SKU・サイズ・色が元データから確定できない,版・種類・サイズ・色、数量・セット内容、bonus_or_purchase_benefit_presence、状態・未開封、画像と現物の一致、箱・袋の所在,,,,,,,,,特定済み
PKGI-02687507,PKGI-02687507,骸音シーエ 15th Memorial,1,union-creative_jp,BU-01013102,PKG-01080984,YES,YES,YES,8月,A,版・サイズ・色の確定,中,BU-01013102,箱,638,1,,版・SKU・サイズ・色が元データから確定できない,版・種類・サイズ・色、数量・セット内容、bonus_or_purchase_benefit_presence、状態・未開封、画像と現物の一致、箱・袋の所在,,,,,,,,,特定済み
PKGI-02687576,PKGI-02687576,骸音シーエ 15th Memorial,1,union-creative_jp,BU-01013124,PKG-01080950,YES,YES,YES,8月,A,版・サイズ・色の確定,中,BU-01013124,箱,639,1,,版・SKU・サイズ・色が元データから確定できない,版・種類・サイズ・色、数量・セット内容、bonus_or_purchase_benefit_presence、状態・未開封、画像と現物の一致、箱・袋の所在,,,,,,,,,特定済み
PKGI-02687643,PKGI-02687643,骸音シーエ 15th Memorial,1,union-creative_jp,BU-01013159,PKG-01080861,YES,YES,YES,8月,A,版・サイズ・色の確定,中,BU-01013159,箱,640,1,,版・SKU・サイズ・色が元データから確定できない,版・種類・サイズ・色、数量・セット内容、bonus_or_purchase_benefit_presence、状態・未開封、画像と現物の一致、箱・袋の所在,,,,,,,,,特定済み
PKGI-02687694,PKGI-02687694,骸音シーエ 15th Memorial,1,union-creative_jp,BU-01013189,PKG-01080870,YES,YES,YES,8月,A,版・サイズ・色の確定,中,BU-01013189,箱,641,1,,版・SKU・サイズ・色が元データから確定できない,版・種類・サイズ・色、数量・セット内容、bonus_or_purchase_benefit_presence、状態・未開封、画像と現物の一致、箱・袋の所在,,,,,,,,,特定済み
PKGI-02687759,PKGI-02687759,骸音シーエ 15th Memorial,1,union-creative_jp,BU-01013211,PKG-01080873,YES,YES,YES,8月,A,版・サイズ・色の確定,中,BU-01013211,箱,642,1,,版・SKU・サイズ・色が元データから確定できない,版・種類・サイズ・色、数量・セット内容、bonus_or_purchase_benefit_presence、状態・未開封、画像と現物の一致、箱・袋の所在,,,,,,,,,特定済み
PKGI-02687841,PKGI-02687841,骸音シーエ 15th Memorial,1,union-creative_jp,BU-01013246,PKG-01080943,YES,YES,YES,8月,A,版・サイズ・色の確定,中,BU-01013246,箱,644,1,,版・SKU・サイズ・色が元データから確定できない,版・種類・サイズ・色、数量・セット内容、bonus_or_purchase_benefit_presence、状態・未開封、画像と現物の一致、箱・袋の所在,,,,,,,,,特定済み
PKGI-02687845,PKGI-02687845,骸音シーエ 15th Memorial,1,union-creative_jp,BU-01013251,PKG-01080952,YES,YES,YES,8月,A,版・サイズ・色の確定,中,BU-01013251,箱,645,1,,版・SKU・サイズ・色が元データから確定できない,版・種類・サイズ・色、数量・セット内容、bonus_or_purchase_benefit_presence、状態・未開封、画像と現物の一致、箱・袋の所在,,,,,,,,,特定済み
PKGI-02687850,PKGI-02687850,骸音シーエ 15th Memorial,1,union-creative_jp,BU-01013255,PKG-01080973,YES,YES,YES,8月,A,版・サイズ・色の確定,中,BU-01013255,箱,646,1,,版・SKU・サイズ・色が元データから確定できない,版・種類・サイズ・色、数量・セット内容、bonus_or_purchase_benefit_presence、状態・未開封、画像と現物の一致、箱・袋の所在,,,,,,,,,特定済み
PKGI-02687853,PKGI-02687853,骸音シーエ 15th Memorial,1,union-creative_jp,BU-01013258,PKG-01080964,YES,YES,YES,8月,A,版・サイズ・色の確定,中,BU-01013258,箱,647,1,,版・SKU・サイズ・色が元データから確定できない,版・種類・サイズ・色、数量・セット内容、bonus_or_purchase_benefit_presence、状態・未開封、画像と現物の一致、箱・袋の所在,,,,,,,,,特定済み
PKGI-02687883,PKGI-02687883,【高校生におすすめ】ぷにぷにパッドでまるみメイク／ワイヤ―入り【ＡＦＴＥＲ　ＳＴＥＰ】ぷにきゅうブラ ジュニアブラジャー,1,store_wacoal_jp,BU-01013281,PKG-01125019,,,,8月,H,商品特定（ページ見つからず）,高,BU-01013281,箱,649,1,,商品ページが見つからない（商品名から特定不可）,タグ・JAN・型番・ブランド名を撮影、全体写真、数量,,,,,,,,,未発見
PKGI-02687915,PKGI-02687915,骸音シーエ 15th Memorial,1,union-creative_jp,BU-01013298,PKG-01080931,YES,YES,YES,8月,A,版・サイズ・色の確定,中,BU-01013298,箱,651,1,,版・SKU・サイズ・色が元データから確定できない,版・種類・サイズ・色、数量・セット内容、bonus_or_purchase_benefit_presence、状態・未開封、画像と現物の一致、箱・袋の所在,,,,,,,,,特定済み
PKGI-02687924,PKGI-02687924,骸音シーエ 15th Memorial,1,union-creative_jp,BU-01013307,PKG-01080935,YES,YES,YES,8月,A,版・サイズ・色の確定,中,BU-01013307,箱,652,1,,版・SKU・サイズ・色が元データから確定できない,版・種類・サイズ・色、数量・セット内容、bonus_or_purchase_benefit_presence、状態・未開封、画像と現物の一致、箱・袋の所在,,,,,,,,,特定済み
PKGI-02687932,PKGI-02687932,完全植物完熟堆肥育ち！清らかな“泉”のように軽やか！ジョイントファーム新潟こしいぶき「泉流米（玄米）」 (軽減税率8%),1,meisong_shop,BU-01013312,PKG-01124789,,,,8月,H,商品特定（ページ見つからず）,高,BU-01013312,箱,653,1,,商品ページが見つからない（商品名から特定不可）,タグ・JAN・型番・ブランド名を撮影、全体写真、数量,,,,,,,,,未発見
PKGI-02688009,PKGI-02688009,matsui DOGS フィギュアコレクション Vol.2,1,kenelestore_jp,BU-01013334,PKG-01125286,YES,YES,,8月,A,版・サイズ・色の確定,中,BU-01013334,箱,654,1,,版・SKU・サイズ・色が元データから確定できない,版・種類・サイズ・色,https://kenelestore.jp/products/gc0707z,master_v336_confirmed_url,,,,,,,特定済み
PKGI-02688015,PKGI-02688015,骸音シーエ 15th Memorial,1,union-creative_jp,BU-01013338,PKG-01080928,YES,YES,YES,8月,A,版・サイズ・色の確定,中,BU-01013338,箱,655,1,,版・SKU・サイズ・色が元データから確定できない,版・種類・サイズ・色、数量・セット内容、bonus_or_purchase_benefit_presence、状態・未開封、画像と現物の一致、箱・袋の所在,,,,,,,,,特定済み
PKGI-02688500,PKGI-02688500,天使のたまご 4Kリマスター (4K ULTRA HD Blu-ray & Blu-ray Disc) (特装限定版)【4K ULTRA HD】,1,books_rakuten_co_jp,BU-01013512,PKG-01149397,,,,8月,H,商品特定（ページ見つからず）,高,BU-01013512,箱,656,1,,商品ページが見つからない（商品名から特定不可）,タグ・JAN・型番・ブランド名を撮影、全体写真、数量,https://books.rakuten.co.jp/rb/18506845/,"web_search(supplier,score=1.00)",https://books.rakuten.co.jp/rb/18506845/,天使のたまご 4Kリマスター (4K ULTRA HD Blu-ray & Blu-ray Disc) (特装限定版)【4K ULTRA HD】,1.00,,,,未発見
PKGI-02688531,PKGI-02688531,Denki Nyan T-shirt(Regular Fit T-Shirt),1,suzuri_jp,BU-01013528,PKG-01149213,YES,YES,,8月,A,版・サイズ・色の確定,中,BU-01013528,箱,657,1,,版・SKU・サイズ・色が元データから確定できない,版・種類・サイズ・色,https://suzuri.jp/muship_64/850757/t-shirt/l/black?locale=en,master_v336_confirmed_url,,,,,,,特定済み
PKGI-02688544,PKGI-02688544,海苔ふりかけ　贅沢あられたっぷり　１００g,6,about_maruni-nori_com,BU-01013536,PKG-01125482,,,,8月,J,在庫統合（同一商品が販売中）,高,BU-01013536,箱,658,6,,同一商品が別PDで販売中,現物の有無と点数,,,,,,,,,特定済み
PKGI-02688749,PKGI-02688749,Synthesizer V 2 AI 重音テト,1,ah-soft_net,BU-01013590,PKG-01125777,,,YES,8月,F,状態・未開封・動作,中,BU-01013590,箱,659,1,,状態・未開封・動作の確認が必要,状態・未開封,,,,,,,,,特定済み
PKGI-02688862,PKGI-02688862,"MARILYN MONROE TEE ""  ARROW SHOT HEART """,1,toys-mccoy_shop-pro_jp,BU-01013630,PKG-01125589,YES,YES,YES,8月,B,数量・版＋撮影（写真なし）,中,BU-01013630,箱,661,1,,現物未確認（数量・版の確認）／写真なし（撮影が必要）,版・種類・サイズ・色、数量・セット内容、状態・未開封,,,,,,,,,特定済み
PKGI-02688934,PKGI-02688934,number nine BOX LINE PRINTED CLASSIC L/S T-SHIRT / ナンバーナイン ボックスライン ロゴプリント クラシック ロンT,1,n-nine-store_com,BU-01013638,PKG-01149384,,,,8月,G,商品特定（候補あり）,高,BU-01013638,箱,662,1,,商品を特定できていない（候補が複数）,タグ・JAN・型番・ブランド名を撮影、全体写真、数量,,,,,,,,,候補あり
PKGI-02688933,PKGI-02688933,CAMBIO[預購：四月下旬至五月初到貨] 亞麻人造絲寬?直筒? (CAM26SS-022),1,cambio_co_jp,BU-01013640,PKG-01125709,YES,YES,,8月,A,版・サイズ・色の確定,中,BU-01013640,箱,663,1,,版・SKU・サイズ・色が元データから確定できない,版・種類・サイズ・色,https://www.cambio.co.jp/c/brand/cambio/mp14684,master_v336_confirmed_url,,,,,,,特定済み
PKGI-02689023,PKGI-02689023,『Obey Me!』オリジナルブロマイド / Obey Me! Character Portrait,1,acrpicto_com,BU-01013677,PKG-01101010,YES,YES,YES,8月,A,版・サイズ・色の確定,中,BU-01013677,箱,664,1,,版・SKU・サイズ・色が元データから確定できない,版・種類・サイズ・色、数量・セット内容、状態・未開封、画像と現物の一致,https://www.acrpicto.com/view/item/000000000118,master_v336_confirmed_url,,,,,,,特定済み
PKGI-02689024,PKGI-02689024,『Obey Me!』オリジナルブロマイド / Obey Me! Character Portrait,1,acrpicto_com,BU-01013677,PKG-01101010,YES,YES,YES,8月,A,版・サイズ・色の確定,中,BU-01013677,箱,665,1,,版・SKU・サイズ・色が元データから確定できない,版・種類・サイズ・色、数量・セット内容、状態・未開封、画像と現物の一致,,,,,,,,,特定済み
PKGI-02689025,PKGI-02689025,『Obey Me!』オリジナルブロマイド / Obey Me! Character Portrait,1,acrpicto_com,BU-01013677,PKG-01101010,YES,YES,YES,8月,A,版・サイズ・色の確定,中,BU-01013677,箱,666,1,,版・SKU・サイズ・色が元データから確定できない,版・種類・サイズ・色、数量・セット内容、状態・未開封、画像と現物の一致,,,,,,,,,特定済み
PKGI-02689026,PKGI-02689026,『Obey Me!』オリジナルブロマイド / Obey Me! Character Portrait,1,acrpicto_com,BU-01013677,PKG-01101010,YES,YES,YES,8月,A,版・サイズ・色の確定,中,BU-01013677,箱,667,1,,版・SKU・サイズ・色が元データから確定できない,版・種類・サイズ・色、数量・セット内容、状態・未開封、画像と現物の一致,,,,,,,,,特定済み
PKGI-02689053,PKGI-02689053,My Beautiful Landlet Bafu Cotton 袖紐ワイドブルゾン OVIE STUDIO limited Charcoal,1,ovie_shop-pro_jp,BU-01013690,PKG-01125722,,,,8月,G,商品特定（候補あり）,高,BU-01013690,箱,668,1,,商品を特定できていない（候補が複数）,タグ・JAN・型番・ブランド名を撮影、全体写真、数量,,,,,,,,,候補あり
PKGI-02689057,PKGI-02689057,Garten of Banban ぬいぐるみマスコット らくがき ビターギグル,1,granup_shop,BU-01013691,PKG-01125543,,,,8月,C,数量・版,中,BU-01013691,箱,669,1,,現物未確認（数量・版の確認）,未確認,https://granupshop.com/view/item/000000009123,master_v336_confirmed_url,,,,,,,特定済み
PKGI-02689140,PKGI-02689140,プレイヤーナンバージップパーカー,1,store_jleague_jp,BU-01013746,PKG-01125624,,,,8月,H,商品特定（ページ見つからず）,高,BU-01013746,箱,670,1,,商品ページが見つからない（商品名から特定不可）,タグ・JAN・型番・ブランド名を撮影、全体写真、数量,,,,,,,,,未発見
PKGI-02689290,PKGI-02689290,Synthesizer V 2 AI 重音テト,1,ah-soft_net,BU-01013819,PKG-01125774,,,YES,8月,F,状態・未開封・動作,中,BU-01013819,箱,671,1,,状態・未開封・動作の確認が必要,状態・未開封,,,,,,,,,特定済み
PKGI-02685115,PKGI-02685115,《シリアル付き》AKINA NOTE【デラックス・エディション】(2CD)《全額内金》,3,hmv_co_jp,BU-01013829,PKG-01094926,,,,8月,G,商品特定（候補あり）,高,BU-01013829,箱,673,3,,商品を特定できていない（候補が複数）,タグ・JAN・型番・ブランド名を撮影、全体写真、数量,,,,,,,,,候補あり
PKGI-02690755,PKGI-02690755,Hello My ”BESTY” vol.2 ペンライトスタンド【2026年4月下旬から順次発送予定】,1,bmsg_shop,BU-01014336,PKG-01126083,,,,8月,H,商品特定（ページ見つからず）,高,BU-01014336,箱,676,1,,商品ページが見つからない（商品名から特定不可）,タグ・JAN・型番・ブランド名を撮影、全体写真、数量,,,,,,,,,未発見
PKGI-02690753,PKGI-02690753,Hello My ”BESTY” vol.2 ブリスターアクリルスタンド【2026年4月下旬から順次発送予定】,1,bmsg_shop,BU-01014336,PKG-01126083,,,,8月,G,商品特定（候補あり）,高,BU-01014336,箱,677,1,,商品を特定できていない（候補が複数）,タグ・JAN・型番・ブランド名を撮影、全体写真、数量,,,,,,,,,候補あり
PKGI-02690754,PKGI-02690754,Hello My ”BESTY” vol.2 ブリスターアクリルスタンド【2026年4月下旬から順次発送予定】,1,bmsg_shop,BU-01014336,PKG-01126083,,,,8月,G,商品特定（候補あり）,高,BU-01014336,箱,678,1,,商品を特定できていない（候補が複数）,タグ・JAN・型番・ブランド名を撮影、全体写真、数量,,,,,,,,,候補あり
PKGI-02691066,PKGI-02691066,Earthion（アーシオン） DELUXE EDITION,1,superdeluxegames_jp,BU-01014424,PKG-01149348,,,,8月,B,数量・版＋撮影（写真なし）,中,BU-01014424,箱,680,1,,現物未確認（数量・版の確認）／写真なし（撮影が必要）,確認数量（元リストの商品単位） / 欠品・付属品の実際の内容 / 対応機種・通常ソフトと付属品の構成を注文/現物で確認。PS5等のSKU・店舗特典は未確定,https://superdeluxegames.jp/products/ps5-earthion-de,master_v336_confirmed_url,,,,,,,特定済み
PKGI-02692031,PKGI-02692031,【ボーイフレンド シーズン2】コラボ アソートフラワーTシャツ≪追加予約≫,2,dot-st_com,BU-01014712,PKG-01063798,,,,8月,G,商品特定（候補あり）,高,BU-01014712,箱,682,2,,商品を特定できていない（候補が複数）,タグ・JAN・型番・ブランド名を撮影、全体写真、数量,,,,,,,,,候補あり
PKGI-02692330,PKGI-02692330,サイドリボンティアードミニスカート,1,evelyn_tokyo_jp,BU-01014795,PKG-01125752,YES,YES,,8月,B,数量・版＋撮影（写真なし）,中,BU-01014795,箱,683,1,,現物未確認（数量・版の確認）／写真なし（撮影が必要）,確認数量（元リストの商品単位） / 欠品・付属品の実際の内容 / 現物の色・品番・サイズを確認。素材は色別に異なるため選択後に反映,https://evelyn.tokyo.jp/item/detail/1_1_EVD-996_1/18?menu_store_id=1,master_v336_confirmed_url,,,,,,,特定済み
PKGI-02692731,PKGI-02692731,【72%OFF】ショート丈カモ柄ジップパーカー/フェイクファー/迷彩,1,spinns_jp,BU-01014979,PKG-01101135,,,,8月,H,商品特定（ページ見つからず）,高,BU-01014979,箱,686,1,,商品ページが見つからない（商品名から特定不可）,タグ・JAN・型番・ブランド名を撮影、全体写真、数量,,,,,,,,,未発見
PKGI-02692727,PKGI-02692727,≪たまごっち≫ぬいぐるみキーホルダー/マスコット/#平成女児,1,spinns_jp,BU-01014979,PKG-01101135,,,,8月,G,商品特定（候補あり）,高,BU-01014979,箱,687,1,,商品を特定できていない（候補が複数）,タグ・JAN・型番・ブランド名を撮影、全体写真、数量,,,,,,,,,候補あり
PKGI-02692728,PKGI-02692728,メタルネックレス/鍵付きハート南京錠＜メール便対応＞,1,spinns_jp,BU-01014979,PKG-01101135,,,,8月,G,商品特定（候補あり）,高,BU-01014979,箱,689,1,,商品を特定できていない（候補が複数）,タグ・JAN・型番・ブランド名を撮影、全体写真、数量,,,,,,,,,候補あり
PKGI-02692729,PKGI-02692729,【59%OFF】シルバーチェーンネックレス/モチーフ/クロス/ムーン＜メール便対応＞,1,spinns_jp,BU-01014979,PKG-01101135,,,,8月,H,商品特定（ページ見つからず）,高,BU-01014979,箱,690,1,,商品ページが見つからない（商品名から特定不可）,タグ・JAN・型番・ブランド名を撮影、全体写真、数量,,,,,,,,,未発見
PKGI-02692730,PKGI-02692730,【59%OFF】シルバーチェーンネックレス/モチーフ/クロス/ムーン＜メール便対応＞,1,spinns_jp,BU-01014979,PKG-01101135,,,,8月,H,商品特定（ページ見つからず）,高,BU-01014979,箱,691,1,,商品ページが見つからない（商品名から特定不可）,タグ・JAN・型番・ブランド名を撮影、全体写真、数量,,,,,,,,,未発見
PKGI-02692896,PKGI-02692896,ソロテックス M-65 パーカ,1,beams_co_jp,BU-01015039,PKG-00966867,,,,8月,B,数量・版＋撮影（写真なし）,中,BU-01015039,箱,692,1,,現物未確認（数量・版の確認）／写真なし（撮影が必要）,元帳数量保持・現物未確認,https://www.beams.co.jp/item/beamsboy/coat/13190094120/,master_v336_confirmed_url,,,,元帳数量保持・現物,,,特定済み
PKGI-02672552,PKGI-02672552,MYZ1052203A0003 【春に大活躍間違いなし！／全骨格対象】レース切替デニム,1,palcloset_jp,BU-01015158,PKG-01061248,,,,8月,H,商品特定（ページ見つからず）,高,BU-01015158,箱,693,1,,商品ページが見つからない（商品名から特定不可）,タグ・JAN・型番・ブランド名を撮影、全体写真、数量,,,,,,,,,未発見
PKGI-02668541,PKGI-02668541,MYZ1052102A0011 【BLK再予約START！/オールシーズン対応】フリルイージーパンツ,1,palcloset_jp,BU-01015158,PKG-01061248,,,,8月,B,数量・版＋撮影（写真なし）,中,BU-01015158,箱,694,1,,現物未確認（数量・版の確認）／写真なし（撮影が必要）,元帳数量保持・現物未確認,https://www.palcloset.jp/display/item/MYZ1052102A0011/,master_v336_confirmed_url,,,,元帳数量保持・現物,,,特定済み
PKGI-02693326,PKGI-02693326,MYZ1061404A0007 キャップスリーブコットンレースブラウス,1,palcloset_jp,BU-01015158,PKG-01061248,YES,YES,,8月,A,版・サイズ・色の確定,中,BU-01015158,箱,695,1,,版・SKU・サイズ・色が元データから確定できない,版・種類・サイズ・色,https://www.palcloset.jp/display/item/MYZ1061404A0007/,master_v336_confirmed_url,,,,,,,特定済み
PKGI-02694008,PKGI-02694008,"YOU GOTTA UNDERSTAND / THINKING OF LEAVING (7"")",1,diskunion_net,BU-01015417,PKG-01101149,,,YES,8月,B,数量・版＋撮影（写真なし）,中,BU-01015417,箱,696,1,,現物未確認（数量・版の確認）／写真なし（撮影が必要）,確認数量（元リストの商品単位） / 欠品・付属品の実際の内容 / 初回/再プレス・品番・盤状態を確認。FND002は掲載版の品番として別管理,https://acidjazz.co.uk/products/carmy-love-you-gotta-understand,master_v336_confirmed_url,,,,,,,特定済み
PKGI-02694554,PKGI-02694554,【A Good Bad Influence(ア グッド バッド インフルエンス)】WHO I AM Tシャツ(AGBI-26SS-T04),1,cambio_co_jp,BU-01015627,PKG-01126428,,,,8月,G,商品特定（候補あり）,高,BU-01015627,箱,699,1,,商品を特定できていない（候補が複数）,タグ・JAN・型番・ブランド名を撮影、全体写真、数量,,,,,,,,,候補あり
PKGI-02695004,PKGI-02695004,【POD】あなたの犬になりたい,1,books_rakuten_co_jp,BU-01015797,PKG-01101192,,,,8月,H,商品特定（ページ見つからず）,高,BU-01015797,箱,700,1,,商品ページが見つからない（商品名から特定不可）,タグ・JAN・型番・ブランド名を撮影、全体写真、数量,https://books.rakuten.co.jp/rb/18073453/,"web_search(supplier,score=0.95)",https://books.rakuten.co.jp/rb/18073453/,【POD】あなたの犬になりたい,0.95,,,,未発見
PKGI-02695180,PKGI-02695180,N.HOOLYWOOD × Champion / REVERSIBLE DOLMAN SWEATSHIRT,1,n-hoolywood_com,BU-01015856,PKG-01126673,YES,YES,,8月,B,数量・版＋撮影（写真なし）,中,BU-01015856,箱,701,1,,現物未確認（数量・版の確認）／写真なし（撮影が必要）,確認数量（元リストの商品単位） / 欠品・付属品の実際の内容 / 色・サイズ・種類の現物と根拠照合 / 現物の品番・色サイズを確認,https://store.jb-voice.co.jp/products/n-hoolywood-champion-reversible-dolman-sweatshirt-c8-d411-1,master_v336_confirmed_url,,,,,,,特定済み
PKGI-02696455,PKGI-02696455,【oliwa】Replicate angel keyring / キーリング,1,sheep-shop_jp,BU-01016299,PKG-01126742,,,,8月,G,商品特定（候補あり）,高,BU-01016299,箱,704,1,,商品を特定できていない（候補が複数）,タグ・JAN・型番・ブランド名を撮影、全体写真、数量,,,,,,,,,候補あり
PKGI-02662354,PKGI-02662354,HUNDRED LINE-最終防衛学園　ANIPLEX中国　トレーディングぬいバッジ【26年5月より入荷予定】,1,yotuba_shop,BU-01016390,PKG-01086988,,,,8月,H,商品特定（ページ見つからず）,高,BU-01016390,箱,706,1,,商品ページが見つからない（商品名から特定不可）,タグ・JAN・型番・ブランド名を撮影、全体写真、数量,,,,,,,,,未発見
PKGI-02662348,PKGI-02662348,HUNDRED LINE-最終防衛学園　ANIPLEX中国　ぬいぐるみ【26年5月より入荷予定】,1,yotuba_shop,BU-01016390,PKG-01086988,,,,8月,H,商品特定（ページ見つからず）,高,BU-01016390,箱,707,1,,商品ページが見つからない（商品名から特定不可）,タグ・JAN・型番・ブランド名を撮影、全体写真、数量,,,,,,,,,未発見
PKGI-02662349,PKGI-02662349,HUNDRED LINE-最終防衛学園　ANIPLEX中国　ぬいぐるみ【26年5月より入荷予定】,1,yotuba_shop,BU-01016390,PKG-01086988,,,,8月,H,商品特定（ページ見つからず）,高,BU-01016390,箱,708,1,,商品ページが見つからない（商品名から特定不可）,タグ・JAN・型番・ブランド名を撮影、全体写真、数量,,,,,,,,,未発見
PKGI-02662350,PKGI-02662350,HUNDRED LINE-最終防衛学園　ANIPLEX中国　ぬいぐるみ【26年5月より入荷予定】,1,yotuba_shop,BU-01016390,PKG-01086988,,,,8月,H,商品特定（ページ見つからず）,高,BU-01016390,箱,709,1,,商品ページが見つからない（商品名から特定不可）,タグ・JAN・型番・ブランド名を撮影、全体写真、数量,,,,,,,,,未発見
PKGI-02662351,PKGI-02662351,HUNDRED LINE-最終防衛学園　ANIPLEX中国　ぬいぐるみ【26年5月より入荷予定】,1,yotuba_shop,BU-01016390,PKG-01086988,,,,8月,H,商品特定（ページ見つからず）,高,BU-01016390,箱,710,1,,商品ページが見つからない（商品名から特定不可）,タグ・JAN・型番・ブランド名を撮影、全体写真、数量,,,,,,,,,未発見
PKGI-02662352,PKGI-02662352,HUNDRED LINE-最終防衛学園　ANIPLEX中国　ぬいぐるみ【26年5月より入荷予定】,1,yotuba_shop,BU-01016390,PKG-01086988,,,,8月,H,商品特定（ページ見つからず）,高,BU-01016390,箱,711,1,,商品ページが見つからない（商品名から特定不可）,タグ・JAN・型番・ブランド名を撮影、全体写真、数量,,,,,,,,,未発見
PKGI-02662353,PKGI-02662353,HUNDRED LINE-最終防衛学園　ANIPLEX中国　ぬいぐるみ【26年5月より入荷予定】,1,yotuba_shop,BU-01016390,PKG-01086988,,,,8月,H,商品特定（ページ見つからず）,高,BU-01016390,箱,712,1,,商品ページが見つからない（商品名から特定不可）,タグ・JAN・型番・ブランド名を撮影、全体写真、数量,,,,,,,,,未発見
PKGI-02696662,PKGI-02696662,HUNDRED LINE-最終防衛学園　ANIPLEX中国　小高和剛缶バッジセット　2枚入【26年3月より入荷予定】,1,yotuba_shop,BU-01016390,PKG-01086988,,,,8月,G,商品特定（候補あり）,高,BU-01016390,箱,713,1,,商品を特定できていない（候補が複数）,タグ・JAN・型番・ブランド名を撮影、全体写真、数量,,,,,,,,,候補あり
PKGI-02696745,PKGI-02696745,【5月上旬入荷予定】CAMブロック ホンダモンキー HONDA MONKEY 125 (527ピース),1,camshop_jp,BU-01016429,PKG-01083006,,,,8月,H,商品特定（ページ見つからず）,高,BU-01016429,箱,714,1,,商品ページが見つからない（商品名から特定不可）,タグ・JAN・型番・ブランド名を撮影、全体写真、数量,https://www.amazon.co.jp/CAM%E3%83%96%E3%83%AD%E3%83%83%E3%82%AF-%E3%83%9B%E3%83%B3%E3%83%80%E3%83%A2%E3%83%B3%E3%82%AD%E3%83%BC-HONDA-MONKEY-527%E3%83%94%E3%83%BC%E3%82%B9/dp/B0GL7362KD,"web_search(other,score=0.95)",https://www.amazon.co.jp/CAM%E3%83%96%E3%83%AD%E3%83%83%E3%82%AF-%E3%83%9B%E3%83%B3%E3%83%80%E3%83%A2%E3%83%B3%E3%82%AD%E3%83%BC-HONDA-MONKEY-527%E3%83%94%E3%83%BC%E3%82%B9/dp/B0GL7362KD,Amazon.co.jp: CAMブロック ホンダモンキー HONDA MONKEY 125 (527ピース) 6歳以上 : おもちゃ,0.95,,,,未発見
PKGI-02696830,PKGI-02696830,エルベシャプリエ Herve Chapelier 925N(ナイロン舟型ショルダーL),1,shop-hervechapelierjapon_com,BU-01016471,PKG-01083128,YES,YES,,8月,B,数量・版＋撮影（写真なし）,中,BU-01016471,箱,715,1,,現物未確認（数量・版の確認）／写真なし（撮影が必要）,確認数量（元リストの商品単位） / 欠品・付属品の実際の内容 / 色・サイズ等の現物照合,https://www.hervechapelier.com/uk_en/catalogsearch/result/index/?q=925n&size=4,master_v336_confirmed_url,,,,,,,特定済み
PKGI-02697443,PKGI-02697443,イヨシコーラ「魔法のシロップ」THE JAPAN EDITION Mサイズ（250 ml）,1,shop_iyoshicola_com,BU-01016710,PKG-01083038,YES,YES,,8月,A,版・サイズ・色の確定,中,BU-01016710,箱,717,1,,版・SKU・サイズ・色が元データから確定できない,版・種類・サイズ・色,https://shop.iyoshicola.com/products/the-japan-edition-m-250-ml,master_v336_confirmed_url,,,,,,,特定済み
PKGI-02697635,PKGI-02697635,INSECT SHIELD SKIN TIGHT SUIT,1,mandarinebrothers_shop,BU-01016789,PKG-01124957,YES,YES,YES,8月,A,版・サイズ・色の確定,中,BU-01016789,箱,718,1,,版・SKU・サイズ・色が元データから確定できない,版・種類・サイズ・色、数量・セット内容、状態・未開封,https://www.mandarinebrothers.shop/view/item/000000000143,master_v336_confirmed_url,,,,,,,特定済み
PKGI-02697634,PKGI-02697634,INSECT SHIELD SKIN TIGHT SUIT,1,mandarinebrothers_shop,BU-01016789,PKG-01124957,YES,YES,YES,8月,A,版・サイズ・色の確定,中,BU-01016789,箱,719,1,,版・SKU・サイズ・色が元データから確定できない,版・種類・サイズ・色、数量・セット内容、状態・未開封,,,,,,,,,特定済み
PKGI-02698245,PKGI-02698245,≪2/15～追加予約≫【ボーイフレンド シーズン2】コラボキャップ,1,dot-st_com,BU-01017009,PKG-01064138,,,,8月,G,商品特定（候補あり）,高,BU-01017009,箱,721,1,,商品を特定できていない（候補が複数）,タグ・JAN・型番・ブランド名を撮影、全体写真、数量,,,,,,,,,候補あり
PKGI-02698436,PKGI-02698436,2枚組 Hanes T-SHIRTS SHIRO/KURO クルーネックTシャツ 26SS ヘインズ(HM1-D703),1,hanesbrandsinc_jp,BU-01017071,PKG-01083657,,,,8月,H,商品特定（ページ見つからず）,高,BU-01017071,箱,722,1,,商品ページが見つからない（商品名から特定不可）,タグ・JAN・型番・ブランド名を撮影、全体写真、数量,,,,,,,,,未発見
PKGI-02698751,PKGI-02698751,LB Thorn Logo Long Embroidery Sleeve Tee Black,1,lbwk_jp,BU-01017219,PKG-01149560,YES,YES,YES,8月,A,版・サイズ・色の確定,中,BU-01017219,箱,724,1,,版・SKU・サイズ・色が元データから確定できない,版・種類・サイズ・色、数量・セット内容、状態・未開封,https://lbwk.jp/products/lt56-bk,master_v336_confirmed_url,,,,元帳数量保持・現物,,,特定済み
PKGI-02698885,PKGI-02698885,2524-3C7B177-00 3COINS 《掃除機でも使える》自動圧縮バッグ3枚セット,30,palcloset_jp,BU-01017259,PKG-01064245,YES,YES,,8月,A,版・サイズ・色の確定,中,BU-01017259,箱,726,30,,版・SKU・サイズ・色が元データから確定できない,版・種類・サイズ・色,https://www.palcloset.jp/display/item/2524-3C7B177-00/?attributionToken=Y_BiCgsInpOT1AYQp-j4MRABGiQ2YTdkNGM4Zi0wMDAwLTJmYTktYTlmMS1mYzQxMTY5MWE5MDEqBG51bGwyDKjlqi3Usp0VwvCeFToOZGVmYXVsdF9zZWFyY2hIAVgBaAF6AnRr&b=3coins&cl=19&ss=,master_v336_confirmed_url,,,,,,,特定済み
PKGI-02699686,PKGI-02699686,Synthesizer V AI 重音テト,1,ah-soft_net,BU-01017460,PKG-01083601,YES,YES,YES,8月,A,版・サイズ・色の確定,中,BU-01017460,箱,729,1,,版・SKU・サイズ・色が元データから確定できない,版・種類・サイズ・色、数量・セット内容、状態・未開封、画像と現物の一致、箱・袋の所在,,,,,,,,,特定済み
PKGI-02699977,PKGI-02699977,EAZ1052114A0001 【ほし企画】本革スタッズフラグメントケース,1,palcloset_jp,BU-01017580,PKG-01064274,YES,YES,,8月,A,版・サイズ・色の確定,中,BU-01017580,箱,730,1,,版・SKU・サイズ・色が元データから確定できない,版・種類・サイズ・色,https://www.palcloset.jp/display/item/EAZ1052114A0001/,master_v336_confirmed_url,,,,,,,特定済み
PKGI-02700147,PKGI-02700147,Lightwear Headphones Hp1 Clear,1,km5_co_jp,BU-01017634,PKG-01101612,YES,YES,YES,8月,A,版・サイズ・色の確定,中,BU-01017634,箱,731,1,,版・SKU・サイズ・色が元データから確定できない,版・種類・サイズ・色、数量・セット内容、状態・未開封,https://km5.co.jp/products/lightwear-headphones-hp1-clear,master_v336_confirmed_url,,,,,,,特定済み
PKGI-02700177,PKGI-02700177,rekte フルート四重奏のために：侘美秀俊 [フルート4重奏],1,fostermusic_jp,BU-01017653,PKG-01083943,,,YES,8月,D,数量・セット内容,中,BU-01017653,箱,732,1,,数量・セット内容の確認が必要,数量・セット内容、状態・未開封,https://fostermusic.jp/products/detail/11569,master_v336_confirmed_url,,,,現物,,,特定済み
PKGI-02689749,PKGI-02689749,AKOMEYA TOKYO/ 炊き込みごはんの素 宮城県産鮭バターめし 2合炊き用,2,akomeya_jp,BU-01017672,PKG-01094893,,,YES,8月,E,賞味期限・保管状態,高,BU-01017672,箱,733,2,,期限・保管状態の確認が必要,賞味期限・保管状態、状態・未開封,https://www.akomeya.jp/shop/g/g4905171008144/,master_v336_confirmed_url,,,,,,,特定済み
PKGI-02689750,PKGI-02689750,AKOMEYA TOKYO/ Cooked rice base sea bream rice for cooking 2 cups,1,akomeya_jp,BU-01017672,PKG-01094893,,,,8月,G,商品特定（候補あり）,高,BU-01017672,箱,734,1,,商品を特定できていない（候補が複数）,タグ・JAN・型番・ブランド名を撮影、全体写真、数量,,,,,,,,,候補あり
PKGI-02689751,PKGI-02689751,"AKOMEYA TOKYO / Reiwa 7th year, Tomae, Hokkaido, Rumoi Agricultural Cooperative Yumepirika (white rice, chewy) 2 go special cul",1,akomeya_jp,BU-01017672,PKG-01094893,,,,8月,G,商品特定（候補あり）,高,BU-01017672,箱,736,1,,商品を特定できていない（候補が複数）,タグ・JAN・型番・ブランド名を撮影、全体写真、数量,,,,,,,,,候補あり
PKGI-02689752,PKGI-02689752,石神邑/はちみつ梅,1,akomeya_jp,BU-01017672,PKG-01094893,,,,8月,H,商品特定（ページ見つからず）,高,BU-01017672,箱,737,1,,商品ページが見つからない（商品名から特定不可）,タグ・JAN・型番・ブランド名を撮影、全体写真、数量,,,,,,,,,未発見
PKGI-02689756,PKGI-02689756,山本海苔店　おにぎり用焼海苔3切サイズ,1,akomeya_jp,BU-01017672,PKG-01094893,,,,8月,G,商品特定（候補あり）,高,BU-01017672,箱,738,1,,商品を特定できていない（候補が複数）,タグ・JAN・型番・ブランド名を撮影、全体写真、数量,https://www.akomeya.jp/shop/g/g4942306409223/,web_search(supplier,https://www.akomeya.jp/shop/g/g4942306409223/,山本海苔店 おにぎり用焼海苔3切サイズ: ごはんのお供｜AKOMEYA TOKYO,1.00,,,,候補あり
PKGI-02689754,PKGI-02689754,AKOMEYA TOKYO/ 銀鮭　焼きほぐし,1,akomeya_jp,BU-01017672,PKG-01094893,,,YES,8月,E,賞味期限・保管状態,高,BU-01017672,箱,739,1,,期限・保管状態の確認が必要,賞味期限・保管状態、状態・未開封,https://www.akomeya.jp/shop/g/g4967265503133/,master_v336_confirmed_url,,,,,,,特定済み
PKGI-02689757,PKGI-02689757,しお学舎のねぎ塩たれ,1,akomeya_jp,BU-01017672,PKG-01094893,,,YES,8月,B,数量・版＋撮影（写真なし）,中,BU-01017672,箱,740,1,,現物未確認（数量・版の確認）／写真なし（撮影が必要）,確認数量（元リストの商品単位） / 欠品・付属品の実際の内容 / 容器のJAN・内容量・賞味期限・封緘と保存状態を確認。販売元の期限保証を転用しない / 賞味期限・保存履歴・包装表示（状態欄へ記録）,https://www.shiogakusha.com/?pid=169243027,master_v336_confirmed_url,,,,,,,特定済み
PKGI-02689755,PKGI-02689755,AKOMEYA TOKYO/ まぜこみの素　梅白菜,1,akomeya_jp,BU-01017672,PKG-01094893,,,,8月,G,商品特定（候補あり）,高,BU-01017672,箱,741,1,,商品を特定できていない（候補が複数）,タグ・JAN・型番・ブランド名を撮影、全体写真、数量,,,,,,,,,候補あり
PKGI-02689748,PKGI-02689748,AKOMEYA TOKYO/ アコメヤの万能出汁 50g（10g×5袋）　だし,1,akomeya_jp,BU-01017672,PKG-01094893,,,,8月,G,商品特定（候補あり）,高,BU-01017672,箱,742,1,,商品を特定できていない（候補が複数）,タグ・JAN・型番・ブランド名を撮影、全体写真、数量,https://www.akomeya.jp/shop/g/g4977930021893/,"candidate_url(supplier,score=0.95)",https://www.akomeya.jp/shop/g/g4977930021893/,AKOMEYA TOKYO/ アコメヤの万能出汁（だし） 50g（10g×5袋）(5袋入り 万能): だし・調味料｜AKOMEYA TOKYO,0.95,,,,候補あり
PKGI-02693635,PKGI-02693635,ReFa MILK PROTEIN PINK LINE,1,mtgec_jp,BU-01017702,PKG-01101329,,,,8月,G,商品特定（候補あり）,高,BU-01017702,箱,743,1,,商品を特定できていない（候補が複数）,タグ・JAN・型番・ブランド名を撮影、全体写真、数量,,,,,,,,,候補あり
PKGI-02700352,PKGI-02700352,戦場のフーガ アクリルキーホルダー しっとりコレクション,1,cc2store-itn_shop-pro_jp,BU-01017712,PKG-01101604,,,,8月,B,数量・版＋撮影（写真なし）,中,BU-01017712,箱,745,1,,現物未確認（数量・版の確認）／写真なし（撮影が必要）,確認数量（元リストの商品単位） / 欠品・付属品の実際の内容 / ハクス/フラム/プレッツェル/マスカット/メルローの現物種類を確認,https://cc2store-itn.shop-pro.jp/?pid=191531185,master_v336_confirmed_url,,,,,,,特定済み
PKGI-02700353,PKGI-02700353,戦場のフーガ アクリルキーホルダー しっとりコレクション,1,cc2store-itn_shop-pro_jp,BU-01017712,PKG-01101604,,,,8月,B,数量・版＋撮影（写真なし）,中,BU-01017712,箱,746,1,,現物未確認（数量・版の確認）／写真なし（撮影が必要）,確認数量（元リストの商品単位） / 欠品・付属品の実際の内容 / ハクス/フラム/プレッツェル/マスカット/メルローの現物種類を確認,,,,,,,,,特定済み
PKGI-02700593,PKGI-02700593,こわれ素焼きおかき〔大袋〕　350g,4,shop_genbudo_co_jp,BU-01017795,PKG-01083541,,,YES,8月,B,数量・版＋撮影（写真なし）,中,BU-01017795,箱,747,4,,現物未確認（数量・版の確認）／写真なし（撮影が必要）,確認数量（元リストの商品単位） / 欠品・付属品の実際の内容 / 現物の内容量/JAN・期限・封緘・保存状態を確認,https://store.shopping.yahoo.co.jp/genbudo/8322.html,master_v336_confirmed_url,,,,,,,特定済み
PKGI-02700643,PKGI-02700643,Arcaea Sound Collection - Memories of Serenity,1,tanocstore_net,BU-01017815,PKG-01149598,YES,YES,YES,8月,A,版・サイズ・色の確定,中,BU-01017815,箱,748,1,,版・SKU・サイズ・色が元データから確定できない,版・種類・サイズ・色、数量・セット内容、状態・未開封,https://www.tanocstore.net/shopdetail/000000003607/,master_v336_confirmed_url,,,,元帳数量保持・現物,,,特定済み
PKGI-02701119,PKGI-02701119,Synthesizer V 2 AI 重音テト,1,ah-soft_net,BU-01017999,PKG-01083602,,,YES,8月,F,状態・未開封・動作,中,BU-01017999,箱,749,1,,状態・未開封・動作の確認が必要,状態・未開封,,,,,,,,,特定済み
PKGI-02701508,PKGI-02701508,BRONZE 56K MADNESS HAT NAVY,1,provtokyo_com,BU-01018114,PKG-01153130,,,,8月,G,商品特定（候補あり）,高,BU-01018114,箱,750,1,,商品を特定できていない（候補が複数）,タグ・JAN・型番・ブランド名を撮影、全体写真、数量,,,,,,,,,候補あり
PKGI-02701737,PKGI-02701737,エアトラベルキャリー Lサイズ ATC-870 ブラウン,1,irisplaza_co_jp,BU-01018180,PKG-01126749,YES,YES,,8月,A,版・サイズ・色の確定,中,BU-01018180,箱,751,1,,版・SKU・サイズ・色が元データから確定できない,版・種類・サイズ・色,https://www.irisplaza.co.jp/index.php?KB=SHOSAI&SID=P251946&target=shohin,master_v336_confirmed_url,,,,,,,特定済み
PKGI-02701833,PKGI-02701833,メンズ　ボクサーブリーフ（モンチッチ）(しまむら)【予約】,1,shop-shimamura_com,BU-01018229,PKG-01149736,,,,8月,G,商品特定（候補あり）,高,BU-01018229,箱,752,1,,商品を特定できていない（候補が複数）,タグ・JAN・型番・ブランド名を撮影、全体写真、数量,,,,,,,,,候補あり
PKGI-02699677,PKGI-02699677,THE MILK TEA WALTZ COLLECTION,1,peonyofficial_jp,BU-01018490,PKG-01149650,,,,8月,H,商品特定（ページ見つからず）,高,BU-01018490,箱,755,1,,商品ページが見つからない（商品名から特定不可）,タグ・JAN・型番・ブランド名を撮影、全体写真、数量,,,,,,,,,未発見
PKGI-02702542,PKGI-02702542,NEW陸上自衛隊　新型コンバットシャツ　難燃ＶＣリップストップＩＲ加工生地【予約販売　５月上旬予定】,1,tatezakura_jp,BU-01018513,PKG-01126887,,,,8月,G,商品特定（候補あり）,高,BU-01018513,箱,757,1,,商品を特定できていない（候補が複数）,タグ・JAN・型番・ブランド名を撮影、全体写真、数量,https://tatezakura.jp/SHOP/B149.html,candidate_verified(score=1.00),https://tatezakura.jp/SHOP/B149.html,,,,,,候補あり
PKGI-02702656,PKGI-02702656,Edo Furin,1,yaecaya_yaeca_com,BU-01018556,PKG-01149858,,,,8月,H,商品特定（ページ見つからず）,高,BU-01018556,箱,758,1,,商品ページが見つからない（商品名から特定不可）,タグ・JAN・型番・ブランド名を撮影、全体写真、数量,,,,,,,,,未発見
PKGI-02702683,PKGI-02702683,蒼月衛人 モチーフ アウター (Black ver.) HUNDRED LINE -最終防衛学園- ハンドレッドライン,1,super-groupies_com,BU-01018579,PKG-01149823,YES,YES,,8月,A,版・サイズ・色の確定,中,BU-01018579,箱,759,1,,版・SKU・サイズ・色が元データから確定できない,版・種類・サイズ・色,https://www.super-groupies.com/product/8978,master_v336_confirmed_url,,,,,,,特定済み
PKGI-02702700,PKGI-02702700,HANA Moment Box 2026【2026年3月下旬発送予定】,1,bmsg_shop,BU-01018581,PKG-01126934,,,,8月,H,商品特定（ページ見つからず）,高,BU-01018581,箱,760,1,,商品ページが見つからない（商品名から特定不可）,タグ・JAN・型番・ブランド名を撮影、全体写真、数量,,,,,,,,,未発見
PKGI-02702905,PKGI-02702905,厚底スニーカー （ブラック）,1,yosuke-idocorp_com,BU-01018669,PKG-01153156,YES,YES,,8月,A,版・サイズ・色の確定,中,BU-01018669,箱,761,1,,版・SKU・サイズ・色が元データから確定できない,版・種類・サイズ・色,https://yosuke-idocorp.com/commodity/SIDO0035D/YO729BW15071/,master_v336_confirmed_url,,,,,,,特定済み
PKGI-02703358,PKGI-02703358,メガネケース クロス付（おぱんちゅうさぎ）(しまむら)【予約】,1,shop-shimamura_com,BU-01018809,PKG-01101788,,,,8月,H,商品特定（ページ見つからず）,高,BU-01018809,箱,762,1,,商品ページが見つからない（商品名から特定不可）,タグ・JAN・型番・ブランド名を撮影、全体写真、数量,,,,,,,,,未発見
PKGI-02703591,PKGI-02703591,〈残りわずか〉アシメタックホックワイドパンツ,1,united-tokyo_com,BU-01018897,PKG-01153006,,,,8月,G,商品特定（候補あり）,高,BU-01018897,箱,764,1,,商品を特定できていない（候補が複数）,タグ・JAN・型番・ブランド名を撮影、全体写真、数量,,,,,,,,,候補あり
PKGI-02703590,PKGI-02703590,オープンヨークショートシャツ,1,united-tokyo_com,BU-01018897,PKG-01153006,YES,YES,,8月,B,数量・版＋撮影（写真なし）,中,BU-01018897,箱,765,1,,現物未確認（数量・版の確認）／写真なし（撮影が必要）,確認数量（元リストの商品単位） / 欠品・付属品の実際の内容 / 色・サイズ・種類の現物と根拠照合,https://store.shopping.yahoo.co.jp/zozo/93461981.html,master_v336_confirmed_url,,,,,,,特定済み
PKGI-02704053,PKGI-02704053,『ＯＮＥ　ＰＩＥＣＥ　ＨＥＲＯＩＮＥＳ&times;Ｓａｌｕｔｅ』【プッシュアップタイプ】 ワイヤーブラ（３／４カップ）,1,store_wacoal_jp,BU-01019053,PKG-01126867,,,,8月,H,商品特定（ページ見つからず）,高,BU-01019053,箱,766,1,,商品ページが見つからない（商品名から特定不可）,タグ・JAN・型番・ブランド名を撮影、全体写真、数量,,,,,,,,,未発見
PKGI-02704052,PKGI-02704052,『ＯＮＥ　ＰＩＥＣＥ　ＨＥＲＯＩＮＥＳ&times;Ｓａｌｕｔｅ』 レディスショーツ,1,store_wacoal_jp,BU-01019053,PKG-01126867,,,,8月,H,商品特定（ページ見つからず）,高,BU-01019053,箱,767,1,,商品ページが見つからない（商品名から特定不可）,タグ・JAN・型番・ブランド名を撮影、全体写真、数量,,,,,,,,,未発見
PKGI-02704190,PKGI-02704190,【送料無料！】噛み付けば？ REVERSE SKULL LONG ZIP パーカ,1,sexpot_jp,BU-01019122,PKG-01153713,,,,8月,G,商品特定（候補あり）,高,BU-01019122,箱,769,1,,商品を特定できていない（候補が複数）,タグ・JAN・型番・ブランド名を撮影、全体写真、数量,,,,,,,,,候補あり
PKGI-02704192,PKGI-02704192,ビニールショートワイド傘,2,sugitakasa_com,BU-01019125,PKG-01153577,YES,YES,YES,8月,A,版・サイズ・色の確定,中,BU-01019125,箱,770,2,,版・SKU・サイズ・色が元データから確定できない,版・種類・サイズ・色、数量・セット内容、状態・未開封、画像と現物の一致,https://www.sugitakasa.com/view/item/000000000038?category_page_id=ct6,master_v336_confirmed_url,,,,帳簿2本・現物実数,,,特定済み
PKGI-02704410,PKGI-02704410,【グッズ】トレーディングアクリルピックキーホルダー(全5種)〈佐藤さと先生「666DOPES」発売記念〉,1,horinlovebooks_com,BU-01019170,PKG-01153738,,,,8月,G,商品特定（候補あり）,高,BU-01019170,箱,771,1,,商品を特定できていない（候補が複数）,タグ・JAN・型番・ブランド名を撮影、全体写真、数量,,,,,,,,,候補あり
PKGI-02705007,PKGI-02705007,【楽天ブックス限定先着特典】宣誓 ?個性や自由ではみ出し10年?【Blu-ray】(クリアポスター)【予約】,1,books_rakuten_co_jp,BU-01019395,PKG-01150189,,,,8月,H,商品特定（ページ見つからず）,高,BU-01019395,箱,772,1,,商品ページが見つからない（商品名から特定不可）,タグ・JAN・型番・ブランド名を撮影、全体写真、数量,,,,,,,,,未発見
PKGI-02705650,PKGI-02705650,映画 ギヴン 海へ アイコニック ストーリー リングオブジェ,1,mayla_jp,BU-01019622,PKG-01149917,YES,YES,,8月,A,版・サイズ・色の確定,中,BU-01019622,箱,774,1,,版・SKU・サイズ・色が元データから確定できない,版・種類・サイズ・色,https://mayla.jp/SHOP/aca0354.html,master_v336_confirmed_url,,,,,,,特定済み
PKGI-02705672,PKGI-02705672,海苔ふりかけ　贅沢あられたっぷり　１００g,1,about_maruni-nori_com,BU-01019627,PKG-01153242,,,,8月,J,在庫統合（同一商品が販売中）,高,BU-01019627,箱,775,1,,同一商品が別PDで販売中,現物の有無と点数,,,,,,,,,特定済み
PKGI-02705766,PKGI-02705766,キングダム ハーツ ／ アイコニック イヤオブジェ ～キーブレード～,1,mayla_jp,BU-01019665,PKG-01149828,,,,8月,B,数量・版＋撮影（写真なし）,中,BU-01019665,箱,778,1,,現物未確認（数量・版の確認）／写真なし（撮影が必要）,元帳数量保持・現物未確認,https://mayla.jp/mainItem/item/aca0364/main.html,master_v336_confirmed_url,,,,元帳数量保持・現物,,,特定済み
PKGI-02705838,PKGI-02705838,マスコットチャーム☆いちごちゃん(ブラウン) x ポシェット(ホワイト),1,curlycollection_jp,BU-01019677,PKG-01153423,,,,8月,G,商品特定（候補あり）,高,BU-01019677,箱,779,1,,商品を特定できていない（候補が複数）,タグ・JAN・型番・ブランド名を撮影、全体写真、数量,,,,,,,,,候補あり
PKGI-02705839,PKGI-02705839,ポーチ付きエコバッグ☆ハローキティ&いちごちゃん/レッド,1,curlycollection_jp,BU-01019677,PKG-01153423,,,,8月,G,商品特定（候補あり）,高,BU-01019677,箱,780,1,,商品を特定できていない（候補が複数）,タグ・JAN・型番・ブランド名を撮影、全体写真、数量,,,,,,,,,候補あり
PKGI-02705837,PKGI-02705837,ハローキティ&いちごちゃんマスコットチャーム☆カラビナ:ブラック,1,curlycollection_jp,BU-01019677,PKG-01153423,YES,YES,YES,8月,A,版・サイズ・色の確定,中,BU-01019677,箱,781,1,,版・SKU・サイズ・色が元データから確定できない,版・種類・サイズ・色、数量・セット内容、状態・未開封,https://curlycollection.jp/curly/products/detail/85364,master_v336_confirmed_url,,,,現物,,,特定済み
PKGI-02705889,PKGI-02705889,とんがり帽子のアトリエ　イラスト集,1,books_rakuten_co_jp,BU-01019699,PKG-01150196,YES,YES,,8月,B,数量・版＋撮影（写真なし）,中,BU-01019699,箱,783,1,,現物未確認（数量・版の確認）／写真なし（撮影が必要）,確認数量（元リストの商品単位） / 欠品・付属品の実際の内容 / 現物のISBN・付属品を確認。衣類の色サイズ入力は不要,https://store-tsutaya.tsite.jp/search/item/sell_book/43643413/9784065438145,master_v336_confirmed_url,,,,,,,特定済み
PKGI-02705997,PKGI-02705997,Shirt collar docking off shoulder rib tops,1,lveu_jp,BU-01019740,PKG-01153902,,,,8月,G,商品特定（候補あり）,高,BU-01019740,箱,784,1,,商品を特定できていない（候補が複数）,タグ・JAN・型番・ブランド名を撮影、全体写真、数量,,,,,,,,,候補あり
PKGI-02705998,PKGI-02705998,Chain design tie,1,lveu_jp,BU-01019740,PKG-01153902,,,,8月,H,商品特定（ページ見つからず）,高,BU-01019740,箱,785,1,,商品ページが見つからない（商品名から特定不可）,タグ・JAN・型番・ブランド名を撮影、全体写真、数量,,,,,,,,,未発見
PKGI-02706066,PKGI-02706066,ONE STUDS RING,1,deal-design_jp,BU-01019775,PKG-01154093,YES,YES,,8月,A,版・サイズ・色の確定,中,BU-01019775,箱,786,1,,版・SKU・サイズ・色が元データから確定できない,版・種類・サイズ・色,https://deal-design.jp/products/sn-036,master_v336_confirmed_url,,,,,,,特定済み
PKGI-02650085,PKGI-02650085,switchレースバルーンパンツ,1,mark-styler_co_jp,BU-01019794,PKG-01153906,YES,YES,,8月,B,数量・版＋撮影（写真なし）,中,BU-01019794,箱,787,1,,現物未確認（数量・版の確認）／写真なし（撮影が必要）,確認数量（元リストの商品単位） / 欠品・付属品の実際の内容 / 色・サイズ・種類の現物と根拠照合 / 現物の色・サイズ・タグを確認,https://mitsui-shopping-park.com/ec/p/1099700001409?mallColor=0101,master_v336_confirmed_url,,,,,,,特定済み
PKGI-02706113,PKGI-02706113,pale morning フリルメッシュスカート,1,mark-styler_co_jp,BU-01019794,PKG-01153906,YES,YES,,8月,B,数量・版＋撮影（写真なし）,中,BU-01019794,箱,788,1,,現物未確認（数量・版の確認）／写真なし（撮影が必要）,確認数量（元リストの商品単位） / 欠品・付属品の実際の内容 / 現物の色サイズ・丈を確認。モデル写真と製品丈の違いがあるため画像採用は保留,https://mitsui-shopping-park.com/ec/p/1099700001425?mallColor=0301,master_v336_confirmed_url,,,,,,,特定済み
PKGI-02706128,PKGI-02706128,タブレットスリーブ,1,hightide-online_jp,BU-01019802,PKG-01153868,,,,8月,G,商品特定（候補あり）,高,BU-01019802,箱,789,1,,商品を特定できていない（候補が複数）,タグ・JAN・型番・ブランド名を撮影、全体写真、数量,,,,,,,,,候補あり
PKGI-02706129,PKGI-02706129,タブレットスリーブ,1,hightide-online_jp,BU-01019802,PKG-01153868,,,,8月,G,商品特定（候補あり）,高,BU-01019802,箱,790,1,,商品を特定できていない（候補が複数）,タグ・JAN・型番・ブランド名を撮影、全体写真、数量,,,,,,,,,候補あり
PKGI-02706130,PKGI-02706130,タブレットスリーブ,1,hightide-online_jp,BU-01019802,PKG-01153868,,,,8月,G,商品特定（候補あり）,高,BU-01019802,箱,791,1,,商品を特定できていない（候補が複数）,タグ・JAN・型番・ブランド名を撮影、全体写真、数量,,,,,,,,,候補あり
PKGI-02706315,PKGI-02706315,ダ・ヴィンチ リフィル 聖書サイズ ファスナーポケット,2,raymay-store_jp,BU-01019855,PKG-01154126,,,,8月,G,商品特定（候補あり）,高,BU-01019855,箱,795,2,,商品を特定できていない（候補が複数）,タグ・JAN・型番・ブランド名を撮影、全体写真、数量,https://www.raymay-store.jp/products/detail/112,candidate_verified(score=1.00),https://www.raymay-store.jp/products/detail/112,,,,,,候補あり
PKGI-02706368,PKGI-02706368,モンスターハンター デフォルメぬいぐるみ ネルギガンテ(復刻),1,e-capcom_com,BU-01019879,PKG-01153664,YES,YES,,8月,A,版・サイズ・色の確定,中,BU-01019879,箱,796,1,,版・SKU・サイズ・色が元データから確定できない,版・種類・サイズ・色,https://www.e-capcom.com/shop/g/gC00008688/,master_v336_confirmed_url,,,,,,,特定済み
PKGI-02706369,PKGI-02706369,モンスターハンター モンでふぉ ぬいぐるみ ヌ・エグドラ,1,e-capcom_com,BU-01019879,PKG-01153664,YES,YES,,8月,A,版・サイズ・色の確定,中,BU-01019879,箱,797,1,,版・SKU・サイズ・色が元データから確定できない,版・種類・サイズ・色,https://www.e-capcom.com/shop/g/gC00009109/,master_v336_confirmed_url,,,,,,,特定済み
PKGI-02706370,PKGI-02706370,モンスターハンター モンでふぉ ぬいぐるみ レ・ダウ,1,e-capcom_com,BU-01019879,PKG-01153664,YES,YES,,8月,A,版・サイズ・色の確定,中,BU-01019879,箱,798,1,,版・SKU・サイズ・色が元データから確定できない,版・種類・サイズ・色,https://www.e-capcom.com/shop/g/gC00008888/,master_v336_confirmed_url,,,,,,,特定済み
PKGI-02706419,PKGI-02706419,≪2/15～追加予約≫【ボーイフレンド シーズン2】コラボ クッション,1,dot-st_com,BU-01019898,PKG-01064859,,,,8月,G,商品特定（候補あり）,高,BU-01019898,箱,799,1,,商品を特定できていない（候補が複数）,タグ・JAN・型番・ブランド名を撮影、全体写真、数量,,,,,,,,,候補あり
PKGI-02706633,PKGI-02706633,【予約特別価格】 QUANKAI Studio Gene Interference（ジーンインターフェアランス）シリーズ 1/12スケール QK-ST-002,1,hobbystock_jp,BU-01019995,PKG-01154231,,,,8月,J,在庫統合（同一商品が販売中）,高,BU-01019995,箱,801,1,,同一商品が別PDで販売中,現物の有無と点数,,,,,,,,,特定済み
PKGI-02706965,PKGI-02706965,【HEY-SMITH】Skate Truck ロンT ※受注生産,1,squidarmy_com,BU-01020121,PKG-01153921,,,,8月,H,商品特定（ページ見つからず）,高,BU-01020121,箱,802,1,,商品ページが見つからない（商品名から特定不可）,タグ・JAN・型番・ブランド名を撮影、全体写真、数量,,,,,,,,,未発見
PKGI-02707167,PKGI-02707167,メルクストーリア 10th Anniversary コラボカフェ ミニキャラアクリルキーホルダー A,1,linkstarstore_com,BU-01020204,PKG-01154066,YES,YES,YES,8月,A,版・サイズ・色の確定,中,BU-01020204,箱,803,1,,版・SKU・サイズ・色が元データから確定できない,版・種類・サイズ・色、数量・セット内容、状態・未開封,https://linkstarstore.com/SHOP/LS-MERC-034.html,master_v336_confirmed_url,,,,,,,特定済み
PKGI-02707168,PKGI-02707168,メルクストーリア 10th Anniversary コラボカフェ ミニキャラアクリルキーホルダー B,1,linkstarstore_com,BU-01020204,PKG-01154066,YES,YES,YES,8月,A,版・サイズ・色の確定,中,BU-01020204,箱,804,1,,版・SKU・サイズ・色が元データから確定できない,版・種類・サイズ・色、数量・セット内容、状態・未開封,https://linkstarstore.com/SHOP/LS-MERC-035.html,master_v336_confirmed_url,,,,,,,特定済み
PKGI-02707158,PKGI-02707158,【予約商品】メルクストーリア 茶々ぬい 主人公,1,linkstarstore_com,BU-01020204,PKG-01154066,,,YES,8月,D,数量・セット内容,中,BU-01020204,箱,805,1,,数量・セット内容の確認が必要,数量・セット内容、状態・未開封,https://linkstarstore.com/SHOP/LS-MERC-053.html,master_v336_confirmed_url,,,,元帳数量保持・現物,,,特定済み
PKGI-02707157,PKGI-02707157,【予約商品】メルクストーリア 茶々ぬい メルク,1,linkstarstore_com,BU-01020204,PKG-01154066,,,YES,8月,D,数量・セット内容,中,BU-01020204,箱,806,1,,数量・セット内容の確認が必要,数量・セット内容、状態・未開封,https://linkstarstore.com/SHOP/LS-MERC-054.html,master_v336_confirmed_url,,,,元帳数量保持・現物,,,特定済み
PKGI-02707159,PKGI-02707159,【予約商品】メルクストーリア 茶々ぬい モンスタートト,1,linkstarstore_com,BU-01020204,PKG-01154066,,,YES,8月,D,数量・セット内容,中,BU-01020204,箱,807,1,,数量・セット内容の確認が必要,数量・セット内容、状態・未開封,https://linkstarstore.com/SHOP/LS-MERC-045.html,master_v336_confirmed_url,,,,,,,特定済み
PKGI-02707163,PKGI-02707163,メルクストーリア 10th Anniversary コラボカフェ ミニキャラアクリルスタンド スティーノス＆ヒュチュカ,1,linkstarstore_com,BU-01020204,PKG-01154066,YES,YES,,8月,A,版・サイズ・色の確定,中,BU-01020204,箱,808,1,,版・SKU・サイズ・色が元データから確定できない,版・種類・サイズ・色、数量・セット内容,https://linkstarstore.com/SHOP/LS-MERC-023.html,master_v336_confirmed_url,,,,,,,特定済み
PKGI-02707164,PKGI-02707164,メルクストーリア 10th Anniversary コラボカフェ ミニキャラアクリルスタンド 主人公＆メルク＆トト,1,linkstarstore_com,BU-01020204,PKG-01154066,,,YES,8月,D,数量・セット内容,中,BU-01020204,箱,809,1,,数量・セット内容の確認が必要,数量・セット内容、状態・未開封,https://linkstarstore.com/SHOP/LS-MERC-018.html,master_v336_confirmed_url,,,,,,,特定済み
PKGI-02707165,PKGI-02707165,メルクストーリア 10th Anniversary コラボカフェ ミニキャラアクリルスタンド シスル,1,linkstarstore_com,BU-01020204,PKG-01154066,YES,YES,,8月,A,版・サイズ・色の確定,中,BU-01020204,箱,810,1,,版・SKU・サイズ・色が元データから確定できない,版・種類・サイズ・色、数量・セット内容,https://linkstarstore.com/SHOP/LS-MERC-022.html,master_v336_confirmed_url,,,,,,,特定済み
PKGI-02707160,PKGI-02707160,メルクストーリア 10th Anniversary コラボカフェ 【Glowlight】缶バッジ シスル,1,linkstarstore_com,BU-01020204,PKG-01154066,,,,8月,G,商品特定（候補あり）,高,BU-01020204,箱,811,1,,商品を特定できていない（候補が複数）,タグ・JAN・型番・ブランド名を撮影、全体写真、数量,,,,,,,,,候補あり
PKGI-02707161,PKGI-02707161,メルクストーリア 10th Anniversary コラボカフェ 【Glowlight】缶バッジ 主人公,1,linkstarstore_com,BU-01020204,PKG-01154066,,,,8月,G,商品特定（候補あり）,高,BU-01020204,箱,812,1,,商品を特定できていない（候補が複数）,タグ・JAN・型番・ブランド名を撮影、全体写真、数量,,,,,,,,,候補あり
PKGI-02707166,PKGI-02707166,メルクストーリア 10th Anniversary コラボカフェ 【Glowlight】缶バッジ トト,1,linkstarstore_com,BU-01020204,PKG-01154066,YES,YES,YES,8月,A,版・サイズ・色の確定,中,BU-01020204,箱,814,1,,版・SKU・サイズ・色が元データから確定できない,版・種類・サイズ・色、数量・セット内容、状態・未開封,https://linkstarstore.com/SHOP/LS-MERC-012.html,master_v336_confirmed_url,,,,,,,特定済み
PKGI-02707297,PKGI-02707297,劇場版 Free!FS アクリルスタンド【遙】【在庫品】,1,kyoanishop_com,BU-01020240,PKG-01150282,,,,8月,H,商品特定（ページ見つからず）,高,BU-01020240,箱,815,1,,商品ページが見つからない（商品名から特定不可）,タグ・JAN・型番・ブランド名を撮影、全体写真、数量,https://kyoanishop.com/shopdetail/000000002606/,"web_search(supplier,score=1.00)",https://kyoanishop.com/shopdetail/000000002606/,劇場版 Free!FS アクリルスタンド【遙】【在庫品】,1.00,,,,未発見
PKGI-02707296,PKGI-02707296,劇場版 Free!FS 缶バッジコレクション －Be Free!－【在庫品】,1,kyoanishop_com,BU-01020240,PKG-01150282,YES,YES,YES,8月,A,版・サイズ・色の確定,中,BU-01020240,箱,816,1,,版・SKU・サイズ・色が元データから確定できない,版・種類・サイズ・色、数量・セット内容、状態・未開封,https://kyoanishop.com/view/item/000000002899,master_v336_confirmed_url,,,,現物,,,特定済み
PKGI-02707123,PKGI-02707123,Garten of Banban ベビー ぬいぐるみマスコット ナブナブ,1,granup_shop,BU-01020252,PKG-01153968,YES,YES,YES,8月,A,版・サイズ・色の確定,中,BU-01020252,箱,817,1,,版・SKU・サイズ・色が元データから確定できない,版・種類・サイズ・色、数量・セット内容、bonus_or_purchase_benefit_presence、状態・未開封,https://granupshop.com/view/item/000000009349,master_v336_confirmed_url,,,,,,,特定済み
PKGI-02707124,PKGI-02707124,Garten of Banban ベビー ぬいぐるみマスコット バンバン,1,granup_shop,BU-01020252,PKG-01153968,YES,YES,YES,8月,A,版・サイズ・色の確定,中,BU-01020252,箱,818,1,,版・SKU・サイズ・色が元データから確定できない,版・種類・サイズ・色、数量・セット内容、bonus_or_purchase_benefit_presence、状態・未開封,https://granupshop.com/view/item/000000009348,master_v336_confirmed_url,,,,,,,特定済み
PKGI-02707316,PKGI-02707316,Garten of Banban アクリルスタンドJr. ジェントルマンスタイル バンバン,1,granup_shop,BU-01020252,PKG-01153968,YES,YES,YES,8月,A,版・サイズ・色の確定,中,BU-01020252,箱,819,1,,版・SKU・サイズ・色が元データから確定できない,版・種類・サイズ・色、数量・セット内容、状態・未開封、画像と現物の一致,https://granupshop.com/view/item/000000008007,master_v336_confirmed_url,,,,,,,特定済み
PKGI-02707133,PKGI-02707133,Garten of Banban ぬいぐるみマスコット ぷち スティンガー・フリン,1,granup_shop,BU-01020252,PKG-01153968,YES,YES,YES,8月,A,版・サイズ・色の確定,中,BU-01020252,箱,820,1,,版・SKU・サイズ・色が元データから確定できない,版・種類・サイズ・色、数量・セット内容、bonus_or_purchase_benefit_presence、状態・未開封,https://granupshop.com/view/item/000000008020,master_v336_confirmed_url,,,,,,,特定済み
PKGI-02707134,PKGI-02707134,Garten of Banban ぬいぐるみマスコット ぷち ナブナブ,1,granup_shop,BU-01020252,PKG-01153968,YES,YES,YES,8月,A,版・サイズ・色の確定,中,BU-01020252,箱,821,1,,版・SKU・サイズ・色が元データから確定できない,版・種類・サイズ・色、数量・セット内容、bonus_or_purchase_benefit_presence、状態・未開封,https://granupshop.com/view/item/000000008017,master_v336_confirmed_url,,,,,,,特定済み
PKGI-02707135,PKGI-02707135,Garten of Banban 巾着 キャプテン・フィドルズ,1,granup_shop,BU-01020252,PKG-01153968,YES,YES,YES,8月,A,版・サイズ・色の確定,中,BU-01020252,箱,822,1,,版・SKU・サイズ・色が元データから確定できない,版・種類・サイズ・色、数量・セット内容、状態・未開封,https://garten-of-banban.com/goods/detail/%E5%B7%BE%E7%9D%80-%E3%82%AD%E3%83%A3%E3%83%97%E3%83%86%E3%83%B3%E3%83%95%E3%82%A3%E3%83%89%E3%83%AB%E3%82%BA/,master_v336_confirmed_url,,,,,,,特定済み
PKGI-02707315,PKGI-02707315,Garten of Banban 缶バッジ 着ぐるみ バンバン,1,granup_shop,BU-01020252,PKG-01153968,YES,YES,YES,8月,A,版・サイズ・色の確定,中,BU-01020252,箱,823,1,,版・SKU・サイズ・色が元データから確定できない,版・種類・サイズ・色、数量・セット内容、状態・未開封、画像と現物の一致,https://granupshop.com/view/item/000000008244,master_v336_confirmed_url,,,,,,,特定済み
PKGI-02707125,PKGI-02707125,Garten of Banban 缶バッジ らくがき バンバン,1,granup_shop,BU-01020252,PKG-01153968,,,YES,8月,B,数量・版＋撮影（写真なし）,中,BU-01020252,箱,824,1,,現物未確認（数量・版の確認）／写真なし（撮影が必要）,確認数量（元リストの商品単位） / 欠品・付属品の実際の内容 / 現物の柄/キャラ・JAN・付属物・状態・数量を照合,https://granupshop.com/view/item/000000008638,master_v336_confirmed_url,,,,,,,特定済み
PKGI-02707126,PKGI-02707126,Garten of Banban 缶バッジ らくがき ナブナブ,1,granup_shop,BU-01020252,PKG-01153968,YES,YES,YES,8月,A,版・サイズ・色の確定,中,BU-01020252,箱,825,1,,版・SKU・サイズ・色が元データから確定できない,版・種類・サイズ・色、数量・セット内容、状態・未開封、画像と現物の一致,https://granupshop.com/view/item/000000008639?category_page_id=Garten-of-Banban,master_v336_confirmed_url,,,,,,,特定済み
PKGI-02707127,PKGI-02707127,Garten of Banban 缶バッジ ジェントルマン バンバン,1,granup_shop,BU-01020252,PKG-01153968,YES,YES,YES,8月,A,版・サイズ・色の確定,中,BU-01020252,箱,826,1,,版・SKU・サイズ・色が元データから確定できない,版・種類・サイズ・色、数量・セット内容、状態・未開封、画像と現物の一致,https://granupshop.com/view/item/000000008315?category_page_id=Garten-of-Banban,master_v336_confirmed_url,,,,,,,特定済み
PKGI-02707128,PKGI-02707128,Garten of Banban 缶バッジ ジェントルマン ビターギグル,1,granup_shop,BU-01020252,PKG-01153968,YES,YES,YES,8月,A,版・サイズ・色の確定,中,BU-01020252,箱,827,1,,版・SKU・サイズ・色が元データから確定できない,版・種類・サイズ・色、数量・セット内容、状態・未開封,https://granupshop.com/view/item/000000008317,master_v336_confirmed_url,,,,元帳数量保持・現物,,,特定済み
PKGI-02707131,PKGI-02707131,Garten of Banban 缶バッジ 着ぐるみ ナブナブ,1,granup_shop,BU-01020252,PKG-01153968,YES,YES,YES,8月,A,版・サイズ・色の確定,中,BU-01020252,箱,828,1,,版・SKU・サイズ・色が元データから確定できない,版・種類・サイズ・色、数量・セット内容、状態・未開封、画像と現物の一致,https://granupshop.com/view/item/000000008245,master_v336_confirmed_url,,,,,,,特定済み
PKGI-02707132,PKGI-02707132,Garten of Banban 缶バッジ 着ぐるみ ジャンボ・ジョシュ,1,granup_shop,BU-01020252,PKG-01153968,YES,YES,YES,8月,A,版・サイズ・色の確定,中,BU-01020252,箱,829,1,,版・SKU・サイズ・色が元データから確定できない,版・種類・サイズ・色、数量・セット内容、bonus_or_purchase_benefit_presence、状態・未開封,https://granupshop.com/view/item/000000008246,master_v336_confirmed_url,,,,,,,特定済み
PKGI-02707129,PKGI-02707129,Garten of Banban 証明写真風ブロマイド 着ぐるみ ジャンボ・ジョシュ,1,granup_shop,BU-01020252,PKG-01153968,YES,YES,YES,8月,A,版・サイズ・色の確定,中,BU-01020252,箱,830,1,,版・SKU・サイズ・色が元データから確定できない,版・種類・サイズ・色、数量・セット内容、状態・未開封,https://granupshop.com/view/item/000000008259,master_v336_confirmed_url,,,,元帳数量保持・現物,,,特定済み
PKGI-02707130,PKGI-02707130,Garten of Banban 証明写真風ブロマイド 着ぐるみ ナブナブ,1,granup_shop,BU-01020252,PKG-01153968,YES,YES,YES,8月,A,版・サイズ・色の確定,中,BU-01020252,箱,831,1,,版・SKU・サイズ・色が元データから確定できない,版・種類・サイズ・色、数量・セット内容、状態・未開封、画像と現物の一致,https://granupshop.com/view/item/000000008258,master_v336_confirmed_url,,,,,,,特定済み
PKGI-02707391,PKGI-02707391,Synthesizer V 2 AI 重音テト,1,ah-soft_net,BU-01020258,PKG-01154186,,,YES,8月,F,状態・未開封・動作,中,BU-01020258,箱,832,1,,状態・未開封・動作の確認が必要,状態・未開封,,,,,,,,,特定済み
PKGI-02707668,PKGI-02707668,レコードクレート Record Crate DURC-01,4,diskunion_net,BU-01020358,PKG-01150554,YES,YES,YES,8月,A,版・サイズ・色の確定,中,BU-01020358,箱,833,4,,版・SKU・サイズ・色が元データから確定できない,版・種類・サイズ・色、数量・セット内容、状態・未開封,https://store.shopping.yahoo.co.jp/ds9-diskunion/4988044823655.html,master_v336_confirmed_url,,,,,,,特定済み
PKGI-02707891,PKGI-02707891,星のカービィ トランジットラウンジ スーツケース 機内持ち込み 32L 36cm  50060 TRANSIT LOUNGE Kirby キャリーケース ハードキャリー かわいい キャラクター 軽量 修学旅行 旅行用 キャリーバッグ,1,sacsbar_com,BU-01020448,PKG-01154219,,,,8月,H,商品特定（ページ見つからず）,高,BU-01020448,箱,834,1,,商品ページが見つからない（商品名から特定不可）,タグ・JAN・型番・ブランド名を撮影、全体写真、数量,,,,,,,,,未発見
PKGI-02708053,PKGI-02708053,[rebear by Johnbull] patchwork denim coverall,1,privatelabo_jp,BU-01020499,PKG-01154275,,,,8月,G,商品特定（候補あり）,高,BU-01020499,箱,835,1,,商品を特定できていない（候補が複数）,タグ・JAN・型番・ブランド名を撮影、全体写真、数量,,,,,,,,,候補あり
PKGI-02708054,PKGI-02708054,[rebear by Johnbull] Patchwork Easy Pants,1,privatelabo_jp,BU-01020499,PKG-01154275,,,,8月,G,商品特定（候補あり）,高,BU-01020499,箱,836,1,,商品を特定できていない（候補が複数）,タグ・JAN・型番・ブランド名を撮影、全体写真、数量,,,,,,,,,候補あり
PKGI-02708143,PKGI-02708143,TAPERED SKINNY DENIM JEANS BLACK ONE WASH / テーパード スキニー デニム ブラック ジーンズ ワンウォッシュ,1,n-nine-store_com,BU-01020520,PKG-01150163,,,,8月,G,商品特定（候補あり）,高,BU-01020520,箱,837,1,,商品を特定できていない（候補が複数）,タグ・JAN・型番・ブランド名を撮影、全体写真、数量,https://n-nine-store.com/item/102176533.html,candidate_verified(score=0.95),https://n-nine-store.com/item/102176533.html,,,,,,候補あり
PKGI-02708419,PKGI-02708419,フラッフィーシフォンノンワイヤーブラ,1,peachjohn_co_jp,BU-01020597,PKG-01101965,,,,8月,G,商品特定（候補あり）,高,BU-01020597,箱,839,1,,商品を特定できていない（候補が複数）,タグ・JAN・型番・ブランド名を撮影、全体写真、数量,,,,,,,,,候補あり
PKGI-02708812,PKGI-02708812,Rifa Ale Brush (Rose Gold),1,mtgec_jp,BU-01020743,PKG-01102101,,,,8月,G,商品特定（候補あり）,高,BU-01020743,箱,841,1,,商品を特定できていない（候補が複数）,タグ・JAN・型番・ブランド名を撮影、全体写真、数量,,,,,,,,,候補あり
PKGI-02709173,PKGI-02709173,FAN CASE,1,asmart_jp,BU-01020885,PKG-01064941,,,,8月,G,商品特定（候補あり）,高,BU-01020885,箱,842,1,,商品を特定できていない（候補が複数）,タグ・JAN・型番・ブランド名を撮影、全体写真、数量,,,,,,,,,候補あり
PKGI-02709172,PKGI-02709172,Heart fan/HYEONGJUN,1,asmart_jp,BU-01020885,PKG-01064941,,,,8月,H,商品特定（ページ見つからず）,高,BU-01020885,箱,843,1,,商品ページが見つからない（商品名から特定不可）,タグ・JAN・型番・ブランド名を撮影、全体写真、数量,,,,,,,,,未発見
PKGI-02709174,PKGI-02709174,Heart fan/HYEONGJUN,1,asmart_jp,BU-01020885,PKG-01064941,,,,8月,H,商品特定（ページ見つからず）,高,BU-01020885,箱,844,1,,商品ページが見つからない（商品名から特定不可）,タグ・JAN・型番・ブランド名を撮影、全体写真、数量,,,,,,,,,未発見
PKGI-02709181,PKGI-02709181,2P SKULL WAPPEN  JERSEY STAND TRACK JACKET / スカルモチーフ ワッペン刺繍 ジャージ スタンドネック トラックジャケット,1,n-nine-store_com,BU-01020890,PKG-01150416,YES,YES,,8月,A,版・サイズ・色の確定,中,BU-01020890,箱,845,1,,版・SKU・サイズ・色が元データから確定できない,版・種類・サイズ・色,,,,,,,,,特定済み
PKGI-02709324,PKGI-02709324,ラフスタイル選手グッズ第3弾/フェイスタオル,1,ec_baystars_co_jp,BU-01020932,PKG-01084278,YES,YES,YES,8月,A,版・サイズ・色の確定,中,BU-01020932,箱,846,1,,版・SKU・サイズ・色が元データから確定できない,版・種類・サイズ・色、数量・セット内容、状態・未開封,https://ec.baystars.co.jp/items/4573676141637,master_v336_confirmed_url,,,,,,,特定済み
PKGI-02709325,PKGI-02709325,ラフスタイル選手グッズ第3弾/フェイスタオル,1,ec_baystars_co_jp,BU-01020932,PKG-01084278,YES,YES,YES,8月,A,版・サイズ・色の確定,中,BU-01020932,箱,847,1,,版・SKU・サイズ・色が元データから確定できない,版・種類・サイズ・色、数量・セット内容、状態・未開封,,,,,,,,,特定済み
PKGI-02709326,PKGI-02709326,ラフスタイル選手グッズ第3弾/フェイスタオル,1,ec_baystars_co_jp,BU-01020932,PKG-01084278,YES,YES,YES,8月,A,版・サイズ・色の確定,中,BU-01020932,箱,848,1,,版・SKU・サイズ・色が元データから確定できない,版・種類・サイズ・色、数量・セット内容、状態・未開封,,,,,,,,,特定済み
PKGI-02709327,PKGI-02709327,ラフスタイル選手グッズ第3弾/フェイスタオル,1,ec_baystars_co_jp,BU-01020932,PKG-01084278,YES,YES,YES,8月,A,版・サイズ・色の確定,中,BU-01020932,箱,849,1,,版・SKU・サイズ・色が元データから確定できない,版・種類・サイズ・色、数量・セット内容、状態・未開封,,,,,,,,,特定済み
PKGI-02709318,PKGI-02709318,ラフスタイル選手グッズ第3弾/アクリルスタンド/待ち合わせ風,1,ec_baystars_co_jp,BU-01020932,PKG-01084278,,,,8月,G,商品特定（候補あり）,高,BU-01020932,箱,850,1,,商品を特定できていない（候補が複数）,タグ・JAN・型番・ブランド名を撮影、全体写真、数量,,,,,,,,,候補あり
PKGI-02709319,PKGI-02709319,ラフスタイル選手グッズ第3弾/アクリルスタンド/ピース,1,ec_baystars_co_jp,BU-01020932,PKG-01084278,YES,YES,YES,8月,A,版・サイズ・色の確定,中,BU-01020932,箱,851,1,,版・SKU・サイズ・色が元データから確定できない,版・種類・サイズ・色、数量・セット内容、状態・未開封,https://ec.baystars.co.jp/items/ydb4573676141736,master_v336_confirmed_url,,,,,,,特定済み
PKGI-02709320,PKGI-02709320,ラフスタイル選手グッズ第3弾/アクリルスタンド/ピース,1,ec_baystars_co_jp,BU-01020932,PKG-01084278,YES,YES,YES,8月,A,版・サイズ・色の確定,中,BU-01020932,箱,852,1,,版・SKU・サイズ・色が元データから確定できない,版・種類・サイズ・色、数量・セット内容、状態・未開封,,,,,,,,,特定済み
PKGI-02709321,PKGI-02709321,ラフスタイル選手グッズ第3弾/アクリルスタンド/待ち合わせ風,1,ec_baystars_co_jp,BU-01020932,PKG-01084278,,,,8月,G,商品特定（候補あり）,高,BU-01020932,箱,853,1,,商品を特定できていない（候補が複数）,タグ・JAN・型番・ブランド名を撮影、全体写真、数量,,,,,,,,,候補あり
PKGI-02709322,PKGI-02709322,ラフスタイル選手グッズ第3弾/アクリルスタンド/ピース,1,ec_baystars_co_jp,BU-01020932,PKG-01084278,YES,YES,YES,8月,A,版・サイズ・色の確定,中,BU-01020932,箱,854,1,,版・SKU・サイズ・色が元データから確定できない,版・種類・サイズ・色、数量・セット内容、状態・未開封,,,,,,,,,特定済み
PKGI-02709323,PKGI-02709323,ラフスタイル選手グッズ第3弾/アクリルスタンド/待ち合わせ風,1,ec_baystars_co_jp,BU-01020932,PKG-01084278,,,,8月,G,商品特定（候補あり）,高,BU-01020932,箱,855,1,,商品を特定できていない（候補が複数）,タグ・JAN・型番・ブランド名を撮影、全体写真、数量,,,,,,,,,候補あり
PKGI-02709315,PKGI-02709315,ラフスタイル選手グッズ第3弾/ペンライト付け替えチューブ,1,ec_baystars_co_jp,BU-01020932,PKG-01084278,YES,YES,YES,8月,A,版・サイズ・色の確定,中,BU-01020932,箱,856,1,,版・SKU・サイズ・色が元データから確定できない,版・種類・サイズ・色、数量・セット内容、状態・未開封,https://ec.baystars.co.jp/items/ydb4573676142030,master_v336_confirmed_url,,,,,,,特定済み
PKGI-02709316,PKGI-02709316,ラフスタイル選手グッズ第3弾/ステッカー3枚セット,1,ec_baystars_co_jp,BU-01020932,PKG-01084278,,,,8月,G,商品特定（候補あり）,高,BU-01020932,箱,857,1,,商品を特定できていない（候補が複数）,タグ・JAN・型番・ブランド名を撮影、全体写真、数量,,,,,,,,,候補あり
PKGI-02709317,PKGI-02709317,ラフスタイル選手グッズ第3弾/ステッカー3枚セット,1,ec_baystars_co_jp,BU-01020932,PKG-01084278,,,,8月,G,商品特定（候補あり）,高,BU-01020932,箱,858,1,,商品を特定できていない（候補が複数）,タグ・JAN・型番・ブランド名を撮影、全体写真、数量,,,,,,,,,候補あり
PKGI-02709468,PKGI-02709468,STUDS CURVE DENIM PANTS【予約】,1,store_candystripper_jp,BU-01020977,PKG-01084233,,,,8月,G,商品特定（候補あり）,高,BU-01020977,箱,860,1,,商品を特定できていない（候補が複数）,タグ・JAN・型番・ブランド名を撮影、全体写真、数量,,,,,,,,,候補あり
PKGI-02709974,PKGI-02709974,デュエル(DUEL) ARMORED F+ Pro アジ・メバル150M 0.2号　★特別価格,1,casterhouse_co_jp,BU-01021229,PKG-01084269,YES,YES,,8月,A,版・サイズ・色の確定,中,BU-01021229,箱,862,1,,版・SKU・サイズ・色が元データから確定できない,版・種類・サイズ・色,https://www.casterhouse.co.jp/shop/products/detail/51762,master_v336_confirmed_url,,,,,,,特定済み
PKGI-02709975,PKGI-02709975,デュエル(DUEL) アーマード(ARMORED) F+ 150M 1.0号 GY ゴールデンイエロー ★特別割引品,1,casterhouse_co_jp,BU-01021229,PKG-01084269,,,,8月,G,商品特定（候補あり）,高,BU-01021229,箱,863,1,,商品を特定できていない（候補が複数）,タグ・JAN・型番・ブランド名を撮影、全体写真、数量,,,,,,,,,候補あり
PKGI-02710163,PKGI-02710163,ヒプノシスマイク -Division Rap Battle-   映画「ヒプノシスマイク -Division Rap Battle-」Blu-ray,1,store_kingrecords_co_jp,BU-01021308,PKG-01150529,,,,8月,G,商品特定（候補あり）,高,BU-01021308,箱,864,1,,商品を特定できていない（候補が複数）,タグ・JAN・型番・ブランド名を撮影、全体写真、数量,https://store.kingrecords.co.jp/shop/g/gKIXA-1022/,candidate_verified(score=0.95),https://store.kingrecords.co.jp/shop/g/gKIXA-1022/,,,,,,候補あり
PKGI-02710307,PKGI-02710307,Yona_Face(Regular Fit T-Shirt),1,suzuri_jp,BU-01021372,PKG-01102125,,,,8月,H,商品特定（ページ見つからず）,高,BU-01021372,箱,865,1,,商品ページが見つからない（商品名から特定不可）,タグ・JAN・型番・ブランド名を撮影、全体写真、数量,,,,,,,,,未発見
PKGI-02710308,PKGI-02710308,Persimmons and Yona(Regular Fit T-Shirt),1,suzuri_jp,BU-01021372,PKG-01102125,,,,8月,G,商品特定（候補あり）,高,BU-01021372,箱,866,1,,商品を特定できていない（候補が複数）,タグ・JAN・型番・ブランド名を撮影、全体写真、数量,,,,,,,,,候補あり
PKGI-02710453,PKGI-02710453,[超特急]REAL？Acrylic Stand ～Adventure ver.～,1,store_plusmember_jp,BU-01021415,PKG-01084203,,,,8月,B,数量・版＋撮影（写真なし）,中,BU-01021415,箱,867,1,,現物未確認（数量・版の確認）／写真なし（撮影が必要）,確認数量（元リストの商品単位） / 欠品・付属品の実際の内容 / メンバー種類・現物の台座/部品・数量を確認,https://store.plusmember.jp/stardustch/products/detail.php?product_id=104940,master_v336_confirmed_url,,,,,,,特定済み
PKGI-02711087,PKGI-02711087,イヨシコーラ「魔法のシロップ」THE JAPAN EDITION Mサイズ（250 ml）,1,shop_iyoshicola_com,BU-01021679,PKG-01154459,YES,YES,,8月,A,版・サイズ・色の確定,中,BU-01021679,箱,869,1,,版・SKU・サイズ・色が元データから確定できない,版・種類・サイズ・色,,,,,,,,,特定済み
PKGI-02711086,PKGI-02711086,イヨシコーラ「魔法のシロップ」Mサイズ（250ml）,1,shop_iyoshicola_com,BU-01021679,PKG-01154459,YES,YES,,8月,A,版・サイズ・色の確定,中,BU-01021679,箱,870,1,,版・SKU・サイズ・色が元データから確定できない,版・種類・サイズ・色,https://shop.iyoshicola.com/products/%E3%82%AF%E3%83%A9%E3%83%95%E3%83%88%E3%82%B3%E3%83%BC%E3%83%A9-%E9%AD%94%E6%B3%95%E3%81%AE%E3%82%B7%E3%83%AD%E3%83%83%E3%83%97-m%E3%82%B5%E3%82%A4%E3%82%BA-250-ml,master_v336_confirmed_url,,,,,,,特定済み
PKGI-02711576,PKGI-02711576,TVアニメ『ガチアクタ』 ぷちべあマスコット【予約商品：4月下旬発売予定】,1,eyeup_co_jp,BU-01021884,PKG-01084461,YES,YES,YES,8月,A,版・サイズ・色の確定,中,BU-01021884,箱,873,1,,版・SKU・サイズ・色が元データから確定できない,版・種類・サイズ・色、数量・セット内容、bonus_or_purchase_benefit_presence、状態・未開封、画像と現物の一致,https://www.eyeup.co.jp/c/anime/gr548/e0650-,master_v336_confirmed_url,,,,,,,特定済み
PKGI-02711595,PKGI-02711595,TVアニメ『ガチアクタ』 ぷちべあマスコット【予約商品：4月下旬発売予定】,1,eyeup_co_jp,BU-01021896,PKG-01084475,YES,YES,YES,8月,A,版・サイズ・色の確定,中,BU-01021896,箱,874,1,,版・SKU・サイズ・色が元データから確定できない,版・種類・サイズ・色、数量・セット内容、bonus_or_purchase_benefit_presence、状態・未開封、画像と現物の一致,,,,,,,,,特定済み
PKGI-02711596,PKGI-02711596,"TV anime ""Gachiakta"" Puchifure Acrylic Keychain [Pre-order product: Scheduled to be released in early February]",1,eyeup_co_jp,BU-01021896,PKG-01084475,,,,8月,H,商品特定（ページ見つからず）,高,BU-01021896,箱,875,1,,商品ページが見つからない（商品名から特定不可）,タグ・JAN・型番・ブランド名を撮影、全体写真、数量,,,,,,,,,未発見
PKGI-02711649,PKGI-02711649,TVアニメ『ガチアクタ』 ぷちべあマスコット【予約商品：4月下旬発売予定】,1,eyeup_co_jp,BU-01021916,PKG-01084477,YES,YES,YES,8月,A,版・サイズ・色の確定,中,BU-01021916,箱,876,1,,版・SKU・サイズ・色が元データから確定できない,版・種類・サイズ・色、数量・セット内容、bonus_or_purchase_benefit_presence、状態・未開封、画像と現物の一致,,,,,,,,,特定済み
PKGI-02711650,PKGI-02711650,TVアニメ『ガチアクタ』 ぷちべあマスコット【予約商品：4月下旬発売予定】,1,eyeup_co_jp,BU-01021916,PKG-01084477,YES,YES,YES,8月,A,版・サイズ・色の確定,中,BU-01021916,箱,877,1,,版・SKU・サイズ・色が元データから確定できない,版・種類・サイズ・色、数量・セット内容、bonus_or_purchase_benefit_presence、状態・未開封、画像と現物の一致,,,,,,,,,特定済み
PKGI-02711853,PKGI-02711853,TVアニメ『ガチアクタ』 ぷちべあマスコット【予約商品：4月下旬発売予定】,1,eyeup_co_jp,BU-01021985,PKG-01084476,YES,YES,YES,8月,A,版・サイズ・色の確定,中,BU-01021985,箱,878,1,,版・SKU・サイズ・色が元データから確定できない,版・種類・サイズ・色、数量・セット内容、bonus_or_purchase_benefit_presence、状態・未開封、画像と現物の一致,,,,,,,,,特定済み
PKGI-02711854,PKGI-02711854,"TV anime ""Gachiakta"" Puchifure Acrylic Keychain [Pre-order product: Scheduled to be released in early February]",1,eyeup_co_jp,BU-01021985,PKG-01084476,,,,8月,H,商品特定（ページ見つからず）,高,BU-01021985,箱,879,1,,商品ページが見つからない（商品名から特定不可）,タグ・JAN・型番・ブランド名を撮影、全体写真、数量,,,,,,,,,未発見
PKGI-02711855,PKGI-02711855,"TV anime ""Gachiakta"" Puchifure Acrylic Keychain [Pre-order product: Scheduled to be released in early February]",1,eyeup_co_jp,BU-01021985,PKG-01084476,,,,8月,H,商品特定（ページ見つからず）,高,BU-01021985,箱,880,1,,商品ページが見つからない（商品名から特定不可）,タグ・JAN・型番・ブランド名を撮影、全体写真、数量,,,,,,,,,未発見
PKGI-02712369,PKGI-02712369,シアサッカー 小花柄プリント カッタウェイカラー シャツ 26SS,1,beams_co_jp,BU-01022178,PKG-01067107,YES,YES,,8月,B,数量・版＋撮影（写真なし）,中,BU-01022178,箱,882,1,,現物未確認（数量・版の確認）／写真なし（撮影が必要）,確認数量（元リストの商品単位） / 欠品・付属品の実際の内容 / 色・サイズ・種類の現物と根拠照合 / 現物の色・サイズ・年版を確認。出店ページ26SS表示は個体へ転記しない,https://brandavenue.rakuten.co.jp/item/RP7738/,master_v336_confirmed_url,,,,,,,特定済み
PKGI-02712494,PKGI-02712494,BLCD Collection[Yoiyami Sugar Cat],1,hmv_co_jp,BU-01022233,PKG-01102344,YES,YES,,8月,A,版・サイズ・色の確定,中,BU-01022233,箱,886,1,,版・SKU・サイズ・色が元データから確定できない,版・種類・サイズ・色、bonus_or_purchase_benefit_presence、画像と現物の一致,https://www.cdjapan.co.jp/product/MOBL-1089,master_v336_confirmed_url,,,,,,,特定済み
PKGI-02712493,PKGI-02712493,TV Anime[Sasaki To Miyano] Drama CD Vol.1,1,hmv_co_jp,BU-01022233,PKG-01102344,,,,8月,B,数量・版＋撮影（写真なし）,中,BU-01022233,箱,887,1,,現物未確認（数量・版の確認）／写真なし（撮影が必要）,元帳数量保持・現物未確認,https://sasamiya.com/1st/music/dramacd.html,master_v336_confirmed_url,,,,元帳数量保持・現物,,,特定済み
PKGI-02712533,PKGI-02712533,Black Shoulder Bag,1,eveofficialstore_com,BU-01022238,PKG-01150804,,,,8月,G,商品特定（候補あり）,高,BU-01022238,箱,888,1,,商品を特定できていない（候補が複数）,タグ・JAN・型番・ブランド名を撮影、全体写真、数量,,,,,,,,,候補あり
PKGI-02712532,PKGI-02712532,Tobi Nui Charm,1,eveofficialstore_com,BU-01022238,PKG-01150804,YES,YES,YES,8月,A,版・サイズ・色の確定,中,BU-01022238,箱,890,1,,版・SKU・サイズ・色が元データから確定できない,版・種類・サイズ・色、状態・未開封,https://www.eveofficialstore.com/view/item/000000000300,master_v336_confirmed_url,,,,,,,特定済み
PKGI-02712669,PKGI-02712669,"STEVE McQUEEN TEE "" TURNED 30 """,1,toys-mccoy_shop-pro_jp,BU-01022297,PKG-01154583,YES,YES,,8月,B,数量・版＋撮影（写真なし）,中,BU-01022297,箱,891,1,,現物未確認（数量・版の確認）／写真なし（撮影が必要）,確認数量（元リストの商品単位） / 欠品・付属品の実際の内容 / 現物の品番・色サイズを確認,https://earthmarket-online.com/en/products/tmc2604,master_v336_confirmed_url,,,,,,,特定済み
PKGI-02712831,PKGI-02712831,舞妓はんひぃ～ひぃ～ラー油ポテトスティック,6,ochanokosaisai_com,BU-01022361,PKG-01154658,YES,YES,YES,8月,C,数量・版,中,BU-01022361,箱,892,6,,現物未確認（数量・版の確認）,版・種類・サイズ・色、数量・セット内容、状態・未開封,,,,,,,,,特定済み
PKGI-02713314,PKGI-02713314,ビーズストラップ付きフェイスポーチ☆いちごちゃん x ピンクベア,1,curlycollection_jp,BU-01022516,PKG-01084692,,,,8月,H,商品特定（ページ見つからず）,高,BU-01022516,箱,893,1,,商品ページが見つからない（商品名から特定不可）,タグ・JAN・型番・ブランド名を撮影、全体写真、数量,,,,,,,,,未発見
PKGI-02713315,PKGI-02713315,ワッペンティッシュケース☆いちごちゃん/フラワーxドット,1,curlycollection_jp,BU-01022516,PKG-01084692,,,,8月,G,商品特定（候補あり）,高,BU-01022516,箱,894,1,,商品を特定できていない（候補が複数）,タグ・JAN・型番・ブランド名を撮影、全体写真、数量,,,,,,,,,候補あり
PKGI-02713591,PKGI-02713591,海苔ふりかけ　贅沢あられたっぷり　１００g,6,about_maruni-nori_com,BU-01022659,PKG-01154712,,,,8月,J,在庫統合（同一商品が販売中）,高,BU-01022659,箱,895,6,,同一商品が別PDで販売中,現物の有無と点数,,,,,,,,,特定済み
PKGI-02713866,PKGI-02713866,フィニッシャーズ・フレーム,1,tokyo42195-shopping_org,BU-01022766,PKG-01084858,,,,8月,G,商品特定（候補あり）,高,BU-01022766,箱,896,1,,商品を特定できていない（候補が複数）,タグ・JAN・型番・ブランド名を撮影、全体写真、数量,,,,,,,,,候補あり
PKGI-02713867,PKGI-02713867,フィニッシャーズ・メダルケース,1,tokyo42195-shopping_org,BU-01022766,PKG-01084858,,,,8月,G,商品特定（候補あり）,高,BU-01022766,箱,897,1,,商品を特定できていない（候補が複数）,タグ・JAN・型番・ブランド名を撮影、全体写真、数量,,,,,,,,,候補あり
PKGI-02713865,PKGI-02713865,フィニッシャーズ・キーホルダー,1,tokyo42195-shopping_org,BU-01022766,PKG-01084858,,,,8月,G,商品特定（候補あり）,高,BU-01022766,箱,898,1,,商品を特定できていない（候補が複数）,タグ・JAN・型番・ブランド名を撮影、全体写真、数量,,,,,,,,,候補あり
PKGI-02713914,PKGI-02713914,ミーティアボール,1,sasakisports-onlineshop_jp,BU-01022783,PKG-01154807,YES,YES,YES,8月,A,版・サイズ・色の確定,中,BU-01022783,箱,899,1,,版・SKU・サイズ・色が元データから確定できない,版・種類・サイズ・色、数量・セット内容、状態・未開封,https://www.sasakisports-onlineshop.jp/products/m207brmf,master_v336_confirmed_url,,,,元帳数量保持・現物,,,特定済み
PKGI-02714175,PKGI-02714175,フィニッシャーズ・メダルクリップ,1,tokyo42195-shopping_org,BU-01022897,PKG-01084715,,,,8月,G,商品特定（候補あり）,高,BU-01022897,箱,900,1,,商品を特定できていない（候補が複数）,タグ・JAN・型番・ブランド名を撮影、全体写真、数量,,,,,,,,,候補あり
PKGI-02714574,PKGI-02714574,フィニッシャーズ・フレーム,1,tokyo42195-shopping_org,BU-01023059,PKG-01084838,,,,8月,G,商品特定（候補あり）,高,BU-01023059,箱,901,1,,商品を特定できていない（候補が複数）,タグ・JAN・型番・ブランド名を撮影、全体写真、数量,,,,,,,,,候補あり
PKGI-02714571,PKGI-02714571,フィニッシャーズ・メダルクリップ,1,tokyo42195-shopping_org,BU-01023059,PKG-01084838,,,,8月,G,商品特定（候補あり）,高,BU-01023059,箱,902,1,,商品を特定できていない（候補が複数）,タグ・JAN・型番・ブランド名を撮影、全体写真、数量,,,,,,,,,候補あり
PKGI-02714573,PKGI-02714573,フィニッシャーズ・メダルケース,1,tokyo42195-shopping_org,BU-01023059,PKG-01084838,,,,8月,G,商品特定（候補あり）,高,BU-01023059,箱,903,1,,商品を特定できていない（候補が複数）,タグ・JAN・型番・ブランド名を撮影、全体写真、数量,,,,,,,,,候補あり
PKGI-02714572,PKGI-02714572,フィニッシャーズ・キーホルダー,1,tokyo42195-shopping_org,BU-01023059,PKG-01084838,,,,8月,G,商品特定（候補あり）,高,BU-01023059,箱,904,1,,商品を特定できていない（候補が複数）,タグ・JAN・型番・ブランド名を撮影、全体写真、数量,,,,,,,,,候補あり
PKGI-02714623,PKGI-02714623,フィニッシャーズ・キーホルダー,1,tokyo42195-shopping_org,BU-01023078,PKG-01084728,,,,8月,G,商品特定（候補あり）,高,BU-01023078,箱,905,1,,商品を特定できていない（候補が複数）,タグ・JAN・型番・ブランド名を撮影、全体写真、数量,,,,,,,,,候補あり
PKGI-02714656,PKGI-02714656,フィニッシャーズ・プレート,1,tokyo42195-shopping_org,BU-01023095,PKG-01084872,,,,8月,G,商品特定（候補あり）,高,BU-01023095,箱,906,1,,商品を特定できていない（候補が複数）,タグ・JAN・型番・ブランド名を撮影、全体写真、数量,,,,,,,,,候補あり
PKGI-02714654,PKGI-02714654,カジュアルトート（トレーニング用）,1,tokyo42195-shopping_org,BU-01023095,PKG-01084872,,,,8月,H,商品特定（ページ見つからず）,高,BU-01023095,箱,907,1,,商品ページが見つからない（商品名から特定不可）,タグ・JAN・型番・ブランド名を撮影、全体写真、数量,,,,,,,,,未発見
PKGI-02714655,PKGI-02714655,アームカバー,1,tokyo42195-shopping_org,BU-01023095,PKG-01084872,,,,8月,G,商品特定（候補あり）,高,BU-01023095,箱,908,1,,商品を特定できていない（候補が複数）,タグ・JAN・型番・ブランド名を撮影、全体写真、数量,,,,,,,,,候補あり
PKGI-02715325,PKGI-02715325,ゴールデンカムイ_ビィズニィズ アクリルジオラマD(杉元佐一・ヴァシリ)【BACKORDER】,1,colleize_com,BU-01023327,PKG-01067279,,,,8月,G,商品特定（候補あり）,高,BU-01023327,箱,911,1,,商品を特定できていない（候補が複数）,タグ・JAN・型番・ブランド名を撮影、全体写真、数量,,,,,,,,,候補あり
PKGI-02715460,PKGI-02715460,Tobi Nui Charm,1,eveofficialstore_com,BU-01023387,PKG-01102567,YES,YES,YES,8月,A,版・サイズ・色の確定,中,BU-01023387,箱,912,1,,版・SKU・サイズ・色が元データから確定できない,版・種類・サイズ・色、状態・未開封,,,,,,,,,特定済み
PKGI-02710753,PKGI-02710753,ReFa MILK PROTEIN PINK LINE,1,mtgec_jp,BU-01023441,PKG-01150614,,,,8月,G,商品特定（候補あり）,高,BU-01023441,箱,913,1,,商品を特定できていない（候補が複数）,タグ・JAN・型番・ブランド名を撮影、全体写真、数量,,,,,,,,,候補あり
PKGI-02715628,PKGI-02715628,【予約数集まり次第生産】カジュアル 男女兼用 ユニセックス スポーティ うさぎ リボン 購入者特典付＊Favoriteコラボ＊兎姫さんコラボグッズ　惡兎重工棒球外套(惡兎重工ジャージ)【2025年12月上旬予約開始】【生産未確定予約】商品コード:100917,1,favorite-one_co_jp,BU-01023459,PKG-01150721,,,,8月,G,商品特定（候補あり）,高,BU-01023459,箱,914,1,,商品を特定できていない（候補が複数）,タグ・JAN・型番・ブランド名を撮影、全体写真、数量,,,,,,,,,候補あり
PKGI-02716496,PKGI-02716496,alpha direct f/z hoodie,1,mix_tokyo,BU-01023667,PKG-01131116,YES,YES,,8月,A,版・サイズ・色の確定,中,BU-01023667,箱,915,1,,版・SKU・サイズ・色が元データから確定できない,版・種類・サイズ・色,https://mix.tokyo/products/5744241115,master_v336_confirmed_url,,,,,,,特定済み
PKGI-02716955,PKGI-02716955,Re:Smile T [dark],1,eveofficialstore_com,BU-01023830,PKG-01102636,YES,YES,YES,8月,A,版・サイズ・色の確定,中,BU-01023830,箱,916,1,,版・SKU・サイズ・色が元データから確定できない,版・種類・サイズ・色、状態・未開封、画像と現物の一致,https://www.eveofficialstore.com/view/item/000000000313,master_v336_confirmed_url,,,,,,,特定済み
PKGI-02716954,PKGI-02716954,Tobi Nui Charm,1,eveofficialstore_com,BU-01023830,PKG-01102636,YES,YES,YES,8月,A,版・サイズ・色の確定,中,BU-01023830,箱,917,1,,版・SKU・サイズ・色が元データから確定できない,版・種類・サイズ・色、状態・未開封,,,,,,,,,特定済み
PKGI-02717158,PKGI-02717158,Music Keychain,1,eveofficialstore_com,BU-01023904,PKG-01102576,YES,YES,YES,8月,A,版・サイズ・色の確定,中,BU-01023904,箱,918,1,,版・SKU・サイズ・色が元データから確定できない,版・種類・サイズ・色、状態・未開封、画像と現物の一致,https://www.eveofficialstore.com/view/item/000000000297,master_v336_confirmed_url,,,,,,,特定済み
PKGI-02717159,PKGI-02717159,Mochimochi Squishy,1,eveofficialstore_com,BU-01023904,PKG-01102576,YES,YES,YES,8月,A,版・サイズ・色の確定,中,BU-01023904,箱,919,1,,版・SKU・サイズ・色が元データから確定できない,版・種類・サイズ・色、状態・未開封、画像と現物の一致,https://www.eveofficialstore.com/view/item/000000000298,master_v336_confirmed_url,,,,,,,特定済み
PKGI-02717430,PKGI-02717430,Tobi Nui Charm,1,eveofficialstore_com,BU-01024025,PKG-01102592,YES,YES,YES,8月,A,版・サイズ・色の確定,中,BU-01024025,箱,920,1,,版・SKU・サイズ・色が元データから確定できない,版・種類・サイズ・色、状態・未開封,,,,,,,,,特定済み
PKGI-02717520,PKGI-02717520,トートバッグ/レザー/RED/無地/G0893-12480【B】,1,2ndstreet_jp,BU-01024056,PKG-01143079,,,,8月,G,商品特定（候補あり）,高,BU-01024056,箱,921,1,,商品を特定できていない（候補が複数）,タグ・JAN・型番・ブランド名を撮影、全体写真、数量,,,,,,,,,候補あり
PKGI-02717815,PKGI-02717815,さがらワッペン付きスクエアポーチ☆いちごちゃん / いちご,1,curlycollection_jp,BU-01024162,PKG-01131416,,,,8月,H,商品特定（ページ見つからず）,高,BU-01024162,箱,923,1,,商品ページが見つからない（商品名から特定不可）,タグ・JAN・型番・ブランド名を撮影、全体写真、数量,,,,,,,,,未発見
PKGI-02717847,PKGI-02717847,Summer Outer,1,eveofficialstore_com,BU-01024175,PKG-01102860,,,,8月,B,数量・版＋撮影（写真なし）,中,BU-01024175,箱,924,1,,現物未確認（数量・版の確認）／写真なし（撮影が必要）,元帳数量保持・現物未確認,https://www.eveofficialstore.com/view/item/000000000308,master_v336_confirmed_url,,,,元帳数量保持・現物,,,特定済み
PKGI-02718436,PKGI-02718436,キングダム ハーツ ／ アイコニック イヤオブジェ ～コンプリートセット～,1,mayla_jp,BU-01024385,PKG-01102807,,,,8月,D,数量・セット内容,中,BU-01024385,箱,925,1,,数量・セット内容の確認が必要,数量・セット内容,https://mayla.jp/SHOP/aca0366.html,master_v336_confirmed_url,,,,,,,特定済み
PKGI-02718449,PKGI-02718449,3WAYリボンパファーバッグ【予約】,1,wegoec_jp,BU-01024393,PKG-01062771,YES,,,8月,B,数量・版＋撮影（写真なし）,中,BU-01024393,箱,927,1,,現物未確認（数量・版の確認）／写真なし（撮影が必要）,確認数量（元リストの商品単位） / 欠品・付属品の実際の内容 / 現物の色・品番・ストラップ構成を確認,https://wego.jp/products/wc26ss04-sg0002?id=wc-ranking,master_v336_confirmed_url,,,,,,,特定済み
PKGI-02718523,PKGI-02718523,キングダム ハーツ ／ アイコニック イヤオブジェ ～コンプリートセット～ ～海外からご購入のお客様へ～,1,mayla_jp,BU-01024423,PKG-01102851,,,,8月,D,数量・セット内容,中,BU-01024423,箱,928,1,,数量・セット内容の確認が必要,数量・セット内容,https://mayla.jp/SHOP/aca0366.html,master_v336_confirmed_url,,,,,,,特定済み
PKGI-02718624,PKGI-02718624,"1st Album ""Excitement of Youth"" 12inch record",1,store_plusmember_jp,BU-01024468,PKG-01131497,,,,8月,G,商品特定（候補あり）,高,BU-01024468,箱,929,1,,商品を特定できていない（候補が複数）,タグ・JAN・型番・ブランド名を撮影、全体写真、数量,,,,,,,,,候補あり
PKGI-02718625,PKGI-02718625,2nd Album『瞬間的シックスセンス』12inchレコード,1,store_plusmember_jp,BU-01024468,PKG-01131497,,,YES,8月,B,数量・版＋撮影（写真なし）,中,BU-01024468,箱,930,1,,現物未確認（数量・版の確認）／写真なし（撮影が必要）,確認数量（元リストの商品単位） / 欠品・付属品の実際の内容 / 盤2枚の揃い・規格品番・付属カード・状態を確認。2枚組で1商品単位,https://store.plusmember.jp/aimyon/products/detail.php?product_id=104918,master_v336_confirmed_url,,,,,,,特定済み
PKGI-02718747,PKGI-02718747,GOAT Winter 2026【予約】,1,books_rakuten_co_jp,BU-01024522,PKG-01115089,,,YES,8月,B,数量・版＋撮影（写真なし）,中,BU-01024522,箱,931,1,,現物未確認（数量・版の確認）／写真なし（撮影が必要）,確認数量（元リストの商品単位） / 欠品・付属品の実際の内容 / 現物の号・付属物・状態を確認,https://dps.shogakukan.co.jp/goat,master_v336_confirmed_url,,,,,,,特定済み
PKGI-02718861,PKGI-02718861,Polo [choco×mint],1,eveofficialstore_com,BU-01024576,PKG-01102721,,,,8月,G,商品特定（候補あり）,高,BU-01024576,箱,933,1,,商品を特定できていない（候補が複数）,タグ・JAN・型番・ブランド名を撮影、全体写真、数量,https://www.eveofficialstore.com/view/item/000000000309,"web_search(supplier,score=1.00)",https://www.eveofficialstore.com/view/item/000000000309,Polo [choco×mint]｜Eve(イブ) 公式通販サイト,1.00,,,,候補あり
PKGI-02718907,PKGI-02718907,現実が瞬く間に好転する 浄化の力,1,books_rakuten_co_jp,BU-01024597,PKG-01115084,,,YES,8月,B,数量・版＋撮影（写真なし）,中,BU-01024597,箱,934,1,,現物未確認（数量・版の確認）／写真なし（撮影が必要）,確認数量（元リストの商品単位） / 欠品・付属品の実際の内容 / 現物のISBN・状態・付属物を確認,https://www.hanmoto.com/bd/isbn/9784046071651,master_v336_confirmed_url,,,,,,,特定済み
PKGI-02718906,PKGI-02718906,2614-NM-02-0000 3COINS EMS&温熱ケアパッド／hemle,1,palcloset_jp,BU-01024601,PKG-01067529,YES,YES,,8月,A,版・サイズ・色の確定,中,BU-01024601,箱,935,1,,版・SKU・サイズ・色が元データから確定できない,版・種類・サイズ・色,https://www.palcloset.jp/display/item/2614-NM-02-0000/,master_v336_confirmed_url,,,,,,,特定済み
PKGI-02719402,PKGI-02719402,秘密の間柄 Blu-ray【初回限定盤/コリタメ限定特典付き】,1,koretame_com,BU-01024820,PKG-01131568,,,,8月,G,商品特定（候補あり）,高,BU-01024820,箱,939,1,,商品を特定できていない（候補が複数）,タグ・JAN・型番・ブランド名を撮影、全体写真、数量,,,,,,,,,候補あり
PKGI-02719415,PKGI-02719415,MICKEY MOUSE NN T-SHIRT,1,n-nine-store_com,BU-01024829,PKG-01115026,YES,YES,YES,8月,A,版・サイズ・色の確定,中,BU-01024829,箱,940,1,,版・SKU・サイズ・色が元データから確定できない,版・種類・サイズ・色、数量・セット内容、状態・未開封,https://n-nine-store.com/item/107385846.html,master_v336_confirmed_url,,,,,,,特定済み
PKGI-02719699,PKGI-02719699,Tobi Nui Charm,1,eveofficialstore_com,BU-01024922,PKG-01102701,YES,YES,YES,8月,A,版・サイズ・色の確定,中,BU-01024922,箱,941,1,,版・SKU・サイズ・色が元データから確定できない,版・種類・サイズ・色、状態・未開封,,,,,,,,,特定済み
PKGI-02719700,PKGI-02719700,Mochimochi Squishy,1,eveofficialstore_com,BU-01024922,PKG-01102701,YES,YES,YES,8月,A,版・サイズ・色の確定,中,BU-01024922,箱,942,1,,版・SKU・サイズ・色が元データから確定できない,版・種類・サイズ・色、状態・未開封、画像と現物の一致,,,,,,,,,特定済み
PKGI-02719843,PKGI-02719843,【楽天ブックス限定グッズ+楽天ブックス限定全巻購入特典+他】『僕のヒーローアカデミア』FINAL SEASON Blu-ray Vol.2 初回生産限定版【Blu-ray】(プラスチックドリンクボトル+A5キャラファイングラフ+アクリルスタンド+他)【予約】,1,books_rakuten_co_jp,BU-01024976,PKG-01113203,,,,8月,H,商品特定（ページ見つからず）,高,BU-01024976,箱,943,1,,商品ページが見つからない（商品名から特定不可）,タグ・JAN・型番・ブランド名を撮影、全体写真、数量,,,,,,,,,未発見
PKGI-02667317,PKGI-02667317,【楽天ブックス限定全巻購入特典+先着特典】『僕のヒーローアカデミア』FINAL SEASON Blu-ray Vol.1 初回生産限定版【Blu-ray】(A5キャラファイングラフ+アクリルスタンド+場面写真L判ポストカード),1,books_rakuten_co_jp,BU-01024976,PKG-01113203,,,,8月,H,商品特定（ページ見つからず）,高,BU-01024976,箱,944,1,,商品ページが見つからない（商品名から特定不可）,タグ・JAN・型番・ブランド名を撮影、全体写真、数量,,,,,,,,,未発見
PKGI-02719929,PKGI-02719929,S-EC-2525-DISH- 《WEB限定商品》ディッシュテーブル／g?teau,1,palcloset_jp,BU-01024988,PKG-01067751,YES,YES,YES,8月,A,版・サイズ・色の確定,中,BU-01024988,箱,945,1,,版・SKU・サイズ・色が元データから確定できない,版・種類・サイズ・色、数量・セット内容、状態・未開封,https://www.palcloset.jp/display/item/S-EC-2525-DISH-/?b=salut&cl=01,master_v336_confirmed_url,,,,,,,特定済み
PKGI-02719844,PKGI-02719844,S-EC-2525-STOOL 《WEB限定商品》Caneleスツール／g?teau,1,palcloset_jp,BU-01024988,PKG-01067751,YES,YES,YES,8月,A,版・サイズ・色の確定,中,BU-01024988,箱,946,1,,版・SKU・サイズ・色が元データから確定できない,版・種類・サイズ・色、数量・セット内容、状態・未開封,https://www.palcloset.jp/display/item/S-EC-2525-STOOL/?b=salut&cl=68,master_v336_confirmed_url,,,,,,,特定済み
PKGI-02719928,PKGI-02719928,S-EC-2525-BISC- 《WEB限定商品》Biscuitスツール／g?teau,1,palcloset_jp,BU-01024988,PKG-01067751,YES,YES,YES,8月,A,版・サイズ・色の確定,中,BU-01024988,箱,947,1,,版・SKU・サイズ・色が元データから確定できない,版・種類・サイズ・色、数量・セット内容、状態・未開封,https://www.palcloset.jp/display/item/S-EC-2525-BISC-/?b=salut&cl=61&ss=,master_v336_confirmed_url,,,,,,,特定済み
PKGI-02720407,PKGI-02720407,はむにぎり　マスコット　＊予約販売＊　５月下旬発送予定,1,livheart_jp,BU-01025149,PKG-01102757,,,,8月,H,商品特定（ページ見つからず）,高,BU-01025149,箱,949,1,,商品ページが見つからない（商品名から特定不可）,タグ・JAN・型番・ブランド名を撮影、全体写真、数量,,,,,,,,,未発見
PKGI-02718200,PKGI-02718200,ReFa MILK PROTEIN PINK LINE,1,mtgec_jp,BU-01025223,PKG-01102817,,,,8月,G,商品特定（候補あり）,高,BU-01025223,箱,950,1,,商品を特定できていない（候補が複数）,タグ・JAN・型番・ブランド名を撮影、全体写真、数量,,,,,,,,,候補あり
PKGI-02720922,PKGI-02720922,Synthesizer V 2 AI 重音テト SV1重音テト優待版,1,ah-soft_net,BU-01025352,PKG-01131891,YES,YES,YES,8月,A,版・サイズ・色の確定,中,BU-01025352,箱,951,1,,版・SKU・サイズ・色が元データから確定できない,版・種類・サイズ・色、数量・セット内容、状態・未開封、画像と現物の一致、箱・袋の所在,,,,,,,,,特定済み
PKGI-02721017,PKGI-02721017,海苔ふりかけ　贅沢あられたっぷり　１００g,5,about_maruni-nori_com,BU-01025410,PKG-01143156,,,,8月,J,在庫統合（同一商品が販売中）,高,BU-01025410,箱,952,5,,同一商品が別PDで販売中,現物の有無と点数,,,,,,,,,特定済み
PKGI-02721055,PKGI-02721055,※予約【Mrs. GREEN APPLE × and ST】コラボ ブレスレット,1,dot-st_com,BU-01025434,PKG-01067833,YES,,,8月,B,数量・版＋撮影（写真なし）,中,BU-01025434,箱,953,1,,現物未確認（数量・版の確認）／写真なし（撮影が必要）,確認数量（元リストの商品単位） / 欠品・付属品の実際の内容 / 現物のコラボ版・色・構成/付属物を確認,https://mrsgreenapple.com/news/detail/22326,master_v336_confirmed_url,,,,,,,特定済み
PKGI-02721092,PKGI-02721092,[Fight Club / weber] T shirt (Rules),2,weber71_stores_jp,BU-01025466,PKG-01131743,,,,8月,H,商品特定（ページ見つからず）,高,BU-01025466,箱,954,2,,商品ページが見つからない（商品名から特定不可）,タグ・JAN・型番・ブランド名を撮影、全体写真、数量,,,,,,,,,未発見
PKGI-02721093,PKGI-02721093,[Fight Club / weber] T shirt,2,weber71_stores_jp,BU-01025466,PKG-01131743,,,,8月,G,商品特定（候補あり）,高,BU-01025466,箱,955,2,,商品を特定できていない（候補が複数）,タグ・JAN・型番・ブランド名を撮影、全体写真、数量,https://weber71.stores.jp/items/69c0e108d95230f595acd29c,candidate_verified(score=1.00),https://weber71.stores.jp/items/69c0e108d95230f595acd29c,,,,,,候補あり
PKGI-02721094,PKGI-02721094,[プラダを着た悪魔 / weber] T shirt (Andy),1,weber71_stores_jp,BU-01025466,PKG-01131743,,,,8月,G,商品特定（候補あり）,高,BU-01025466,箱,956,1,,商品を特定できていない（候補が複数）,タグ・JAN・型番・ブランド名を撮影、全体写真、数量,https://weber71.stores.jp/items/69afdf7c849bba075b6805e9,candidate_verified(score=1.00),https://weber71.stores.jp/items/69afdf7c849bba075b6805e9,,,,,,候補あり
PKGI-02721170,PKGI-02721170,[glamb(Gram)] [Pre-order: Mid- to Late May Arrival] Kiryu vs Mine Jacket (GB0126-LD01),1,cambio_co_jp,BU-01025501,PKG-01131794,YES,YES,,8月,A,版・サイズ・色の確定,中,BU-01025501,箱,957,1,,版・SKU・サイズ・色が元データから確定できない,版・種類・サイズ・色,https://www.glamb-lodge.com/en/collections/likeadragon/products/gb0126-ld01,master_v336_confirmed_url,,,,,,,特定済み
PKGI-02721200,PKGI-02721200,Dr.STONE_アクリルスタンドプレート08/石神千空(場面写イラスト)【BACKORDER】,1,colleize_com,BU-01025521,PKG-01067870,,,,8月,G,商品特定（候補あり）,高,BU-01025521,箱,958,1,,商品を特定できていない（候補が複数）,タグ・JAN・型番・ブランド名を撮影、全体写真、数量,,,,,,,,,候補あり
PKGI-02721201,PKGI-02721201,Dr.STONE_アクリルスタンドプレート16/石神千空(場面写イラスト)【予約】,1,colleize_com,BU-01025521,PKG-01067870,,,,8月,G,商品特定（候補あり）,高,BU-01025521,箱,959,1,,商品を特定できていない（候補が複数）,タグ・JAN・型番・ブランド名を撮影、全体写真、数量,https://www.hobbystock.jp/item/view/hby-ccg-00386198,"candidate_url(other,score=0.82)",https://www.hobbystock.jp/item/view/hby-ccg-00386198,ホビーストック | Dr.STONE アクリルスタンドプレート 08 石神千空 場面写イラスト,0.82,,,,候補あり
PKGI-02721210,PKGI-02721210,【COMPLETE 2.0】Check - Black,1,uagfb_com,BU-01025533,PKG-01131708,,,,8月,H,商品特定（ページ見つからず）,高,BU-01025533,箱,960,1,,商品ページが見つからない（商品名から特定不可）,タグ・JAN・型番・ブランド名を撮影、全体写真、数量,,,,,,,,,未発見
PKGI-02721058,PKGI-02721058,レイヤード風ドットカットソー,1,freaksstore_com,BU-01025568,PKG-01067858,YES,YES,,8月,A,版・サイズ・色の確定,中,BU-01025568,箱,961,1,,版・SKU・サイズ・色が元データから確定できない,版・種類・サイズ・色,https://brandavenue.rakuten.co.jp/item/RS2450/,master_v336_confirmed_url,,,,,,,特定済み
PKGI-02721285,PKGI-02721285,レーストリムジャガードカットソー,1,freaksstore_com,BU-01025568,PKG-01067858,,,,8月,G,商品特定（候補あり）,高,BU-01025568,箱,962,1,,商品を特定できていない（候補が複数）,タグ・JAN・型番・ブランド名を撮影、全体写真、数量,,,,,,,,,候補あり
PKGI-02715178,PKGI-02715178,別注 ヘンリーネック Tシャツ　限定展開,1,freaksstore_com,BU-01025568,PKG-01067858,YES,YES,,8月,B,数量・版＋撮影（写真なし）,中,BU-01025568,箱,963,1,,現物未確認（数量・版の確認）／写真なし（撮影が必要）,確認数量（元リストの商品単位） / 欠品・付属品の実際の内容 / 色・サイズ・種類の現物と根拠照合,https://www.daytona-park.com/item/3223291600006,master_v336_confirmed_url,,,,,,,特定済み
PKGI-02721518,PKGI-02721518,瞬間的シックスセンス【アナログ盤】【予約】,1,books_rakuten_co_jp,BU-01025658,PKG-01113159,,,,8月,H,商品特定（ページ見つからず）,高,BU-01025658,箱,964,1,,商品ページが見つからない（商品名から特定不可）,タグ・JAN・型番・ブランド名を撮影、全体写真、数量,https://books.rakuten.co.jp/rb/18544591/,"web_search(supplier,score=1.00)",https://books.rakuten.co.jp/rb/18544591/,瞬間的シックスセンス【アナログ盤】,1.00,,,,未発見
PKGI-02721581,PKGI-02721581,ヒロボー HIROBO パーツ 【0412-239】 燃料タンクキャップ シャトル用（残り部材わずか）,5,hirobo_com,BU-01025686,PKG-01143341,YES,YES,YES,8月,A,版・サイズ・色の確定,中,BU-01025686,箱,966,5,,版・SKU・サイズ・色が元データから確定できない,版・種類・サイズ・色、状態・未開封、画像と現物の一致,https://www.hirobo.com/view/item/000000000119,master_v336_confirmed_url,,,,,,,特定済み
PKGI-02721664,PKGI-02721664,瑠璃の宝石 アクリルキャラスタンド 荒砥 凪 水着ver.【描き下ろし】,1,charaon_jp,BU-01025701,PKG-01131914,YES,YES,,8月,C,数量・版,中,BU-01025701,箱,967,1,,現物未確認（数量・版の確認）,説明文の未確認項目（サイズ・色・種類・構成など）,https://www.charaon.jp/SHOP/AZRNH014.html,master_v336_confirmed_url,,,,,,,特定済み
PKGI-02721716,PKGI-02721716,【マイメロディ】スウェットワンピース,1,rlab-store_jp,BU-01025725,PKG-01113123,,,,8月,G,商品特定（候補あり）,高,BU-01025725,箱,970,1,,商品を特定できていない（候補が複数）,タグ・JAN・型番・ブランド名を撮影、全体写真、数量,,,,,,,,,候補あり
PKGI-02721743,PKGI-02721743,Obey Me! アクリルハンガー ベルゼブブ / Obey Me! Acrylic Hanger - Beelzebub,1,acrpicto_com,BU-01025733,PKG-01115271,,,YES,8月,D,数量・セット内容,中,BU-01025733,箱,971,1,,数量・セット内容の確認が必要,数量・セット内容、状態・未開封、画像と現物の一致,https://www.acrpicto.com/view/item/000000000085,master_v336_confirmed_url,,,,,,,特定済み
PKGI-02721742,PKGI-02721742,『Obey Me!』「嘆きの館」鍵モチーフ2連アクリルキーホルダー / Obey Me! House of Lamentation Key & Character Keychain,1,acrpicto_com,BU-01025733,PKG-01115271,YES,YES,YES,8月,A,版・サイズ・色の確定,中,BU-01025733,箱,972,1,,版・SKU・サイズ・色が元データから確定できない,版・種類・サイズ・色、数量・セット内容、状態・未開封、画像と現物の一致,https://www.acrpicto.com/view/item/000000000111,master_v336_confirmed_url,,,,,,,特定済み
PKGI-02721826,PKGI-02721826,残り僅か！〈SELECT〉シルクタッチガーゼフレアスカート 4495601,1,sysorus_com,BU-01025767,PKG-01113051,,,,8月,H,商品特定（ページ見つからず）,高,BU-01025767,箱,973,1,,商品ページが見つからない（商品名から特定不可）,タグ・JAN・型番・ブランド名を撮影、全体写真、数量,,,,,,,,,未発見
PKGI-02721870,PKGI-02721870,『New PANTY & STOCKING with GARTERBELT』ゆらゆら アクリルKH ポリウレタン,1,anime-store_jp,BU-01025783,PKG-01131773,,,,8月,G,商品特定（候補あり）,高,BU-01025783,箱,977,1,,商品を特定できていない（候補が複数）,タグ・JAN・型番・ブランド名を撮影、全体写真、数量,https://anime-store.jp/products/4573663691862?_pos=1&_sid=2038acd0e&_ss=r,"shop_site_search(supplier,score=1.00)",https://anime-store.jp/products/4573663691862?_pos=1&_sid=2038acd0e&_ss=r,,,,,,候補あり
PKGI-02721868,PKGI-02721868,『New PANTY & STOCKING with GARTERBELT』ポリウレタン Ani-Art clear label A3マット加工ポスター,1,anime-store_jp,BU-01025783,PKG-01131773,,,,8月,G,商品特定（候補あり）,高,BU-01025783,箱,978,1,,商品を特定できていない（候補が複数）,タグ・JAN・型番・ブランド名を撮影、全体写真、数量,,,,,,,,,候補あり
PKGI-02721871,PKGI-02721871,『New PANTY & STOCKING with GARTERBELT』モーテルKH ポリウレタン,1,anime-store_jp,BU-01025783,PKG-01131773,,,,8月,G,商品特定（候補あり）,高,BU-01025783,箱,979,1,,商品を特定できていない（候補が複数）,タグ・JAN・型番・ブランド名を撮影、全体写真、数量,,,,,,,,,候補あり
PKGI-02721893,PKGI-02721893,1st Album『青春のエキサイトメント』12inchレコード,1,store_plusmember_jp,BU-01025796,PKG-01131787,,,YES,8月,B,数量・版＋撮影（写真なし）,中,BU-01025796,箱,980,1,,現物未確認（数量・版の確認）／写真なし（撮影が必要）,確認数量（元リストの商品単位） / 欠品・付属品の実際の内容 / 盤2枚の揃い・規格品番・付属カード・状態を確認。2枚組で1商品単位,https://store.plusmember.jp/aimyon/products/detail.php?product_id=104917,master_v336_confirmed_url,,,,,,,特定済み
PKGI-02721976,PKGI-02721976,ショートブーツ レディース ブーツ ポインテッドトゥ 送料無料・メール便不可,1,antiqua_co_jp,BU-01025843,PKG-01143375,YES,YES,YES,8月,A,版・サイズ・色の確定,中,BU-01025843,箱,981,1,,版・SKU・サイズ・色が元データから確定できない,版・種類・サイズ・色、数量・セット内容、状態・未開封,https://www.antiqua.co.jp/view/item/000000028879,master_v336_confirmed_url,,,,現物,,,特定済み
PKGI-02721977,PKGI-02721977,足元で締める。サンダル レディース 厚底 ベルト バックル 歩きやすい 送料無料 ・メール便不可,1,antiqua_co_jp,BU-01025843,PKG-01143375,YES,YES,YES,8月,A,版・サイズ・色の確定,中,BU-01025843,箱,982,1,,版・SKU・サイズ・色が元データから確定できない,版・種類・サイズ・色、数量・セット内容、状態・未開封、画像と現物の一致,https://www.antiqua.co.jp/view/item/000000029803?category_page_id=ct167,master_v336_confirmed_url,,,,現物,,,特定済み
PKGI-02722798,PKGI-02722798,【予約特別価格】                TVアニメ ハイスクールD×D HERO マイクロファイバー 姫島朱乃 ボンテージ ver.,1,hobbystock_jp,BU-01026156,PKG-01132129,YES,YES,YES,8月,A,版・サイズ・色の確定,中,BU-01026156,箱,986,1,,版・SKU・サイズ・色が元データから確定できない,版・種類・サイズ・色、数量・セット内容、状態・未開封、画像と現物の一致,https://www.hobbystock.jp/item/view/hby-ccg-00391637,master_v336_confirmed_url,,,,,,,特定済み
PKGI-02722799,PKGI-02722799,【予約特別価格】                TVアニメ ハイスクールD×D HERO マイクロファイバー リアス・グレモリー ボンテージ ver.,1,hobbystock_jp,BU-01026156,PKG-01132129,YES,YES,YES,8月,A,版・サイズ・色の確定,中,BU-01026156,箱,987,1,,版・SKU・サイズ・色が元データから確定できない,版・種類・サイズ・色、数量・セット内容、状態・未開封、画像と現物の一致,https://www.hobbystock.jp/item/view/hby-ccg-00391635,master_v336_confirmed_url,,,,,,,特定済み
PKGI-02722800,PKGI-02722800,【予約特別価格】                TVアニメ ハイスクールD×D HERO マイクロファイバー 塔城小猫 ボンテージ ver.,1,hobbystock_jp,BU-01026156,PKG-01132129,YES,YES,YES,8月,A,版・サイズ・色の確定,中,BU-01026156,箱,988,1,,版・SKU・サイズ・色が元データから確定できない,版・種類・サイズ・色、数量・セット内容、状態・未開封、画像と現物の一致,https://www.hobbystock.jp/item/view/hby-ccg-00391638,master_v336_confirmed_url,,,,,,,特定済み
PKGI-02722801,PKGI-02722801,【予約特別価格】                TVアニメ ハイスクールD×D HERO マイクロファイバー アーシア・アルジェント ボンテージ ver.,1,hobbystock_jp,BU-01026156,PKG-01132129,YES,YES,YES,8月,A,版・サイズ・色の確定,中,BU-01026156,箱,989,1,,版・SKU・サイズ・色が元データから確定できない,版・種類・サイズ・色、数量・セット内容、状態・未開封、画像と現物の一致,https://www.hobbystock.jp/item/view/hby-ccg-00391636,master_v336_confirmed_url,,,,,,,特定済み
PKGI-02722802,PKGI-02722802,この素晴らしい世界に祝福を！ 描き下ろしミニ色紙 アクア バカンス ver.（イベント特典対象商品）,1,hobbystock_jp,BU-01026156,PKG-01132129,,,YES,8月,B,数量・版＋撮影（写真なし）,中,BU-01026156,箱,990,1,,現物未確認（数量・版の確認）／写真なし（撮影が必要）,確認数量（元リストの商品単位） / 欠品・付属品の実際の内容 / 現物図柄・状態と特典有無を確認。イベント対象というだけで特典付きとは書かない,https://www.hobbystock.jp/item/view/hso-ccg-00014232,master_v336_confirmed_url,,,,,,,特定済み
PKGI-02722891,PKGI-02722891,完全復刻版　CLAMP描きおろしクロウカードセット　（講談社キャラクターズA）,1,books_rakuten_co_jp,BU-01026190,PKG-01115306,YES,YES,,8月,A,版・サイズ・色の確定,中,BU-01026190,箱,991,1,,版・SKU・サイズ・色が元データから確定できない,版・種類・サイズ・色,https://shopping.yahoo.co.jp/products/z8so3q4t73,master_v336_confirmed_url,,,,,,,特定済み
PKGI-02722988,PKGI-02722988,【先着特典】Are You Red.Y? (通常盤)(オリジナルカードホルダー「りょうすけーす」)【予約】,1,books_rakuten_co_jp,BU-01026234,PKG-01113143,,,,8月,H,商品特定（ページ見つからず）,高,BU-01026234,箱,992,1,,商品ページが見つからない（商品名から特定不可）,タグ・JAN・型番・ブランド名を撮影、全体写真、数量,,,,,,,,,未発見
PKGI-02723328,PKGI-02723328,瑠璃の宝石 マグカップ 瑠璃＆凪 水着ver.【描き下ろし】,1,charaon_jp,BU-01026375,PKG-01132201,YES,YES,YES,8月,A,版・サイズ・色の確定,中,BU-01026375,箱,993,1,,版・SKU・サイズ・色が元データから確定できない,版・種類・サイズ・色、数量・セット内容、状態・未開封,https://www.charaon.jp/smp/item/AZRNH015.html,master_v336_confirmed_url,,,,,,,特定済み
PKGI-02723801,PKGI-02723801,MICKEY MOUSE NN T-SHIRT / COLOR &#038; MONOCHROME,1,n-nine-store_com,BU-01026602,PKG-01113322,YES,YES,YES,8月,A,版・サイズ・色の確定,中,BU-01026602,箱,995,1,,版・SKU・サイズ・色が元データから確定できない,版・種類・サイズ・色、数量・セット内容、状態・未開封、画像と現物の一致,https://n-nine-store.com/item/107385846.html,master_v336_confirmed_url,,,,,,,特定済み
PKGI-02723918,PKGI-02723918,MICKEY MOUSE OS GLITTER PRINTED T-SHIRT,1,n-nine-store_com,BU-01026602,PKG-01113322,YES,YES,YES,8月,A,版・サイズ・色の確定,中,BU-01026602,箱,996,1,,版・SKU・サイズ・色が元データから確定できない,版・種類・サイズ・色、数量・セット内容、状態・未開封、画像と現物の一致,https://n-nine-store.com/item/107385863.html,master_v336_confirmed_url,,,,,,,特定済み
PKGI-02723296,PKGI-02723296,HAND PAINTED BASIC HEM PRINTED L/S T-SHIRT / ハンドペイント ベーシック ワンポイント ロゴプリント ロンT,1,n-nine-store_com,BU-01026602,PKG-01113322,YES,YES,,8月,A,版・サイズ・色の確定,中,BU-01026602,箱,997,1,,版・SKU・サイズ・色が元データから確定できない,版・種類・サイズ・色,https://n-nine-store.com/item/111722758.html,master_v336_confirmed_url,,,,,,,特定済み
PKGI-02723295,PKGI-02723295,100% FINE COTTON N(N) BOX LOGO 2 PACK RIB LINE SOCKS / ファイン コットン100% ワンポイント N(N)ボックスロゴ 2パック リブ ライン ソックス,1,n-nine-store_com,BU-01026602,PKG-01113322,YES,YES,,8月,C,数量・版,中,BU-01026602,箱,998,1,,現物未確認（数量・版の確認）,説明文の未確認項目（サイズ・色・種類・構成など）,https://n-nine-store.com/item/100222804.html,master_v336_confirmed_url,,,,,,,特定済み
PKGI-02724081,PKGI-02724081,GUITAR GIRL メッシュキャップ (予約),1,store_hystericglamour_jp,BU-01026655,PKG-01132369,YES,YES,,8月,A,版・サイズ・色の確定,中,BU-01026655,箱,1002,1,,版・SKU・サイズ・色が元データから確定できない,版・種類・サイズ・色,https://store.hystericglamour.jp/item/102345.html,master_v336_confirmed_url,,,,,,,特定済み
PKGI-02724125,PKGI-02724125,Jekyll and HYDE in Salzburg,1,hmv_co_jp,BU-01026673,PKG-01115384,,,,8月,H,商品特定（ページ見つからず）,高,BU-01026673,箱,1003,1,,商品ページが見つからない（商品名から特定不可）,タグ・JAN・型番・ブランド名を撮影、全体写真、数量,,,,,,,,,未発見
PKGI-02724277,PKGI-02724277,フニオ　抱きまくらＬサイズ,1,livheart_jp,BU-01026733,PKG-01115402,YES,YES,YES,8月,A,版・サイズ・色の確定,中,BU-01026733,箱,1004,1,,版・SKU・サイズ・色が元データから確定できない,版・種類・サイズ・色、数量・セット内容、状態・未開封、画像と現物の一致,https://livheart.jp/shopdetail/000000000967/,master_v336_confirmed_url,,,,,,,特定済み
PKGI-02724288,PKGI-02724288,For the first time＜数量限定盤/日本語帯付/解説、歌詞対訳付＞ (発売日: 2025年12月05日),1,tower_jp,BU-01026738,PKG-01068104,,,YES,8月,D,数量・セット内容,中,BU-01026738,箱,1005,1,,数量・セット内容の確認が必要,数量・セット内容、状態・未開封,https://tower.jp/item/7437856,master_v336_confirmed_url,,,,元帳数量保持・現物,,,特定済み
PKGI-02724289,PKGI-02724289,Cowards＜数量限定盤/Clear Vinyl/日本語帯付き＞ (発売日: 2025年02月07日),1,tower_jp,BU-01026738,PKG-01068104,,,,8月,G,商品特定（候補あり）,高,BU-01026738,箱,1006,1,,商品を特定できていない（候補が複数）,タグ・JAN・型番・ブランド名を撮影、全体写真、数量,,,,,,,,,候補あり
PKGI-02724492,PKGI-02724492,桜梅桃李,1,ditatokyo_jp,BU-01026813,PKG-01132202,,,,8月,H,商品特定（ページ見つからず）,高,BU-01026813,箱,1007,1,,商品ページが見つからない（商品名から特定不可）,タグ・JAN・型番・ブランド名を撮影、全体写真、数量,,,,,,,,,未発見
PKGI-02724493,PKGI-02724493,【先行予約/5月中旬より順次発送予定】繚乱恋花,1,ditatokyo_jp,BU-01026813,PKG-01132202,,,,8月,H,商品特定（ページ見つからず）,高,BU-01026813,箱,1008,1,,商品ページが見つからない（商品名から特定不可）,タグ・JAN・型番・ブランド名を撮影、全体写真、数量,,,,,,,,,未発見
PKGI-02724495,PKGI-02724495,綺麗な着こなしに必須◎,1,ditatokyo_jp,BU-01026813,PKG-01132202,,,,8月,H,商品特定（ページ見つからず）,高,BU-01026813,箱,1009,1,,商品ページが見つからない（商品名から特定不可）,タグ・JAN・型番・ブランド名を撮影、全体写真、数量,,,,,,,,,未発見
PKGI-02724494,PKGI-02724494,夏の浴衣姿を快適に,1,ditatokyo_jp,BU-01026813,PKG-01132202,,,,8月,H,商品特定（ページ見つからず）,高,BU-01026813,箱,1010,1,,商品ページが見つからない（商品名から特定不可）,タグ・JAN・型番・ブランド名を撮影、全体写真、数量,,,,,,,,,未発見
PKGI-02724496,PKGI-02724496,美しい着付けの必需品！,2,ditatokyo_jp,BU-01026813,PKG-01132202,,,,8月,H,商品特定（ページ見つからず）,高,BU-01026813,箱,1011,2,,商品ページが見つからない（商品名から特定不可）,タグ・JAN・型番・ブランド名を撮影、全体写真、数量,,,,,,,,,未発見
PKGI-02724600,PKGI-02724600,バブルシガレット(オリジナル_2),1,kingsidea_jp,BU-01026843,PKG-01132444,,,,8月,J,在庫統合（同一商品が販売中）,高,BU-01026843,箱,1013,1,,同一商品が別PDで販売中,現物の有無と点数,,,,,,,,,特定済み
PKGI-02724729,PKGI-02724729,メランジギフトセット（ライトピンク）(BT×1枚、FT×1枚) (セット内容物の各種サイズは別途記載),2,imabari-towel_jp,BU-01026877,PKG-01132244,,,,8月,G,商品特定（候補あり）,高,BU-01026877,箱,1014,2,,商品を特定できていない（候補が複数）,タグ・JAN・型番・ブランド名を撮影、全体写真、数量,,,,,,,,,候補あり
PKGI-02724831,PKGI-02724831,Synthesizer V 2 AI 重音テト,1,ah-soft_net,BU-01026913,PKG-01132068,,,YES,8月,F,状態・未開封・動作,中,BU-01026913,箱,1015,1,,状態・未開封・動作の確認が必要,状態・未開封,,,,,,,,,特定済み
PKGI-02724998,PKGI-02724998,GLOOMY meets 初音ミク アクリルジオラマスタンド _pre【お届け：2026年5月頃より発送予定】,1,premiumstore_jp,BU-01026966,PKG-01143923,YES,YES,,8月,A,版・サイズ・色の確定,中,BU-01026966,箱,1016,1,,版・SKU・サイズ・色が元データから確定できない,版・種類・サイズ・色、数量・セット内容、bonus_or_purchase_benefit_presence、画像と現物の一致,https://premiumstore.jp/item_Detail.php?%40DB_ID%40=7569,master_v336_confirmed_url,,,,,,,特定済み
PKGI-02725279,PKGI-02725279,GLOOMY meets 初音ミク ツインアクリルキーホルダー ミニキャラver.（全6種セット） _pre【お届け：2026年5月頃より発送予定】,1,premiumstore_jp,BU-01027094,PKG-01143784,YES,YES,,8月,A,版・サイズ・色の確定,中,BU-01027094,箱,1018,1,,版・SKU・サイズ・色が元データから確定できない,版・種類・サイズ・色、数量・セット内容、bonus_or_purchase_benefit_presence、画像と現物の一致,https://premiumstore.jp/item_Detail.php?%40DB_ID%40=7573,master_v336_confirmed_url,,,,,,,特定済み
PKGI-02725308,PKGI-02725308,※予約【Mrs. GREEN APPLE × and ST】コラボ ブレスレット,1,dot-st_com,BU-01027109,PKG-01068248,YES,,,8月,B,数量・版＋撮影（写真なし）,中,BU-01027109,箱,1019,1,,現物未確認（数量・版の確認）／写真なし（撮影が必要）,確認数量（元リストの商品単位） / 欠品・付属品の実際の内容 / 現物のコラボ版・色・構成/付属物を確認,,,,,,,,,特定済み
PKGI-02725419,PKGI-02725419,※予約【Mrs. GREEN APPLE × and ST】コラボ ブレスレット,1,dot-st_com,BU-01027152,PKG-01068181,YES,,,8月,B,数量・版＋撮影（写真なし）,中,BU-01027152,箱,1020,1,,現物未確認（数量・版の確認）／写真なし（撮影が必要）,確認数量（元リストの商品単位） / 欠品・付属品の実際の内容 / 現物のコラボ版・色・構成/付属物を確認,,,,,,,,,特定済み
PKGI-02725467,PKGI-02725467,HYSTERIC TIMES シアーハイソックス,2,store_hystericglamour_jp,BU-01027177,PKG-01143692,YES,,,8月,B,数量・版＋撮影（写真なし）,中,BU-01027177,箱,1021,2,,現物未確認（数量・版の確認）／写真なし（撮影が必要）,確認数量（元リストの商品単位） / 欠品・付属品の実際の内容 / 現物の左右の揃い・色・品番を確認,https://brandavenue.rakuten.co.jp/item/NZ3762/?product_color_cd=01&s-id=brn_coordinate_item,master_v336_confirmed_url,,,,,,,特定済み
PKGI-02725486,PKGI-02725486,[殺し屋１×weber] Acrylic Key chain,1,weber71_stores_jp,BU-01027184,PKG-01143833,,,,8月,G,商品特定（候補あり）,高,BU-01027184,箱,1022,1,,商品を特定できていない（候補が複数）,タグ・JAN・型番・ブランド名を撮影、全体写真、数量,https://weber71.stores.jp/items/69ef04d0d90e54184599a877,"shop_site_search(supplier,score=1.00)",https://weber71.stores.jp/items/69ef04d0d90e54184599a877,[殺し屋１×weber] Acrylic Key chain,1.00,,,,候補あり
PKGI-02725487,PKGI-02725487,[殺し屋１× weber] Coin Case with Tongue Keychain,1,weber71_stores_jp,BU-01027184,PKG-01143833,,,,8月,G,商品特定（候補あり）,高,BU-01027184,箱,1023,1,,商品を特定できていない（候補が複数）,タグ・JAN・型番・ブランド名を撮影、全体写真、数量,https://weber71.stores.jp/items/69ef0c4b5d2d4e55e1788678,"shop_site_search(supplier,score=1.00)",https://weber71.stores.jp/items/69ef0c4b5d2d4e55e1788678,[殺し屋１× weber] Coin Case with Tongue Keychain,1.00,,,,候補あり
PKGI-02725488,PKGI-02725488,[殺し屋１×weber] Acrylic Key chain (いちばん悪い奴),1,weber71_stores_jp,BU-01027184,PKG-01143833,,,,8月,G,商品特定（候補あり）,高,BU-01027184,箱,1024,1,,商品を特定できていない（候補が複数）,タグ・JAN・型番・ブランド名を撮影、全体写真、数量,https://weber71.stores.jp/items/69ef065207ebb53043888cd2,"shop_site_search(supplier,score=1.00)",https://weber71.stores.jp/items/69ef065207ebb53043888cd2,[殺し屋１×weber] Acrylic Key chain (いちばん悪い奴),1.00,,,,候補あり
PKGI-02725717,PKGI-02725717,Tote bag【Shipped by late May 2026】,1,asmart_jp,BU-01027255,PKG-01068235,,,,8月,G,商品特定（候補あり）,高,BU-01027255,箱,1025,1,,商品を特定できていない（候補が複数）,タグ・JAN・型番・ブランド名を撮影、全体写真、数量,,,,,,,,,候補あり
PKGI-02725718,PKGI-02725718,Fan / JOOHONEY【Shipped by late May 2026】,1,asmart_jp,BU-01027255,PKG-01068235,,,,8月,G,商品特定（候補あり）,高,BU-01027255,箱,1026,1,,商品を特定できていない（候補が複数）,タグ・JAN・型番・ブランド名を撮影、全体写真、数量,,,,,,,,,候補あり
PKGI-02725725,PKGI-02725725,Mudras 忍印(Regular Fit T-Shirt),1,suzuri_jp,BU-01027260,PKG-01113542,,,,8月,G,商品特定（候補あり）,高,BU-01027260,箱,1027,1,,商品を特定できていない（候補が複数）,タグ・JAN・型番・ブランド名を撮影、全体写真、数量,,,,,,,,,候補あり
PKGI-02725832,PKGI-02725832,GLOOMY meets 初音ミク アクリルジオラマスタンド _pre【お届け：2026年5月頃より発送予定】,1,premiumstore_jp,BU-01027309,PKG-01143887,YES,YES,,8月,A,版・サイズ・色の確定,中,BU-01027309,箱,1028,1,,版・SKU・サイズ・色が元データから確定できない,版・種類・サイズ・色、数量・セット内容、bonus_or_purchase_benefit_presence、画像と現物の一致,,,,,,,,,特定済み
PKGI-02726021,PKGI-02726021,gelato pique(ジェラートピケ) Tシャツ・カットソー パーカー(商品コード:レディース45cm),1,ragtag_jp,BU-01027394,PKG-01065075,,,,8月,G,商品特定（候補あり）,高,BU-01027394,箱,1029,1,,商品を特定できていない（候補が複数）,タグ・JAN・型番・ブランド名を撮影、全体写真、数量,,,,,,,,,候補あり
PKGI-02726062,PKGI-02726062,ねこがーる(iPhone Smartphone Case),1,suzuri_jp,BU-01027407,PKG-01113536,,,,8月,H,商品特定（ページ見つからず）,高,BU-01027407,箱,1030,1,,商品ページが見つからない（商品名から特定不可）,タグ・JAN・型番・ブランド名を撮影、全体写真、数量,,,,,,,,,未発見
PKGI-02726261,PKGI-02726261,GLOOMY meets 初音ミク アクリルジオラマスタンド _pre【お届け：2026年5月頃より発送予定】,1,premiumstore_jp,BU-01027498,PKG-01143926,YES,YES,,8月,A,版・サイズ・色の確定,中,BU-01027498,箱,1031,1,,版・SKU・サイズ・色が元データから確定できない,版・種類・サイズ・色、数量・セット内容、bonus_or_purchase_benefit_presence、画像と現物の一致,,,,,,,,,特定済み
PKGI-02726527,PKGI-02726527,GLOOMY meets 初音ミク BIGオーロラアクリルスタンド 初音ミク _pre【お届け：2026年5月頃より発送予定】,1,premiumstore_jp,BU-01027606,PKG-01143937,YES,YES,,8月,A,版・サイズ・色の確定,中,BU-01027606,箱,1033,1,,版・SKU・サイズ・色が元データから確定できない,版・種類・サイズ・色、数量・セット内容、bonus_or_purchase_benefit_presence、画像と現物の一致,https://premiumstore.jp/item_Detail.php?%40DB_ID%40=7570,master_v336_confirmed_url,,,,,,,特定済み
PKGI-02726578,PKGI-02726578,GLOOMY meets 初音ミク BIGオーロラアクリルスタンド 初音ミク _pre【お届け：2026年5月頃より発送予定】,1,premiumstore_jp,BU-01027626,PKG-01143895,YES,YES,,8月,A,版・サイズ・色の確定,中,BU-01027626,箱,1034,1,,版・SKU・サイズ・色が元データから確定できない,版・種類・サイズ・色、数量・セット内容、bonus_or_purchase_benefit_presence、画像と現物の一致,,,,,,,,,特定済み
PKGI-02726587,PKGI-02726587,GLOOMY meets 初音ミク BIGオーロラアクリルスタンド 初音ミク _pre【お届け：2026年5月頃より発送予定】,1,premiumstore_jp,BU-01027631,PKG-01143896,YES,YES,,8月,A,版・サイズ・色の確定,中,BU-01027631,箱,1035,1,,版・SKU・サイズ・色が元データから確定できない,版・種類・サイズ・色、数量・セット内容、bonus_or_purchase_benefit_presence、画像と現物の一致,,,,,,,,,特定済み
PKGI-02726588,PKGI-02726588,GLOOMY meets 初音ミク ツインアクリルキーホルダー ミニキャラver.（全6種） _pre【お届け：2026年5月頃より発送予定】,1,premiumstore_jp,BU-01027631,PKG-01143896,YES,YES,,8月,A,版・サイズ・色の確定,中,BU-01027631,箱,1036,1,,版・SKU・サイズ・色が元データから確定できない,版・種類・サイズ・色、数量・セット内容、bonus_or_purchase_benefit_presence、画像と現物の一致,https://premiumstore.jp/item_Detail.php?%40DB_ID%40=7574,master_v336_confirmed_url,,,,,,,特定済み
PKGI-02726680,PKGI-02726680,【Jih Nunc(ジーヌンク)】【予約販売サイズ・カラーにより納期異なる】ストレッチワイドバルーンパンツ(JIH-R1178),1,cambio_co_jp,BU-01027657,PKG-01143858,YES,YES,,8月,A,版・サイズ・色の確定,中,BU-01027657,箱,1037,1,,版・SKU・サイズ・色が元データから確定できない,版・種類・サイズ・色,https://www.cambio.co.jp/c/brand/jihnunc/mp14620,master_v336_confirmed_url,,,,,,,特定済み
PKGI-02726679,PKGI-02726679,【Jih Nunc(ジーヌンク)】【予約販売サイズ・カラーにより納期異なる】トロピカルスタンドカラープルオーバーシャツ(JIH-R1154),1,cambio_co_jp,BU-01027657,PKG-01143858,YES,YES,,8月,A,版・サイズ・色の確定,中,BU-01027657,箱,1038,1,,版・SKU・サイズ・色が元データから確定できない,版・種類・サイズ・色,https://www.cambio.co.jp/c/brand/jihnunc/ms6374,master_v336_confirmed_url,,,,,,,特定済み
PKGI-02726671,PKGI-02726671,作家　亀井紀子　紅彩　レリーフ　七寸鉢,2,otonayaki_com,BU-01027671,PKG-01143880,,,,8月,G,商品特定（候補あり）,高,BU-01027671,箱,1039,2,,商品を特定できていない（候補が複数）,タグ・JAN・型番・ブランド名を撮影、全体写真、数量,https://otonayaki.com/products/ki02409,"shopify_catalog(supplier,score=1.00)",https://otonayaki.com/products/ki02409,作家　亀井紀子　紅彩　レリーフ　七寸鉢,1.00,,,,候補あり
PKGI-02726672,PKGI-02726672,作家　亀井紀子　紅彩　七寸鉢,2,otonayaki_com,BU-01027671,PKG-01143880,YES,YES,YES,8月,A,版・サイズ・色の確定,中,BU-01027671,箱,1040,2,,版・SKU・サイズ・色が元データから確定できない,版・種類・サイズ・色、数量・セット内容、状態・未開封,https://otonayaki.com/products/k00678a,master_v336_confirmed_url,,,,元帳数量保持・現物,,,特定済み
PKGI-02726963,PKGI-02726963,GUILTY GEAR -STRIVE- トリアンバカ缶バッジ  ヴェノム 【Release Date: 2026/05/10】,1,store_kadokawa_co_jp,BU-01027770,PKG-01132666,,,,8月,G,商品特定（候補あり）,高,BU-01027770,箱,1041,1,,商品を特定できていない（候補が複数）,タグ・JAN・型番・ブランド名を撮影、全体写真、数量,,,,,,,,,候補あり
PKGI-02726964,PKGI-02726964,GUILTY GEAR -STRIVE- トリアンバカ缶バッジ  メイ 【Release Date: 2026/05/10】,1,store_kadokawa_co_jp,BU-01027770,PKG-01132666,,,,8月,G,商品特定（候補あり）,高,BU-01027770,箱,1042,1,,商品を特定できていない（候補が複数）,タグ・JAN・型番・ブランド名を撮影、全体写真、数量,,,,,,,,,候補あり
PKGI-02726965,PKGI-02726965,GUILTY GEAR -STRIVE- トリアンバカ缶バッジ  ファウスト 【Release Date: 2026/05/10】,1,store_kadokawa_co_jp,BU-01027770,PKG-01132666,,,,8月,G,商品特定（候補あり）,高,BU-01027770,箱,1043,1,,商品を特定できていない（候補が複数）,タグ・JAN・型番・ブランド名を撮影、全体写真、数量,,,,,,,,,候補あり
PKGI-02726966,PKGI-02726966,GUILTY GEAR -STRIVE- トリアンバカ缶バッジ  ベッドマン？ 【Release Date: 2026/05/10】,1,store_kadokawa_co_jp,BU-01027770,PKG-01132666,,,,8月,G,商品特定（候補あり）,高,BU-01027770,箱,1044,1,,商品を特定できていない（候補が複数）,タグ・JAN・型番・ブランド名を撮影、全体写真、数量,,,,,,,,,候補あり
PKGI-02727156,PKGI-02727156,成人加長腿裙,1,mycolor_jp,BU-01027834,PKG-01132598,,,,8月,H,商品特定（ページ見つからず）,高,BU-01027834,箱,1045,1,,商品ページが見つからない（商品名から特定不可）,タグ・JAN・型番・ブランド名を撮影、全体写真、数量,,,,,,,,,未発見
PKGI-02727157,PKGI-02727157,收腰美腿裙,1,mycolor_jp,BU-01027834,PKG-01132598,,,,8月,H,商品特定（ページ見つからず）,高,BU-01027834,箱,1046,1,,商品ページが見つからない（商品名から特定不可）,タグ・JAN・型番・ブランド名を撮影、全体写真、数量,,,,,,,,,未発見
PKGI-02727350,PKGI-02727350,GLOOMY meets 初音ミク ツインアクリルキーホルダー ミニキャラver.（全6種セット） _pre【お届け：2026年5月頃より発送予定】,1,premiumstore_jp,BU-01027924,PKG-01132872,YES,YES,,8月,A,版・サイズ・色の確定,中,BU-01027924,箱,1047,1,,版・SKU・サイズ・色が元データから確定できない,版・種類・サイズ・色、数量・セット内容、bonus_or_purchase_benefit_presence、画像と現物の一致,,,,,,,,,特定済み
PKGI-02727353,PKGI-02727353,GLOOMY meets 初音ミク アクリルジオラマスタンド _pre【お届け：2026年5月頃より発送予定】,1,premiumstore_jp,BU-01027924,PKG-01132872,YES,YES,,8月,A,版・サイズ・色の確定,中,BU-01027924,箱,1048,1,,版・SKU・サイズ・色が元データから確定できない,版・種類・サイズ・色、数量・セット内容、bonus_or_purchase_benefit_presence、画像と現物の一致,,,,,,,,,特定済み
PKGI-02727352,PKGI-02727352,GLOOMY meets 初音ミク BIGオーロラアクリルスタンド 初音ミク _pre【お届け：2026年5月頃より発送予定】,1,premiumstore_jp,BU-01027924,PKG-01132872,YES,YES,,8月,A,版・サイズ・色の確定,中,BU-01027924,箱,1049,1,,版・SKU・サイズ・色が元データから確定できない,版・種類・サイズ・色、数量・セット内容、bonus_or_purchase_benefit_presence、画像と現物の一致,,,,,,,,,特定済み
PKGI-02727351,PKGI-02727351,GLOOMY meets 初音ミク 缶バッジ 3個セット _pre【お届け：2026年5月頃より発送予定】,1,premiumstore_jp,BU-01027924,PKG-01132872,YES,YES,,8月,A,版・サイズ・色の確定,中,BU-01027924,箱,1050,1,,版・SKU・サイズ・色が元データから確定できない,版・種類・サイズ・色、数量・セット内容、bonus_or_purchase_benefit_presence、画像と現物の一致,https://premiumstore.jp/item_Detail.php?%40DB_ID%40=7572,master_v336_confirmed_url,,,,,,,特定済み
PKGI-02727355,PKGI-02727355,GLOOMY meets 初音ミク ステッカーシート 等身&ミニキャラver. _pre【お届け：2026年5月頃より発送予定】,2,premiumstore_jp,BU-01027924,PKG-01132872,YES,YES,,8月,A,版・サイズ・色の確定,中,BU-01027924,箱,1051,2,,版・SKU・サイズ・色が元データから確定できない,版・種類・サイズ・色、数量・セット内容、bonus_or_purchase_benefit_presence、画像と現物の一致,https://premiumstore.jp/item_Detail.php?%40DB_ID%40=7562,master_v336_confirmed_url,,,,,,,特定済み
PKGI-02727357,PKGI-02727357,黒子のバスケ×サンリオキャラクターズ BIG缶バッジ ストバスver.【お届け：2026年1月上旬頃より順次発送予定】,1,premiumstore_jp,BU-01027924,PKG-01132872,YES,YES,YES,8月,A,版・サイズ・色の確定,中,BU-01027924,箱,1052,1,,版・SKU・サイズ・色が元データから確定できない,版・種類・サイズ・色、数量・セット内容、bonus_or_purchase_benefit_presence、状態・未開封、画像と現物の一致,https://premiumstore.jp/item_Detail.php?%40DB_ID%40=7285,master_v336_confirmed_url,,,,,,,特定済み
PKGI-02727359,PKGI-02727359,黒子のバスケ×サンリオキャラクターズ B2ポスター ストバスver.【お届け：2026年1月上旬頃より順次発送予定】,1,premiumstore_jp,BU-01027924,PKG-01132872,YES,YES,YES,8月,A,版・サイズ・色の確定,中,BU-01027924,箱,1053,1,,版・SKU・サイズ・色が元データから確定できない,版・種類・サイズ・色、数量・セット内容、bonus_or_purchase_benefit_presence、状態・未開封、画像と現物の一致,https://premiumstore.jp/item_Detail.php?%40DB_ID%40=7274,master_v336_confirmed_url,,,,,,,特定済み
PKGI-02727358,PKGI-02727358,黒子のバスケ×サンリオキャラクターズ アクリルキーホルダー ストバスver.（全10種）【お届け：2026年1月上旬頃より順次発送予定】,1,premiumstore_jp,BU-01027924,PKG-01132872,YES,YES,YES,8月,A,版・サイズ・色の確定,中,BU-01027924,箱,1054,1,,版・SKU・サイズ・色が元データから確定できない,版・種類・サイズ・色、数量・セット内容、bonus_or_purchase_benefit_presence、状態・未開封、画像と現物の一致,https://premiumstore.jp/item_Detail.php?%40DB_ID%40=7300,master_v336_confirmed_url,,,,,,,特定済み
PKGI-02727354,PKGI-02727354,GLOOMY meets 初音ミク クリアファイル 等身&ミニキャラver. _pre【お届け：2026年5月頃より発送予定】,1,premiumstore_jp,BU-01027924,PKG-01132872,,,,8月,I,登録済み・IT未入庫,高,BU-01027924,箱,1055,1,,商品マスタ(PD)はあるが在庫(IT)が未入庫,現物の有無と点数,https://premiumstore.jp/item_Detail.php?%40DB_ID%40=7563,master_v336_confirmed_url,,,,,PD77PZLNRFRB,,特定済み
PKGI-02727356,PKGI-02727356,黒子のバスケ×サンリオキャラクターズ 缶バッジ ストバスver.（全10種）【お届け：2026年1月上旬頃より順次発送予定】,1,premiumstore_jp,BU-01027924,PKG-01132872,YES,YES,YES,8月,A,版・サイズ・色の確定,中,BU-01027924,箱,1056,1,,版・SKU・サイズ・色が元データから確定できない,版・種類・サイズ・色、数量・セット内容、bonus_or_purchase_benefit_presence、状態・未開封、画像と現物の一致,https://premiumstore.jp/item_Detail.php?%40DB_ID%40=7302,master_v336_confirmed_url,,,,,,,特定済み
PKGI-02727360,PKGI-02727360,サンリオキャラクターズ×魔法少女まどか☆マギカ 缶バッジ ミニキャラver.（全5種＋シークレット5種）,1,premiumstore_jp,BU-01027924,PKG-01132872,YES,YES,YES,8月,A,版・サイズ・色の確定,中,BU-01027924,箱,1057,1,,版・SKU・サイズ・色が元データから確定できない,版・種類・サイズ・色、数量・セット内容、bonus_or_purchase_benefit_presence、状態・未開封、画像と現物の一致,https://premiumstore.jp/item_Detail.php?%40DB_ID%40=7263,master_v336_confirmed_url,,,,,,,特定済み
PKGI-02727408,PKGI-02727408,お福分けセット,1,ochanokosaisai_com,BU-01027933,PKG-01132729,YES,YES,YES,8月,E,賞味期限・保管状態,高,BU-01027933,箱,1058,1,,期限・保管状態の確認が必要,賞味期限・保管状態、版・種類・サイズ・色、数量・セット内容、状態・未開封、画像と現物の一致,https://www.ochanokosaisai.com/c/all/kyodashi-fuku3set,master_v336_confirmed_url,,,,,,,特定済み
PKGI-02727405,PKGI-02727405,京の旨辛辣油ギフト,1,ochanokosaisai_com,BU-01027933,PKG-01132729,YES,YES,YES,8月,E,賞味期限・保管状態,高,BU-01027933,箱,1060,1,,期限・保管状態の確認が必要,賞味期限・保管状態、版・種類・サイズ・色、数量・セット内容、状態・未開封、画像と現物の一致,https://www.ochanokosaisai.com/c/gift/rayu01-gift,master_v336_confirmed_url,,,,,,,特定済み
PKGI-02727407,PKGI-02727407,京の赤七味　缶,1,ochanokosaisai_com,BU-01027933,PKG-01132729,,,YES,8月,C,数量・版,中,BU-01027933,箱,1061,1,,現物未確認（数量・版の確認）,賞味期限・保存状態・数量,https://www.ochanokosaisai.com/c/kyoshichimi/SRY-SCM-02-2,master_v336_confirmed_url,,,,,,,特定済み
PKGI-02728221,PKGI-02728221,ROARK REVIVAL ロアーク/SECOND WIND/RJJ907/ABランク/85【中古】,1,worldshopping_global,BU-01028269,PKG-01132522,,YES,YES,8月,B,数量・版＋撮影（写真なし）,中,BU-01028269,箱,1062,1,,現物未確認（数量・版の確認）／写真なし（撮影が必要）,確認数量（元リストの商品単位） / 欠品・付属品の実際の内容 / 元名と保存本文に中古/汚れ有。基本新品未使用の宣言から自動除外し、現物状態を個別確認。サイズや中古出品者の実寸を公表標準としない,https://store.shopping.yahoo.co.jp/wonderrex-ec/9265610062560.html,master_v336_confirmed_url,,,,,,,特定済み
PKGI-02728243,PKGI-02728243,ジョジョの奇妙な冒険 黄金の風 アイコニック シューズ オブジェ パンプス ～ オン バージョン ～,1,mayla_jp,BU-01028276,PKG-01113612,YES,YES,,8月,A,版・サイズ・色の確定,中,BU-01028276,箱,1063,1,,版・SKU・サイズ・色が元データから確定できない,版・種類・サイズ・色,https://mayla.jp/SHOP/sha2488.html,master_v336_confirmed_url,,,,,,,特定済み
PKGI-02728392,PKGI-02728392,来ない犬(Stickable Poster),1,suzuri_jp,BU-01028311,PKG-01113725,,,,8月,G,商品特定（候補あり）,高,BU-01028311,箱,1064,1,,商品を特定できていない（候補が複数）,タグ・JAN・型番・ブランド名を撮影、全体写真、数量,,,,,,,,,候補あり
PKGI-02728456,PKGI-02728456,161663：額縁わんちゃんベロアテープ付きTシャツ,1,scolar_jp,BU-01028324,PKG-01132846,,,,8月,H,商品特定（ページ見つからず）,高,BU-01028324,箱,1065,1,,商品ページが見つからない（商品名から特定不可）,タグ・JAN・型番・ブランド名を撮影、全体写真、数量,,,,,,,,,未発見
PKGI-02728529,PKGI-02728529,ジョジョの奇妙な冒険 黄金の風 アイコニック シューズ オブジェ パンプス ～ オン バージョン ～,1,mayla_jp,BU-01028352,PKG-01113614,YES,YES,,8月,A,版・サイズ・色の確定,中,BU-01028352,箱,1066,1,,版・SKU・サイズ・色が元データから確定できない,版・種類・サイズ・色,,,,,,,,,特定済み
PKGI-02729110,PKGI-02729110,ナイロン クライミング カーゴショーツ 【限定展開】,1,freaksstore_com,BU-01028469,PKG-01068408,,,,8月,G,商品特定（候補あり）,高,BU-01028469,箱,1067,1,,商品を特定できていない（候補が複数）,タグ・JAN・型番・ブランド名を撮影、全体写真、数量,,,,,,,,,候補あり
PKGI-02729469,PKGI-02729469,【新色予約受付中 SET UP対応】プリーツレイヤードパンツ,1,dot-st_com,BU-01028552,PKG-01068488,YES,YES,,8月,B,数量・版＋撮影（写真なし）,中,BU-01028552,箱,1068,1,,現物未確認（数量・版の確認）／写真なし（撮影が必要）,確認数量（元リストの商品単位） / 欠品・付属品の実際の内容 / 色・サイズ・種類の現物と根拠照合 / 色・サイズの現物照合,https://www.dot-st.com/hare/disp/item/643497/,master_v336_confirmed_url,,,,,,,特定済み
PKGI-02730143,PKGI-02730143,THE DOG /  バンド風 Tシャツ　限定展開,1,freaksstore_com,BU-01028829,PKG-01068511,,,,8月,G,商品特定（候補あり）,高,BU-01028829,箱,1069,1,,商品を特定できていない（候補が複数）,タグ・JAN・型番・ブランド名を撮影、全体写真、数量,,,,,,,,,候補あり
PKGI-02730215,PKGI-02730215,ジョジョの奇妙な冒険 黄金の風 アイコニック シューズ オブジェ パンプス ～ オン バージョン ～,1,mayla_jp,BU-01028867,PKG-01113690,YES,YES,,8月,A,版・サイズ・色の確定,中,BU-01028867,箱,1070,1,,版・SKU・サイズ・色が元データから確定できない,版・種類・サイズ・色,,,,,,,,,特定済み
PKGI-02730272,PKGI-02730272,モーツァルト:ピアノ協奏曲第20&27番 / シューベルト:楽興の時(LP),1,diskunion_net,BU-01028885,PKG-01115688,,,,8月,G,商品特定（候補あり）,高,BU-01028885,箱,1071,1,,商品を特定できていない（候補が複数）,タグ・JAN・型番・ブランド名を撮影、全体写真、数量,,,,,,,,,候補あり
PKGI-02725788,PKGI-02725788,ワイドシルエット ミリタリーサーカスパンツ/スノーパンツ【限定展開】,1,freaksstore_com,BU-01028979,PKG-01068501,,,,8月,G,商品特定（候補あり）,高,BU-01028979,箱,1073,1,,商品を特定できていない（候補が複数）,タグ・JAN・型番・ブランド名を撮影、全体写真、数量,,,,,,,,,候補あり
PKGI-02730516,PKGI-02730516,ワイドシルエット アンクルタック シェフパンツ / イージーパンツ 【限定展開】,1,freaksstore_com,BU-01028979,PKG-01068501,,,,8月,B,数量・版＋撮影（写真なし）,中,BU-01028979,箱,1074,1,,現物未確認（数量・版の確認）／写真なし（撮影が必要）,元帳数量保持・現物未確認,https://www.daytona-park.com/item/1243248900576,master_v336_confirmed_url,,,,元帳数量保持・現物,,,特定済み
PKGI-02730619,PKGI-02730619,【マイドームおおさかイベント応募シリアル対象】ROUTE ZERO : The ORA: 7th Mini Album (TRICKY ver.)＜オンライン限定/限定特典対象＞ + '（特典あり）(発売日: 2026年05月20日)',10,tower_jp,BU-01029012,PKG-01068484,,,,8月,G,商品特定（候補あり）,高,BU-01029012,箱,1075,10,,商品を特定できていない（候補が複数）,タグ・JAN・型番・ブランド名を撮影、全体写真、数量,,,,,,,,,候補あり
PKGI-02729820,PKGI-02729820,ベビー　2点セット(80～95cm・mirror bae.)(バースデイ)【予約】,1,shop-shimamura_com,BU-01029132,PKG-01113776,,,,8月,G,商品特定（候補あり）,高,BU-01029132,箱,1076,1,,商品を特定できていない（候補が複数）,タグ・JAN・型番・ブランド名を撮影、全体写真、数量,,,,,,,,,候補あり
PKGI-02729821,PKGI-02729821,ベビー　2点セット(80～95cm・mirror bae.)(バースデイ)【予約】,1,shop-shimamura_com,BU-01029132,PKG-01113776,,,,8月,G,商品特定（候補あり）,高,BU-01029132,箱,1077,1,,商品を特定できていない（候補が複数）,タグ・JAN・型番・ブランド名を撮影、全体写真、数量,,,,,,,,,候補あり
PKGI-02730928,PKGI-02730928,ベビー　プルオーバー(80～95cm･mirror bae.)(バースデイ)【予約】,1,shop-shimamura_com,BU-01029132,PKG-01113776,,,,8月,G,商品特定（候補あり）,高,BU-01029132,箱,1078,1,,商品を特定できていない（候補が複数）,タグ・JAN・型番・ブランド名を撮影、全体写真、数量,,,,,,,,,候補あり
PKGI-02730929,PKGI-02730929,ベビー　プルオーバー(80～95cm･mirror bae.)(バースデイ)【予約】,1,shop-shimamura_com,BU-01029132,PKG-01113776,,,,8月,G,商品特定（候補あり）,高,BU-01029132,箱,1079,1,,商品を特定できていない（候補が複数）,タグ・JAN・型番・ブランド名を撮影、全体写真、数量,,,,,,,,,候補あり
PKGI-02731081,PKGI-02731081,NEW ERA/59FIFTY/オーセンティックキャップ/HOME,1,ec_baystars_co_jp,BU-01029199,PKG-01144316,YES,YES,YES,8月,A,版・サイズ・色の確定,中,BU-01029199,箱,1080,1,,版・SKU・サイズ・色が元データから確定できない,版・種類・サイズ・色、数量・セット内容、状態・未開封,https://ec.baystars.co.jp/items/ydb4550665918968,master_v336_confirmed_url,,,,現物,,,特定済み
PKGI-02731303,PKGI-02731303,神聖かまってちゃん／ラバーバンド（2025 summer）,1,dspmstore_com,BU-01029303,PKG-01159009,YES,YES,YES,8月,A,版・サイズ・色の確定,中,BU-01029303,箱,1082,1,,版・SKU・サイズ・色が元データから確定できない,版・種類・サイズ・色、数量・セット内容、状態・未開封,https://dspmstore.com/shopdetail/000000009919/,master_v336_confirmed_url,,,,,,,特定済み
PKGI-02731304,PKGI-02731304,神聖かまってちゃん／ラバーバンド（2025 summer）,1,dspmstore_com,BU-01029303,PKG-01159009,YES,YES,YES,8月,A,版・サイズ・色の確定,中,BU-01029303,箱,1083,1,,版・SKU・サイズ・色が元データから確定できない,版・種類・サイズ・色、数量・セット内容、状態・未開封,,,,,,,,,特定済み
PKGI-02731382,PKGI-02731382,Honey drink Yuzu 350ml (Hungarian Phacelia),1,shop_labeille_jp,BU-01029335,PKG-01144376,,,YES,8月,E,賞味期限・保管状態,高,BU-01029335,箱,1084,1,,期限・保管状態の確認が必要,賞味期限・保管状態、数量・セット内容、状態・未開封,https://shop.labeille.jp/en/products/5531511,master_v336_confirmed_url,,,,元帳数量保持・現物,,,特定済み
PKGI-02731383,PKGI-02731383,Honey drink lemon 350ml (Hungarian phacelia),1,shop_labeille_jp,BU-01029335,PKG-01144376,,,YES,8月,E,賞味期限・保管状態,高,BU-01029335,箱,1085,1,,期限・保管状態の確認が必要,賞味期限・保管状態、数量・セット内容、状態・未開封,https://shop.labeille.jp/en/products/5530511,master_v336_confirmed_url,,,,元帳数量保持・現物,,,特定済み
PKGI-02731384,PKGI-02731384,＜Limited Quantity＞Honey Drink Elderflower 350ml (Hungarian Phacelia),1,shop_labeille_jp,BU-01029335,PKG-01144376,,,,8月,G,商品特定（候補あり）,高,BU-01029335,箱,1086,1,,商品を特定できていない（候補が複数）,タグ・JAN・型番・ブランド名を撮影、全体写真、数量,,,,,,,,,候補あり
PKGI-02731385,PKGI-02731385,Honey drink ginger 350ml (Hungarian phacelia),1,shop_labeille_jp,BU-01029335,PKG-01144376,,,YES,8月,E,賞味期限・保管状態,高,BU-01029335,箱,1087,1,,期限・保管状態の確認が必要,賞味期限・保管状態、数量・セット内容、状態・未開封,https://shop.labeille.jp/en/products/5529511,master_v336_confirmed_url,,,,元帳数量保持・現物,,,特定済み
PKGI-02731511,PKGI-02731511,kota scale model / archive book,1,books_rakuten_co_jp,BU-01029385,PKG-01115626,YES,YES,,8月,A,版・サイズ・色の確定,中,BU-01029385,箱,1088,1,,版・SKU・サイズ・色が元データから確定できない,版・種類・サイズ・色、数量・セット内容、画像と現物の一致,https://www.cdjapan.co.jp/product/NEOBK-3021868,master_v336_confirmed_url,,,,,,,特定済み
PKGI-02731537,PKGI-02731537,[申込期間：2026年4月5日迄]アクリルスタンド：A,1,manga10_com,BU-01029396,PKG-01144535,,,,8月,G,商品特定（候補あり）,高,BU-01029396,箱,1089,1,,商品を特定できていない（候補が複数）,タグ・JAN・型番・ブランド名を撮影、全体写真、数量,,,,,,,,,候補あり
PKGI-02731538,PKGI-02731538,[申込期間：2026年4月5日迄]学生証風カード／湊,1,manga10_com,BU-01029396,PKG-01144535,,,,8月,H,商品特定（ページ見つからず）,高,BU-01029396,箱,1090,1,,商品ページが見つからない（商品名から特定不可）,タグ・JAN・型番・ブランド名を撮影、全体写真、数量,,,,,,,,,未発見
PKGI-02731536,PKGI-02731536,[申込期間：2026年4月5日迄]平成プリ風シール,1,manga10_com,BU-01029396,PKG-01144535,,,,8月,H,商品特定（ページ見つからず）,高,BU-01029396,箱,1091,1,,商品ページが見つからない（商品名から特定不可）,タグ・JAN・型番・ブランド名を撮影、全体写真、数量,,,,,,,,,未発見
PKGI-02731656,PKGI-02731656,囀る鳥は羽ばたかない_F3号キャンバスボード vol.4 ver.A【予約】,1,colleize_com,BU-01029450,PKG-01065601,,,,8月,G,商品特定（候補あり）,高,BU-01029450,箱,1092,1,,商品を特定できていない（候補が複数）,タグ・JAN・型番・ブランド名を撮影、全体写真、数量,,,,,,,,,候補あり
PKGI-02718790,PKGI-02718790,2614-3C7L392-00 3COINS コーヒーテーブル／COLORFUL DAYS,1,palcloset_jp,BU-01029465,PKG-01067545,YES,YES,,8月,A,版・サイズ・色の確定,中,BU-01029465,箱,1093,1,,版・SKU・サイズ・色が元データから確定できない,版・種類・サイズ・色,https://www.palcloset.jp/display/item/2614-3C7L392-00/,master_v336_confirmed_url,,,,,,,特定済み
PKGI-02731657,PKGI-02731657,2614-3C7F397-00 3COINS 置き時計／COLORFUL DAYS,1,palcloset_jp,BU-01029465,PKG-01067545,YES,YES,,8月,A,版・サイズ・色の確定,中,BU-01029465,箱,1094,1,,版・SKU・サイズ・色が元データから確定できない,版・種類・サイズ・色,https://www.palcloset.jp/display/item/2614-3C7F397-00/,master_v336_confirmed_url,,,,,,,特定済み
PKGI-02718788,PKGI-02718788,2614-3C7L390-00 3COINS アイアンティッシュケース／COLORFUL DAYS,1,palcloset_jp,BU-01029465,PKG-01067545,YES,YES,,8月,A,版・サイズ・色の確定,中,BU-01029465,箱,1095,1,,版・SKU・サイズ・色が元データから確定できない,版・種類・サイズ・色,https://www.palcloset.jp/display/item/2614-3C7L390-00/,master_v336_confirmed_url,,,,,,,特定済み
PKGI-02718789,PKGI-02718789,2614-3C7L387-00 3COINS アイアンバスケット／COLORFUL DAYS,1,palcloset_jp,BU-01029465,PKG-01067545,YES,YES,,8月,A,版・サイズ・色の確定,中,BU-01029465,箱,1096,1,,版・SKU・サイズ・色が元データから確定できない,版・種類・サイズ・色,https://www.palcloset.jp/display/item/2614-3C7L387-00/?b=3coins&cl=36&ss=,master_v336_confirmed_url,,,,,,,特定済み
PKGI-02731958,PKGI-02731958,Micro Clip Bracelet,1,deal-design_jp,BU-01029567,PKG-01159191,,,,8月,G,商品特定（候補あり）,高,BU-01029567,箱,1097,1,,商品を特定できていない（候補が複数）,タグ・JAN・型番・ブランド名を撮影、全体写真、数量,https://deopuz.com/products/micro-clip-bracelet-gl?variant=47863316611225,"candidate_url(other,score=1.00)",https://deopuz.com/products/micro-clip-bracelet-gl?variant=47863316611225,Micro Clip Bracelet GL,1.00,,,,候補あり
PKGI-02731963,PKGI-02731963,CPZ1042414A0001 【GRAIN/グレイン】二つ折りバイカラーウォレット,1,palcloset_jp,BU-01029570,PKG-01065622,YES,YES,,8月,A,版・サイズ・色の確定,中,BU-01029570,箱,1098,1,,版・SKU・サイズ・色が元データから確定できない,版・種類・サイズ・色,https://www.palcloset.jp/display/item/CPZ1042414A0001/?b=ciaopanic&cl=0991,master_v336_confirmed_url,,,,,,,特定済み
PKGI-02732217,PKGI-02732217,MICKEY MOUSE NN T-SHIRT / COLOR &#038; MONOCHROME,1,n-nine-store_com,BU-01029649,PKG-01113857,YES,YES,YES,8月,A,版・サイズ・色の確定,中,BU-01029649,箱,1099,1,,版・SKU・サイズ・色が元データから確定できない,版・種類・サイズ・色、数量・セット内容、状態・未開封、画像と現物の一致,,,,,,,,,特定済み
PKGI-02732299,PKGI-02732299,ニーア オートマタ Ver1.1a アイコニック イヤオブジェ【予約】,1,mayla_jp,BU-01029688,PKG-01113963,YES,YES,,8月,A,版・サイズ・色の確定,中,BU-01029688,箱,1100,1,,版・SKU・サイズ・色が元データから確定できない,版・種類・サイズ・色,https://mayla.jp/SHOP/aca0329.html,master_v336_confirmed_url,,,,,,,特定済み
PKGI-02732342,PKGI-02732342,イヨシコーラ缶 (250ml) 6本セット【送料無料】【ギフト・熨斗対応可】,1,shop_iyoshicola_com,BU-01029703,PKG-01144392,,,YES,8月,E,賞味期限・保管状態,高,BU-01029703,箱,1101,1,,期限・保管状態の確認が必要,賞味期限・保管状態、状態・未開封,,,,,,現物6本・期限・保管状態,,,特定済み
PKGI-02732343,PKGI-02732343,イヨシコーラ「魔法のシロップ」Mサイズ（250ml）,1,shop_iyoshicola_com,BU-01029703,PKG-01144392,YES,YES,,8月,A,版・サイズ・色の確定,中,BU-01029703,箱,1102,1,,版・SKU・サイズ・色が元データから確定できない,版・種類・サイズ・色,,,,,,,,,特定済み
PKGI-02732620,PKGI-02732620,MASAKO NOZAWA  STUDIO パーカー Black,1,favolc_com,BU-01029815,PKG-01113658,,,,8月,H,商品特定（ページ見つからず）,高,BU-01029815,箱,1103,1,,商品ページが見つからない（商品名から特定不可）,タグ・JAN・型番・ブランド名を撮影、全体写真、数量,https://www.favolc.com/view/item/000000000039,"shop_site_search(supplier,score=1.00)",https://www.favolc.com/view/item/000000000039,MASAKO NOZAWA STUDIO パーカー Black | すべての商品 | FAVOLC,1.00,,,,未発見
PKGI-02732765,PKGI-02732765,TACOMA FUJI RECORDS 15th Anniversary POSTER artwork by Jerry UKAI,1,tacomafuji_shop-pro_jp,BU-01029889,PKG-01159128,YES,YES,YES,8月,A,版・サイズ・色の確定,中,BU-01029889,箱,1104,1,,版・SKU・サイズ・色が元データから確定できない,版・種類・サイズ・色、数量・セット内容、bonus_or_purchase_benefit_presence、状態・未開封,https://tacomafuji.shop-pro.jp/?pid=182669234,master_v336_confirmed_url,,,,,,,特定済み
PKGI-02732879,PKGI-02732879,"less talk, more action.(Acrylic Key Chain)",1,suzuri_jp,BU-01029921,PKG-01113889,,,,8月,G,商品特定（候補あり）,高,BU-01029921,箱,1105,1,,商品を特定できていない（候補が複数）,タグ・JAN・型番・ブランド名を撮影、全体写真、数量,,,,,,,,,候補あり
PKGI-02733209,PKGI-02733209,INGNI(イング)【5／27 2時までの限定価格】【WEB限定】ウエストドロストマウンテンパーカー,1,ingni-store_com,BU-01030022,PKG-01144563,,,,8月,G,商品特定（候補あり）,高,BU-01030022,箱,1108,1,,商品を特定できていない（候補が複数）,タグ・JAN・型番・ブランド名を撮影、全体写真、数量,,,,,,,,,候補あり
PKGI-02733297,PKGI-02733297,LUCID DREAM 【?? ?? ???】,1,hmv_co_jp,BU-01030048,PKG-01113980,,,,8月,H,商品特定（ページ見つからず）,高,BU-01030048,箱,1109,1,,商品ページが見つからない（商品名から特定不可）,タグ・JAN・型番・ブランド名を撮影、全体写真、数量,,,,,,,,,未発見
PKGI-02733298,PKGI-02733298,LUCID DREAM,1,hmv_co_jp,BU-01030048,PKG-01113980,,,,8月,H,商品特定（ページ見つからず）,高,BU-01030048,箱,1110,1,,商品ページが見つからない（商品名から特定不可）,タグ・JAN・型番・ブランド名を撮影、全体写真、数量,,,,,,,,,未発見
PKGI-02733299,PKGI-02733299,LUCID DREAM 【?? ?? ?? ? (LEESEO ver.)】,1,hmv_co_jp,BU-01030048,PKG-01113980,,,,8月,G,商品特定（候補あり）,高,BU-01030048,箱,1111,1,,商品を特定できていない（候補が複数）,タグ・JAN・型番・ブランド名を撮影、全体写真、数量,https://contents.oricon.co.jp/prof/884442/products/1567048/1/,"candidate_url(other,score=0.95)",https://contents.oricon.co.jp/prof/884442/products/1567048/1/,LUCID DREAM(メンバーソロジャケット盤/LEESEO ver.) | IVE,0.95,,,,候補あり
PKGI-02734010,PKGI-02734010,咲き誇る時を待つのは ［CD+セルカフォトカード A ver.］＜初回限定盤A＞ + '（特典あり）(発売日: 2026年05月27日)',1,tower_jp,BU-01030283,PKG-01065653,,,,8月,G,商品特定（候補あり）,高,BU-01030283,箱,1116,1,,商品を特定できていない（候補が複数）,タグ・JAN・型番・ブランド名を撮影、全体写真、数量,,,,,,,,,候補あり
PKGI-02734012,PKGI-02734012,咲き誇る時を待つのは ［CD+セルカフォトカード C ver.］＜初回限定盤C＞ + '（特典あり）(発売日: 2026年05月27日)',1,tower_jp,BU-01030283,PKG-01065653,YES,YES,,8月,C,数量・版,中,BU-01030283,箱,1118,1,,現物未確認（数量・版の確認）,説明文の未確認項目（サイズ・色・種類・構成など）,https://tower.jp/item/8006227,master_v336_confirmed_url,,,,,,,特定済み
PKGI-02734013,PKGI-02734013,咲き誇る時を待つのは ［CD+セルカフォトカード D ver.］＜初回限定盤D＞ + '（特典あり）(発売日: 2026年05月27日)',1,tower_jp,BU-01030283,PKG-01065653,YES,YES,,8月,C,数量・版,中,BU-01030283,箱,1119,1,,現物未確認（数量・版の確認）,説明文の未確認項目（サイズ・色・種類・構成など）,https://tower.jp/item/item/8006228,master_v336_confirmed_url,,,,,,,特定済み
PKGI-02734067,PKGI-02734067,咲き誇る時を待つのは ［CD+セルカフォトカード B ver.］＜初回限定盤B＞ (発売日: 2026年05月27日) + '（特典あり)',1,tower_jp,BU-01030304,PKG-01065654,YES,YES,,8月,C,数量・版,中,BU-01030304,箱,1121,1,,現物未確認（数量・版の確認）,説明文の未確認項目（サイズ・色・種類・構成など）,https://tower.jp/item/8006226,master_v336_confirmed_url,,,,,,,特定済み
PKGI-02734068,PKGI-02734068,咲き誇る時を待つのは ［CD+セルカフォトカード D ver.］＜初回限定盤D＞ (発売日: 2026年05月27日) + '（特典あり)',1,tower_jp,BU-01030304,PKG-01065654,YES,YES,,8月,C,数量・版,中,BU-01030304,箱,1122,1,,現物未確認（数量・版の確認）,説明文の未確認項目（サイズ・色・種類・構成など）,,,,,,,,,特定済み
PKGI-02734069,PKGI-02734069,咲き誇る時を待つのは ［CD+セルカフォトカード C ver.］＜初回限定盤C＞ (発売日: 2026年05月27日) + '（特典あり)',1,tower_jp,BU-01030304,PKG-01065654,YES,YES,,8月,C,数量・版,中,BU-01030304,箱,1123,1,,現物未確認（数量・版の確認）,説明文の未確認項目（サイズ・色・種類・構成など）,,,,,,,,,特定済み
PKGI-02734070,PKGI-02734070,咲き誇る時を待つのは ［CD+セルカフォトカード A ver.］＜初回限定盤A＞ (発売日: 2026年05月27日) + '（特典あり)',1,tower_jp,BU-01030304,PKG-01065654,,,,8月,G,商品特定（候補あり）,高,BU-01030304,箱,1124,1,,商品を特定できていない（候補が複数）,タグ・JAN・型番・ブランド名を撮影、全体写真、数量,,,,,,,,,候補あり
PKGI-02734066,PKGI-02734066,咲き誇る時を待つのは ［CD+セルカフォトカード 通常盤 ver.］＜通常盤＞ (発売日: 2026年05月27日) + '（特典あり)',1,tower_jp,BU-01030304,PKG-01065654,YES,YES,,8月,C,数量・版,中,BU-01030304,箱,1125,1,,現物未確認（数量・版の確認）,説明文の未確認項目（サイズ・色・種類・構成など）,https://tower.jp/item/8006230,master_v336_confirmed_url,,,,,,,特定済み
PKGI-02734228,PKGI-02734228,2026 RIIZE CONCERT TOUR [RIIZING LOUD] Special Edition in TOKYO DOME ［Blu-ray Disc+フォトブック+グッズ］＜通常盤初回プレス＞ + '（特典あり）(発売日: 2026年05月27日)',1,tower_jp,BU-01030357,PKG-01068811,YES,YES,,8月,C,数量・版,中,BU-01030357,箱,1126,1,,現物未確認（数量・版の確認）,説明文の未確認項目（サイズ・色・種類・構成など）,https://tower.jp/item/7998008,master_v336_confirmed_url,,,,,,,特定済み
PKGI-02735059,PKGI-02735059,LUCID DREAM ［CD+ソロ仕様ブックレット］＜メンバーソロジャケット盤(LEESEO ver.)＞ (発売日: 2026年05月27日) + '（特典あり)',1,tower_jp,BU-01030657,PKG-01068840,YES,YES,,8月,A,版・サイズ・色の確定,中,BU-01030657,箱,1128,1,,版・SKU・サイズ・色が元データから確定できない,版・種類・サイズ・色,https://tower.jp/item/8003541,master_v336_confirmed_url,,,,,,,特定済み
PKGI-02735216,PKGI-02735216,Synthesizer V 2 AI 重音テト,1,ah-soft_net,BU-01030744,PKG-01144628,,,YES,8月,F,状態・未開封・動作,中,BU-01030744,箱,1129,1,,状態・未開封・動作の確認が必要,状態・未開封,,,,,,,,,特定済み
PKGI-02735260,PKGI-02735260,フーズ・ザット・ガール(オリジナル・サウンドトラック) (発売日: 2026年05月27日),1,tower_jp,BU-01030756,PKG-01068852,,,YES,8月,D,数量・セット内容,中,BU-01030756,箱,1131,1,,数量・セット内容の確認が必要,数量・セット内容、状態・未開封,https://tower.jp/item/7997512,master_v336_confirmed_url,,,,元帳数量保持・現物,,,特定済み
PKGI-02735261,PKGI-02735261,ライク・ア・プレイヤー (発売日: 2026年05月27日),1,tower_jp,BU-01030756,PKG-01068852,,,,8月,H,商品特定（ページ見つからず）,高,BU-01030756,箱,1132,1,,商品ページが見つからない（商品名から特定不可）,タグ・JAN・型番・ブランド名を撮影、全体写真、数量,,,,,,,,,未発見
PKGI-02735262,PKGI-02735262,レイ・オブ・ライト (発売日: 2026年05月27日),1,tower_jp,BU-01030756,PKG-01068852,,,,8月,H,商品特定（ページ見つからず）,高,BU-01030756,箱,1133,1,,商品ページが見つからない（商品名から特定不可）,タグ・JAN・型番・ブランド名を撮影、全体写真、数量,,,,,,,,,未発見
PKGI-02735263,PKGI-02735263,アイム・ブレスレス (発売日: 2026年05月27日),1,tower_jp,BU-01030756,PKG-01068852,YES,YES,YES,8月,A,版・サイズ・色の確定,中,BU-01030756,箱,1134,1,,版・SKU・サイズ・色が元データから確定できない,版・種類・サイズ・色、数量・セット内容、状態・未開封,https://tower.jp/item/7997514,master_v336_confirmed_url,,,,元帳数量保持・現物,,,特定済み
PKGI-02735582,PKGI-02735582,Synthesizer V 2 AI 重音テト,1,ah-soft_net,BU-01030883,PKG-01144630,,,YES,8月,F,状態・未開封・動作,中,BU-01030883,箱,1135,1,,状態・未開封・動作の確認が必要,状態・未開封,,,,,,,,,特定済み
PKGI-02735820,PKGI-02735820,予約 INART 1/12 『ダークナイト ライジング』 バットマン 専用 アクセサリーパック Batman The Dark Knight Rises Accessory Pack,2,mogandou_com,BU-01030970,PKG-01114122,,,,8月,D,数量・セット内容,中,BU-01030970,箱,1136,2,,数量・セット内容の確認が必要,数量・セット内容,https://www.mogandou.com/view/item/000000002319,master_v336_confirmed_url,,,,,,,特定済み
PKGI-02735908,PKGI-02735908,予約 INART 1/12 『ダークナイト ライジング』 バットマン 専用 アクセサリーパック Batman The Dark Knight Rises Accessory Pack,2,mogandou_com,BU-01030996,PKG-01114157,,,,8月,D,数量・セット内容,中,BU-01030996,箱,1137,2,,数量・セット内容の確認が必要,数量・セット内容,,,,,,,,,特定済み
PKGI-02736144,PKGI-02736144,Brighton & Hove Albion FC - SEAGULLS UNIFORM GRAPHIC TEE,1,freaksstore_com,BU-01031088,PKG-01068919,,,,8月,G,商品特定（候補あり）,高,BU-01031088,箱,1139,1,,商品を特定できていない（候補が複数）,タグ・JAN・型番・ブランド名を撮影、全体写真、数量,,,,,,,,,候補あり
PKGI-02736008,PKGI-02736008,バーバリー/ノバチェック/トートバッグ/PVC/ベージュ/チェック/汚れ有/擦れ有【C】,1,2ndstreet_jp,BU-01031112,PKG-01159297,,,,8月,G,商品特定（候補あり）,高,BU-01031112,箱,1140,1,,商品を特定できていない（候補が複数）,タグ・JAN・型番・ブランド名を撮影、全体写真、数量,,,,,,,,,候補あり
PKGI-02732614,PKGI-02732614,コート/38/ナイロン/CRM//【C】,1,2ndstreet_jp,BU-01031112,PKG-01159297,,,,8月,G,商品特定（候補あり）,高,BU-01031112,箱,1141,1,,商品を特定できていない（候補が複数）,タグ・JAN・型番・ブランド名を撮影、全体写真、数量,,,,,,,,,候補あり
PKGI-02736181,PKGI-02736181,Bifold Wallet/Leather/Pink/Ladies【C】,1,2ndstreet_jp,BU-01031112,PKG-01159297,,,,8月,G,商品特定（候補あり）,高,BU-01031112,箱,1142,1,,商品を特定できていない（候補が複数）,タグ・JAN・型番・ブランド名を撮影、全体写真、数量,,,,,,,,,候補あり
PKGI-02736457,PKGI-02736457,LUCID DREAM,1,hmv_co_jp,BU-01031213,PKG-01115728,,,,8月,H,商品特定（ページ見つからず）,高,BU-01031213,箱,1143,1,,商品ページが見つからない（商品名から特定不可）,タグ・JAN・型番・ブランド名を撮影、全体写真、数量,,,,,,,,,未発見
PKGI-02736622,PKGI-02736622,タッチペンで音が聞ける！はじめてずかん1000 英語つき,1,books_rakuten_co_jp,BU-01031240,PKG-01115838,,,,8月,H,商品特定（ページ見つからず）,高,BU-01031240,箱,1144,1,,商品ページが見つからない（商品名から特定不可）,タグ・JAN・型番・ブランド名を撮影、全体写真、数量,https://books.rakuten.co.jp/rb/16353156/,"web_search(supplier,score=1.00)",https://books.rakuten.co.jp/rb/16353156/,タッチペンで音が聞ける！はじめてずかん1000 英語つき,1.00,,,,未発見
PKGI-02736840,PKGI-02736840,【楽天ブックス限定特典】すしらーめん りく1st写真集　さいごのふたり(限定カバー)【予約】,1,books_rakuten_co_jp,BU-01031321,PKG-01114044,,,,8月,H,商品特定（ページ見つからず）,高,BU-01031321,箱,1145,1,,商品ページが見つからない（商品名から特定不可）,タグ・JAN・型番・ブランド名を撮影、全体写真、数量,https://books.rakuten.co.jp/rb/18580094/,"web_search(supplier,score=0.95)",https://books.rakuten.co.jp/rb/18580094/,【楽天ブックス限定特典】すしらーめん りく1st写真集 さいごのふたり(限定カバー),0.95,,,,未発見
PKGI-02736966,PKGI-02736966,たのしい両面折り紙　折り紙インサイドアウト プレミアム【予約】,1,books_rakuten_co_jp,BU-01031373,PKG-01115835,,,,8月,G,商品特定（候補あり）,高,BU-01031373,箱,1146,1,,商品を特定できていない（候補が複数）,タグ・JAN・型番・ブランド名を撮影、全体写真、数量,,,,,,,,,候補あり
PKGI-02736982,PKGI-02736982,【東京Meet&Greet応募用シリアルコード対象】咲き誇る時を待つのは [CD+セルカフォトカード 通常盤 ver.]＜通常盤＞ + '（特典あり）(発売日: 2026年05月27日)',2,tower_jp,BU-01031379,PKG-01141435,,,,8月,G,商品特定（候補あり）,高,BU-01031379,箱,1147,2,,商品を特定できていない（候補が複数）,タグ・JAN・型番・ブランド名を撮影、全体写真、数量,,,,,,,,,候補あり
PKGI-02737398,PKGI-02737398,ヴァイオレット・エヴァーガーデン アイコニック スカート,1,mayla_jp,BU-01031511,PKG-01114366,YES,YES,,8月,A,版・サイズ・色の確定,中,BU-01031511,箱,1149,1,,版・SKU・サイズ・色が元データから確定できない,版・種類・サイズ・色,https://mayla.jp/SHOP/bta0016.html,master_v336_confirmed_url,,,,,,,特定済み
PKGI-02737412,PKGI-02737412,ヴァイオレット・エヴァーガーデン アイコニック スカート,1,mayla_jp,BU-01031515,PKG-01114368,YES,YES,,8月,A,版・サイズ・色の確定,中,BU-01031515,箱,1151,1,,版・SKU・サイズ・色が元データから確定できない,版・種類・サイズ・色,,,,,,,,,特定済み
PKGI-02737711,PKGI-02737711,幅0.15mm　BMCタガネ,1,sujibori-do_ocnk_net,BU-01031618,PKG-01114409,,,,8月,G,商品特定（候補あり）,高,BU-01031618,箱,1152,1,,商品を特定できていない（候補が複数）,タグ・JAN・型番・ブランド名を撮影、全体写真、数量,https://www.sootang.jp/products/4560399122876,"candidate_url(other,score=0.95)",https://www.sootang.jp/products/4560399122876,量産型 BMCタガネ 幅0.15mm,0.95,,,,候補あり
PKGI-02737745,PKGI-02737745,JR東日本 みどりの駅時計BOOK,1,tkj_jp,BU-01031628,PKG-01141163,,,,8月,B,数量・版＋撮影（写真なし）,中,BU-01031628,箱,1153,1,,現物未確認（数量・版の確認）／写真なし（撮影が必要）,確認数量（元リストの商品単位） / 欠品・付属品の実際の内容 / 冊子と時計の揃い・BOOK初版/BOOK2の区別・電池/動作/現物数量を確認,https://store.tkj.jp/shopdetail/000000021095/,master_v336_confirmed_url,,,,,,,特定済み
PKGI-02737751,PKGI-02737751,JR東日本 みどりの駅時計BOOK,1,tkj_jp,BU-01031632,PKG-01141164,,,,8月,B,数量・版＋撮影（写真なし）,中,BU-01031632,箱,1154,1,,現物未確認（数量・版の確認）／写真なし（撮影が必要）,確認数量（元リストの商品単位） / 欠品・付属品の実際の内容 / 冊子と時計の揃い・BOOK初版/BOOK2の区別・電池/動作/現物数量を確認,,,,,,,,,特定済み
PKGI-02737797,PKGI-02737797,【直営SHOP限定厚底スニーカー】 （ブラック）,1,yosuke-idocorp_com,BU-01031655,PKG-01159429,YES,YES,YES,8月,A,版・サイズ・色の確定,中,BU-01031655,箱,1155,1,,版・SKU・サイズ・色が元データから確定できない,版・種類・サイズ・色、数量・セット内容、状態・未開封,https://yosuke-idocorp.com/commodity/SIDO0035D/YO729BW20005/,master_v336_confirmed_url,,,,,,,特定済み
PKGI-02737867,PKGI-02737867,ベビー　Tシャツ（80～95cm・Perky Zippy）(バースデイ)【予約】,1,shop-shimamura_com,BU-01031684,PKG-01114429,,,,8月,H,商品特定（ページ見つからず）,高,BU-01031684,箱,1156,1,,商品ページが見つからない（商品名から特定不可）,タグ・JAN・型番・ブランド名を撮影、全体写真、数量,,,,,,,,,未発見
PKGI-02737950,PKGI-02737950,beco+81 フィギュアマスコット 第2弾,2,kenelestore_jp,BU-01031715,PKG-01159559,YES,YES,,8月,A,版・サイズ・色の確定,中,BU-01031715,箱,1157,2,,版・SKU・サイズ・色が元データから確定できない,版・種類・サイズ・色,https://kenelestore.jp/products/gc0722c,master_v336_confirmed_url,,,,,,,特定済み
PKGI-02738059,PKGI-02738059,<tc>T-shirt　Pumpkin / Black × Green</tc>,1,yayoikusamastore_jp,BU-01031749,PKG-01159326,YES,YES,,8月,A,版・サイズ・色の確定,中,BU-01031749,箱,1159,1,,版・SKU・サイズ・色が元データから確定できない,版・種類・サイズ・色,https://yayoikusamastore.com/en/products/e-tspubkgr,master_v336_confirmed_url,,,,,,,特定済み
PKGI-02738060,PKGI-02738060,<tc>T-shirt　Pumpkin / Black × Blue</tc>,1,yayoikusamastore_jp,BU-01031749,PKG-01159326,YES,YES,,8月,A,版・サイズ・色の確定,中,BU-01031749,箱,1160,1,,版・SKU・サイズ・色が元データから確定できない,版・種類・サイズ・色,https://yayoikusamastore.com/en/products/e-tspubkbl,master_v336_confirmed_url,,,,,,,特定済み
PKGI-02738122,PKGI-02738122,ビリティス シューズ オブジェ パンプス,1,mayla_jp,BU-01031775,PKG-01115956,,,,8月,G,商品特定（候補あり）,高,BU-01031775,箱,1161,1,,商品を特定できていない（候補が複数）,タグ・JAN・型番・ブランド名を撮影、全体写真、数量,,,,,,,,,候補あり
PKGI-02738162,PKGI-02738162,ハートクロススニーカー,1,ailand-store_jp,BU-01031789,PKG-01159636,YES,YES,,8月,B,数量・版＋撮影（写真なし）,中,BU-01031789,箱,1162,1,,現物未確認（数量・版の確認）／写真なし（撮影が必要）,確認数量（元リストの商品単位） / 欠品・付属品の実際の内容 / 色・サイズ・種類の現物と根拠照合,https://wear.jp/item/92373505/,master_v336_confirmed_url,,,,,,,特定済み
PKGI-02647285,PKGI-02647285,カプコンフィギュアビルダー　クリエイターズモデル 黒蝕竜 ゴア・マガラ【復刻版】,1,e-capcom_com,BU-01031867,PKG-01082301,YES,YES,YES,8月,A,版・サイズ・色の確定,中,BU-01031867,箱,1165,1,,版・SKU・サイズ・色が元データから確定できない,版・種類・サイズ・色、数量・セット内容、状態・未開封、画像と現物の一致,https://www.e-capcom.com/shop/g/gC00008778/,master_v336_confirmed_url,,,,,,,特定済み
PKGI-02738115,PKGI-02738115,カプコンフィギュアビルダー　クリエイターズモデル 迅竜　ナルガクルガ,1,e-capcom_com,BU-01031867,PKG-01159445,YES,YES,,8月,A,版・サイズ・色の確定,中,BU-01031867,箱,1164,1,,版・SKU・サイズ・色が元データから確定できない,版・種類・サイズ・色,https://www.e-capcom.com/shop/g/gC00009341/,master_v336_confirmed_url,,,,,,,特定済み
PKGI-02738678,PKGI-02738678,バブルシガレット(パロディ_5),1,kingsidea_jp,BU-01031971,PKG-01116013,,,,8月,G,商品特定（候補あり）,高,BU-01031971,箱,1166,1,,商品を特定できていない（候補が複数）,タグ・JAN・型番・ブランド名を撮影、全体写真、数量,,,,,,,,,候補あり
PKGI-02738680,PKGI-02738680,バブルシガレット(パロディ_6),1,kingsidea_jp,BU-01031971,PKG-01116013,,,,8月,G,商品特定（候補あり）,高,BU-01031971,箱,1168,1,,商品を特定できていない（候補が複数）,タグ・JAN・型番・ブランド名を撮影、全体写真、数量,,,,,,,,,候補あり
PKGI-02738729,PKGI-02738729,バブルシガレット(オリジナル_2),1,kingsidea_jp,BU-01031995,PKG-01116006,,,,8月,J,在庫統合（同一商品が販売中）,高,BU-01031995,箱,1169,1,,同一商品が別PDで販売中,現物の有無と点数,,,,,,,,,特定済み
PKGI-02739039,PKGI-02739039,ギャラック ONE PIECE シャンクスモデル / HUC-OP-BD11-S,1,world-wide-watch_jp,BU-01032116,PKG-01151240,YES,YES,YES,8月,A,版・サイズ・色の確定,中,BU-01032116,箱,1172,1,,版・SKU・サイズ・色が元データから確定できない,版・種類・サイズ・色、数量・セット内容、状態・未開封,https://world-wide-watch.jp/c/brand/gar/onepiece/gar-hucopbd11s,master_v336_confirmed_url,,,,元帳数量保持・現物,,,特定済み
PKGI-02739109,PKGI-02739109,名探偵コナン アイコニック シューズ オブジェ パンプス ～海外からご購入のお客様へ～,1,mayla_jp,BU-01032155,PKG-01115976,YES,YES,,8月,C,数量・版,中,BU-01032155,箱,1174,1,,現物未確認（数量・版の確認）,説明文の未確認項目（サイズ・色・種類・構成など）,,,,,,,,,特定済み
PKGI-02739581,PKGI-02739581,honey2 シノビマスター 閃乱カグラ NEW LINK 1/6 飛鳥 水着 Ver.,1,hobbystock_jp,BU-01032382,PKG-01151348,YES,YES,,8月,B,数量・版＋撮影（写真なし）,中,BU-01032382,箱,1176,1,,現物未確認（数量・版の確認）／写真なし（撮影が必要）,確認数量（元リストの商品単位） / 欠品・付属品の実際の内容 / 色・サイズ等の現物照合,https://www.goodsmile.com/ja/news/6851,master_v336_confirmed_url,,,,,,,特定済み
PKGI-02739652,PKGI-02739652,ルーズストレートパンツ,1,store_hystericglamour_jp,BU-01032396,PKG-01151288,,,,8月,H,商品特定（ページ見つからず）,高,BU-01032396,箱,1177,1,,商品ページが見つからない（商品名から特定不可）,タグ・JAN・型番・ブランド名を撮影、全体写真、数量,,,,,,,,,未発見
PKGI-02739653,PKGI-02739653,ルーズストレートパンツ,1,store_hystericglamour_jp,BU-01032396,PKG-01151288,,,,8月,H,商品特定（ページ見つからず）,高,BU-01032396,箱,1178,1,,商品ページが見つからない（商品名から特定不可）,タグ・JAN・型番・ブランド名を撮影、全体写真、数量,,,,,,,,,未発見
PKGI-02739654,PKGI-02739654,HYSロゴ手編 ホルターネック,1,store_hystericglamour_jp,BU-01032396,PKG-01151288,,,,8月,G,商品特定（候補あり）,高,BU-01032396,箱,1179,1,,商品を特定できていない（候補が複数）,タグ・JAN・型番・ブランド名を撮影、全体写真、数量,,,,,,,,,候補あり
PKGI-02739764,PKGI-02739764,【予約商品】[Windows] 狂った果実 Windows版 有償特典付きBEEP限定版,1,beep-shop_com,BU-01032436,PKG-01159869,,,,8月,G,商品特定（候補あり）,高,BU-01032436,箱,1180,1,,商品を特定できていない（候補が複数）,タグ・JAN・型番・ブランド名を撮影、全体写真、数量,https://channel.beep-shop.com/products/detail/83771,"web_search(supplier,score=0.95)",https://channel.beep-shop.com/products/detail/83771,【BEEP限定版】 狂った果実 Windows版 有償特典付き,0.95,,,,候補あり
PKGI-02735515,PKGI-02735515,ReFa MILK PROTEIN PINK LINE,1,mtgec_jp,BU-01032462,PKG-01113992,,,,8月,G,商品特定（候補あり）,高,BU-01032462,箱,1182,1,,商品を特定できていない（候補が複数）,タグ・JAN・型番・ブランド名を撮影、全体写真、数量,,,,,,,,,候補あり
PKGI-02740481,PKGI-02740481,PalVerse　BanG Dream! Poppin'Party【BOX】,1,bushiroad-store_com,BU-01032714,PKG-01116031,,,YES,8月,F,状態・未開封・動作,中,BU-01032714,箱,1183,1,,状態・未開封・動作の確認が必要,状態・未開封,https://bushiroad-store.com/collections/palverse-bang-dream/products/2000265299759,master_v336_confirmed_url,,,,,,,特定済み
PKGI-02740678,PKGI-02740678,HG AFFAIR Tシャツ,1,store_hystericglamour_jp,BU-01032755,PKG-01151278,YES,YES,,8月,A,版・サイズ・色の確定,中,BU-01032755,箱,1185,1,,版・SKU・サイズ・色が元データから確定できない,版・種類・サイズ・色,https://store.hystericglamour.jp/item/104179.html,master_v336_confirmed_url,,,,,,,特定済み
PKGI-02741082,PKGI-02741082,[Cale] Cotton Silk Denim Trucker,1,jadore-jun_jp,BU-01032966,PKG-01114483,,,,8月,G,商品特定（候補あり）,高,BU-01032966,箱,1189,1,,商品を特定できていない（候補が複数）,タグ・JAN・型番・ブランド名を撮影、全体写真、数量,,,,,,,,,候補あり
PKGI-02741120,PKGI-02741120,CROP&CROP 黒ごまリキュール 720ml,1,sake-kagiya_com,BU-01032994,PKG-01159678,,,YES,8月,E,賞味期限・保管状態,高,BU-01032994,箱,1190,1,,期限・保管状態の確認が必要,賞味期限・保管状態、数量・セット内容、状態・未開封,https://www.sake-kagiya.com/view/item/000000003603,master_v336_confirmed_url,,,,元帳数量保持・現物,,,特定済み
PKGI-02741425,PKGI-02741425,エンブロイダリーレース・サックドレス,1,doclasse_com,BU-01033112,PKG-01159689,YES,YES,YES,8月,A,版・サイズ・色の確定,中,BU-01033112,箱,1191,1,,版・SKU・サイズ・色が元データから確定できない,版・種類・サイズ・色、数量・セット内容、状態・未開封,https://www.doclasse.com/item/detail/1_1_30965,master_v336_confirmed_url,,,,,,,特定済み
PKGI-02741557,PKGI-02741557,ガチアクタ　ひねくれたやつら ※ 2026年5月下旬 発送予定,1,maxlimited-online_com,BU-01033151,PKG-01151766,,,,8月,H,商品特定（ページ見つからず）,高,BU-01033151,箱,1192,1,,商品ページが見つからない（商品名から特定不可）,タグ・JAN・型番・ブランド名を撮影、全体写真、数量,,,,,,,,,未発見
PKGI-02741694,PKGI-02741694,少女☆歌劇 レヴュースタァライト -Re LIVE- ビジュアルブック,1,books_rakuten_co_jp,BU-01033193,PKG-01114617,YES,YES,,8月,C,数量・版,中,BU-01033193,箱,1194,1,,現物未確認（数量・版の確認）,説明文の未確認項目（サイズ・色・種類・構成など）,https://store.kadokawa.co.jp/shop/g/g302007000513/,master_v336_confirmed_url,,,,,,,特定済み
PKGI-02741693,PKGI-02741693,「少女☆歌劇 レヴュースタァライト ロンド・ロンド・ロンド」主題歌CD「再生讃美曲」 (豪華ブックレット付初回限定盤 CD＋ブックレット),1,books_rakuten_co_jp,BU-01033193,PKG-01114617,,,,8月,H,商品特定（ページ見つからず）,高,BU-01033193,箱,1195,1,,商品ページが見つからない（商品名から特定不可）,タグ・JAN・型番・ブランド名を撮影、全体写真、数量,https://books.rakuten.co.jp/rb/16284181/,"web_search(supplier,score=1.00)",https://books.rakuten.co.jp/rb/16284181/,「少女☆歌劇 レヴュースタァライト ロンド・ロンド・ロンド」主題歌CD「再生讃美曲」 (豪華ブックレット付初回限定盤 CD＋ブックレット),1.00,,,,未発見
PKGI-02741691,PKGI-02741691,【楽天ブックス限定先着特典】「少女☆歌劇 レヴュースタァライト -The MUSICAL- 遙かなるエルドラド」テーマソングCD「Gilded Dreams」【Sal ver.】(特製L判ブロマイド　富田麻帆【Sal ver.】),1,books_rakuten_co_jp,BU-01033193,PKG-01114617,,,,8月,H,商品特定（ページ見つからず）,高,BU-01033193,箱,1196,1,,商品ページが見つからない（商品名から特定不可）,タグ・JAN・型番・ブランド名を撮影、全体写真、数量,,,,,,,,,未発見
PKGI-02741692,PKGI-02741692,【楽天ブックス限定先着特典】「少女☆歌劇 レヴュースタァライト -The MUSICAL- 遙かなるエルドラド」テーマソングCD「Gilded Dreams」【Ale ver.】(特製L判ブロマイド　富田麻帆【Ale ver.】),1,books_rakuten_co_jp,BU-01033193,PKG-01114617,,,,8月,H,商品特定（ページ見つからず）,高,BU-01033193,箱,1197,1,,商品ページが見つからない（商品名から特定不可）,タグ・JAN・型番・ブランド名を撮影、全体写真、数量,,,,,,,,,未発見
PKGI-02741702,PKGI-02741702,beco+81 figure mascot 2nd edition,1,kenelestore_jp,BU-01033195,PKG-01159961,YES,YES,,8月,A,版・サイズ・色の確定,中,BU-01033195,箱,1198,1,,版・SKU・サイズ・色が元データから確定できない,版・種類・サイズ・色,https://kenelestore.jp/en/products/gc0722c-en,master_v336_confirmed_url,,,,,,,特定済み
PKGI-02742413,PKGI-02742413,スーパーダンガンロンパ2　パーティー準備　アクリルスタンド　16.辺古山ペコ 【Release Date: 2026/05/31】,1,store_kadokawa_co_jp,BU-01033463,PKG-01160023,,,YES,8月,D,数量・セット内容,中,BU-01033463,箱,1202,1,,数量・セット内容の確認が必要,数量・セット内容、bonus_or_purchase_benefit_presence、状態・未開封,https://store.kadokawa.co.jp/shop/g/g4940261521363/,master_v336_confirmed_url,,,,元帳数量保持・現物,,,特定済み
PKGI-02743278,PKGI-02743278,京らー油,2,ochanokosaisai_com,BU-01033770,PKG-01151788,,,YES,8月,C,数量・版,中,BU-01033770,箱,1204,2,,現物未確認（数量・版の確認）,賞味期限・保存状態・数量,https://www.ochanokosaisai.com/c/all/RAU-01-1,master_v336_confirmed_url,,,,,,,特定済み
PKGI-02743449,PKGI-02743449,ポケモンベースボールフェスタ2026/ツインバット/ピカチュウ,1,ec_baystars_co_jp,BU-01033847,PKG-01151880,YES,YES,YES,8月,A,版・サイズ・色の確定,中,BU-01033847,箱,1206,1,,版・SKU・サイズ・色が元データから確定できない,版・種類・サイズ・色、状態・未開封,https://ec.baystars.co.jp/items/ydb4573676030597,master_v336_confirmed_url,,,,,,,特定済み
PKGI-02743975,PKGI-02743975,抱き枕 だいふく山,2,sumall_sumo_or_jp,BU-01034038,PKG-01116336,YES,YES,,8月,A,版・サイズ・色の確定,中,BU-01034038,箱,1208,2,,版・SKU・サイズ・色が元データから確定できない,版・種類・サイズ・色,https://sumall.sumo.or.jp/products/4571588950743,master_v336_confirmed_url,,,,,,,特定済み
PKGI-02744293,PKGI-02744293,ケストース（国内製造） 150ｇ 北海道産ビート糖（Non-GMO）使用 酪酸菌のエサになる [02] NICHIGA(ニチガ) 理想的な腸内フローラのバランスに,1,nichiga_net,BU-01034138,PKG-01151998,,,YES,8月,E,賞味期限・保管状態,高,BU-01034138,箱,1209,1,,期限・保管状態の確認が必要,賞味期限・保管状態、数量・セット内容、状態・未開封,https://www.nichiga.net/shopdetail/000000001602/,master_v336_confirmed_url,,,,現物,,,特定済み
PKGI-02744447,PKGI-02744447,ベビー　Tシャツ（80～95cm・Perky Zippy）(バースデイ)【予約】,1,shop-shimamura_com,BU-01034194,PKG-01114648,,,,8月,H,商品特定（ページ見つからず）,高,BU-01034194,箱,1210,1,,商品ページが見つからない（商品名から特定不可）,タグ・JAN・型番・ブランド名を撮影、全体写真、数量,,,,,,,,,未発見
PKGI-02744448,PKGI-02744448,ベビー　Tシャツ（80～95cm・Perky Zippy）(バースデイ)【予約】,1,shop-shimamura_com,BU-01034194,PKG-01114648,,,,8月,H,商品特定（ページ見つからず）,高,BU-01034194,箱,1211,1,,商品ページが見つからない（商品名から特定不可）,タグ・JAN・型番・ブランド名を撮影、全体写真、数量,,,,,,,,,未発見
PKGI-02744513,PKGI-02744513,半幅帯　FH26031601,1,store_gofukuyasan_com,BU-01034214,PKG-01152084,YES,YES,,8月,A,版・サイズ・色の確定,中,BU-01034214,箱,1212,1,,版・SKU・サイズ・色が元データから確定できない,版・種類・サイズ・色,https://store.gofukuyasan.com/view/item/000000006881,master_v336_confirmed_url,,,,,,,特定済み
PKGI-02744782,PKGI-02744782,京の一味３缶セット,1,ochanokosaisai_com,BU-01034321,PKG-01151828,YES,YES,YES,8月,E,賞味期限・保管状態,高,BU-01034321,箱,1214,1,,期限・保管状態の確認が必要,賞味期限・保管状態、版・種類・サイズ・色、数量・セット内容、状態・未開封、画像と現物の一致,https://www.ochanokosaisai.com/c/kyoichimi/set-1mi3can,master_v336_confirmed_url,,,,,,,特定済み
PKGI-02744781,PKGI-02744781,京の黒一味　缶,1,ochanokosaisai_com,BU-01034321,PKG-01151828,,,YES,8月,C,数量・版,中,BU-01034321,箱,1215,1,,現物未確認（数量・版の確認）,賞味期限・保存状態・数量,https://www.ochanokosaisai.com/c/kyoichimi/SRY-ICM-01-2,master_v336_confirmed_url,,,,,,,特定済み
PKGI-02744903,PKGI-02744903,『ハイキュー！！』アクリルフィギュア 孤爪研磨 （ジャンプGIGA 2024 AUTUMN 描き下ろしイラスト） BE3,1,store_hpplus_jp,BU-01034358,PKG-01152042,YES,YES,YES,8月,A,版・サイズ・色の確定,中,BU-01034358,箱,1216,1,,版・SKU・サイズ・色が元データから確定できない,版・種類・サイズ・色、数量・セット内容、状態・未開封,https://jumpshop-benelic.com/products/18068675,master_v336_confirmed_url,,,,元帳数量保持・現物,,,特定済み
PKGI-02744975,PKGI-02744975,いつでもジャストマリアージュブラ,1,peachjohn_co_jp,BU-01034378,PKG-01116459,YES,YES,YES,8月,A,版・サイズ・色の確定,中,BU-01034378,箱,1217,1,,版・SKU・サイズ・色が元データから確定できない,版・種類・サイズ・色、数量・セット内容、状態・未開封,https://www.peachjohn.co.jp/shop/g/g10254600102/,master_v336_confirmed_url,,,,現物,,,特定済み
PKGI-02745182,PKGI-02745182,ケストース（国内製造） 150ｇ 北海道産ビート糖（Non-GMO）使用 酪酸菌のエサになる [02] NICHIGA(ニチガ) 理想的な腸内フローラのバランスに,1,nichiga_net,BU-01034446,PKG-01152001,,,YES,8月,E,賞味期限・保管状態,高,BU-01034446,箱,1219,1,,期限・保管状態の確認が必要,賞味期限・保管状態、数量・セット内容、状態・未開封,,,,,,現物,,,特定済み
PKGI-02745476,PKGI-02745476,『ハイキュー！！』アクリルフィギュア 孤爪研磨 （ジャンプGIGA 2024 AUTUMN 描き下ろしイラスト） BE3,1,store_hpplus_jp,BU-01034541,PKG-01152033,YES,YES,YES,8月,A,版・サイズ・色の確定,中,BU-01034541,箱,1220,1,,版・SKU・サイズ・色が元データから確定できない,版・種類・サイズ・色、数量・セット内容、状態・未開封,,,,,,,,,特定済み
PKGI-02746833,PKGI-02746833,城　（白水Uブックス）,1,books_rakuten_co_jp,BU-01035029,PKG-01114829,,,,8月,H,商品特定（ページ見つからず）,高,BU-01035029,箱,1222,1,,商品ページが見つからない（商品名から特定不可）,タグ・JAN・型番・ブランド名を撮影、全体写真、数量,,,,,,,,,未発見
PKGI-02746836,PKGI-02746836,カードファイト!! ヴァンガード Divinez トレーディング缶バッジ vol.1【PACK】,9,bushiroad-store_com,BU-01035031,PKG-01116656,YES,YES,YES,8月,A,版・サイズ・色の確定,中,BU-01035031,箱,1223,9,,版・SKU・サイズ・色が元データから確定できない,版・種類・サイズ・色、数量・セット内容、状態・未開封、画像と現物の一致、箱・袋の所在,https://bushiroad-store.com/products/2000220609791,master_v336_confirmed_url,,,,,,,特定済み
PKGI-02746880,PKGI-02746880,【V.W.P】ランダム缶バッジ New Year Illustration ver.（全5種）／4th ONE-MAN LIVE「現象Ⅳ -反転運命-」OFFICIAL GOODS 第二弾,1,findmestore_thinkr_jp,BU-01035049,PKG-01116626,,,,8月,G,商品特定（候補あり）,高,BU-01035049,箱,1224,1,,商品を特定できていない（候補が複数）,タグ・JAN・型番・ブランド名を撮影、全体写真、数量,https://findmestore.thinkr.jp/products/vwp-300-0460,"shopify_catalog(supplier,score=0.95)",https://findmestore.thinkr.jp/products/vwp-300-0460,【V.W.P】ランダム缶バッジ New Year Illustration ver.（全5種）／4th ONE-MAN LIVE「現象Ⅳ -反転運命-」OFFICIAL GOODS 第二弾,0.95,,,,候補あり
PKGI-02746904,PKGI-02746904,リコーダー　スタジオジブリ・メロディーズ 100,1,books_rakuten_co_jp,BU-01035061,PKG-01114839,,,,8月,D,数量・セット内容,中,BU-01035061,箱,1225,1,,数量・セット内容の確認が必要,数量・セット内容,https://www.ymm.co.jp/p/detail.php?code=GTW01100662,master_v336_confirmed_url,,,,元帳数量保持・現物,,,特定済み
PKGI-02747202,PKGI-02747202,ディサイド (発売日: 2026年06月03日),1,tower_jp,BU-01035202,PKG-01142089,YES,YES,YES,8月,A,版・サイズ・色の確定,中,BU-01035202,箱,1227,1,,版・SKU・サイズ・色が元データから確定できない,版・種類・サイズ・色、数量・セット内容、状態・未開封,https://tower.jp/item/8017980,master_v336_confirmed_url,,,,元帳数量保持・現物,,,特定済み
PKGI-02747348,PKGI-02747348,Cuban Mixtape -Presented By Dj KOCO【2026 RECORD STORE DAY 限定盤】(カセットテープ),1,hmv_co_jp,BU-01035273,PKG-01116596,,,,8月,G,商品特定（候補あり）,高,BU-01035273,箱,1228,1,,商品を特定できていない（候補が複数）,タグ・JAN・型番・ブランド名を撮影、全体写真、数量,,,,,,,,,候補あり
PKGI-02747350,PKGI-02747350,ARTISAN 【完全生産限定】(カセットテープ),1,hmv_co_jp,BU-01035273,PKG-01116596,,,,8月,G,商品特定（候補あり）,高,BU-01035273,箱,1229,1,,商品を特定できていない（候補が複数）,タグ・JAN・型番・ブランド名を撮影、全体写真、数量,,,,,,,,,候補あり
PKGI-02747351,PKGI-02747351,POCKET MUSIC 【完全生産限定】(カセットテープ),1,hmv_co_jp,BU-01035273,PKG-01116596,,,,8月,G,商品特定（候補あり）,高,BU-01035273,箱,1230,1,,商品を特定できていない（候補が複数）,タグ・JAN・型番・ブランド名を撮影、全体写真、数量,,,,,,,,,候補あり
PKGI-02747352,PKGI-02747352,GREATEST HITS! OF TATSURO YAMASHITA 【完全生産限定盤】(カセットテープ),1,hmv_co_jp,BU-01035273,PKG-01116596,,,,8月,H,商品特定（ページ見つからず）,高,BU-01035273,箱,1232,1,,商品ページが見つからない（商品名から特定不可）,タグ・JAN・型番・ブランド名を撮影、全体写真、数量,https://www.amazon.co.jp/-/en/%E5%B1%B1%E4%B8%8B%E9%81%94%E9%83%8E/dp/B0BQW36PSK,"web_search(other,score=0.90)",https://www.amazon.co.jp/-/en/%E5%B1%B1%E4%B8%8B%E9%81%94%E9%83%8E/dp/B0BQW36PSK,Amazon.co.jp: GREATEST HITS! OF TATSURO YAMASHITA (完全生産限定盤) (カセット) - 山下達郎: Music,0.90,,,,未発見
PKGI-02747354,PKGI-02747354,samurai champloo music record  “impresson” ／ Nujabes / FORCE OF NATURE / fat jon (カセットテープ),1,hmv_co_jp,BU-01035273,PKG-01116596,,,,8月,G,商品特定（候補あり）,高,BU-01035273,箱,1233,1,,商品を特定できていない（候補が複数）,タグ・JAN・型番・ブランド名を撮影、全体写真、数量,,,,,,,,,候補あり
PKGI-02747346,PKGI-02747346,Modal Soul (カセットテープ),1,hmv_co_jp,BU-01035273,PKG-01116596,,,,8月,G,商品特定（候補あり）,高,BU-01035273,箱,1234,1,,商品を特定できていない（候補が複数）,タグ・JAN・型番・ブランド名を撮影、全体写真、数量,,,,,,,,,候補あり
PKGI-02747349,PKGI-02747349,ローファイ・ジブリ3 (カセットテープ),1,hmv_co_jp,BU-01035273,PKG-01116596,,,,8月,H,商品特定（ページ見つからず）,高,BU-01035273,箱,1235,1,,商品ページが見つからない（商品名から特定不可）,タグ・JAN・型番・ブランド名を撮影、全体写真、数量,,,,,,,,,未発見
PKGI-02747344,PKGI-02747344,『少女☆歌劇 レヴュースタァライト -The MUSICAL-遙かなるエルドラド』テーマソングCD「Gilded Dreams」【Ale ver.】,1,hmv_co_jp,BU-01035273,PKG-01116596,,,,8月,G,商品特定（候補あり）,高,BU-01035273,箱,1237,1,,商品を特定できていない（候補が複数）,タグ・JAN・型番・ブランド名を撮影、全体写真、数量,,,,,,,,,候補あり
PKGI-02747345,PKGI-02747345,『少女☆歌劇 レヴュースタァライト -The MUSICAL-遙かなるエルドラド』テーマソングCD「Gilded Dreams」【Sal ver.】,1,hmv_co_jp,BU-01035273,PKG-01116596,,,,8月,G,商品特定（候補あり）,高,BU-01035273,箱,1238,1,,商品を特定できていない（候補が複数）,タグ・JAN・型番・ブランド名を撮影、全体写真、数量,https://bushiroad-store.com/collections/all/products/2000282383790,"candidate_url(other,score=1.00)",https://bushiroad-store.com/collections/all/products/2000282383790,「少女☆歌劇 レヴュースタァライト -The MUSICAL- 遙かなるエルドラド」テーマソングCD「Gilded Dreams」【Sal ver.】,1.00,,,,候補あり
PKGI-02747508,PKGI-02747508,beco+81 フィギュアマスコット 第2弾,2,kenelestore_jp,BU-01035336,PKG-01160135,YES,YES,,8月,A,版・サイズ・色の確定,中,BU-01035336,箱,1241,2,,版・SKU・サイズ・色が元データから確定できない,版・種類・サイズ・色,,,,,,,,,特定済み
PKGI-02747532,PKGI-02747532,HOTDOG VINTAGE LOGO Tee designed by Hiroshi Iguchi,1,tacomafuji_shop-pro_jp,BU-01035350,PKG-01160177,,,,8月,G,商品特定（候補あり）,高,BU-01035350,箱,1242,1,,商品を特定できていない（候補が複数）,タグ・JAN・型番・ブランド名を撮影、全体写真、数量,,,,,,,,,候補あり
PKGI-02747613,PKGI-02747613,1st Mini Album [Sequence 01: Curiosity] (Unnatural ver.)＜限定特典対象＞ (?布日期: 2026年05月31日) + '（特典あり)',4,tower_jp,BU-01035384,PKG-01142269,,,,8月,H,商品特定（ページ見つからず）,高,BU-01035384,箱,1243,4,,商品ページが見つからない（商品名から特定不可）,タグ・JAN・型番・ブランド名を撮影、全体写真、数量,,,,,,,,,未発見
PKGI-02747773,PKGI-02747773,和遊アソート 四季の香,2,shop_oribe-minoyaki_com,BU-01035444,PKG-01152231,,,,8月,H,商品特定（ページ見つからず）,高,BU-01035444,箱,1244,2,,商品ページが見つからない（商品名から特定不可）,タグ・JAN・型番・ブランド名を撮影、全体写真、数量,,,,,,,,,未発見
PKGI-02746222,PKGI-02746222,和遊アソート 四季の香,1,shop_oribe-minoyaki_com,BU-01035444,PKG-01152231,,,,8月,H,商品特定（ページ見つからず）,高,BU-01035444,箱,1245,1,,商品ページが見つからない（商品名から特定不可）,タグ・JAN・型番・ブランド名を撮影、全体写真、数量,,,,,,,,,未発見
PKGI-02747821,PKGI-02747821,VS TAPALES T-SHIRT,1,monster-naoyainoue_com,BU-01035459,PKG-01116621,YES,YES,,8月,A,版・サイズ・色の確定,中,BU-01035459,箱,1246,1,,版・SKU・サイズ・色が元データから確定できない,版・種類・サイズ・色,https://monster-naoyainoue.com/products/4550452693351,master_v336_confirmed_url,,,,,,,特定済み
PKGI-02747813,PKGI-02747813,星のカービィ トランジットラウンジ スーツケース 機内持ち込み 32L 36cm  50060 TRANSIT LOUNGE Kirby キャリーケース ハードキャリー かわいい キャラクター 軽量 修学旅行 旅行用 キャリーバッグ,1,sacsbar_com,BU-01035462,PKG-01152402,,,,8月,H,商品特定（ページ見つからず）,高,BU-01035462,箱,1247,1,,商品ページが見つからない（商品名から特定不可）,タグ・JAN・型番・ブランド名を撮影、全体写真、数量,,,,,,,,,未発見
PKGI-02747982,PKGI-02747982,イヨシコーラ飲み比べセット（ギフトボックス入り）【送料無料】【ギフト・熨斗対応可】,1,shop_iyoshicola_com,BU-01035499,PKG-01152273,,,YES,8月,E,賞味期限・保管状態,高,BU-01035499,箱,1248,1,,期限・保管状態の確認が必要,賞味期限・保管状態、数量・セット内容、状態・未開封,https://shop.iyoshicola.com/products/flight_gift,master_v336_confirmed_url,,,,現物,,,特定済み
PKGI-02709222,PKGI-02709222,メンズ　Tシャツ（ちいかわ&ハチワレ）(アベイル)【予約】,1,shop-shimamura_com,BU-01035552,PKG-01116672,,,,8月,G,商品特定（候補あり）,高,BU-01035552,箱,1249,1,,商品を特定できていない（候補が複数）,タグ・JAN・型番・ブランド名を撮影、全体写真、数量,,,,,,,,,候補あり
PKGI-02748151,PKGI-02748151,腰当てクッション（ちいかわ）(アベイル)【予約】,1,shop-shimamura_com,BU-01035552,PKG-01116672,,,,8月,H,商品特定（ページ見つからず）,高,BU-01035552,箱,1250,1,,商品ページが見つからない（商品名から特定不可）,タグ・JAN・型番・ブランド名を撮影、全体写真、数量,,,,,,,,,未発見
PKGI-02748654,PKGI-02748654,「キリンの蒼角」オブジェ シルバーレビュー,1,u-treasure-onlineshop_jp,BU-01035715,PKG-01116708,,,,8月,G,商品特定（候補あり）,高,BU-01035715,箱,1251,1,,商品を特定できていない（候補が複数）,タグ・JAN・型番・ブランド名を撮影、全体写真、数量,,,,,,,,,候補あり
PKGI-02748892,PKGI-02748892,「少女☆歌劇 レヴュースタァライト -The LIVE-#4 Climax」パンフレット,1,bushiroad-store_com,BU-01035792,PKG-01116591,,,,8月,G,商品特定（候補あり）,高,BU-01035792,箱,1254,1,,商品を特定できていない（候補が複数）,タグ・JAN・型番・ブランド名を撮影、全体写真、数量,,,,,,,,,候補あり
PKGI-02748887,PKGI-02748887,少女☆歌劇 レヴュースタァライト　ジオラマアクリルスタンド 西條クロディーヌ -?clat de Prince-,1,bushiroad-store_com,BU-01035792,PKG-01116591,YES,YES,YES,8月,A,版・サイズ・色の確定,中,BU-01035792,箱,1256,1,,版・SKU・サイズ・色が元データから確定できない,版・種類・サイズ・色、数量・セット内容、状態・未開封、画像と現物の一致,https://bushiroad-store.com/products/2000261004142,master_v336_confirmed_url,,,,,,,特定済み
PKGI-02748888,PKGI-02748888,少女☆歌劇 レヴュースタァライト　ジオラマアクリルスタンド 天堂真矢 -?clat de Prince-,1,bushiroad-store_com,BU-01035792,PKG-01116591,YES,YES,YES,8月,A,版・サイズ・色の確定,中,BU-01035792,箱,1257,1,,版・SKU・サイズ・色が元データから確定できない,版・種類・サイズ・色、数量・セット内容、状態・未開封、画像と現物の一致,https://bushiroad-store.com/products/2000261004104,master_v336_confirmed_url,,,,,,,特定済み
PKGI-02748886,PKGI-02748886,少女☆歌劇 レヴュースタァライト　マルチリボン 西條クロディーヌ -?clat de Prince-,1,bushiroad-store_com,BU-01035792,PKG-01116591,YES,YES,YES,8月,A,版・サイズ・色の確定,中,BU-01035792,箱,1258,1,,版・SKU・サイズ・色が元データから確定できない,版・種類・サイズ・色、数量・セット内容、状態・未開封、画像と現物の一致,https://bushiroad-store.com/products/2000261004258,master_v336_confirmed_url,,,,,,,特定済み
PKGI-02748966,PKGI-02748966,casanet L（本体・蓋　各4枚入）,1,wasara-shop_jp,BU-01035827,PKG-01152202,,,,8月,G,商品特定（候補あり）,高,BU-01035827,箱,1263,1,,商品を特定できていない（候補が複数）,タグ・JAN・型番・ブランド名を撮影、全体写真、数量,,,,,,,,,候補あり
PKGI-02748968,PKGI-02748968,casanet M（本体・蓋　各5枚入）,1,wasara-shop_jp,BU-01035827,PKG-01152202,,,,8月,G,商品特定（候補あり）,高,BU-01035827,箱,1264,1,,商品を特定できていない（候補が複数）,タグ・JAN・型番・ブランド名を撮影、全体写真、数量,,,,,,,,,候補あり
PKGI-02748967,PKGI-02748967,casanet S（本体・蓋　各5枚入）,1,wasara-shop_jp,BU-01035827,PKG-01152202,,,,8月,G,商品特定（候補あり）,高,BU-01035827,箱,1265,1,,商品を特定できていない（候補が複数）,タグ・JAN・型番・ブランド名を撮影、全体写真、数量,,,,,,,,,候補あり
PKGI-02749075,PKGI-02749075,HAZBIN HOTEL Acrylic Stand,1,blackballoon_market,BU-01035859,PKG-01152792,YES,YES,YES,8月,A,版・サイズ・色の確定,中,BU-01035859,箱,1266,1,,版・SKU・サイズ・色が元データから確定できない,版・種類・サイズ・色、数量・セット内容、状態・未開封、画像と現物の一致,,,,,,,,,特定済み
PKGI-02749076,PKGI-02749076,HAZBIN HOTEL Acrylic Keychain,1,blackballoon_market,BU-01035859,PKG-01152792,YES,YES,,8月,A,版・サイズ・色の確定,中,BU-01035859,箱,1267,1,,版・SKU・サイズ・色が元データから確定できない,版・種類・サイズ・色,https://blackballoon.market/en/products/z8564ht,master_v336_confirmed_url,,,,,,,特定済み
PKGI-02749332,PKGI-02749332,推し選手コンプリートセット（全7種）,1,oshiga_shop,BU-01035922,PKG-01066046,,,,8月,G,商品特定（候補あり）,高,BU-01035922,箱,1268,1,,商品を特定できていない（候補が複数）,タグ・JAN・型番・ブランド名を撮影、全体写真、数量,,,,,,,,,候補あり
PKGI-02749630,PKGI-02749630,トランスフォーマーごー！　ごー！　大冒険編,1,books_rakuten_co_jp,BU-01036020,PKG-01116858,,,,8月,B,数量・版＋撮影（写真なし）,中,BU-01036020,箱,1270,1,,現物未確認（数量・版の確認）／写真なし（撮影が必要）,元帳数量保持・現物未確認,https://books.rakuten.co.jp/rb/18400715/,master_v336_confirmed_url,,,,元帳数量保持・現物,,,特定済み
PKGI-02749694,PKGI-02749694,ReFa MILK PROTEIN RPYAL LINE,1,mtgec_jp,BU-01036042,PKG-01114974,,,,8月,H,商品特定（ページ見つからず）,高,BU-01036042,箱,1271,1,,商品ページが見つからない（商品名から特定不可）,タグ・JAN・型番・ブランド名を撮影、全体写真、数量,,,,,,,,,未発見
PKGI-02749693,PKGI-02749693,Minimal Wide Denim / Blue,1,resunce_tokyo,BU-01036043,PKG-01152868,,,,8月,G,商品特定（候補あり）,高,BU-01036043,箱,1272,1,,商品を特定できていない（候補が複数）,タグ・JAN・型番・ブランド名を撮影、全体写真、数量,,,,,,,,,候補あり
PKGI-02750055,PKGI-02750055,"Tchaikovsky Symphony No.6 (1951), Mozart Symphony No.39 (1942 / 43): Wilhelm Furtwangler / Berlin Philharmonic -Transfers & Pro",1,hmv_co_jp,BU-01036162,PKG-01116860,,,,8月,B,数量・版＋撮影（写真なし）,中,BU-01036162,箱,1275,1,,現物未確認（数量・版の確認）／写真なし（撮影が必要）,確認数量（元リストの商品単位） / 欠品・付属品の実際の内容 / 現物のJAN・規格品番・輸入版仕様を確認,https://cdsvinyljapan.com/en-id/products/4909346312326,master_v336_confirmed_url,,,,,,,特定済み
PKGI-02750066,PKGI-02750066,Always With You 3-Way AKUMA Mascot,1,store_plusmember_jp,BU-01036175,PKG-01152927,,,,8月,H,商品特定（ページ見つからず）,高,BU-01036175,箱,1276,1,,商品ページが見つからない（商品名から特定不可）,タグ・JAN・型番・ブランド名を撮影、全体写真、数量,,,,,,,,,未発見
PKGI-02750065,PKGI-02750065,βカロテン タオル,1,store_plusmember_jp,BU-01036175,PKG-01152927,,,,8月,G,商品特定（候補あり）,高,BU-01036175,箱,1277,1,,商品を特定できていない（候補が複数）,タグ・JAN・型番・ブランド名を撮影、全体写真、数量,https://store.plusmember.jp/aimyon/products/detail.php?lang=en&product_id=108303,candidate_verified(score=1.00),https://store.plusmember.jp/aimyon/products/detail.php?lang=en&product_id=108303,,,,,,候補あり
PKGI-02750069,PKGI-02750069,恋と深空　マヒル・終極兵器X-02シリーズ　スカーフ【レターパックプラス1点まで、2点からヤマト宅急便お選びください】【230日前後入荷予定】,1,yotuba_shop,BU-01036176,PKG-01152291,,,,8月,G,商品特定（候補あり）,高,BU-01036176,箱,1278,1,,商品を特定できていない（候補が複数）,タグ・JAN・型番・ブランド名を撮影、全体写真、数量,,,,,,,,,候補あり
PKGI-02750169,PKGI-02750169,こまどりは今際の目醒め（上）　（ディアプラス・コミックス）,1,books_rakuten_co_jp,BU-01036212,PKG-01116862,,,YES,8月,B,数量・版＋撮影（写真なし）,中,BU-01036212,箱,1279,1,,現物未確認（数量・版の確認）／写真なし（撮影が必要）,確認数量（元リストの商品単位） / 欠品・付属品の実際の内容 / 現物の上巻ISBN・特典/付属物・状態を確認,https://www.shinshokan.co.jp/book/b664738.html,master_v336_confirmed_url,,,,,,,特定済み
PKGI-02750170,PKGI-02750170,こまどりは今際の目醒め（下）　（ディアプラス・コミックス）,1,books_rakuten_co_jp,BU-01036212,PKG-01116862,,,,8月,G,商品特定（候補あり）,高,BU-01036212,箱,1280,1,,商品を特定できていない（候補が複数）,タグ・JAN・型番・ブランド名を撮影、全体写真、数量,https://alert.shop-bell.com/products/4403669999/,"candidate_url(other,score=0.95)",https://alert.shop-bell.com/products/4403669999/,こまどりは今際の目醒め（上） (ディアプラス・コミックス)【ベルアラート】,0.95,,,,候補あり
PKGI-02750210,PKGI-02750210,【5/17(日)開催メンバー個別サイン会抽選対象】ReDeFINE: 8th EP (Re VER.)＜オンライン限定/イベント対象商品＞ (発売日: 2026年06月上旬) + '（特典あり)',1,tower_jp,BU-01036232,PKG-01142327,,,,8月,G,商品特定（候補あり）,高,BU-01036232,箱,1281,1,,商品を特定できていない（候補が複数）,タグ・JAN・型番・ブランド名を撮影、全体写真、数量,,,,,,,,,候補あり
PKGI-02750679,PKGI-02750679,ＳｈｕｐａｔｔｏコンパクトバッグＳ・タイ,1,ito-ya_co_jp,BU-01036390,PKG-01152752,,,,8月,B,数量・版＋撮影（写真なし）,中,BU-01036390,箱,1282,1,,現物未確認（数量・版の確認）／写真なし（撮影が必要）,元帳数量保持・現物未確認,https://www.ito-ya.co.jp/item/49963857148081.html,master_v336_confirmed_url,,,,元帳数量保持・現物,,,特定済み
PKGI-02750680,PKGI-02750680,ＳｈｕｐａｔｔｏコンパクトバッグＳ・フグ,1,ito-ya_co_jp,BU-01036390,PKG-01152752,,YES,,8月,B,数量・版＋撮影（写真なし）,中,BU-01036390,箱,1283,1,,現物未確認（数量・版の確認）／写真なし（撮影が必要）,確認数量（元リストの商品単位） / 欠品・付属品の実際の内容 / 現物のフグ柄・Sサイズ・品番を確認,https://www.ito-ya.co.jp/item/49963857148221.html,master_v336_confirmed_url,,,,,,,特定済み
PKGI-02750766,PKGI-02750766,<tc>T-shirt　Pumpkin / Black × Pink</tc>,1,yayoikusamastore_jp,BU-01036421,PKG-01152538,YES,YES,,8月,A,版・サイズ・色の確定,中,BU-01036421,箱,1284,1,,版・SKU・サイズ・色が元データから確定できない,版・種類・サイズ・色,https://yayoikusamastore.com/en/products/e-tspubkpk,master_v336_confirmed_url,,,,,,,特定済み
PKGI-02750779,PKGI-02750779,Bonsai Hinomaru ER34 Tee White,1,lbwk_jp,BU-01036423,PKG-01116894,YES,YES,YES,8月,A,版・サイズ・色の確定,中,BU-01036423,箱,1286,1,,版・SKU・サイズ・色が元データから確定できない,版・種類・サイズ・色、数量・セット内容、状態・未開封,https://lbwk.jp/products/t355-34wh,master_v336_confirmed_url,,,,元帳数量保持・現物,,,特定済み
PKGI-02751056,PKGI-02751056,図録：大阪市立東洋陶磁美術館　コレクション選(館蔵品図録),1,moco-ms_shop,BU-01036528,PKG-01152635,,,,8月,G,商品特定（候補あり）,高,BU-01036528,箱,1287,1,,商品を特定できていない（候補が複数）,タグ・JAN・型番・ブランド名を撮影、全体写真、数量,https://moco-ms.shop/view/item/000000000095,candidate_verified(score=1.00),https://moco-ms.shop/view/item/000000000095,,,,,,候補あり
PKGI-02751057,PKGI-02751057,関連書籍：CELADON―東アジアの青磁のきらめき,1,moco-ms_shop,BU-01036528,PKG-01152635,,,,8月,G,商品特定（候補あり）,高,BU-01036528,箱,1288,1,,商品を特定できていない（候補が複数）,タグ・JAN・型番・ブランド名を撮影、全体写真、数量,https://moco-ms.shop/view/item/000000000125,candidate_verified(score=1.00),https://moco-ms.shop/view/item/000000000125,,,,,,候補あり
PKGI-02751054,PKGI-02751054,図録：大阪市立東洋陶磁美術館所蔵 堀尾幹雄コレクション「濱田庄司」,1,moco-ms_shop,BU-01036528,PKG-01152635,,,,8月,B,数量・版＋撮影（写真なし）,中,BU-01036528,箱,1289,1,,現物未確認（数量・版の確認）／写真なし（撮影が必要）,元帳数量保持・現物未確認,https://moco-ms.shop/view/item/000000000108,master_v336_confirmed_url,,,,元帳数量保持・現物,,,特定済み
PKGI-02751055,PKGI-02751055,図録：宋磁の美,1,moco-ms_shop,BU-01036528,PKG-01152635,,,,8月,G,商品特定（候補あり）,高,BU-01036528,箱,1290,1,,商品を特定できていない（候補が複数）,タグ・JAN・型番・ブランド名を撮影、全体写真、数量,https://moco-ms.shop/view/item/000000000103,candidate_verified(score=1.00),https://moco-ms.shop/view/item/000000000103,,,,,,候補あり
PKGI-02751192,PKGI-02751192,ベビー　甚平（80～95cm　wigle wigle）(バースデイ)【予約】,1,shop-shimamura_com,BU-01036576,PKG-01137165,,,,8月,G,商品特定（候補あり）,高,BU-01036576,箱,1291,1,,商品を特定できていない（候補が複数）,タグ・JAN・型番・ブランド名を撮影、全体写真、数量,,,,,,,,,候補あり
PKGI-02616770,PKGI-02616770,ベビー　ショートパンツ（80～95cm・wiggle wiggle）(バースデイ)【予約】,1,shop-shimamura_com,BU-01036576,PKG-01137165,,,,8月,G,商品特定（候補あり）,高,BU-01036576,箱,1292,1,,商品を特定できていない（候補が複数）,タグ・JAN・型番・ブランド名を撮影、全体写真、数量,,,,,,,,,候補あり
PKGI-02616771,PKGI-02616771,ヘアアクセサリー（wiggle wiggle)(バースデイ)【予約】,1,shop-shimamura_com,BU-01036576,PKG-01137165,,,,8月,G,商品特定（候補あり）,高,BU-01036576,箱,1293,1,,商品を特定できていない（候補が複数）,タグ・JAN・型番・ブランド名を撮影、全体写真、数量,,,,,,,,,候補あり
PKGI-02751282,PKGI-02751282,【4月7日(火)12:00? 受注予約開始】2WAY5分袖シアーニット｜2WAY HALF SLEEVE SHEER KNIT,1,regleam_net,BU-01036609,PKG-01152481,,,,8月,G,商品特定（候補あり）,高,BU-01036609,箱,1295,1,,商品を特定できていない（候補が複数）,タグ・JAN・型番・ブランド名を撮影、全体写真、数量,,,,,,,,,候補あり
PKGI-02751344,PKGI-02751344,Belt Shoes Suede,1,yaecaya_yaeca_com,BU-01036622,PKG-01116883,YES,YES,YES,8月,A,版・サイズ・色の確定,中,BU-01036622,箱,1296,1,,版・SKU・サイズ・色が元データから確定できない,版・種類・サイズ・色、数量・セット内容、状態・未開封、画像と現物の一致,https://yaecaya.yaeca.com/products/belt-shoes-suede,master_v336_confirmed_url,,,,現物,,,特定済み
PKGI-02751345,PKGI-02751345,Belt Shoes CORDURA,1,yaecaya_yaeca_com,BU-01036622,PKG-01116883,YES,YES,YES,8月,A,版・サイズ・色の確定,中,BU-01036622,箱,1297,1,,版・SKU・サイズ・色が元データから確定できない,版・種類・サイズ・色、数量・セット内容、状態・未開封、画像と現物の一致,https://yaecaya.yaeca.com/products/belt-shoes,master_v336_confirmed_url,,,,現物,,,特定済み
PKGI-02751517,PKGI-02751517,【原神】ヌヴィレットイメージシリーズ ガウン （アイマスク付き） Genshin 2026年6月仮予約,1,shop_fantasy-village_com,BU-01036677,PKG-01152990,,,,8月,H,商品特定（ページ見つからず）,高,BU-01036677,箱,1298,1,,商品ページが見つからない（商品名から特定不可）,タグ・JAN・型番・ブランド名を撮影、全体写真、数量,,,,,,,,,未発見
PKGI-02751756,PKGI-02751756,"受注販売/お届けまで約一ヶ月半/Nina【二ホンアマガエルのリング(L) ""Dryophytes japonicus""】",1,nina2014_com,BU-01036762,PKG-01152744,,,,8月,G,商品特定（候補あり）,高,BU-01036762,箱,1299,1,,商品を特定できていない（候補が複数）,タグ・JAN・型番・ブランド名を撮影、全体写真、数量,,,,,,,,,候補あり
PKGI-02751866,PKGI-02751866,Tobi Nui Charm,1,eveofficialstore_com,BU-01036805,PKG-01137011,YES,YES,YES,8月,A,版・サイズ・色の確定,中,BU-01036805,箱,1300,1,,版・SKU・サイズ・色が元データから確定できない,版・種類・サイズ・色、状態・未開封,,,,,,,,,特定済み
PKGI-02752018,PKGI-02752018,［Mona Kimura］MONA WORLD T-Shirt,1,holyshit-store_com,BU-01036874,PKG-01137110,,,,8月,H,商品特定（ページ見つからず）,高,BU-01036874,箱,1301,1,,商品ページが見つからない（商品名から特定不可）,タグ・JAN・型番・ブランド名を撮影、全体写真、数量,https://holyshit-store.com/items/6a0a7b3e9d8327120ffa1a94,"shop_site_search(supplier,score=1.00)",https://holyshit-store.com/items/6a0a7b3e9d8327120ffa1a94,［Mona Kimura］MONA WORLD T-Shirt,1.00,,,,未発見
PKGI-02752006,PKGI-02752006,Japanese black tea｜30 sachets,1,shop_goencha_com,BU-01036886,PKG-01152581,,,YES,8月,E,賞味期限・保管状態,高,BU-01036886,箱,1302,1,,期限・保管状態の確認が必要,賞味期限・保管状態、数量・セット内容、状態・未開封,https://shop.goencha.com/en/products/20043930,master_v336_confirmed_url,,,,元帳数量保持・現物,,,特定済み
PKGI-02752004,PKGI-02752004,Sencha Genmaicha with Matcha | 15 sachets,1,shop_goencha_com,BU-01036886,PKG-01152581,,,YES,8月,E,賞味期限・保管状態,高,BU-01036886,箱,1303,1,,期限・保管状態の確認が必要,賞味期限・保管状態、数量・セット内容、状態・未開封,https://shop.goencha.com/en/products/8832497,master_v336_confirmed_url,,,,現物,,,特定済み
PKGI-02752005,PKGI-02752005,Genmaicha | Leaf type | 100g,1,shop_goencha_com,BU-01036886,PKG-01152581,,,,8月,G,商品特定（候補あり）,高,BU-01036886,箱,1304,1,,商品を特定できていない（候補が複数）,タグ・JAN・型番・ブランド名を撮影、全体写真、数量,,,,,,,,,候補あり
PKGI-02752107,PKGI-02752107,ディサイド (発売日: 2026年06月03日) + '（特典あり)',1,tower_jp,BU-01036926,PKG-01142524,,,,8月,H,商品特定（ページ見つからず）,高,BU-01036926,箱,1306,1,,商品ページが見つからない（商品名から特定不可）,タグ・JAN・型番・ブランド名を撮影、全体写真、数量,,,,,,,,,未発見
PKGI-02752111,PKGI-02752111,Tobi Nui Charm,1,eveofficialstore_com,BU-01036931,PKG-01137124,YES,YES,YES,8月,A,版・サイズ・色の確定,中,BU-01036931,箱,1307,1,,版・SKU・サイズ・色が元データから確定できない,版・種類・サイズ・色、状態・未開封,,,,,,,,,特定済み
PKGI-02752112,PKGI-02752112,Figure [red raison],1,eveofficialstore_com,BU-01036931,PKG-01137124,,,,8月,H,商品特定（ページ見つからず）,高,BU-01036931,箱,1308,1,,商品ページが見つからない（商品名から特定不可）,タグ・JAN・型番・ブランド名を撮影、全体写真、数量,https://www.eveofficialstore.com/view/item/000000000299,"web_search(supplier,score=1.00)",https://www.eveofficialstore.com/view/item/000000000299,Figure [red raison]｜Eve(イブ) 公式通販サイト,1.00,,,,未発見
PKGI-02752164,PKGI-02752164,トイ・ストーリー ピザタワーゲーム,2,eyeup_co_jp,BU-01036941,PKG-01152981,,,,8月,G,商品特定（候補あり）,高,BU-01036941,箱,1309,2,,商品を特定できていない（候補が複数）,タグ・JAN・型番・ブランド名を撮影、全体写真、数量,https://store.disney.co.jp/goods/4546598016659.html,"candidate_url(other,score=1.00)",https://store.disney.co.jp/goods/4546598016659.html,【公式】ディズニーストア.jp | トイ・ストーリー ピザタワーゲーム,1.00,,,,候補あり
PKGI-02724851,PKGI-02724851,【当日発送】水光ネイルイエローブルーグラデーションマグネットリボンアートストーンオーバルネイルチップ,1,moda-jp_com,BU-01037003,PKG-01160416,,,,8月,G,商品特定（候補あり）,高,BU-01037003,箱,1313,1,,商品を特定できていない（候補が複数）,タグ・JAN・型番・ブランド名を撮影、全体写真、数量,,,,,,,,,候補あり
PKGI-02724852,PKGI-02724852,【当日発送】水光ネイルピンクシンプルワンカラーマグネットショートラウンドネイルチップ,1,moda-jp_com,BU-01037003,PKG-01160416,,YES,,8月,B,数量・版＋撮影（写真なし）,中,BU-01037003,箱,1314,1,,現物未確認（数量・版の確認）／写真なし（撮影が必要）,確認数量（元リストの商品単位） / 欠品・付属品の実際の内容 / 現物サイズ・チップ枚数・接着用品等の構成を確認。掲載SのSKUを全行に適用しない,https://anail.jp/products/ljnt423998,master_v336_confirmed_url,,,,,,,特定済み
PKGI-02752562,PKGI-02752562,ディサイド (発売日: 2026年06月03日) + '（特典あり)',1,tower_jp,BU-01037089,PKG-01142482,,,,8月,H,商品特定（ページ見つからず）,高,BU-01037089,箱,1316,1,,商品ページが見つからない（商品名から特定不可）,タグ・JAN・型番・ブランド名を撮影、全体写真、数量,,,,,,,,,未発見
PKGI-02752604,PKGI-02752604,ディサイド (発売日: 2026年06月03日) + '（特典あり)',1,tower_jp,BU-01037114,PKG-01142504,,,,8月,H,商品特定（ページ見つからず）,高,BU-01037114,箱,1317,1,,商品ページが見つからない（商品名から特定不可）,タグ・JAN・型番・ブランド名を撮影、全体写真、数量,,,,,,,,,未発見
PKGI-02752666,PKGI-02752666,天官賜福 貮 アイコニック シューズ オブジェ パンプス ～海外からご購入のお客様へ～,1,mayla_jp,BU-01037139,PKG-01137061,YES,YES,,8月,C,数量・版,中,BU-01037139,箱,1319,1,,現物未確認（数量・版の確認）,説明文の未確認項目（サイズ・色・種類・構成など）,,,,,,,,,特定済み
PKGI-02752777,PKGI-02752777,ディサイド (発売日: 2026年06月03日) + '（特典あり)',1,tower_jp,BU-01037199,PKG-01142488,,,,8月,H,商品特定（ページ見つからず）,高,BU-01037199,箱,1320,1,,商品ページが見つからない（商品名から特定不可）,タグ・JAN・型番・ブランド名を撮影、全体写真、数量,,,,,,,,,未発見
PKGI-02752007,PKGI-02752007,ベビー　甚平（80～95cm　wigle wigle）(バースデイ)【予約】,1,shop-shimamura_com,BU-01037215,PKG-01137226,,,,8月,G,商品特定（候補あり）,高,BU-01037215,箱,1321,1,,商品を特定できていない（候補が複数）,タグ・JAN・型番・ブランド名を撮影、全体写真、数量,,,,,,,,,候補あり
PKGI-02752862,PKGI-02752862,.hack//G.U. 20th Anniv. マルチマット,1,cc2store-itn_shop-pro_jp,BU-01037243,PKG-01160499,,,,8月,H,商品特定（ページ見つからず）,高,BU-01037243,箱,1322,1,,商品ページが見つからない（商品名から特定不可）,タグ・JAN・型番・ブランド名を撮影、全体写真、数量,https://cc2store-itn.shop-pro.jp/?pid=191760103,"web_search(supplier,score=0.95)",https://cc2store-itn.shop-pro.jp/?pid=191760103,.hack//G.U. 20th Anniv. マルチマット - CC2STORE International,0.95,,,,未発見
PKGI-02753525,PKGI-02753525,京のふりかけ食べ比べセット,1,ochanokosaisai_com,BU-01037467,PKG-01160368,YES,YES,YES,8月,E,賞味期限・保管状態,高,BU-01037467,箱,1324,1,,期限・保管状態の確認が必要,賞味期限・保管状態、版・種類・サイズ・色、数量・セット内容、状態・未開封、画像と現物の一致,https://www.ochanokosaisai.com/c/furikake/furikake_ss/furikake-kurabe-set,master_v336_confirmed_url,,,,,,,特定済み
PKGI-02753526,PKGI-02753526,【送料無料】舞妓はんひぃ～ひぃ～セットＡ,1,ochanokosaisai_com,BU-01037467,PKG-01160368,YES,YES,YES,8月,E,賞味期限・保管状態,高,BU-01037467,箱,1325,1,,期限・保管状態の確認が必要,賞味期限・保管状態、版・種類・サイズ・色、数量・セット内容、状態・未開封、画像と現物の一致,https://www.ochanokosaisai.com/c/maiko/m_rayu/maiko-set-A,master_v336_confirmed_url,,,,,,,特定済み
PKGI-02754526,PKGI-02754526,海苔ふりかけ　贅沢あられたっぷり　１００g,6,about_maruni-nori_com,BU-01037800,PKG-01119228,,,,8月,J,在庫統合（同一商品が販売中）,高,BU-01037800,箱,1326,6,,同一商品が別PDで販売中,現物の有無と点数,,,,,,,,,特定済み
PKGI-02754536,PKGI-02754536,2614-KIDSCHAIR- 3COINS 豆イス,2,palcloset_jp,BU-01037846,PKG-01142548,,,,8月,B,数量・版＋撮影（写真なし）,中,BU-01037846,箱,1327,2,,現物未確認（数量・版の確認）／写真なし（撮影が必要）,元帳数量保持・現物未確認,https://www.palcloset.jp/display/item/2614-KIDSCHAIR-/,master_v336_confirmed_url,,,,元帳数量保持・現物,,,特定済み
PKGI-02754535,PKGI-02754535,2614-KIDSTABLE- 3COINS 豆イス用テーブル,2,palcloset_jp,BU-01037846,PKG-01142548,,,,8月,B,数量・版＋撮影（写真なし）,中,BU-01037846,箱,1328,2,,現物未確認（数量・版の確認）／写真なし（撮影が必要）,元帳数量保持・現物未確認,https://www.palcloset.jp/display/item/2614-KIDSTABLE-/,master_v336_confirmed_url,,,,元帳数量保持・現物,,,特定済み
PKGI-02751121,PKGI-02751121,MYZ1061306A0012 【一枚で完成する/5色展開】レースドッキングオフショル半袖Tシャツ,1,palcloset_jp,BU-01037864,PKG-01142331,,,,8月,B,数量・版＋撮影（写真なし）,中,BU-01037864,箱,1329,1,,現物未確認（数量・版の確認）／写真なし（撮影が必要）,元帳数量保持・現物未確認,https://www.palcloset.jp/display/item/MYZ1061306A0012/,master_v336_confirmed_url,,,,元帳数量保持・現物,,,特定済み
PKGI-02751120,PKGI-02751120,0361041070 アシメデザインパフスリーブブラウス,1,palcloset_jp,BU-01037864,PKG-01142331,,,,8月,G,商品特定（候補あり）,高,BU-01037864,箱,1330,1,,商品を特定できていない（候補が複数）,タグ・JAN・型番・ブランド名を撮影、全体写真、数量,,,,,,,,,候補あり
PKGI-02751122,PKGI-02751122,KAZ1061406A0009 【無地&ドット&ボーダー】ギャザーテレコ半袖カーディガン,1,palcloset_jp,BU-01037864,PKG-01142331,YES,YES,,8月,A,版・サイズ・色の確定,中,BU-01037864,箱,1331,1,,版・SKU・サイズ・色が元データから確定できない,版・種類・サイズ・色,https://www.palcloset.jp/display/item/KAZ1061406A0009/,master_v336_confirmed_url,,,,,,,特定済み
PKGI-02754732,PKGI-02754732,0361040870 チューリップスリーブスカラップネックブラウス,1,palcloset_jp,BU-01037864,PKG-01142331,,,,8月,G,商品特定（候補あり）,高,BU-01037864,箱,1332,1,,商品を特定できていない（候補が複数）,タグ・JAN・型番・ブランド名を撮影、全体写真、数量,,,,,,,,,候補あり
PKGI-02754906,PKGI-02754906,PHONE CASE,1,shop-smtown_jp,BU-01037909,PKG-01137374,,,,8月,H,商品特定（ページ見つからず）,高,BU-01037909,箱,1333,1,,商品ページが見つからない（商品名から特定不可）,タグ・JAN・型番・ブランド名を撮影、全体写真、数量,,,,,,,,,未発見
PKGI-02755821,PKGI-02755821,adidas Adizero RS15 Pro SG /ルシッドレッド/IH2759,1,rugbygoods_com,BU-01038185,PKG-01119168,YES,YES,,8月,B,数量・版＋撮影（写真なし）,中,BU-01038185,箱,1335,1,,現物未確認（数量・版の確認）／写真なし（撮影が必要）,確認数量（元リストの商品単位） / 欠品・付属品の実際の内容 / 色・サイズ等の現物照合,https://www.adidas.co.nz/adizero-rs15-pro-soft-ground-rugby-boots/IH2759.html,master_v336_confirmed_url,,,,,,,特定済み
PKGI-02755935,PKGI-02755935,松本怜生カレンダー 2026.04-2027.03 (發?日期: 2026年03月06日),1,tower_jp,BU-01038232,PKG-01142976,,,,8月,H,商品特定（ページ見つからず）,高,BU-01038232,箱,1338,1,,商品ページが見つからない（商品名から特定不可）,タグ・JAN・型番・ブランド名を撮影、全体写真、数量,,,,,,,,,未発見
PKGI-02755936,PKGI-02755936,松本怜生1st写真集 Re : O (発売日: 2025年04月25日),1,tower_jp,BU-01038232,PKG-01142976,,,,8月,D,数量・セット内容,中,BU-01038232,箱,1339,1,,数量・セット内容の確認が必要,数量・セット内容、bonus_or_purchase_benefit_presence,https://cdfront.tower.jp/item/6785422,master_v336_confirmed_url,,,,,,,特定済み
PKGI-02756104,PKGI-02756104,ガジェットケース スケボーキーホルダー付き 綺々羅々ヴィヴィ (???: 2026? 03? 24?),1,tower_jp,BU-01038291,PKG-01142912,,,,8月,G,商品特定（候補あり）,高,BU-01038291,箱,1340,1,,商品を特定できていない（候補が複数）,タグ・JAN・型番・ブランド名を撮影、全体写真、数量,,,,,,,,,候補あり
PKGI-02756102,PKGI-02756102,等身アクリルスタンド カフェver. 綺々羅々ヴィヴィ (???: 2026? 03? 12?),1,tower_jp,BU-01038291,PKG-01142912,,,,8月,G,商品特定（候補あり）,高,BU-01038291,箱,1341,1,,商品を特定できていない（候補が複数）,タグ・JAN・型番・ブランド名を撮影、全体写真、数量,,,,,,,,,候補あり
PKGI-02756103,PKGI-02756103,等身アクリルスタンド 春コーデver.綺々羅々ヴィヴィ (???: 2026? 03? 24?),1,tower_jp,BU-01038291,PKG-01142912,,,,8月,B,数量・版＋撮影（写真なし）,中,BU-01038291,箱,1342,1,,現物未確認（数量・版の確認）／写真なし（撮影が必要）,元帳数量保持・現物未確認,https://tower.jp/item/7992834,master_v336_confirmed_url,,,,元帳数量保持・現物,,,特定済み
PKGI-02756191,PKGI-02756191,【楽天ブックス限定特典】知英サード写真集（仮）(複製サイン・メッセージ入りポストカード)【予約】,1,books_rakuten_co_jp,BU-01038329,PKG-01137450,,,,8月,H,商品特定（ページ見つからず）,高,BU-01038329,箱,1343,1,,商品ページが見つからない（商品名から特定不可）,タグ・JAN・型番・ブランド名を撮影、全体写真、数量,,,,,,,,,未発見
PKGI-02756450,PKGI-02756450,ソラ モデル アウター 「キングダム ハーツ」シリーズ,1,super-groupies_com,BU-01038434,PKG-01137513,YES,YES,,8月,A,版・サイズ・色の確定,中,BU-01038434,箱,1344,1,,版・SKU・サイズ・色が元データから確定できない,版・種類・サイズ・色,https://www.super-groupies.com/product/8906,master_v336_confirmed_url,,,,,,,特定済み
PKGI-02756651,PKGI-02756651,ディサイド (発売日: 2026年06月03日) + '（特典あり)',1,tower_jp,BU-01038504,PKG-01142986,,,,8月,H,商品特定（ページ見つからず）,高,BU-01038504,箱,1346,1,,商品ページが見つからない（商品名から特定不可）,タグ・JAN・型番・ブランド名を撮影、全体写真、数量,,,,,,,,,未発見
PKGI-02756878,PKGI-02756878,フリルチュールミニキャミワンピース,1,dot-st_com,BU-01038575,PKG-01142905,YES,YES,,8月,A,版・サイズ・色の確定,中,BU-01038575,箱,1347,1,,版・SKU・サイズ・色が元データから確定できない,版・種類・サイズ・色,https://www.dot-st.com/kutir/disp/item/876558/?COLOR_CD=05,master_v336_confirmed_url,,,,,,,特定済み
PKGI-02757487,PKGI-02757487,クロスコード バレエ スニーカー/メリージェーン スニーカー[23.0-24.5cm]　限定展開,1,freaksstore_com,BU-01038788,PKG-01142787,YES,YES,,8月,B,数量・版＋撮影（写真なし）,中,BU-01038788,箱,1348,1,,現物未確認（数量・版の確認）／写真なし（撮影が必要）,確認数量（元リストの商品単位） / 欠品・付属品の実際の内容 / 色・サイズ・種類の現物と根拠照合,https://www.daytona-park.com/item/3270375300002/,master_v336_confirmed_url,,,,,,,特定済み
PKGI-02757168,PKGI-02757168,サイドゴアブーツ （ブラックエナメル）,1,yosuke-idocorp_com,BU-01038832,PKG-01120335,,YES,,8月,B,数量・版＋撮影（写真なし）,中,BU-01038832,箱,1349,1,,現物未確認（数量・版の確認）／写真なし（撮影が必要）,確認数量（元リストの商品単位） / 欠品・付属品の実際の内容 / 現物の品番・靴サイズ・左右の揃いを確認,https://www.magaseek.com/commodity/SIDO0035D/YO729BW021003/,master_v336_confirmed_url,,,,,,,特定済み
PKGI-02757816,PKGI-02757816,勇者刑に処す 懲罰勇者9004隊刑務記録 クリアファイル キービジュアル,10,charaon_jp,BU-01038898,PKG-01120250,YES,YES,YES,8月,A,版・サイズ・色の確定,中,BU-01038898,箱,1350,10,,版・SKU・サイズ・色が元データから確定できない,版・種類・サイズ・色、数量・セット内容、状態・未開封,https://www.charaon.jp/SHOP/AZYSK006.html,master_v336_confirmed_url,,,,,,,特定済み
PKGI-02757814,PKGI-02757814,勇者刑に処す 懲罰勇者9004隊刑務記録 Tシャツ Lサイズ,1,charaon_jp,BU-01038898,PKG-01120250,YES,YES,YES,8月,A,版・サイズ・色の確定,中,BU-01038898,箱,1351,1,,版・SKU・サイズ・色が元データから確定できない,版・種類・サイズ・色、数量・セット内容、状態・未開封,https://www.hobbystock.jp/item/view/hby-apr-00019736,master_v336_confirmed_url,,,,,,,特定済み
PKGI-02757815,PKGI-02757815,勇者刑に処す 懲罰勇者9004隊刑務記録 アクリルキャラスタンド キービジュアル,1,charaon_jp,BU-01038898,PKG-01120250,,,YES,8月,B,数量・版＋撮影（写真なし）,中,BU-01038898,箱,1352,1,,現物未確認（数量・版の確認）／写真なし（撮影が必要）,確認数量（元リストの商品単位） / 欠品・付属品の実際の内容 / 現物図柄・JAN・状態・数量を照合,https://www.amiami.jp/top/detail/review?page=&scode=GOODS-04789638,master_v336_confirmed_url,,,,,,,特定済み
PKGI-02757813,PKGI-02757813,勇者刑に処す 懲罰勇者9004隊刑務記録 マグカップ,1,charaon_jp,BU-01038898,PKG-01120250,YES,YES,YES,8月,A,版・サイズ・色の確定,中,BU-01038898,箱,1353,1,,版・SKU・サイズ・色が元データから確定できない,版・種類・サイズ・色、数量・セット内容、状態・未開封,https://www.charaon.jp/SHOP/AZYSK010.html,master_v336_confirmed_url,,,,,,,特定済み
PKGI-02758526,PKGI-02758526,ソラ モデル アウター 「キングダム ハーツ」シリーズ,1,super-groupies_com,BU-01039175,PKG-01137522,YES,YES,,8月,A,版・サイズ・色の確定,中,BU-01039175,箱,1354,1,,版・SKU・サイズ・色が元データから確定できない,版・種類・サイズ・色,,,,,,,,,特定済み
PKGI-02758806,PKGI-02758806,「Monster Hunter」シリーズ 武器アイコン【チャージアックス】木樽ジョッキ380ml,1,urakita_ocnk_net,BU-01039272,PKG-01120413,,,,8月,G,商品特定（候補あり）,高,BU-01039272,箱,1357,1,,商品を特定できていない（候補が複数）,タグ・JAN・型番・ブランド名を撮影、全体写真、数量,,,,,,,,,候補あり
PKGI-02758961,PKGI-02758961,【受注生産】【特典つき】ディスプレイモデル カービィ号3線セット(神戸線・宝塚線・京都線)大阪方先頭1両,1,hankyudensha-shop_com,BU-01039338,PKG-01111011,,,,8月,H,商品特定（ページ見つからず）,高,BU-01039338,箱,1358,1,,商品ページが見つからない（商品名から特定不可）,タグ・JAN・型番・ブランド名を撮影、全体写真、数量,,,,,,,,,未発見
PKGI-02759000,PKGI-02759000,【受注生産】【特典つき】ディスプレイモデル カービィ号3線セット(神戸線・宝塚線・京都線)大阪方先頭1両,1,hankyudensha-shop_com,BU-01039358,PKG-01111009,,,,8月,H,商品特定（ページ見つからず）,高,BU-01039358,箱,1359,1,,商品ページが見つからない（商品名から特定不可）,タグ・JAN・型番・ブランド名を撮影、全体写真、数量,,,,,,,,,未発見
PKGI-02759814,PKGI-02759814,〈WOMEN〉バイザーロゴ キャップ,1,beams_co_jp,BU-01039695,PKG-01066132,,,,8月,B,数量・版＋撮影（写真なし）,中,BU-01039695,箱,1360,1,,現物未確認（数量・版の確認）／写真なし（撮影が必要）,元帳数量保持・現物未確認,https://www.beams.co.jp/item/beamsgolf/hat/81411287444/,master_v336_confirmed_url,,,,元帳数量保持・現物,,,特定済み
PKGI-02760029,PKGI-02760029,Polo [navy×sakura],1,eveofficialstore_com,BU-01039800,PKG-01137779,YES,YES,YES,8月,A,版・サイズ・色の確定,中,BU-01039800,箱,1361,1,,版・SKU・サイズ・色が元データから確定できない,版・種類・サイズ・色、状態・未開封、画像と現物の一致,https://www.eveofficialstore.com/view/item/000000000310,master_v336_confirmed_url,,,,,,,特定済み
PKGI-02760028,PKGI-02760028,Tobi Nui Charm,1,eveofficialstore_com,BU-01039800,PKG-01137779,YES,YES,YES,8月,A,版・サイズ・色の確定,中,BU-01039800,箱,1362,1,,版・SKU・サイズ・色が元データから確定できない,版・種類・サイズ・色、状態・未開封,,,,,,,,,特定済み
PKGI-02760027,PKGI-02760027,Rubber Band,1,eveofficialstore_com,BU-01039800,PKG-01137779,YES,YES,YES,8月,A,版・サイズ・色の確定,中,BU-01039800,箱,1363,1,,版・SKU・サイズ・色が元データから確定できない,版・種類・サイズ・色、状態・未開封、画像と現物の一致,https://www.eveofficialstore.com/view/item/000000000296,master_v336_confirmed_url,,,,,,,特定済み
PKGI-02760159,PKGI-02760159,ANREALAGE×HERALBONY BALL SHIRT,1,anrealage_com,BU-01039864,PKG-01120678,YES,YES,,8月,B,数量・版＋撮影（写真なし）,中,BU-01039864,箱,1364,1,,現物未確認（数量・版の確認）／写真なし（撮影が必要）,確認数量（元リストの商品単位） / 欠品・付属品の実際の内容 / 色・サイズ・種類の現物と根拠照合,https://www.anrealage.com/item/detail/1_1_AZ261CW1044_A_1/221,master_v336_confirmed_url,,,,,,,特定済み
PKGI-02760172,PKGI-02760172,FLOWER GO WALK / Red (Body Color: Black) Card set,1,zingaro_shop,BU-01039871,PKG-01120771,YES,YES,YES,8月,A,版・サイズ・色の確定,中,BU-01039871,箱,1365,1,,版・SKU・サイズ・色が元データから確定できない,版・種類・サイズ・色、数量・セット内容、状態・未開封、画像と現物の一致,https://zingaro.shop/products/flower-go-walk-red-card-set,master_v336_confirmed_url,,,,現物とカード封入,,,特定済み
PKGI-02760164,PKGI-02760164,【MIMI】「10th Anniversary Album」／MIMI 10th Anniversary Album & OFFICIAL GOODS,1,findmestore_thinkr_jp,BU-01039872,PKG-01137885,,,,8月,D,数量・セット内容,中,BU-01039872,箱,1366,1,,数量・セット内容の確認が必要,数量・セット内容,https://findmestore.thinkr.jp/products/5sr-000-0106,master_v336_confirmed_url,,,,,,,特定済み
PKGI-02760467,PKGI-02760467,受注制【Never mind the XU】mesh zip damage hoodie (2color),1,pressingwebshop_com,BU-01039969,PKG-01120739,YES,YES,,8月,B,数量・版＋撮影（写真なし）,中,BU-01039969,箱,1368,1,,現物未確認（数量・版の確認）／写真なし（撮影が必要）,確認数量（元リストの商品単位） / 欠品・付属品の実際の内容 / 色・サイズ・種類の現物と根拠照合 / 現物の色・サイズ・品番を確認。掲載SKUをJANとみなさない,https://pressingwebshop.com/products/15390,master_v336_confirmed_url,,,,,,,特定済み
PKGI-02760468,PKGI-02760468,大阪店WEB限定受注制【Chikashitsu +】leather studs shoulder bag,1,pressingwebshop_com,BU-01039969,PKG-01120739,YES,,,8月,B,数量・版＋撮影（写真なし）,中,BU-01039969,箱,1369,1,,現物未確認（数量・版の確認）／写真なし（撮影が必要）,確認数量（元リストの商品単位） / 欠品・付属品の実際の内容 / 現物の色・タグ・付属品を確認。leatherを本革と表記しない,https://pressingwebshop.com/products/19384,master_v336_confirmed_url,,,,,,,特定済み
PKGI-02682577,PKGI-02682577,名古屋店WEB限定【nmtc+】one shoulder hoodie (2color),1,pressingwebshop_com,BU-01039969,PKG-01120739,,,,8月,G,商品特定（候補あり）,高,BU-01039969,箱,1370,1,,商品を特定できていない（候補が複数）,タグ・JAN・型番・ブランド名を撮影、全体写真、数量,https://pressingwebshop.com/products/20351?_pos=1&_sid=586e5a5a7&_ss=r,"shop_site_search(supplier,score=1.00)",https://pressingwebshop.com/products/20351?_pos=1&_sid=586e5a5a7&_ss=r,名古屋店WEB限定【nmtc+】one shoulder hoodie (2color),1.00,,,,候補あり
PKGI-02761092,PKGI-02761092,【花譜】「深愛」Special Box／5th ALBUM「深愛」,1,findmestore_thinkr_jp,BU-01040173,PKG-01137771,YES,YES,YES,8月,A,版・サイズ・色の確定,中,BU-01040173,箱,1372,1,,版・SKU・サイズ・色が元データから確定できない,版・種類・サイズ・色、数量・セット内容、状態・未開封,https://findmestore.thinkr.jp/products/avzd-000-63878,master_v336_confirmed_url,,,,,,,特定済み
PKGI-02761091,PKGI-02761091,【MIMI】「10th Anniversary Album」／MIMI 10th Anniversary Album & OFFICIAL GOODS,1,findmestore_thinkr_jp,BU-01040173,PKG-01137771,,,,8月,D,数量・セット内容,中,BU-01040173,箱,1373,1,,数量・セット内容の確認が必要,数量・セット内容,,,,,,,,,特定済み
PKGI-02761090,PKGI-02761090,【花譜】「深愛β」／5th ALBUM「深愛」,1,findmestore_thinkr_jp,BU-01040173,PKG-01137771,,,,8月,D,数量・セット内容,中,BU-01040173,箱,1374,1,,数量・セット内容の確認が必要,数量・セット内容,https://findmestore.thinkr.jp/products/avzd-000-63880,master_v336_confirmed_url,,,,,,,特定済み
PKGI-02761173,PKGI-02761173,ギャルがオタクの家に入り浸ってエッチに沼るアンソロジーコミック　（REXコミックス）,1,books_rakuten_co_jp,BU-01040204,PKG-01111233,,,,8月,B,数量・版＋撮影（写真なし）,中,BU-01040204,箱,1375,1,,現物未確認（数量・版の確認）／写真なし（撮影が必要）,元帳数量保持・現物未確認,https://books.rakuten.co.jp/rb/17880196/,master_v336_confirmed_url,,,,元帳数量保持・現物,,,特定済み
PKGI-02761434,PKGI-02761434,【韓国盤】TREASURE 4th MINI ALBUM [NEW WAV] RAW VER.(メンバー別10種) ※選択可**種類を選択した後に表示されます 6月上旬以降順次出荷  6月上旬以降順次出荷  6月上旬以降順次出荷  6月上旬以降順次出荷  6月上旬以降順次出荷  6月上旬以降順次出荷  6月上旬以降順次出荷  6月上旬以降順次出荷  6月上旬以降順次出荷  6月上旬以降順次出荷,1,shop_mu-mo_net,BU-01040304,PKG-01111369,,,,8月,G,商品特定（候補あり）,高,BU-01040304,箱,1376,1,,商品を特定できていない（候補が複数）,タグ・JAN・型番・ブランド名を撮影、全体写真、数量,,,,,,,,,候補あり
PKGI-02761799,PKGI-02761799,【MIMI】「10th Anniversary Album」／MIMI 10th Anniversary Album & OFFICIAL GOODS,1,findmestore_thinkr_jp,BU-01040453,PKG-01137818,,,,8月,D,数量・セット内容,中,BU-01040453,箱,1377,1,,数量・セット内容の確認が必要,数量・セット内容,,,,,,,,,特定済み
PKGI-02761803,PKGI-02761803,【MIMI】ランダムアクリルキーホルダー／MIMI 10th Anniversary Album & OFFICIAL GOODS,2,findmestore_thinkr_jp,BU-01040453,PKG-01137818,YES,YES,,8月,A,版・サイズ・色の確定,中,BU-01040453,箱,1378,2,,版・SKU・サイズ・色が元データから確定できない,版・種類・サイズ・色,https://findmestore.thinkr.jp/products/mim-300-0018,master_v336_confirmed_url,,,,,,,特定済み
PKGI-02761801,PKGI-02761801,【MIMI】ランダムステッカー2枚セット／MIMI 10th Anniversary Album & OFFICIAL GOODS,1,findmestore_thinkr_jp,BU-01040453,PKG-01137818,YES,YES,,8月,A,版・サイズ・色の確定,中,BU-01040453,箱,1380,1,,版・SKU・サイズ・色が元データから確定できない,版・種類・サイズ・色、数量・セット内容,https://findmestore.thinkr.jp/products/mim-300-0029,master_v336_confirmed_url,,,,,,,特定済み
PKGI-02761802,PKGI-02761802,【MIMI】ランダムクリアカード／MIMI 10th Anniversary Album & OFFICIAL GOODS,1,findmestore_thinkr_jp,BU-01040453,PKG-01137818,YES,YES,,8月,A,版・サイズ・色の確定,中,BU-01040453,箱,1381,1,,版・SKU・サイズ・色が元データから確定できない,版・種類・サイズ・色、数量・セット内容,https://findmestore.thinkr.jp/products/mim-300-0017,master_v336_confirmed_url,,,,,,,特定済み
PKGI-02761925,PKGI-02761925,【シリコン型・モールド】 組み合わせて作る♪ヒモに通せるビーズ シリコンモールド アルファベット 英字 英語 数字 記号 文字 レジン型 パラコード 立体 3d GreenOceanオリジナル♪,2,shop-green-ocean_com,BU-01040501,PKG-01111408,,,,8月,G,商品特定（候補あり）,高,BU-01040501,箱,1382,2,,商品を特定できていない（候補が複数）,タグ・JAN・型番・ブランド名を撮影、全体写真、数量,,,,,,,,,候補あり
PKGI-02761988,PKGI-02761988,攻殻機動隊2　（KCデラックス）,1,books_rakuten_co_jp,BU-01040521,PKG-01138037,,,,8月,B,数量・版＋撮影（写真なし）,中,BU-01040521,箱,1383,1,,現物未確認（数量・版の確認）／写真なし（撮影が必要）,確認数量（元リストの商品単位） / 欠品・付属品の実際の内容 / 現物ISBNと紙版を確認。電子版識別子や別シリーズ第2巻と混ぜない,https://www.kodansha.co.jp/comic/products/0000008029,master_v336_confirmed_url,,,,,,,特定済み
PKGI-02762119,PKGI-02762119,予約2/28〆【6月発売】【特典なし】魔法少女ノ魔女裁判 ぬいぴ～す 沢渡 ココ,1,granup_shop,BU-01040565,PKG-01120952,,,,8月,G,商品特定（候補あり）,高,BU-01040565,箱,1384,1,,商品を特定できていない（候補が複数）,タグ・JAN・型番・ブランド名を撮影、全体写真、数量,,,,,,,,,候補あり
PKGI-02762439,PKGI-02762439,予約2/28〆【6月発売】【特典なし】魔法少女ノ魔女裁判 ぬいぴ～す 二階堂 ヒロ,1,granup_shop,BU-01040695,PKG-01120950,,,,8月,G,商品特定（候補あり）,高,BU-01040695,箱,1385,1,,商品を特定できていない（候補が複数）,タグ・JAN・型番・ブランド名を撮影、全体写真、数量,,,,,,,,,候補あり
PKGI-02762440,PKGI-02762440,予約2/28〆【6月発売】【特典なし】魔法少女ノ魔女裁判 ぬいぴ～す 蓮見 レイア,1,granup_shop,BU-01040695,PKG-01120950,,,,8月,G,商品特定（候補あり）,高,BU-01040695,箱,1386,1,,商品を特定できていない（候補が複数）,タグ・JAN・型番・ブランド名を撮影、全体写真、数量,,,,,,,,,候補あり
PKGI-02762500,PKGI-02762500,予約2/28〆【6月発売】【特典なし】魔法少女ノ魔女裁判 ぬいぴ～す 二階堂 ヒロ,1,granup_shop,BU-01040724,PKG-01120964,,,,8月,G,商品特定（候補あり）,高,BU-01040724,箱,1387,1,,商品を特定できていない（候補が複数）,タグ・JAN・型番・ブランド名を撮影、全体写真、数量,,,,,,,,,候補あり
PKGI-02762787,PKGI-02762787,カーゴパンツ/L/コットン/マルチカラー//【A】,1,2ndstreet_jp,BU-01040848,PKG-01120934,,,,8月,G,商品特定（候補あり）,高,BU-01040848,箱,1389,1,,商品を特定できていない（候補が複数）,タグ・JAN・型番・ブランド名を撮影、全体写真、数量,,,,,,,,,候補あり
PKGI-02763433,PKGI-02763433,予約2/28〆【6月発売】【特典なし】魔法少女ノ魔女裁判 ぬいぴ～す 氷上 メルル,2,granup_shop,BU-01041109,PKG-01160600,,,,8月,G,商品特定（候補あり）,高,BU-01041109,箱,1392,2,,商品を特定できていない（候補が複数）,タグ・JAN・型番・ブランド名を撮影、全体写真、数量,,,,,,,,,候補あり
PKGI-02763434,PKGI-02763434,予約2/28〆【6月発売】【特典なし】魔法少女ノ魔女裁判 ぬいぴ～す 桜羽 エマ,2,granup_shop,BU-01041109,PKG-01160600,,,,8月,G,商品特定（候補あり）,高,BU-01041109,箱,1393,2,,商品を特定できていない（候補が複数）,タグ・JAN・型番・ブランド名を撮影、全体写真、数量,,,,,,,,,候補あり
PKGI-02763435,PKGI-02763435,予約2/28〆【6月発売】【特典なし】魔法少女ノ魔女裁判 ぬいぴ～す 遠野 ハンナ,1,granup_shop,BU-01041109,PKG-01160600,,,,8月,G,商品特定（候補あり）,高,BU-01041109,箱,1394,1,,商品を特定できていない（候補が複数）,タグ・JAN・型番・ブランド名を撮影、全体写真、数量,,,,,,,,,候補あり
PKGI-02763436,PKGI-02763436,予約2/28〆【6月発売】【特典なし】魔法少女ノ魔女裁判 ぬいぴ～す 橘 シェリー,1,granup_shop,BU-01041109,PKG-01160600,,,,8月,G,商品特定（候補あり）,高,BU-01041109,箱,1395,1,,商品を特定できていない（候補が複数）,タグ・JAN・型番・ブランド名を撮影、全体写真、数量,,,,,,,,,候補あり
PKGI-02763437,PKGI-02763437,予約2/28〆【6月発売】【特典なし】魔法少女ノ魔女裁判 ぬいぴ～す 二階堂 ヒロ,1,granup_shop,BU-01041109,PKG-01160600,,,,8月,G,商品特定（候補あり）,高,BU-01041109,箱,1396,1,,商品を特定できていない（候補が複数）,タグ・JAN・型番・ブランド名を撮影、全体写真、数量,,,,,,,,,候補あり
PKGI-02763754,PKGI-02763754,ロクサス モデル バッグチャーム 「キングダム ハーツ」シリーズ,2,super-groupies_com,BU-01041223,PKG-01137999,,,,8月,G,商品特定（候補あり）,高,BU-01041223,箱,1397,2,,商品を特定できていない（候補が複数）,タグ・JAN・型番・ブランド名を撮影、全体写真、数量,,,,,,,,,候補あり
PKGI-02763777,PKGI-02763777,持ち運びシーズー(Crew Neck Sweatshirt),1,suzuri_jp,BU-01041240,PKG-01111528,,,,8月,G,商品特定（候補あり）,高,BU-01041240,箱,1398,1,,商品を特定できていない（候補が複数）,タグ・JAN・型番・ブランド名を撮影、全体写真、数量,,,,,,,,,候補あり
PKGI-02763778,PKGI-02763778,寝癖のボサボサシーズー(Regular Fit T-Shirt),1,suzuri_jp,BU-01041240,PKG-01111528,,,,8月,G,商品特定（候補あり）,高,BU-01041240,箱,1399,1,,商品を特定できていない（候補が複数）,タグ・JAN・型番・ブランド名を撮影、全体写真、数量,,,,,,,,,候補あり
PKGI-02764275,PKGI-02764275,TANO*C 手袋,1,tanocstore_net,BU-01041441,PKG-01111605,,,,8月,G,商品特定（候補あり）,高,BU-01041441,箱,1400,1,,商品を特定できていない（候補が複数）,タグ・JAN・型番・ブランド名を撮影、全体写真、数量,https://www.tanocstore.net/shopdetail/000000003179,candidate_verified(score=1.00),https://www.tanocstore.net/shopdetail/000000003179,,,,,,候補あり
PKGI-02764645,PKGI-02764645,バブルシガレット(オリジナル_2),1,kingsidea_jp,BU-01041572,PKG-01138284,,,,8月,J,在庫統合（同一商品が販売中）,高,BU-01041572,箱,1401,1,,同一商品が別PDで販売中,現物の有無と点数,,,,,,,,,特定済み
PKGI-02764646,PKGI-02764646,バブルシガレット(パロディ_2),1,kingsidea_jp,BU-01041572,PKG-01138284,,,,8月,G,商品特定（候補あり）,高,BU-01041572,箱,1402,1,,商品を特定できていない（候補が複数）,タグ・JAN・型番・ブランド名を撮影、全体写真、数量,,,,,,,,,候補あり
PKGI-02764647,PKGI-02764647,マイホームキャット ブラインドBOX,1,kingsidea_jp,BU-01041572,PKG-01138284,,,,8月,B,数量・版＋撮影（写真なし）,中,BU-01041572,箱,1403,1,,現物未確認（数量・版の確認）／写真なし（撮影が必要）,確認数量（元リストの商品単位） / 欠品・付属品の実際の内容 / 封入種類・現物との根拠照合,https://fluffyhouse.theshop.jp/items/29259961,master_v336_confirmed_url,,,,,,,特定済み
PKGI-02764713,PKGI-02764713,【第3回ラッキードロー対象】1st Mini Album [Sequence 01: Curiosity] (Gazed ver.)＜オンライン限定/限定特典対象＞ (発売日: 2026年06月10日) + '（特典あり)',2,tower_jp,BU-01041611,PKG-01066405,,,,8月,G,商品特定（候補あり）,高,BU-01041611,箱,1404,2,,商品を特定できていない（候補が複数）,タグ・JAN・型番・ブランド名を撮影、全体写真、数量,,,,,,,,,候補あり
PKGI-02764949,PKGI-02764949,サンクチュアリ(デラックス・エディション) ［Blu-spec CD2+Blu-ray Disc］＜完全生産限定盤/デラックス・エディション＞ (発売日: 2026年06月05日) + '（特典あり)',1,tower_jp,BU-01041674,PKG-01066465,,,YES,8月,D,数量・セット内容,中,BU-01041674,箱,1405,1,,数量・セット内容の確認が必要,数量・セット内容、bonus_or_purchase_benefit_presence、状態・未開封,https://tower.jp/item/7997460,master_v336_confirmed_url,,,,元帳数量保持・現物,,,特定済み
PKGI-02764952,PKGI-02764952,K-Scope＜初回限定盤＞ (発売日: 2024年11月01日),1,tower_jp,BU-01041674,PKG-01066465,,,,8月,H,商品特定（ページ見つからず）,高,BU-01041674,箱,1408,1,,商品ページが見つからない（商品名から特定不可）,タグ・JAN・型番・ブランド名を撮影、全体写真、数量,,,,,,,,,未発見
PKGI-02764953,PKGI-02764953,Listen Now＜初回限定盤＞ (発売日: 2024年11月01日),1,tower_jp,BU-01041674,PKG-01066465,,,,8月,H,商品特定（ページ見つからず）,高,BU-01041674,箱,1409,1,,商品ページが見つからない（商品名から特定不可）,タグ・JAN・型番・ブランド名を撮影、全体写真、数量,,,,,,,,,未発見
PKGI-02764954,PKGI-02764954,The Ghost Of Santiago＜初回限定盤＞ (発売日: 2022年07月29日),1,tower_jp,BU-01041674,PKG-01066465,,,,8月,H,商品特定（ページ見つからず）,高,BU-01041674,箱,1410,1,,商品ページが見つからない（商品名から特定不可）,タグ・JAN・型番・ブランド名を撮影、全体写真、数量,,,,,,,,,未発見
PKGI-02765065,PKGI-02765065,予約2/28〆【6月発売】【特典なし】魔法少女ノ魔女裁判 ぬいぴ～す 蓮見 レイア,1,granup_shop,BU-01041723,PKG-01145061,,,,8月,G,商品特定（候補あり）,高,BU-01041723,箱,1411,1,,商品を特定できていない（候補が複数）,タグ・JAN・型番・ブランド名を撮影、全体写真、数量,,,,,,,,,候補あり
PKGI-02765072,PKGI-02765072,anan2499号増刊 スペシャルエディション 2026年 6/17号 [雑誌] (発売日: 2026年06月10日),1,tower_jp,BU-01041727,PKG-01066466,,,YES,8月,D,数量・セット内容,中,BU-01041727,箱,1412,1,,数量・セット内容の確認が必要,数量・セット内容、状態・未開封,https://tower.jp/item/8043711,master_v336_confirmed_url,,,,元帳数量保持・現物,,,特定済み
PKGI-02765185,PKGI-02765185,SOUND EXPERIENCE バンダナ,1,store_hystericglamour_jp,BU-01041770,PKG-01145142,YES,YES,,8月,A,版・サイズ・色の確定,中,BU-01041770,箱,1413,1,,版・SKU・サイズ・色が元データから確定できない,版・種類・サイズ・色,https://brandavenue.rakuten.co.jp/item/RC1860/,master_v336_confirmed_url,,,,,,,特定済み
PKGI-02765186,PKGI-02765186,SOUND EXPERIENCE バンダナ,1,store_hystericglamour_jp,BU-01041770,PKG-01145142,YES,YES,,8月,A,版・サイズ・色の確定,中,BU-01041770,箱,1414,1,,版・SKU・サイズ・色が元データから確定できない,版・種類・サイズ・色,,,,,,,,,特定済み
PKGI-02765305,PKGI-02765305,予約2/28〆【6月発売】【特典なし】魔法少女ノ魔女裁判 ぬいぴ～す 橘 シェリー,2,granup_shop,BU-01041799,PKG-01145063,,,,8月,G,商品特定（候補あり）,高,BU-01041799,箱,1415,2,,商品を特定できていない（候補が複数）,タグ・JAN・型番・ブランド名を撮影、全体写真、数量,,,,,,,,,候補あり
PKGI-02765306,PKGI-02765306,予約2/28〆【6月発売】【特典なし】魔法少女ノ魔女裁判 ぬいぴ～す 二階堂 ヒロ,1,granup_shop,BU-01041799,PKG-01145063,,,,8月,G,商品特定（候補あり）,高,BU-01041799,箱,1416,1,,商品を特定できていない（候補が複数）,タグ・JAN・型番・ブランド名を撮影、全体写真、数量,,,,,,,,,候補あり
PKGI-02765307,PKGI-02765307,予約2/28〆【6月発売】【特典なし】魔法少女ノ魔女裁判 ぬいぴ～す 桜羽 エマ,1,granup_shop,BU-01041799,PKG-01145063,,,,8月,G,商品特定（候補あり）,高,BU-01041799,箱,1417,1,,商品を特定できていない（候補が複数）,タグ・JAN・型番・ブランド名を撮影、全体写真、数量,,,,,,,,,候補あり
PKGI-02765308,PKGI-02765308,予約2/28〆【6月発売】【特典なし】魔法少女ノ魔女裁判 ぬいぴ～す 夏目 アンアン,1,granup_shop,BU-01041799,PKG-01145063,,,,8月,G,商品特定（候補あり）,高,BU-01041799,箱,1418,1,,商品を特定できていない（候補が複数）,タグ・JAN・型番・ブランド名を撮影、全体写真、数量,,,,,,,,,候補あり
PKGI-02765309,PKGI-02765309,予約2/28〆【6月発売】【特典なし】魔法少女ノ魔女裁判 ぬいぴ～す 城ケ崎 ノア,1,granup_shop,BU-01041799,PKG-01145063,,,,8月,G,商品特定（候補あり）,高,BU-01041799,箱,1419,1,,商品を特定できていない（候補が複数）,タグ・JAN・型番・ブランド名を撮影、全体写真、数量,,,,,,,,,候補あり
PKGI-02765711,PKGI-02765711,◆DDDナール 60粒,1,sundrug-online_com,BU-01041941,PKG-01145290,,,YES,8月,B,数量・版＋撮影（写真なし）,中,BU-01041941,箱,1421,1,,現物未確認（数量・版の確認）／写真なし（撮影が必要）,確認数量（元リストの商品単位） / 欠品・付属品の実際の内容 / 現物の未開封状態・期限・ロット/商品表示、モール取扱条件を確認。効能・効果を保証する広告は作らない / 賞味期限・保存履歴・包装表示（状態欄へ記録）,https://www.seims.co.jp/shop/g/g4580226840247/,master_v336_confirmed_url,,,,,,,特定済み
PKGI-02765763,PKGI-02765763,予約2/28〆【6月発売】【特典なし】魔法少女ノ魔女裁判 ぬいぴ～す 二階堂 ヒロ,1,granup_shop,BU-01041960,PKG-01145079,,,,8月,G,商品特定（候補あり）,高,BU-01041960,箱,1422,1,,商品を特定できていない（候補が複数）,タグ・JAN・型番・ブランド名を撮影、全体写真、数量,,,,,,,,,候補あり
PKGI-02765764,PKGI-02765764,予約2/28〆【6月発売】【特典なし】魔法少女ノ魔女裁判 ぬいぴ～す 蓮見 レイア,1,granup_shop,BU-01041960,PKG-01145079,,,,8月,G,商品特定（候補あり）,高,BU-01041960,箱,1423,1,,商品を特定できていない（候補が複数）,タグ・JAN・型番・ブランド名を撮影、全体写真、数量,,,,,,,,,候補あり
PKGI-02765821,PKGI-02765821,リネンライクワイドパンツ,1,titivate_jp,BU-01041982,PKG-01145281,YES,YES,,8月,B,数量・版＋撮影（写真なし）,中,BU-01041982,箱,1424,1,,現物未確認（数量・版の確認）／写真なし（撮影が必要）,確認数量（元リストの商品単位） / 欠品・付属品の実際の内容 / 現物の色・サイズ・AHXN2382タグを確認,https://titivate.jp/c/all/ahxn2382,master_v336_confirmed_url,,,,,,,特定済み
PKGI-02765820,PKGI-02765820,リネンライクペプラムトップス,1,titivate_jp,BU-01041982,PKG-01145281,YES,YES,,8月,B,数量・版＋撮影（写真なし）,中,BU-01041982,箱,1425,1,,現物未確認（数量・版の確認）／写真なし（撮影が必要）,確認数量（元リストの商品単位） / 欠品・付属品の実際の内容 / 現物の色・サイズ・AHXN2378タグを確認,https://titivate.jp/c/all/ahxn2378,master_v336_confirmed_url,,,,,,,特定済み
PKGI-02765949,PKGI-02765949,Synthesizer V AI 重音テト,1,ah-soft_net,BU-01042030,PKG-01145308,YES,YES,YES,8月,A,版・サイズ・色の確定,中,BU-01042030,箱,1426,1,,版・SKU・サイズ・色が元データから確定できない,版・種類・サイズ・色、数量・セット内容、状態・未開封、画像と現物の一致、箱・袋の所在,,,,,,,,,特定済み
PKGI-02766145,PKGI-02766145,れっしゃだいこうしん2025 キッズバージョン【DVD】,2,vicom_jp,BU-01042102,PKG-01160944,,,YES,8月,D,数量・セット内容,中,BU-01042102,箱,1427,2,,数量・セット内容の確認が必要,数量・セット内容、状態・未開封,https://vicom.jp/view/item/000000001740?category_page_id=daikoushin-dvd,master_v336_confirmed_url,,,,現物,,,特定済み
PKGI-02766305,PKGI-02766305,予約2/28〆【6月発売】【特典なし】魔法少女ノ魔女裁判 ぬいぴ～す 夏目 アンアン,1,granup_shop,BU-01042145,PKG-01145504,,,,8月,G,商品特定（候補あり）,高,BU-01042145,箱,1428,1,,商品を特定できていない（候補が複数）,タグ・JAN・型番・ブランド名を撮影、全体写真、数量,,,,,,,,,候補あり
PKGI-02766678,PKGI-02766678,Ito Chinese medicine high concentration autumn turmeric extract 300 grains,1,sundrug-online_com,BU-01042281,PKG-01145287,,,YES,8月,E,賞味期限・保管状態,高,BU-01042281,箱,1429,1,,期限・保管状態の確認が必要,賞味期限・保管状態、数量・セット内容、状態・未開封,https://www.itohkampo.co.jp/products/1149182.html,master_v336_confirmed_url,,,,現物,,,特定済み
PKGI-02766932,PKGI-02766932,マツケンサンバII（金管8重奏(+打楽器)）,1,winds-score_com,BU-01042369,PKG-01145421,YES,YES,YES,8月,A,版・サイズ・色の確定,中,BU-01042369,箱,1430,1,,版・SKU・サイズ・色が元データから確定できない,版・種類・サイズ・色、数量・セット内容、状態・未開封,https://winds-score.com/products/wseb-00064,master_v336_confirmed_url,,,,現物,,,特定済み
PKGI-02767205,PKGI-02767205,APEX LEGENDS? Rampart Fancy Seeing You Here T-Shirt,1,blackballoon_market,BU-01042469,PKG-01145749,YES,YES,YES,8月,A,版・サイズ・色の確定,中,BU-01042469,箱,1431,1,,版・SKU・サイズ・色が元データから確定できない,版・種類・サイズ・色、数量・セット内容、状態・未開封、画像と現物の一致,https://blackballoon.market/products/z5533atn0,master_v336_confirmed_url,,,,,,,特定済み
PKGI-02767206,PKGI-02767206,DEAD BY DAYLIGHT Logo T-shirt (White),1,blackballoon_market,BU-01042469,PKG-01145749,YES,YES,,8月,A,版・サイズ・色の確定,中,BU-01042469,箱,1432,1,,版・SKU・サイズ・色が元データから確定できない,版・種類・サイズ・色,https://blackballoon.market/products/z5630ltn0,master_v336_confirmed_url,,,,,,,特定済み
PKGI-02767743,PKGI-02767743,【ナイジェル・ケーボン】MAN / アーミーカーゴパンツ - リップストップピグメント / ARMY CARGO PANT - RIPSTOP PIGMENT,1,cabourn_jp,BU-01042673,PKG-01138350,,,,8月,G,商品特定（候補あり）,高,BU-01042673,箱,1434,1,,商品を特定できていない（候補が複数）,タグ・JAN・型番・ブランド名を撮影、全体写真、数量,,,,,,,,,候補あり
PKGI-02767751,PKGI-02767751,【予約商品】『都市伝説解体センター』×Favoriteコラボ＊イルミナカードアシメシャツ【2026年2月下旬予約開始】【新作予約：納期後日決定】商品コード:100903,1,favorite-one_co_jp,BU-01042675,PKG-01138311,,,,8月,G,商品特定（候補あり）,高,BU-01042675,箱,1435,1,,商品を特定できていない（候補が複数）,タグ・JAN・型番・ブランド名を撮影、全体写真、数量,,,,,,,,,候補あり
PKGI-02767794,PKGI-02767794,【予約数集まり次第生産】ネクタイ ネイビー シンプル カジュアル 男女兼用 ユニセックス＊Favoriteコラボ＊庫路路さんコラボ KU★TIE【2025年12月中旬予約開始】【生産未確定予約】商品コード:101013,1,favorite-one_co_jp,BU-01042693,PKG-01138304,,,,8月,H,商品特定（ページ見つからず）,高,BU-01042693,箱,1437,1,,商品ページが見つからない（商品名から特定不可）,タグ・JAN・型番・ブランド名を撮影、全体写真、数量,,,,,,,,,未発見
PKGI-02767881,PKGI-02767881,ペルソナ5 ザ・ロイヤル P5R　TAPIOCA　ケープたぴぬい【26年3月下旬入荷予定】,1,yotuba_shop,BU-01042720,PKG-01145471,,,,8月,G,商品特定（候補あり）,高,BU-01042720,箱,1438,1,,商品を特定できていない（候補が複数）,タグ・JAN・型番・ブランド名を撮影、全体写真、数量,,,,,,,,,候補あり
PKGI-02767882,PKGI-02767882,ペルソナ5 ザ・ロイヤル P5R　TAPIOCA　ケープたぴぬい【26年3月下旬入荷予定】,1,yotuba_shop,BU-01042720,PKG-01145471,,,,8月,G,商品特定（候補あり）,高,BU-01042720,箱,1439,1,,商品を特定できていない（候補が複数）,タグ・JAN・型番・ブランド名を撮影、全体写真、数量,,,,,,,,,候補あり
PKGI-02767883,PKGI-02767883,ペルソナ5 ザ・ロイヤル P5R　TAPIOCA　ケープたぴぬい【26年3月下旬入荷予定】,1,yotuba_shop,BU-01042720,PKG-01145471,,,,8月,G,商品特定（候補あり）,高,BU-01042720,箱,1440,1,,商品を特定できていない（候補が複数）,タグ・JAN・型番・ブランド名を撮影、全体写真、数量,,,,,,,,,候補あり
PKGI-02768515,PKGI-02768515,デニムショートコンビネゾン,1,mark-styler_co_jp,BU-01042938,PKG-01145992,YES,YES,YES,8月,A,版・サイズ・色の確定,中,BU-01042938,箱,1442,1,,版・SKU・サイズ・色が元データから確定できない,版・種類・サイズ・色、数量・セット内容、状態・未開封,https://runway-webstore.com/ap/item/i/m/1126303402,master_v336_confirmed_url,,,,,,,特定済み
PKGI-02660865,PKGI-02660865,バックレースアップ透かし編みニット,1,mark-styler_co_jp,BU-01042938,PKG-01145992,YES,YES,,8月,B,数量・版＋撮影（写真なし）,中,BU-01042938,箱,1443,1,,現物未確認（数量・版の確認）／写真なし（撮影が必要）,確認数量（元リストの商品単位） / 欠品・付属品の実際の内容 / 色・サイズ・種類の現物と根拠照合,https://runway-webstore.com/ap/item/i/m/1126226427,master_v336_confirmed_url,,,,,,,特定済み
PKGI-02697814,PKGI-02697814,バックレースアップ透かし編みニット,1,mark-styler_co_jp,BU-01042938,PKG-01145992,YES,YES,,8月,B,数量・版＋撮影（写真なし）,中,BU-01042938,箱,1444,1,,現物未確認（数量・版の確認）／写真なし（撮影が必要）,確認数量（元リストの商品単位） / 欠品・付属品の実際の内容 / 色・サイズ・種類の現物と根拠照合,,,,,,,,,特定済み
PKGI-02768622,PKGI-02768622,■BxH x FU&#220;DOBRAIN SKULL-KUN【30th ver. GREEN】■,1,fuudobrain_shop-pro_jp,BU-01042989,PKG-01145549,YES,YES,YES,8月,A,版・サイズ・色の確定,中,BU-01042989,箱,1445,1,,版・SKU・サイズ・色が元データから確定できない,版・種類・サイズ・色、数量・セット内容、状態・未開封,https://fuudobrain.shop-pro.jp/?pid=192147906,master_v336_confirmed_url,,,,,,,特定済み
PKGI-02769018,PKGI-02769018,Peluche esponjoso Blue Lock 2.? edici?n: Rin Ito,1,hobbystock_jp,BU-01043144,PKG-01146273,,,,8月,G,商品特定（候補あり）,高,BU-01043144,箱,1447,1,,商品を特定できていない（候補が複数）,タグ・JAN・型番・ブランド名を撮影、全体写真、数量,,,,,,,,,候補あり
PKGI-02769103,PKGI-02769103,nejicommu MATTER-BEARFOOT SLIPPER natural,1,ovie_shop-pro_jp,BU-01043177,PKG-01146288,,,,8月,H,商品特定（ページ見つからず）,高,BU-01043177,箱,1448,1,,商品ページが見つからない（商品名から特定不可）,タグ・JAN・型番・ブランド名を撮影、全体写真、数量,,,,,,,,,未発見
PKGI-02769891,PKGI-02769891,『サクラノ詩-櫻の森の上を舞う-』ヴォーカルCD,1,keromakura_shop,BU-01043399,PKG-01146253,YES,YES,,8月,A,版・サイズ・色の確定,中,BU-01043399,箱,1457,1,,版・SKU・サイズ・色が元データから確定できない,版・種類・サイズ・色、bonus_or_purchase_benefit_presence、画像と現物の一致,https://keromakura.shop/?pid=145309944,master_v336_confirmed_url,,,,,,,特定済み
PKGI-02769935,PKGI-02769935,ポメラニアンカレンダー(いろんな色)(Desk Calendar),1,suzuri_jp,BU-01043412,PKG-01138421,YES,YES,,8月,A,版・サイズ・色の確定,中,BU-01043412,箱,1458,1,,版・SKU・サイズ・色が元データから確定できない,版・種類・サイズ・色,https://suzuri.jp/Ripo/18976605/desk-calendar/2026/white?locale=zh-TW,master_v336_confirmed_url,,,,,,,特定済み
PKGI-02770196,PKGI-02770196,天官賜福 貮 アイコニック シューズ オブジェ パンプス,1,mayla_jp,BU-01043497,PKG-01111814,YES,YES,,8月,A,版・サイズ・色の確定,中,BU-01043497,箱,1461,1,,版・SKU・サイズ・色が元データから確定できない,版・種類・サイズ・色,https://mayla.jp/SHOP/sha2524.html,master_v336_confirmed_url,,,,,,,特定済み
PKGI-02770483,PKGI-02770483,スター・ウォーズ ぬいコロン キーホルダー【予約商品：6月中旬発売予定】,1,eyeup_co_jp,BU-01043572,PKG-01146377,,,,8月,H,商品特定（ページ見つからず）,高,BU-01043572,箱,1464,1,,商品ページが見つからない（商品名から特定不可）,タグ・JAN・型番・ブランド名を撮影、全体写真、数量,https://www.hlj.co.jp/product/EYP56072,web_search(other,https://www.hlj.co.jp/product/EYP56072,スター・ウォーズ: ぬいコロン キーホルダー (グローグー) | HLJ.co.jp,0.95,,,,未発見
PKGI-02770933,PKGI-02770933,REACH YOU: 4th Mini Album (Jewel Case Ver.) + '（特典あり）(発売日: 2026年06月13日)',2,tower_jp,BU-01043712,PKG-01155208,,,,8月,H,商品特定（ページ見つからず）,高,BU-01043712,箱,1465,2,,商品ページが見つからない（商品名から特定不可）,タグ・JAN・型番・ブランド名を撮影、全体写真、数量,,,,,,,,,未発見
PKGI-02769236,PKGI-02769236,Dickies（R） L／W TUCK HALF パンツ,1,ec-store_net,BU-01043790,PKG-01066747,YES,YES,,8月,B,数量・版＋撮影（写真なし）,中,BU-01043790,箱,1466,1,,現物未確認（数量・版の確認）／写真なし（撮影が必要）,確認数量（元リストの商品単位） / 欠品・付属品の実際の内容 / 色・サイズ・種類の現物と根拠照合 / 現物の色・サイズ・品番を確認,https://www.ec-store.net/sws/g/g13422128/,master_v336_confirmed_url,,,,,,,特定済み
PKGI-02771342,PKGI-02771342,天官賜福 貮 アイコニック シューズ オブジェ パンプス ～海外からご購入のお客様へ～,1,mayla_jp,BU-01043885,PKG-01138700,YES,YES,,8月,C,数量・版,中,BU-01043885,箱,1467,1,,現物未確認（数量・版の確認）,説明文の未確認項目（サイズ・色・種類・構成など）,,,,,,,,,特定済み
PKGI-02771527,PKGI-02771527,舞妓はんひぃ～ひぃ～ラー油,2,ochanokosaisai_com,BU-01043954,PKG-01146153,,,YES,8月,C,数量・版,中,BU-01043954,箱,1469,2,,現物未確認（数量・版の確認）,賞味期限・保存状態・数量,https://www.ochanokosaisai.com/c/all/MIK-01-4,master_v336_confirmed_url,,,,,,,特定済み
PKGI-02771528,PKGI-02771528,京の麻辣醤（マーラージャン）,2,ochanokosaisai_com,BU-01043954,PKG-01146153,,,YES,8月,C,数量・版,中,BU-01043954,箱,1470,2,,現物未確認（数量・版の確認）,賞味期限・保存状態・数量,https://www.ochanokosaisai.com/c/choice_dish/choice_dish_men/malajyan,master_v336_confirmed_url,,,,,,,特定済み
PKGI-02771529,PKGI-02771529,京のコチュジャン,2,ochanokosaisai_com,BU-01043954,PKG-01146153,,,YES,8月,C,数量・版,中,BU-01043954,箱,1471,2,,現物未確認（数量・版の確認）,賞味期限・保存状態・数量,https://www.ochanokosaisai.com/c/all/gochujang,master_v336_confirmed_url,,,,,,,特定済み
PKGI-02771530,PKGI-02771530,京らー油,2,ochanokosaisai_com,BU-01043954,PKG-01146153,,,YES,8月,C,数量・版,中,BU-01043954,箱,1472,2,,現物未確認（数量・版の確認）,賞味期限・保存状態・数量,,,,,,,,,特定済み
PKGI-02771656,PKGI-02771656,スカラップレース Vネック ブラウス FX26S366【Fano Studios】【2026SS】,1,chuclla_com,BU-01043982,PKG-01175045,,,,8月,G,商品特定（候補あり）,高,BU-01043982,箱,1473,1,,商品を特定できていない（候補が複数）,タグ・JAN・型番・ブランド名を撮影、全体写真、数量,,,,,,,,,候補あり
PKGI-02771873,PKGI-02771873,天官賜福 貮 アイコニック シューズ オブジェ パンプス【予約】,1,mayla_jp,BU-01044051,PKG-01138698,YES,YES,,8月,A,版・サイズ・色の確定,中,BU-01044051,箱,1474,1,,版・SKU・サイズ・色が元データから確定できない,版・種類・サイズ・色,https://mayla.jp/SHOP/sha2524.html,master_v336_confirmed_url,,,,,,,特定済み
PKGI-02772214,PKGI-02772214,ポーチ付ショッピングバッグ（シュガーバニーズ）(アベイル)【予約】,1,shop-shimamura_com,BU-01044146,PKG-01111895,,,,8月,H,商品特定（ページ見つからず）,高,BU-01044146,箱,1475,1,,商品ページが見つからない（商品名から特定不可）,タグ・JAN・型番・ブランド名を撮影、全体写真、数量,,,,,,,,,未発見
PKGI-02772215,PKGI-02772215,ポーチ付ショッピングバッグ（シュガーバニーズ）(アベイル)【予約】,1,shop-shimamura_com,BU-01044146,PKG-01111895,,,,8月,H,商品特定（ページ見つからず）,高,BU-01044146,箱,1476,1,,商品ページが見つからない（商品名から特定不可）,タグ・JAN・型番・ブランド名を撮影、全体写真、数量,,,,,,,,,未発見
PKGI-02772213,PKGI-02772213,ダイカット巾着（シュガーバニーズ）(アベイル)【予約】,1,shop-shimamura_com,BU-01044146,PKG-01111895,,,,8月,H,商品特定（ページ見つからず）,高,BU-01044146,箱,1477,1,,商品ページが見つからない（商品名から特定不可）,タグ・JAN・型番・ブランド名を撮影、全体写真、数量,,,,,,,,,未発見
PKGI-02772323,PKGI-02772323,LB Simple Embroidery Tee White,1,lbwk_jp,BU-01044166,PKG-01111857,,,,8月,H,商品特定（ページ見つからず）,高,BU-01044166,箱,1479,1,,商品ページが見つからない（商品名から特定不可）,タグ・JAN・型番・ブランド名を撮影、全体写真、数量,,,,,,,,,未発見
PKGI-02772324,PKGI-02772324,LB Thorn Logo Embroidery Tee White,1,lbwk_jp,BU-01044166,PKG-01111857,YES,YES,YES,8月,A,版・サイズ・色の確定,中,BU-01044166,箱,1480,1,,版・SKU・サイズ・色が元データから確定できない,版・種類・サイズ・色、数量・セット内容、状態・未開封,https://lbwk.jp/products/t408-wh,master_v336_confirmed_url,,,,元帳数量保持・現物,,,特定済み
PKGI-02772373,PKGI-02772373,【ナイジェル・ケーボン】MAN / ベースボールキャップ - コットンツイル / BASEBALL CAP COTTON TWILL,1,cabourn_jp,BU-01044191,PKG-01112014,,,,8月,G,商品特定（候補あり）,高,BU-01044191,箱,1481,1,,商品を特定できていない（候補が複数）,タグ・JAN・型番・ブランド名を撮影、全体写真、数量,,,,,,,,,候補あり
PKGI-02773102,PKGI-02773102,クール・スタジアム07｜C-STADIUM07（R-GRY）,1,patrick_jp,BU-01044443,PKG-01175326,YES,YES,,8月,A,版・サイズ・色の確定,中,BU-01044443,箱,1482,1,,版・SKU・サイズ・色が元データから確定できない,版・種類・サイズ・色,https://patrick.jp/products/507594,master_v336_confirmed_url,,,,,,,特定済み
PKGI-02773201,PKGI-02773201,前を歩く犬(Stickable Poster),1,suzuri_jp,BU-01044489,PKG-01138753,,,,8月,G,商品特定（候補あり）,高,BU-01044489,箱,1486,1,,商品を特定できていない（候補が複数）,タグ・JAN・型番・ブランド名を撮影、全体写真、数量,,,,,,,,,候補あり
PKGI-02769931,PKGI-02769931,色んな犬のシンプル線画カレンダー(Desk Calendar),1,suzuri_jp,BU-01044489,PKG-01138753,YES,YES,,8月,A,版・サイズ・色の確定,中,BU-01044489,箱,1487,1,,版・SKU・サイズ・色が元データから確定できない,版・種類・サイズ・色,https://suzuri.jp/Ripo/18964133/desk-calendar/2027/white?locale=en,master_v336_confirmed_url,,,,,,,特定済み
PKGI-02773229,PKGI-02773229,Tobi Nui Charm,1,eveofficialstore_com,BU-01044498,PKG-01111811,YES,YES,YES,8月,A,版・サイズ・色の確定,中,BU-01044498,箱,1488,1,,版・SKU・サイズ・色が元データから確定できない,版・種類・サイズ・色、状態・未開封,,,,,,,,,特定済み
PKGI-02773228,PKGI-02773228,Figure [red raison],1,eveofficialstore_com,BU-01044498,PKG-01111811,,,,8月,H,商品特定（ページ見つからず）,高,BU-01044498,箱,1489,1,,商品ページが見つからない（商品名から特定不可）,タグ・JAN・型番・ブランド名を撮影、全体写真、数量,,,,,,,,,未発見
PKGI-02773230,PKGI-02773230,FIGURE,1,eveofficialstore_com,BU-01044498,PKG-01111811,,,,8月,G,商品特定（候補あり）,高,BU-01044498,箱,1490,1,,商品を特定できていない（候補が複数）,タグ・JAN・型番・ブランド名を撮影、全体写真、数量,,,,,,,,,候補あり
PKGI-02773691,PKGI-02773691,BABYMETAL - LIVE AT INTUIT DOME＜完全生産限定盤＞ (発売日: 2026年06月17日) + '（特典あり)',1,tower_jp,BU-01044643,PKG-01155417,,,,8月,H,商品特定（ページ見つからず）,高,BU-01044643,箱,1491,1,,商品ページが見つからない（商品名から特定不可）,タグ・JAN・型番・ブランド名を撮影、全体写真、数量,,,,,,,,,未発見
PKGI-02773938,PKGI-02773938,TVアニメ 魔都精兵のスレイブ2 アクリルキーホルダー 03 描き下ろしイラスト 5個入り1BOX,1,hobbystock_jp,BU-01044727,PKG-01175558,,,YES,8月,B,数量・版＋撮影（写真なし）,中,BU-01044727,箱,1492,1,,現物未確認（数量・版の確認）／写真なし（撮影が必要）,確認数量（元リストの商品単位） / 欠品・付属品の実際の内容 / 現物BOX内の個数・種類・未開封を確認。全種コンプリートは保証しない,https://www.hobbystock.jp/item/view/hby-ccg-00397935,master_v336_confirmed_url,,,,,,,特定済み
PKGI-02773936,PKGI-02773936,魔都精兵のスレイブ2 アクリルスタンド 山城 恋 警官ver,1,hobbystock_jp,BU-01044727,PKG-01175558,,,YES,8月,B,数量・版＋撮影（写真なし）,中,BU-01044727,箱,1493,1,,現物未確認（数量・版の確認）／写真なし（撮影が必要）,確認数量（元リストの商品単位） / 欠品・付属品の実際の内容 / 現物の図柄・版・部材/数量・状態を確認,https://www.hobbystock.jp/item/view/hby-ccg-00398408,master_v336_confirmed_url,,,,,,,特定済み
PKGI-02773937,PKGI-02773937,魔都精兵のスレイブ2 ダイカットステッカー 山城 恋 警官ver,1,hobbystock_jp,BU-01044727,PKG-01175558,,,YES,8月,B,数量・版＋撮影（写真なし）,中,BU-01044727,箱,1494,1,,現物未確認（数量・版の確認）／写真なし（撮影が必要）,確認数量（元リストの商品単位） / 欠品・付属品の実際の内容 / 現物の図柄・版・部材/数量・状態を確認,https://www.hobbystock.jp/item/view/hby-ccg-00398428,master_v336_confirmed_url,,,,,,,特定済み
PKGI-02773990,PKGI-02773990,【予約数集まり次第生産】アニマル 肉球 カジュアル 牙 羽根 尻尾 男女兼用 ユニセックス ＊Favoriteコラボ＊イチヒ(Ichihi)さんコラボ ゲーミングちひパーカー【2026年1月上旬予約開始】【生産未確定予約】商品コード:101021,1,favorite-one_co_jp,BU-01044749,PKG-01138486,YES,YES,,8月,B,数量・版＋撮影（写真なし）,中,BU-01044749,箱,1495,1,,現物未確認（数量・版の確認）／写真なし（撮影が必要）,確認数量（元リストの商品単位） / 欠品・付属品の実際の内容 / 色・サイズ・種類の現物と根拠照合 / 色・サイズ等の現物照合,https://store.shopping.yahoo.co.jp/favorite1/101021.html,master_v336_confirmed_url,,,,,,,特定済み
PKGI-02774108,PKGI-02774108,【ナイジェル・ケーボン】WOMAN / フィッシングベスト  - ピグメントダイ / FISHING VEST - PIGMENT DYE,1,cabourn_jp,BU-01044776,PKG-01111935,,,,8月,G,商品特定（候補あり）,高,BU-01044776,箱,1497,1,,商品を特定できていない（候補が複数）,タグ・JAN・型番・ブランド名を撮影、全体写真、数量,,,,,,,,,候補あり
PKGI-02774215,PKGI-02774215,【ネコポス発送可能】LIBERTY FABRICS リバティプリント 国産タナローン生地(エターナル)カットクロスセット4枚入り＜Hollyhocks＞(ホリーホックス)L-Hollyhocks,5,merci-fabric_co_jp,BU-01044813,PKG-01138508,,,,8月,H,商品特定（ページ見つからず）,高,BU-01044813,箱,1498,5,,商品ページが見つからない（商品名から特定不可）,タグ・JAN・型番・ブランド名を撮影、全体写真、数量,,,,,,,,,未発見
PKGI-02774216,PKGI-02774216,【2025年新エターナル】LIBERTY FABRICS リバティプリント 国産タナローン生地(エターナル)＜Hollyhocks＞(ホリーホックス)【ピンク】363J6804WE,5,merci-fabric_co_jp,BU-01044813,PKG-01138508,,,,8月,H,商品特定（ページ見つからず）,高,BU-01044813,箱,1499,5,,商品ページが見つからない（商品名から特定不可）,タグ・JAN・型番・ブランド名を撮影、全体写真、数量,,,,,,,,,未発見
PKGI-02775037,PKGI-02775037,A3フリルデザイン痛バッグ用トートバッグ5周年ver,1,zakka-mart_com,BU-01045119,PKG-01175604,YES,YES,YES,8月,A,版・サイズ・色の確定,中,BU-01045119,箱,1501,1,,版・SKU・サイズ・色が元データから確定できない,版・種類・サイズ・色、数量・セット内容、状態・未開封,https://zakka-mart.com/?pid=155643696,master_v336_confirmed_url,,,,,,,特定済み
PKGI-02775281,PKGI-02775281,はむにぎり　マスコット　＊ 受注生産販売 ＊　６月中旬発送予定,1,livheart_jp,BU-01045203,PKG-01138458,,,,8月,G,商品特定（候補あり）,高,BU-01045203,箱,1502,1,,商品を特定できていない（候補が複数）,タグ・JAN・型番・ブランド名を撮影、全体写真、数量,,,,,,,,,候補あり
PKGI-02775298,PKGI-02775298,"BABYMETAL - LIVE AT INTUIT DOME【Shipped by June 17, 2026】",1,asmart_jp,BU-01045211,PKG-01155341,,,,8月,H,商品特定（ページ見つからず）,高,BU-01045211,箱,1503,1,,商品ページが見つからない（商品名から特定不可）,タグ・JAN・型番・ブランド名を撮影、全体写真、数量,,,,,,,,,未発見
PKGI-02775454,PKGI-02775454,＜ONE PIECE＞No.002 RORONOA ZORO/ロロノア・ゾロ ワンピース アンダーパンツ メンズ/レディース/ユニセックス ポリエステルタイプ ボクサーパンツ,1,hipshop_jp,BU-01045271,PKG-01175711,YES,YES,YES,8月,A,版・サイズ・色の確定,中,BU-01045271,箱,1504,1,,版・SKU・サイズ・色が元データから確定できない,版・種類・サイズ・色、数量・セット内容、状態・未開封,https://hipshop.jp/products/hf0241a167-1bb,master_v336_confirmed_url,,,,,,,特定済み
PKGI-02775461,PKGI-02775461,CHICKEN BOY(TRUSS 8.1oz USA Cotton T-Shirt),1,suzuri_jp,BU-01045274,PKG-01138520,,,,8月,H,商品特定（ページ見つからず）,高,BU-01045274,箱,1505,1,,商品ページが見つからない（商品名から特定不可）,タグ・JAN・型番・ブランド名を撮影、全体写真、数量,,,,,,,,,未発見
PKGI-02775478,PKGI-02775478,ダンシングうに(Organic Cotton T-Shirt),1,suzuri_jp,BU-01045280,PKG-01138519,,,,8月,H,商品特定（ページ見つからず）,高,BU-01045280,箱,1507,1,,商品ページが見つからない（商品名から特定不可）,タグ・JAN・型番・ブランド名を撮影、全体写真、数量,,,,,,,,,未発見
PKGI-02776139,PKGI-02776139,Sweatpants [deep blue denim],1,eveofficialstore_com,BU-01045471,PKG-01112128,YES,YES,YES,8月,A,版・サイズ・色の確定,中,BU-01045471,箱,1509,1,,版・SKU・サイズ・色が元データから確定できない,版・種類・サイズ・色、状態・未開封、画像と現物の一致,https://www.eveofficialstore.com/view/item/000000000305,master_v336_confirmed_url,,,,,,,特定済み
PKGI-02776142,PKGI-02776142,Polo [choco×mint],1,eveofficialstore_com,BU-01045471,PKG-01112128,,,,8月,G,商品特定（候補あり）,高,BU-01045471,箱,1510,1,,商品を特定できていない（候補が複数）,タグ・JAN・型番・ブランド名を撮影、全体写真、数量,,,,,,,,,候補あり
PKGI-02776140,PKGI-02776140,Long T [kokoroyoho],1,eveofficialstore_com,BU-01045471,PKG-01112128,YES,YES,YES,8月,A,版・サイズ・色の確定,中,BU-01045471,箱,1511,1,,版・SKU・サイズ・色が元データから確定できない,版・種類・サイズ・色、状態・未開封、画像と現物の一致,https://www.eveofficialstore.com/view/item/000000000311,master_v336_confirmed_url,,,,,,,特定済み
PKGI-02776141,PKGI-02776141,Denim T,1,eveofficialstore_com,BU-01045471,PKG-01112128,YES,YES,YES,8月,A,版・サイズ・色の確定,中,BU-01045471,箱,1512,1,,版・SKU・サイズ・色が元データから確定できない,版・種類・サイズ・色、状態・未開封、画像と現物の一致,https://www.eveofficialstore.com/view/item/000000000306,master_v336_confirmed_url,,,,,,,特定済み
PKGI-02776408,PKGI-02776408,アンチェ ブラジャー (D-F) ＜Sweet Rich（スウィートリッチ）＞,1,store_world_co_jp,BU-01045565,PKG-01146531,YES,YES,YES,8月,B,数量・版＋撮影（写真なし）,中,BU-01045565,箱,1513,1,,現物未確認（数量・版の確認）／写真なし（撮影が必要）,確認数量（元リストの商品単位） / 欠品・付属品の実際の内容 / 現物のカップ/アンダーサイズ・色・パッドの有無と衛生状態を確認,https://mitsui-shopping-park.com/ec/p/1602600003500,master_v336_confirmed_url,,,,,,,特定済み
PKGI-02776474,PKGI-02776474,おだしがおいしいお味噌汁詰合せ箱（21食入）,2,kubara_jp,BU-01045593,PKG-01146644,,,,8月,G,商品特定（候補あり）,高,BU-01045593,箱,1514,2,,商品を特定できていない（候補が複数）,タグ・JAN・型番・ブランド名を撮影、全体写真、数量,https://www.kubara.jp/kayanoya/gift/4000yen/297500/,web_search(supplier,https://www.kubara.jp/kayanoya/gift/4000yen/297500/,おだしがおいしいお味噌汁詰合せ箱（21食入）｜茅乃舎(かやのや)｜久原本家通販サイト（公式）,1.00,,,,候補あり
PKGI-02776526,PKGI-02776526,世界遺産はどう決まる？　今こそ知りたい世界遺産のしくみ！【予約】,1,books_rakuten_co_jp,BU-01045614,PKG-01138802,,,,8月,H,商品特定（ページ見つからず）,高,BU-01045614,箱,1515,1,,商品ページが見つからない（商品名から特定不可）,タグ・JAN・型番・ブランド名を撮影、全体写真、数量,,,,,,,,,未発見
PKGI-02672738,PKGI-02672738,ドラえもん社会ワールドspecial みんなのための世界遺産入門　（ビッグ・コロタン）,1,books_rakuten_co_jp,BU-01045614,PKG-01138802,,,YES,8月,B,数量・版＋撮影（写真なし）,中,BU-01045614,箱,1516,1,,現物未確認（数量・版の確認）／写真なし（撮影が必要）,確認数量（元リストの商品単位） / 欠品・付属品の実際の内容 / 現物の紙版ISBN・状態・付属物を確認,https://www.hanmoto.com/bd/isbn/9784092592377,master_v336_confirmed_url,,,,,,,特定済み
PKGI-02776620,PKGI-02776620,【ナイジェル・ケーボン】WOMAN / 6オンス プリントTシャツ / 6oz PRINT T-SHIRT,1,cabourn_jp,BU-01045653,PKG-01111957,,,,8月,H,商品特定（ページ見つからず）,高,BU-01045653,箱,1517,1,,商品ページが見つからない（商品名から特定不可）,タグ・JAN・型番・ブランド名を撮影、全体写真、数量,,,,,,,,,未発見
PKGI-02776937,PKGI-02776937,【楽天ブックス限定先着特典】milet Live at Nippon Budokan “Ray of Water”(完全生産限定盤)【Blu-ray】(クリアマルチポーチ)【予約】,1,books_rakuten_co_jp,BU-01045770,PKG-01138974,,,,8月,H,商品特定（ページ見つからず）,高,BU-01045770,箱,1519,1,,商品ページが見つからない（商品名から特定不可）,タグ・JAN・型番・ブランド名を撮影、全体写真、数量,,,,,,,,,未発見
PKGI-02777070,PKGI-02777070,Zombie Loves Matcha (???: 2026? 06? 10?) + '（特典あり)',1,tower_jp,BU-01045822,PKG-01155693,,,,8月,H,商品特定（ページ見つからず）,高,BU-01045822,箱,1520,1,,商品ページが見つからない（商品名から特定不可）,タグ・JAN・型番・ブランド名を撮影、全体写真、数量,,,,,,,,,未発見
PKGI-02777080,PKGI-02777080,Ave Musica ［CD+Blu-ray Disc+グッズ］＜数量限定生産特装盤＞ (発売日: 2026年06月17日) + '（特典あり)',1,tower_jp,BU-01045832,PKG-01155615,,,,8月,G,商品特定（候補あり）,高,BU-01045832,箱,1521,1,,商品を特定できていない（候補が複数）,タグ・JAN・型番・ブランド名を撮影、全体写真、数量,https://tower.jp/item/7982734?wovn=ko,"candidate_url(supplier,score=0.73)",https://tower.jp/item/7982734?wovn=ko,Ave Musica ［CD+Blu-ray Disc+グッズ］＜数量限定生産特装盤＞/Ave Mujica | 商品詳細,0.73,,,,候補あり
PKGI-02777160,PKGI-02777160,Mannan Life Crash Type Konnyaku Batake Light Grape 150g,2,sundrug-online_com,BU-01045862,PKG-01146309,,,YES,8月,E,賞味期限・保管状態,高,BU-01045862,箱,1522,2,,期限・保管状態の確認が必要,賞味期限・保管状態、数量・セット内容、状態・未開封,https://sundrug-online.com/en/products/4902738501025,master_v336_confirmed_url,,,,元数量保持。現物販売単位・版/期限,,,特定済み
PKGI-02777504,PKGI-02777504,レディース　アームカバー付Tシャツ（ハローキティ×アスカ）(アベイル)【予約】,1,shop-shimamura_com,BU-01045975,PKG-01112198,,,,8月,G,商品特定（候補あり）,高,BU-01045975,箱,1523,1,,商品を特定できていない（候補が複数）,タグ・JAN・型番・ブランド名を撮影、全体写真、数量,,,,,,,,,候補あり
PKGI-02777580,PKGI-02777580,"【6/25 以降順次発送】HAZBIN HOTEL 【ハズビンホテル】エンジェル ""ROYAL FLUSH"" Tシャツ",1,blackballoon_market,BU-01045993,PKG-01146762,YES,YES,YES,8月,A,版・サイズ・色の確定,中,BU-01045993,箱,1524,1,,版・SKU・サイズ・色が元データから確定できない,版・種類・サイズ・色、数量・セット内容、状態・未開封、画像と現物の一致,https://blackballoon.market/products/z5633ht,master_v336_confirmed_url,,,,,,,特定済み
PKGI-02777582,PKGI-02777582,HAZBIN HOTEL Acrylic Stand,1,blackballoon_market,BU-01045993,PKG-01146762,YES,YES,YES,8月,A,版・サイズ・色の確定,中,BU-01045993,箱,1525,1,,版・SKU・サイズ・色が元データから確定できない,版・種類・サイズ・色、数量・セット内容、状態・未開封、画像と現物の一致,,,,,,,,,特定済み
PKGI-02777581,PKGI-02777581,HAZBIN HOTEL Smartphone Design Sticker,1,blackballoon_market,BU-01045993,PKG-01146762,YES,YES,,8月,A,版・サイズ・色の確定,中,BU-01045993,箱,1526,1,,版・SKU・サイズ・色が元データから確定できない,版・種類・サイズ・色,https://blackballoon.market/en/products/z8637ht,master_v336_confirmed_url,,,,,,,特定済み
PKGI-02777609,PKGI-02777609,"HAZBIN HOTEL ""Pendleton"" Acrylic Stand",1,blackballoon_market,BU-01046003,PKG-01146763,,,,8月,B,数量・版＋撮影（写真なし）,中,BU-01046003,箱,1527,1,,現物未確認（数量・版の確認）／写真なし（撮影が必要）,確認数量（元リストの商品単位） / 欠品・付属品の実際の内容 / 現物のペンドルトン絵柄・台座/部品・数量を確認,https://blackballoon.market/products/z863dhtj,master_v336_confirmed_url,,,,,,,特定済み
PKGI-02777962,PKGI-02777962,4周年ぽてちゃグッズ(Sticker),1,suzuri_jp,BU-01046137,PKG-01112247,,,,8月,H,商品特定（ページ見つからず）,高,BU-01046137,箱,1530,1,,商品ページが見つからない（商品名から特定不可）,タグ・JAN・型番・ブランド名を撮影、全体写真、数量,,,,,,,,,未発見
PKGI-02778011,PKGI-02778011,サクラノ刻  グッズセット　if ~師匠が入学を見届けに,1,keromakura_shop,BU-01046174,PKG-01146840,,,,8月,B,数量・版＋撮影（写真なし）,中,BU-01046174,箱,1531,1,,現物未確認（数量・版の確認）／写真なし（撮影が必要）,確認数量（元リストの商品単位） / 欠品・付属品の実際の内容 / 各構成品の数量・絵柄と赤紐の有無を確認。セット1組を現物1点に換算しない,https://keromakura.shop/?pid=179166483,master_v336_confirmed_url,,,,,,,特定済み
PKGI-02778009,PKGI-02778009,【受注生産】素晴らしき日々　A4アクリルパネルD,1,keromakura_shop,BU-01046174,PKG-01146840,,,,8月,G,商品特定（候補あり）,高,BU-01046174,箱,1532,1,,商品を特定できていない（候補が複数）,タグ・JAN・型番・ブランド名を撮影、全体写真、数量,,,,,,,,,候補あり
PKGI-02778010,PKGI-02778010,【受注生産】素晴らしき日々　キャラクター眼鏡スタンド　希実香,1,keromakura_shop,BU-01046174,PKG-01146840,,,,8月,G,商品特定（候補あり）,高,BU-01046174,箱,1533,1,,商品を特定できていない（候補が複数）,タグ・JAN・型番・ブランド名を撮影、全体写真、数量,,,,,,,,,候補あり
PKGI-02720047,PKGI-02720047,POCKET TWILL CARGO パンツ,1,ec-store_net,BU-01046289,PKG-01068359,YES,YES,,8月,B,数量・版＋撮影（写真なし）,中,BU-01046289,箱,1535,1,,現物未確認（数量・版の確認）／写真なし（撮影が必要）,確認数量（元リストの商品単位） / 欠品・付属品の実際の内容 / 色・サイズ・種類の現物と根拠照合 / 現物の色・サイズ・タグを確認,https://mitsui-shopping-park.com/ec/p/1250200010233,master_v336_confirmed_url,,,,,,,特定済み
PKGI-02728003,PKGI-02728003,LAYER TANK トップス,1,ec-store_net,BU-01046289,PKG-01068359,YES,YES,,8月,B,数量・版＋撮影（写真なし）,中,BU-01046289,箱,1536,1,,現物未確認（数量・版の確認）／写真なし（撮影が必要）,確認数量（元リストの商品単位） / 欠品・付属品の実際の内容 / 2枚の現物構成・色・サイズとタグを確認,https://www.ec-store.net/sws/g/g14020528/,master_v336_confirmed_url,,,,,,,特定済み
PKGI-02778819,PKGI-02778819,ANTHOLOGY COLLECTION (12LP),1,diskunion_net,BU-01046469,PKG-01135237,,,,8月,G,商品特定（候補あり）,高,BU-01046469,箱,1537,1,,商品を特定できていない（候補が複数）,タグ・JAN・型番・ブランド名を撮影、全体写真、数量,https://www.universal-music.co.jp/the-beatles/products/758-4043/,"candidate_url(other,score=0.95)",https://www.universal-music.co.jp/the-beatles/products/758-4043/,Anthology Collection [輸入盤][12LP][アナログ] - ザ・ビートルズ - UNIVERSAL MUSIC JAPAN,0.95,,,,候補あり
PKGI-02778823,PKGI-02778823,BENICOTOY 人物吉祥物,1,kenelestore_jp,BU-01046472,PKG-01157141,,,,8月,H,商品特定（ページ見つからず）,高,BU-01046472,箱,1538,1,,商品ページが見つからない（商品名から特定不可）,タグ・JAN・型番・ブランド名を撮影、全体写真、数量,,,,,,,,,未発見
PKGI-02778928,PKGI-02778928,ファントムシータアクリルスタンド【凛花】,1,mycolor_jp,BU-01046519,PKG-01146973,,,,8月,G,商品特定（候補あり）,高,BU-01046519,箱,1539,1,,商品を特定できていない（候補が複数）,タグ・JAN・型番・ブランド名を撮影、全体写真、数量,,,,,,,,,候補あり
PKGI-02779309,PKGI-02779309,モンスターハンター モンでふぉ ぬいぐるみ リオレウス,1,e-capcom_com,BU-01046667,PKG-01146947,YES,YES,,8月,A,版・サイズ・色の確定,中,BU-01046667,箱,1542,1,,版・SKU・サイズ・色が元データから確定できない,版・種類・サイズ・色,https://www.e-capcom.com/shop/g/gC00009250/,master_v336_confirmed_url,,,,,,,特定済み
PKGI-02779310,PKGI-02779310,モンスターハンター モンでふぉ ぬいぐるみ ラギアクルス,1,e-capcom_com,BU-01046667,PKG-01146947,YES,YES,,8月,A,版・サイズ・色の確定,中,BU-01046667,箱,1543,1,,版・SKU・サイズ・色が元データから確定できない,版・種類・サイズ・色,https://www.e-capcom.com/shop/g/gC00009110/,master_v336_confirmed_url,,,,,,,特定済み
PKGI-02779345,PKGI-02779345,カプコンフィギュアビルダー フィンガーパペット ストリートファイター6 Vol.1 BOX（1BOX/8個入り）,1,e-capcom_com,BU-01046678,PKG-01157069,YES,YES,,8月,A,版・サイズ・色の確定,中,BU-01046678,箱,1544,1,,版・SKU・サイズ・色が元データから確定できない,版・種類・サイズ・色,https://www.e-capcom.com/shop/g/gC00009331/,master_v336_confirmed_url,,,,,,,特定済み
PKGI-02779576,PKGI-02779576,【夏限定】水出し琥珀ほうじ茶　7g×7個,1,tsubakisozen_com,BU-01046769,PKG-01157036,,,,8月,H,商品特定（ページ見つからず）,高,BU-01046769,箱,1545,1,,商品ページが見つからない（商品名から特定不可）,タグ・JAN・型番・ブランド名を撮影、全体写真、数量,,,,,,,,,未発見
PKGI-02779577,PKGI-02779577,抹茶ラテ 15g×6本,1,tsubakisozen_com,BU-01046769,PKG-01157036,,,YES,8月,E,賞味期限・保管状態,高,BU-01046769,箱,1546,1,,期限・保管状態の確認が必要,賞味期限・保管状態、数量・セット内容、状態・未開封,https://tsubakisozen.com/shopdetail/000000000019,master_v336_confirmed_url,,,,元リスト1商品組。6本封入/期限/状態は,,,特定済み
PKGI-02779627,PKGI-02779627,ダイアログノート（3冊パック）｜DN001（方眼）DNレザーノートカバー（ダブルオイルアンティークヌメ革・ブラック）DNC003DNレザーノートカバー（ダブルオイルアンティークヌメ革・メープル）DNC004DNレザーノートカバー（ダブルオイルアンティーク,1,dialog-notebook_stores_jp,BU-01046786,PKG-01138950,,,,8月,G,商品特定（候補あり）,高,BU-01046786,箱,1547,1,,商品を特定できていない（候補が複数）,タグ・JAN・型番・ブランド名を撮影、全体写真、数量,,,,,,,,,候補あり
PKGI-02779626,PKGI-02779626,DNビニールカバー,1,dialog-notebook_stores_jp,BU-01046786,PKG-01138950,,,,8月,B,数量・版＋撮影（写真なし）,中,BU-01046786,箱,1548,1,,現物未確認（数量・版の確認）／写真なし（撮影が必要）,元帳数量保持・現物未確認,https://dialog-notebook.stores.jp/items/5defa5057f16475289a202c0,master_v336_confirmed_url,,,,元帳数量保持・現物,,,特定済み
PKGI-02779749,PKGI-02779749,OMG-T,1,eveofficialstore_com,BU-01046837,PKG-01135073,,,,8月,G,商品特定（候補あり）,高,BU-01046837,箱,1551,1,,商品を特定できていない（候補が複数）,タグ・JAN・型番・ブランド名を撮影、全体写真、数量,https://www.eveofficialstore.com/view/item/000000000218?category_page_id=all_items,candidate_verified(score=1.00),https://www.eveofficialstore.com/view/item/000000000218?category_page_id=all_items,,,,,,候補あり
PKGI-02779747,PKGI-02779747,Re:Smile T [bright],1,eveofficialstore_com,BU-01046837,PKG-01135073,YES,YES,YES,8月,A,版・サイズ・色の確定,中,BU-01046837,箱,1552,1,,版・SKU・サイズ・色が元データから確定できない,版・種類・サイズ・色、状態・未開封、画像と現物の一致,https://www.eveofficialstore.com/view/item/000000000312,master_v336_confirmed_url,,,,,,,特定済み
PKGI-02780110,PKGI-02780110,小麦粉なし！油脂なし！11種のスパイスだけで本格カレー！有機JAS認定 エヌ・ハーベストの有機カレースパイス 甘口／辛口 50g (軽減税率8%),2,meisong_shop,BU-01047022,PKG-01157284,,,,8月,G,商品特定（候補あり）,高,BU-01047022,箱,1556,2,,商品を特定できていない（候補が複数）,タグ・JAN・型番・ブランド名を撮影、全体写真、数量,,,,,,,,,候補あり
PKGI-02780112,PKGI-02780112,晩酌のお供に！ダイエット中の口寂しさに！お子様の顎の訓練に！素焼 あたりめ 24g (軽減税率8%),3,meisong_shop,BU-01047022,PKG-01157284,,,,8月,G,商品特定（候補あり）,高,BU-01047022,箱,1557,3,,商品を特定できていない（候補が複数）,タグ・JAN・型番・ブランド名を撮影、全体写真、数量,,,,,,,,,候補あり
PKGI-02780109,PKGI-02780109,昆布と味噌のやさしい旨みがクセになる！植物油・化学調味料不使用！光食品　有機麻婆の素　100g (軽減税率8%),2,meisong_shop,BU-01047022,PKG-01157284,,,,8月,H,商品特定（ページ見つからず）,高,BU-01047022,箱,1558,2,,商品ページが見つからない（商品名から特定不可）,タグ・JAN・型番・ブランド名を撮影、全体写真、数量,,,,,,,,,未発見
PKGI-02780111,PKGI-02780111,日本海の栄養が凝縮した！噛めば噛むほど旨味が溢れ出す！焙りほたるいか 12g (軽減税率8%),1,meisong_shop,BU-01047022,PKG-01157284,,,,8月,H,商品特定（ページ見つからず）,高,BU-01047022,箱,1559,1,,商品ページが見つからない（商品名から特定不可）,タグ・JAN・型番・ブランド名を撮影、全体写真、数量,,,,,,,,,未発見
PKGI-02780212,PKGI-02780212,WAKAYAMA | Birding issue,1,store_papersky_jp,BU-01047064,PKG-01157314,YES,YES,YES,8月,A,版・サイズ・色の確定,中,BU-01047064,箱,1560,1,,版・SKU・サイズ・色が元データから確定できない,版・種類・サイズ・色、数量・セット内容、状態・未開封,https://store.papersky.jp/products/wakayama-birding-issue,master_v336_confirmed_url,,,,元帳数量保持・現物,,,特定済み
PKGI-02780460,PKGI-02780460,レコードクレート Record Crate オリーブグリーン,1,diskunion_net,BU-01047148,PKG-01135335,,,,8月,G,商品特定（候補あり）,高,BU-01047148,箱,1561,1,,商品を特定できていない（候補が複数）,タグ・JAN・型番・ブランド名を撮影、全体写真、数量,,,,,,,,,候補あり
PKGI-02780671,PKGI-02780671,葬送のフリーレン アイコニック ストーリー リングオブジェ,1,mayla_jp,BU-01047209,PKG-01135169,YES,YES,,8月,A,版・サイズ・色の確定,中,BU-01047209,箱,1564,1,,版・SKU・サイズ・色が元データから確定できない,版・種類・サイズ・色,https://mayla.jp/SHOP/aca0352.html,master_v336_confirmed_url,,,,,,,特定済み
PKGI-02780883,PKGI-02780883,「テイルズ オブ ジ アビス」20周年記念 腕時計,1,animecollection_jp,BU-01047285,PKG-01175789,,,,8月,H,商品特定（ページ見つからず）,高,BU-01047285,箱,1565,1,,商品ページが見つからない（商品名から特定不可）,タグ・JAN・型番・ブランド名を撮影、全体写真、数量,,,,,,,,,未発見
PKGI-02781122,PKGI-02781122,しゅざんしきあんざん練習問題集　７級　 【1～２桁の見取り暗算　かけ暗算・わり暗算の基礎　解説若干あり】,1,genkisoroban_com,BU-01047396,PKG-01135254,,,,8月,B,数量・版＋撮影（写真なし）,中,BU-01047396,箱,1566,1,,現物未確認（数量・版の確認）／写真なし（撮影が必要）,確認数量（元リストの商品単位） / 欠品・付属品の実際の内容 / 現物の7級・書き込み/欠頁と数量を確認,https://www.genkisoroban.com/view/item/000000000288?category_page_id=ct19,master_v336_confirmed_url,,,,,,,特定済み
PKGI-02781214,PKGI-02781214,Barbie Point Tail 3-Piece Set,1,peachjohn_co_jp,BU-01047432,PKG-01112367,YES,YES,YES,8月,A,版・サイズ・色の確定,中,BU-01047432,箱,1568,1,,版・SKU・サイズ・色が元データから確定できない,版・種類・サイズ・色、状態・未開封,https://www.peachjohn.co.jp/shop/g/g10330400125/,master_v336_confirmed_url,,,,,,,特定済み
PKGI-02781213,PKGI-02781213,Ｂａｒｂｉｅ　ポインテールワンピース（カップ付き）,1,peachjohn_co_jp,BU-01047432,PKG-01112367,YES,YES,,8月,A,版・サイズ・色の確定,中,BU-01047432,箱,1569,1,,版・SKU・サイズ・色が元データから確定できない,版・種類・サイズ・色,https://www.peachjohn.co.jp/shop/g/g10330300125/,master_v336_confirmed_url,,,,,,,特定済み
PKGI-02781327,PKGI-02781327,「テイルズ オブ ジ アビス」20周年記念 腕時計,1,animecollection_jp,BU-01047478,PKG-01157372,,,,8月,H,商品特定（ページ見つからず）,高,BU-01047478,箱,1570,1,,商品ページが見つからない（商品名から特定不可）,タグ・JAN・型番・ブランド名を撮影、全体写真、数量,,,,,,,,,未発見
PKGI-02781329,PKGI-02781329,おはよう寿ゞ謡(Regular Fit T-Shirt),1,suzuri_jp,BU-01047480,PKG-01112353,,,,8月,H,商品特定（ページ見つからず）,高,BU-01047480,箱,1571,1,,商品ページが見つからない（商品名から特定不可）,タグ・JAN・型番・ブランド名を撮影、全体写真、数量,,,,,,,,,未発見
PKGI-02781488,PKGI-02781488,Acrylic stand/WONYOUNG【Shipping will be from late April to mid-June 2026.】,1,asmart_jp,BU-01047559,PKG-01156007,,,,8月,G,商品特定（候補あり）,高,BU-01047559,箱,1574,1,,商品を特定できていない（候補が複数）,タグ・JAN・型番・ブランド名を撮影、全体写真、数量,,,,,,,,,候補あり
PKGI-02781619,PKGI-02781619,Drymix 海猫 TEE (MENS/WOMENS),1,sanko-bazaar_jp,BU-01047618,PKG-01112364,YES,YES,,8月,A,版・サイズ・色の確定,中,BU-01047618,箱,1575,1,,版・SKU・サイズ・色が元データから確定できない,版・種類・サイズ・色,https://brandavenue.rakuten.co.jp/item/SB2597/?product_color_cd=02&s-id=brn_search_list,master_v336_confirmed_url,,,,,,,特定済み
PKGI-02781624,PKGI-02781624,塊魂 王子ヌイグルミキーホルダー,1,store_natalie_mu,BU-01047624,PKG-01175850,,,YES,8月,D,数量・セット内容,中,BU-01047624,箱,1576,1,,数量・セット内容の確認が必要,数量・セット内容、状態・未開封,https://store.natalie.mu/shopdetail/000000005043/,master_v336_confirmed_url,,,,現物,,,特定済み
PKGI-02781653,PKGI-02781653,【韓国盤】The 1st Album 'Ode to Love'【Big SMini Ver.(2種ランダム)】**1～4営業日で出荷,1,shop_mu-mo_net,BU-01047641,PKG-01135368,,,,8月,H,商品特定（ページ見つからず）,高,BU-01047641,箱,1577,1,,商品ページが見つからない（商品名から特定不可）,タグ・JAN・型番・ブランド名を撮影、全体写真、数量,,,,,,,,,未発見
PKGI-02781938,PKGI-02781938,抹茶のおやつ100,1,books_rakuten_co_jp,BU-01047752,PKG-01135359,,,YES,8月,B,数量・版＋撮影（写真なし）,中,BU-01047752,箱,1579,1,,現物未確認（数量・版の確認）／写真なし（撮影が必要）,確認数量（元リストの商品単位） / 欠品・付属品の実際の内容 / 現物ISBNと紙版・状態/数量を確認,https://www.maruzenjunkudo.co.jp/products/9784334953300,master_v336_confirmed_url,,,,,,,特定済み
PKGI-02782255,PKGI-02782255,海苔ふりかけ　贅沢あられたっぷり　１００g,5,about_maruni-nori_com,BU-01047891,PKG-01157448,,,,8月,J,在庫統合（同一商品が販売中）,高,BU-01047891,箱,1580,5,,同一商品が別PDで販売中,現物の有無と点数,,,,,,,,,特定済み
PKGI-02782515,PKGI-02782515,トゥーカッター　専用バイザー　マットブラック,1,ttandco_com,BU-01047957,PKG-01157753,,,,8月,H,商品特定（ページ見つからず）,高,BU-01047957,箱,1581,1,,商品ページが見つからない（商品名から特定不可）,タグ・JAN・型番・ブランド名を撮影、全体写真、数量,https://www.amazon.co.jp/TT-CO-%E3%83%88%E3%82%A5%E3%83%BC%E3%82%AB%E3%83%83%E3%82%BF%E3%83%BC-%E3%83%9E%E3%83%83%E3%83%88%E3%83%96%E3%83%A9%E3%83%83%E3%82%AF-%E3%82%B8%E3%82%A7%E3%83%83%E3%83%88%E3%83%98%E3%83%AB%E3%83%A1%E3%83%83%E3%83%88/dp/B0CMQJQ6TW,web_search(other,https://www.amazon.co.jp/TT-CO-%E3%83%88%E3%82%A5%E3%83%BC%E3%82%AB%E3%83%83%E3%82%BF%E3%83%BC-%E3%83%9E%E3%83%83%E3%83%88%E3%83%96%E3%83%A9%E3%83%83%E3%82%AF-%E3%82%B8%E3%82%A7%E3%83%83%E3%83%88%E3%83%98%E3%83%AB%E3%83%A1%E3%83%83%E3%83%88/dp/B0CMQJQ6TW,Amazon.co.jp: TT&CO. バイク ヘルメット トゥーカッター 専用バイザー マットブラック ジェットヘルメット フルフェイス ビンテージ : 車＆バイク,0.95,,,,未発見
PKGI-02782537,PKGI-02782537,STRAWBERRY FREAK チビTシャツ,1,store_hystericglamour_jp,BU-01047970,PKG-01157688,YES,YES,,8月,A,版・サイズ・色の確定,中,BU-01047970,箱,1582,1,,版・SKU・サイズ・色が元データから確定できない,版・種類・サイズ・色,https://brandavenue.rakuten.co.jp/item/RX5273/,master_v336_confirmed_url,,,,,,,特定済み
PKGI-02782538,PKGI-02782538,STRIPE LOGO テープベルト,1,store_hystericglamour_jp,BU-01047970,PKG-01157688,YES,YES,,8月,A,版・サイズ・色の確定,中,BU-01047970,箱,1583,1,,版・SKU・サイズ・色が元データから確定できない,版・種類・サイズ・色,https://store.hystericglamour.jp/item/103973.html,master_v336_confirmed_url,,,,,,,特定済み
PKGI-02782849,PKGI-02782849,京らー油,5,ochanokosaisai_com,BU-01048113,PKG-01157728,,,YES,8月,C,数量・版,中,BU-01048113,箱,1584,5,,現物未確認（数量・版の確認）,賞味期限・保存状態・数量,,,,,,,,,特定済み
PKGI-02782850,PKGI-02782850,舞妓はんひぃ～ひぃ～ラー油,5,ochanokosaisai_com,BU-01048113,PKG-01157728,,,YES,8月,C,数量・版,中,BU-01048113,箱,1585,5,,現物未確認（数量・版の確認）,賞味期限・保存状態・数量,,,,,,,,,特定済み
PKGI-01053466,PKGI-01053466,RECYCLE W/PL  2×2 BEANIE,1,rototo_jp,,PKG-00456038,,,,8月,H,商品特定（ページ見つからず）,高,PKG-00456038,PKG(箱なし),1747,1,,商品ページが見つからない（商品名から特定不可）,タグ・JAN・型番・ブランド名を撮影、全体写真、数量,https://www.bloodorangestore.com/products/recycle-w-pl-2x2-beanie-beige,"ddg_search(other,score=0.95)",https://www.bloodorangestore.com/products/recycle-w-pl-2x2-beanie-beige,RECYCLE W/PL 2x2 BEANIE - BEIGE,0.95,,,,未発見
PKGI-01552058,PKGI-01552058,SCHOOL OF VISUAL COMEDY STAND TRACK JACKET / スカルモチーフ サークルロゴ プリント スタンドネック スウェット トラックジャケット【予約】,1,n-nine-store_com,,PKG-00638973,,,,8月,G,商品特定（候補あり）,高,PKG-00638973,PKG(箱なし),1615,1,,商品を特定できていない（候補が複数）,タグ・JAN・型番・ブランド名を撮影、全体写真、数量,,,,,,,,,候補あり
PKGI-01702190,PKGI-01702190,レザー型押しミックス 二つ折財布,1,samantha_co_jp,,PKG-00700162,,,,8月,H,商品特定（ページ見つからず）,高,PKG-00700162,PKG(箱なし),1607,1,,商品ページが見つからない（商品名から特定不可）,タグ・JAN・型番・ブランド名を撮影、全体写真、数量,,,,,,,,,未発見
PKGI-01647439,PKGI-01647439,FRUIT OF THE LOOM × NUMBER (N)INE “PACK BOXER SHORT” / フルーツオブザルーム × ナンバーナイン ウエストゴムロゴ パック ボクサーパンツ,2,n-nine-store_com,,PKG-00705237,YES,YES,,8月,B,数量・版＋撮影（写真なし）,中,PKG-00705237,PKG(箱なし),1799,2,,現物未確認（数量・版の確認）／写真なし（撮影が必要）,確認数量（元リストの商品単位） / 欠品・付属品の実際の内容 / 色・サイズ・種類の現物と根拠照合 / 箱番号・実所在 / 箱番号・所在,https://www.n-nine-store.com/item/88631395.html,master_v336_confirmed_url,,,,,,,特定済み
PKGI-02054471,PKGI-02054471,ちいかわ ちいかわベーカリー 木蓋付き保冷・保温タンブラー（サンド）,1,chiikawa-market_jp,,PKG-00733913,YES,YES,,8月,A,版・サイズ・色の確定,中,PKG-00733913,PKG(箱なし),1810,1,,版・SKU・サイズ・色が元データから確定できない,版・種類・サイズ・色,https://chiikawamarket.jp/products/4582662952911,master_v336_confirmed_url,,,,,,,特定済み
PKGI-02054469,PKGI-02054469,ちいかわ 木製コースター（ちいかわ）,1,chiikawa-market_jp,,PKG-00733913,,,,8月,G,商品特定（候補あり）,高,PKG-00733913,PKG(箱なし),1939,1,,商品を特定できていない（候補が複数）,タグ・JAN・型番・ブランド名を撮影、全体写真、数量,,,,,,,,,候補あり
PKGI-02054464,PKGI-02054464,ちいかわ メッシュスニーカー丈ソックス（ちいかわ・アロハ）メンズ用,1,chiikawa-market_jp,,PKG-00733913,,,,8月,G,商品特定（候補あり）,高,PKG-00733913,PKG(箱なし),1947,1,,商品を特定できていない（候補が複数）,タグ・JAN・型番・ブランド名を撮影、全体写真、数量,https://chiikawamarket.jp/collections/apparel/products/4550311133691?_fid=8caf71038&_pos=147&_ss=c,"candidate_url(other,score=1.00)",https://chiikawamarket.jp/collections/apparel/products/4550311133691?_fid=8caf71038&_pos=147&_ss=c,ちいかわ メッシュスニーカー丈ソックス（ちいかわ・アロハ）,1.00,,,,候補あり
PKGI-02054156,PKGI-02054156,バックCHプラスプリントタンクトップ,1,rinkan-online_com,,PKG-00734026,,,,8月,G,商品特定（候補あり）,高,PKG-00734026,PKG(箱なし),1592,1,,商品を特定できていない（候補が複数）,タグ・JAN・型番・ブランド名を撮影、全体写真、数量,,,,,,,,,候補あり
PKGI-02054157,PKGI-02054157,スタープリントVネックTシャツ,1,rinkan-online_com,,PKG-00734026,,,,8月,G,商品特定（候補あり）,高,PKG-00734026,PKG(箱なし),1602,1,,商品を特定できていない（候補が複数）,タグ・JAN・型番・ブランド名を撮影、全体写真、数量,,,,,,,,,候補あり
PKGI-02136040,PKGI-02136040,P5R アクリルスタンド(主人公),1,ebten_jp,,PKG-00739726,YES,YES,YES,8月,A,版・サイズ・色の確定,中,PKG-00739726,PKG(箱なし),1875,1,,版・SKU・サイズ・色が元データから確定できない,版・種類・サイズ・色、数量・セット内容、bonus_or_purchase_benefit_presence、状態・未開封,https://store.kadokawa.co.jp/shop/g/g4984995908083/,master_v336_confirmed_url,,,,台座・本体・特典の現物確認待ち,,,特定済み
PKGI-02136041,PKGI-02136041,P5R アクリルスタンド(明智吾郎),1,ebten_jp,,PKG-00739726,YES,YES,YES,8月,A,版・サイズ・色の確定,中,PKG-00739726,PKG(箱なし),1876,1,,版・SKU・サイズ・色が元データから確定できない,版・種類・サイズ・色、数量・セット内容、bonus_or_purchase_benefit_presence、状態・未開封、箱・袋の所在,https://store.kadokawa.co.jp/shop/g/g4984995908168/,master_v336_confirmed_url,,,,台座・本体・特典の現物確認待ち,,,特定済み
PKGI-02136042,PKGI-02136042,P5R アクリルスタンド(芳澤かすみ),1,ebten_jp,,PKG-00739726,YES,YES,YES,8月,A,版・サイズ・色の確定,中,PKG-00739726,PKG(箱なし),1877,1,,版・SKU・サイズ・色が元データから確定できない,版・種類・サイズ・色、数量・セット内容、bonus_or_purchase_benefit_presence、状態・未開封,https://store.kadokawa.co.jp/shop/g/g4984995908175/,master_v336_confirmed_url,,,,台座・本体・特典の現物確認待ち,,,特定済み
PKGI-01814505,PKGI-01814505,Echoes of Life OFFICIAL PAMPHLET（オフィシャルパンフレット）,1,axelstore_net,,PKG-00752702,,,YES,8月,D,数量・セット内容,中,PKG-00752702,PKG(箱なし),1845,1,,数量・セット内容の確認が必要,数量・セット内容、状態・未開封,https://axelstore.net/products/echoesoflife_officialgoods-112,master_v336_confirmed_url,,,,現物,,,特定済み
PKGI-02140699,PKGI-02140699,ヴィンテージウォッシュデニムハーフパンツ,1,wegoec_jp,,PKG-00771315,YES,YES,,8月,A,版・サイズ・色の確定,中,PKG-00771315,PKG(箱なし),1820,1,,版・SKU・サイズ・色が元データから確定できない,版・種類・サイズ・色,https://wego.jp/products/we25ss03-l0001,master_v336_confirmed_url,,,,,,,特定済み
PKGI-02151366,PKGI-02151366,【LADIES】MIXチェックランダムスカート,1,dot-st_com,,PKG-00777786,,,,8月,G,商品特定（候補あり）,高,PKG-00777786,PKG(箱なし),1614,1,,商品を特定できていない（候補が複数）,タグ・JAN・型番・ブランド名を撮影、全体写真、数量,,,,,,,,,候補あり
PKGI-02110070,PKGI-02110070,【新色予約開始 LADIES】シアーレイヤープリーツスカート,1,dot-st_com,,PKG-00777786,,,,8月,G,商品特定（候補あり）,高,PKG-00777786,PKG(箱なし),1637,1,,商品を特定できていない（候補が複数）,タグ・JAN・型番・ブランド名を撮影、全体写真、数量,,,,,,,,,候補あり
PKGI-02098002,PKGI-02098002,ショルダーベルトデニムワンピース,1,dot-st_com,,PKG-00777786,,,,8月,G,商品特定（候補あり）,高,PKG-00777786,PKG(箱なし),1644,1,,商品を特定できていない（候補が複数）,タグ・JAN・型番・ブランド名を撮影、全体写真、数量,,,,,,,,,候補あり
PKGI-02097997,PKGI-02097997,メタルボタンスカシアミカーディガン,1,dot-st_com,,PKG-00777786,,,,8月,G,商品特定（候補あり）,高,PKG-00777786,PKG(箱なし),1711,1,,商品を特定できていない（候補が複数）,タグ・JAN・型番・ブランド名を撮影、全体写真、数量,,,,,,,,,候補あり
PKGI-02097998,PKGI-02097998,メタルボタンスカシアミカーディガン,1,dot-st_com,,PKG-00777786,,,,8月,G,商品特定（候補あり）,高,PKG-00777786,PKG(箱なし),1712,1,,商品を特定できていない（候補が複数）,タグ・JAN・型番・ブランド名を撮影、全体写真、数量,,,,,,,,,候補あり
PKGI-02097999,PKGI-02097999,メタルボタンスカシアミカーディガン,1,dot-st_com,,PKG-00777786,,,,8月,G,商品特定（候補あり）,高,PKG-00777786,PKG(箱なし),1713,1,,商品を特定できていない（候補が複数）,タグ・JAN・型番・ブランド名を撮影、全体写真、数量,,,,,,,,,候補あり
PKGI-02098001,PKGI-02098001,【新色予約開始 LADIES】2WAYスクエアラメニットタンクトップ,1,dot-st_com,,PKG-00777786,,,,8月,G,商品特定（候補あり）,高,PKG-00777786,PKG(箱なし),1744,1,,商品を特定できていない（候補が複数）,タグ・JAN・型番・ブランド名を撮影、全体写真、数量,,,,,,,,,候補あり
PKGI-02165287,PKGI-02165287,ちいかわ もちっとぷちミニマスコット（うさぎ）,1,chiikawa-market_jp,,PKG-00783907,,,YES,8月,B,数量・版＋撮影（写真なし）,中,PKG-00783907,PKG(箱なし),1904,1,,現物未確認（数量・版の確認）／写真なし（撮影が必要）,確認数量（元リストの商品単位） / 欠品・付属品の実際の内容 / 現物のJANタグ・キャラ・状態と数量を確認。掲載中古品の状態は転用しない / 箱番号・実所在 / 箱番号・所在,https://www.amiami.jp/top/detail/detail?gcode=GOODS-04360467-R,master_v336_confirmed_url,,,,,,,特定済み
PKGI-02165288,PKGI-02165288,ちいかわ もちっとぷちミニマスコット（ちいかわ）,1,chiikawa-market_jp,,PKG-00783907,,,YES,8月,B,数量・版＋撮影（写真なし）,中,PKG-00783907,PKG(箱なし),1905,1,,現物未確認（数量・版の確認）／写真なし（撮影が必要）,確認数量（元リストの商品単位） / 欠品・付属品の実際の内容 / 現物のJANタグ・キャラ・状態と数量を確認。掲載中古品の状態は転用しない / 箱番号・実所在 / 箱番号・所在,https://www.amiami.jp/top/detail/detail?gcode=GOODS-04360465-R,master_v336_confirmed_url,,,,,,,特定済み
PKGI-02206088,PKGI-02206088,マスコットチャーム（ハローキティ）(アベイル)【予約】,1,shop-shimamura_com,,PKG-00786945,,,,8月,G,商品特定（候補あり）,高,PKG-00786945,PKG(箱なし),1878,1,,商品を特定できていない（候補が複数）,タグ・JAN・型番・ブランド名を撮影、全体写真、数量,,,,,,,,,候補あり
PKGI-02206086,PKGI-02206086,マスコットチャーム（ハローキティ）(アベイル)【予約】,1,shop-shimamura_com,,PKG-00786945,,,,8月,G,商品特定（候補あり）,高,PKG-00786945,PKG(箱なし),1889,1,,商品を特定できていない（候補が複数）,タグ・JAN・型番・ブランド名を撮影、全体写真、数量,,,,,,,,,候補あり
PKGI-02206087,PKGI-02206087,マスコットチャーム（ハローキティ）(アベイル)【予約】,1,shop-shimamura_com,,PKG-00786945,,,,8月,G,商品特定（候補あり）,高,PKG-00786945,PKG(箱なし),1890,1,,商品を特定できていない（候補が複数）,タグ・JAN・型番・ブランド名を撮影、全体写真、数量,,,,,,,,,候補あり
PKGI-02206089,PKGI-02206089,マスコットチャーム（ハローキティ）(アベイル)【予約】,1,shop-shimamura_com,,PKG-00786945,,,,8月,G,商品特定（候補あり）,高,PKG-00786945,PKG(箱なし),1891,1,,商品を特定できていない（候補が複数）,タグ・JAN・型番・ブランド名を撮影、全体写真、数量,,,,,,,,,候補あり
PKGI-01956338,PKGI-01956338,【MyGO!!!!!(1)-(3)】MyGO!!!!!×トゲナシトゲアリ「Avoid Note」　Tシャツ XLサイズ,2,bushiroad-store_com,,PKG-00807599,YES,YES,,8月,A,版・サイズ・色の確定,中,PKG-00807599,PKG(箱なし),1674,2,,版・SKU・サイズ・色が元データから確定できない,版・種類・サイズ・色,https://bushiroad-store.com/products/2000200080169,master_v336_confirmed_url,,,,,,,特定済み
PKGI-02097176,PKGI-02097176,TV LIFE(テレビライフ)首都圏版 2025年 7月 11日号【表紙：櫻井翔＆比嘉愛未】,4,hmv_co_jp,,PKG-00823045,YES,YES,YES,8月,A,版・サイズ・色の確定,中,PKG-00823045,PKG(箱なし),1869,4,,版・SKU・サイズ・色が元データから確定できない,版・種類・サイズ・色、数量・セット内容、状態・未開封、箱・袋の所在,https://www.neowing.co.jp/product/NEOBK-3106466,master_v336_confirmed_url,,,,元数量保持。現物販売単位・版/期限,,,特定済み
PKGI-02057872,PKGI-02057872,使いかたいろいろ「キャンディ スマート がま口ポシェット」使いかたいろいろ「キャンディ スマート がま口ポシェット」,1,kanmi_jp,,PKG-00836434,,,,8月,H,商品特定（ページ見つからず）,高,PKG-00836434,PKG(箱なし),1666,1,,商品ページが見つからない（商品名から特定不可）,タグ・JAN・型番・ブランド名を撮影、全体写真、数量,,,,,,,,,未発見
PKGI-02360617,PKGI-02360617,ベビーロンパス（70-80cm・mamaraku）(バースデイ)【予約】,1,shop-shimamura_com,,PKG-00843189,,,,8月,I,登録済み・IT未入庫,高,PKG-00843189,PKG(箱なし),1879,1,,商品マスタ(PD)はあるが在庫(IT)が未入庫,現物の有無と点数,,,,,,,PD9KPI7T5V04;PDR6MBQNHJX4,,候補あり
PKGI-01934362,PKGI-01934362,Gamchu【ガムチュ】[ノベルティー対象商品]いっぱい転んだけど無問題！加工スカルパーカー/全2色,1,acrotokyo_com,,PKG-00853472,,,,8月,H,商品特定（ページ見つからず）,高,PKG-00853472,PKG(箱なし),1609,1,,商品ページが見つからない（商品名から特定不可）,タグ・JAN・型番・ブランド名を撮影、全体写真、数量,,,,,,,,,未発見
PKGI-01977453,PKGI-01977453,『フランケンシュタインの怪獣 サンダ対ガイラ』サンダ（日本アルプス・サンドカーキ）,1,core-choco_shop-pro_jp,,PKG-00855821,YES,YES,YES,8月,B,数量・版＋撮影（写真なし）,中,PKG-00855821,PKG(箱なし),1770,1,,現物未確認（数量・版の確認）／写真なし（撮影が必要）,確認数量（元リストの商品単位） / 欠品・付属品の実際の内容 / 現物サイズ・型番タグ・色と状態を確認 / 箱番号・実所在 / 箱番号・所在,https://core-choco.shop-pro.jp/?pid=175200956,master_v336_confirmed_url,,,,,,,特定済み
PKGI-01977454,PKGI-01977454,バルタン星人（ダイオード・アシッドブルー）,1,core-choco_shop-pro_jp,,PKG-00855821,YES,YES,YES,8月,B,数量・版＋撮影（写真なし）,中,PKG-00855821,PKG(箱なし),1771,1,,現物未確認（数量・版の確認）／写真なし（撮影が必要）,確認数量（元リストの商品単位） / 欠品・付属品の実際の内容 / 現物サイズ・型番タグ・色と状態を確認 / 箱番号・実所在 / 箱番号・所在,https://core-choco.shop-pro.jp/?pid=179494408,master_v336_confirmed_url,,,,,,,特定済み
PKGI-02301986,PKGI-02301986,パラノイドランデブー ［CD+Blu-ray Disc+ブックレット+ユニットトレカ+グループトレカ+ステッカー］＜初回限定盤＞ (発売日: 2025年10月15日) + '（特典あり)',1,tower_jp,,PKG-00869220,YES,YES,,8月,A,版・サイズ・色の確定,中,PKG-00869220,PKG(箱なし),1786,1,,版・SKU・サイズ・色が元データから確定できない,版・種類・サイズ・色,https://tower.jp/item/6929512,master_v336_confirmed_url,,,,,,,特定済み
PKGI-02340541,PKGI-02340541,天才秀才クールな学生カーディガン,1,wegoec_jp,,PKG-00873706,YES,YES,,8月,A,版・サイズ・色の確定,中,PKG-00873706,PKG(箱なし),1701,1,,版・SKU・サイズ・色が元データから確定できない,版・種類・サイズ・色,https://wego.jp/products/wh25sp02-l0003,master_v336_confirmed_url,,,,,,,特定済み
PKGI-02220782,PKGI-02220782,NEW ERA×LBWK 9FIFTY Logo Cap Black,1,lbwk_jp,,PKG-00881482,,,,8月,B,数量・版＋撮影（写真なし）,中,PKG-00881482,PKG(箱なし),1690,1,,現物未確認（数量・版の確認）／写真なし（撮影が必要）,元帳数量保持・現物未確認,https://en.lbwk.jp/product/ht34-bk-2/,master_v336_confirmed_url,,,,元帳数量保持・現物,,,特定済み
PKGI-02212904,PKGI-02212904,A Matter of Time,1,hmv_co_jp,,PKG-00883511,,,,8月,H,商品特定（ページ見つからず）,高,PKG-00883511,PKG(箱なし),1855,1,,商品ページが見つからない（商品名から特定不可）,タグ・JAN・型番・ブランド名を撮影、全体写真、数量,,,,,,,,,未発見
PKGI-02162911,PKGI-02162911,ウェディングブーケアクリルフレーム パープル【お届け予定：1～2営業日以内出荷予定（休業日を除く）】,1,shop_fancy-fukuya_co_jp,,PKG-00893667,,,,8月,G,商品特定（候補あり）,高,PKG-00893667,PKG(箱なし),1817,1,,商品を特定できていない（候補が複数）,タグ・JAN・型番・ブランド名を撮影、全体写真、数量,,,,,,,,,候補あり
PKGI-02162912,PKGI-02162912,缶バッジアクリルフレーム　アニマル　ハリネズミ【お届け予定：1～2営業日以内出荷予定（休業日を除く）】,1,shop_fancy-fukuya_co_jp,,PKG-00893667,,,,8月,G,商品特定（候補あり）,高,PKG-00893667,PKG(箱なし),1861,1,,商品を特定できていない（候補が複数）,タグ・JAN・型番・ブランド名を撮影、全体写真、数量,,,,,,,,,候補あり
PKGI-02184520,PKGI-02184520,Takashi Murakami + MLB World Tour Tokyo Series 2025 Dodgers Tote Bag (8月中旬頃より順次発送) [tonari-no-zingaro],1,zingaro_shop,,PKG-00898177,,,,8月,G,商品特定（候補あり）,高,PKG-00898177,PKG(箱なし),1688,1,,商品を特定できていない（候補が複数）,タグ・JAN・型番・ブランド名を撮影、全体写真、数量,,,,,,,,,候補あり
PKGI-02131272,PKGI-02131272,【JP】[汎用] 色鮮やかな力線/Prismatic Leyline (黄)「M」〔MST193〕,2,tokyofab_com,,PKG-00903425,YES,YES,YES,8月,A,版・サイズ・色の確定,中,PKG-00903425,PKG(箱なし),1894,2,,版・SKU・サイズ・色が元データから確定できない,版・種類・サイズ・色、数量・セット内容、状態・未開封,https://www.tokyofab.com/view/item/000000009744,master_v336_confirmed_url,,,,,,,特定済み
PKGI-02244619,PKGI-02244619,ちいかわ Chiikawa Baby マスコット（ラッコ）,1,chiikawa-market_jp,,PKG-00913218,,,,8月,G,商品特定（候補あり）,高,PKG-00913218,PKG(箱なし),1900,1,,商品を特定できていない（候補が複数）,タグ・JAN・型番・ブランド名を撮影、全体写真、数量,,,,,,,,,候補あり
PKGI-02336637,PKGI-02336637,【10月下旬以降配送予定】 Arcaea Next Stage: Crossing Collection (Normal Edition),1,tanocstore_net,,PKG-00918985,,,YES,8月,F,状態・未開封・動作,中,PKG-00918985,PKG(箱なし),1852,1,,状態・未開封・動作の確認が必要,状態・未開封,https://www.tanocstore.net/shopdetail/000000004229,master_v336_confirmed_url,,,,,,,特定済み
PKGI-02316284,PKGI-02316284,"「藤本壮介の建築：原初・未来・森」展覧会カタログ｜Exhibition Catalogue ""The Architecture of Sou Fujimoto: Primordial Future Forest""",1,shop_mori_art_museum,,PKG-00922524,,,,8月,C,数量・版,中,PKG-00922524,PKG(箱なし),1787,1,,現物未確認（数量・版の確認）,未確認,,,,,,,,,特定済み
PKGI-02234753,PKGI-02234753,スパにゃん コンビネーションレンチ 10ｍｍ,1,ktcos_jp,,PKG-00925914,,,YES,8月,B,数量・版＋撮影（写真なし）,中,PKG-00925914,PKG(箱なし),1892,1,,現物未確認（数量・版の確認）／写真なし（撮影が必要）,確認数量（元リストの商品単位） / 欠品・付属品の実際の内容 / 現物品番・図柄・状態を確認。42gは製品重量で発送重量ではない / 箱番号・実所在 / 箱番号・所在,https://ktcos.jp/products/yg-ms2-10.html,master_v336_confirmed_url,,,,,,,特定済み
PKGI-02246264,PKGI-02246264,Amiligeロゴ変形タ?メーシ?ニット,1,a-am-studio_jp,,PKG-00926278,,,,8月,G,商品特定（候補あり）,高,PKG-00926278,PKG(箱なし),1634,1,,商品を特定できていない（候補が複数）,タグ・JAN・型番・ブランド名を撮影、全体写真、数量,https://a-am-studio.jp/collections/knit/products/82482263002,"candidate_url(supplier,score=0.76)",https://a-am-studio.jp/collections/knit/products/82482263002,Amiligeロゴ変形ダメージニット,0.76,,,,候補あり
PKGI-02409821,PKGI-02409821,1/7スケール完成品フィギュア 式波・アスカ・ラングレー Ver.RADIO EVA Part.3 (限定オリジナルカラー版),1,radio-eva_jp,,PKG-00932919,,,,8月,G,商品特定（候補あり）,高,PKG-00932919,PKG(箱なし),1611,1,,商品を特定できていない（候補が複数）,タグ・JAN・型番・ブランド名を撮影、全体写真、数量,,,,,,,,,候補あり
PKGI-02370266,PKGI-02370266,Dear Jubilee -RADWIMPS TRIBUTE- (発売日: 2025年11月19日),1,tower_jp,,PKG-00934333,,,YES,8月,D,数量・セット内容,中,PKG-00934333,PKG(箱なし),1793,1,,数量・セット内容の確認が必要,数量・セット内容、状態・未開封,https://tower.jp/item/7256550,master_v336_confirmed_url,,,,元帳数量保持・現物,,,特定済み
PKGI-02453915,PKGI-02453915,YELLOW MAGAZINE 2019-2020,1,asmart_jp,,PKG-00935195,,,YES,8月,D,数量・セット内容,中,PKG-00935195,PKG(箱なし),1773,1,,数量・セット内容の確認が必要,数量・セット内容、状態・未開封,https://www.asmart.jp/shop/hoshino_gen/product/10023219,master_v336_confirmed_url,,,,,,,特定済み
PKGI-02453916,PKGI-02453916,YELLOW MAGAZINE 2018-2019,1,asmart_jp,,PKG-00935195,,,YES,8月,D,数量・セット内容,中,PKG-00935195,PKG(箱なし),1781,1,,数量・セット内容の確認が必要,数量・セット内容、状態・未開封,https://www.asmart.jp/en/shop/hoshino_gen/product/10019488,master_v336_confirmed_url,,,,元帳数量保持・現物,,,特定済み
PKGI-02453912,PKGI-02453912,YELLOW MAGAZINE ISSUE08 2023-2024,1,asmart_jp,,PKG-00935195,,,YES,8月,D,数量・セット内容,中,PKG-00935195,PKG(箱なし),1813,1,,数量・セット内容の確認が必要,数量・セット内容、状態・未開封,https://www.hoshinogen.com/merch/detail/?id=30,master_v336_confirmed_url,,,,元帳数量保持・現物,,,特定済み
PKGI-02453911,PKGI-02453911,MAYONAKA Mug,1,asmart_jp,,PKG-00935195,,,,8月,G,商品特定（候補あり）,高,PKG-00935195,PKG(箱なし),1860,1,,商品を特定できていない（候補が複数）,タグ・JAN・型番・ブランド名を撮影、全体写真、数量,,,,,,,,,候補あり
PKGI-02453913,PKGI-02453913,YM Mug (Green),1,asmart_jp,,PKG-00935195,,,,8月,G,商品特定（候補あり）,高,PKG-00935195,PKG(箱なし),1865,1,,商品を特定できていない（候補が複数）,タグ・JAN・型番・ブランド名を撮影、全体写真、数量,,,,,,,,,候補あり
PKGI-02311628,PKGI-02311628,MIN GT 1/64 Nissan LB-Super Silhouette S15 SILVIA / LB Blister Packaging,1,lbwk_jp,,PKG-00939173,,,,8月,G,商品特定（候補あり）,高,PKG-00939173,PKG(箱なし),1818,1,,商品を特定できていない（候補が複数）,タグ・JAN・型番・ブランド名を撮影、全体写真、数量,https://lbwk.jp/product/mc141-whni/,"web_search(supplier,score=0.95)",https://lbwk.jp/product/mc141-whni/,MIN GT 1/64 Nissan LB-Super Silhouette S15 SILVIA / LB Blister Packaging - LB-ONLINE STORE,0.95,,,,候補あり
PKGI-02311697,PKGI-02311697,MIN GT 1/64 Nissan LB-Super Silhouette S15 SILVIA / LB Blister Packaging,1,lbwk_jp,,PKG-00939336,,,,8月,G,商品特定（候補あり）,高,PKG-00939336,PKG(箱なし),1819,1,,商品を特定できていない（候補が複数）,タグ・JAN・型番・ブランド名を撮影、全体写真、数量,,,,,,,,,候補あり
PKGI-02263854,PKGI-02263854,光沢 ストレッチ体操服 ハーフ丈ジャージ〈ネイビー袖×白ライン〉,1,predatorrat_com,,PKG-00955003,,,,8月,H,商品特定（ページ見つからず）,高,PKG-00955003,PKG(箱なし),1638,1,,商品ページが見つからない（商品名から特定不可）,タグ・JAN・型番・ブランド名を撮影、全体写真、数量,,,,,,,,,未発見
PKGI-02263850,PKGI-02263850,プレデターラットスタイルロゴスポーツブラ&プレデターラットスタイルロゴスポーツハーフバックパンツ〈黒〉セット,1,predatorrat_com,,PKG-00955003,,,,8月,H,商品特定（ページ見つからず）,高,PKG-00955003,PKG(箱なし),1645,1,,商品ページが見つからない（商品名から特定不可）,タグ・JAN・型番・ブランド名を撮影、全体写真、数量,,,,,,,,,未発見
PKGI-02263849,PKGI-02263849,メイドブラ〈黒×ブラックリボン〉 & 超ローライズ メイドパンツ〈黒×ブラックリボン〉セット,1,predatorrat_com,,PKG-00955003,,,,8月,H,商品特定（ページ見つからず）,高,PKG-00955003,PKG(箱なし),1679,1,,商品ページが見つからない（商品名から特定不可）,タグ・JAN・型番・ブランド名を撮影、全体写真、数量,,,,,,,,,未発見
PKGI-02263853,PKGI-02263853,ハイレグ競泳水着Tバック〈ネイビー×白ライン〉,1,predatorrat_com,,PKG-00955003,,,,8月,H,商品特定（ページ見つからず）,高,PKG-00955003,PKG(箱なし),1680,1,,商品ページが見つからない（商品名から特定不可）,タグ・JAN・型番・ブランド名を撮影、全体写真、数量,,,,,,,,,未発見
PKGI-02263856,PKGI-02263856,グラビアのハイレグ競泳水着Tバック（裏地なし）〈光沢ネイビー×白ライン〉,1,predatorrat_com,,PKG-00955003,,,,8月,H,商品特定（ページ見つからず）,高,PKG-00955003,PKG(箱なし),1681,1,,商品ページが見つからない（商品名から特定不可）,タグ・JAN・型番・ブランド名を撮影、全体写真、数量,,,,,,,,,未発見
PKGI-02263851,PKGI-02263851,グラビアの眼帯ブラ〈グレー〉 & 超ローライズ 紐パンツ〈グレー〉,1,predatorrat_com,,PKG-00955003,,,,8月,H,商品特定（ページ見つからず）,高,PKG-00955003,PKG(箱なし),1685,1,,商品ページが見つからない（商品名から特定不可）,タグ・JAN・型番・ブランド名を撮影、全体写真、数量,,,,,,,,,未発見
PKGI-02263847,PKGI-02263847,超ローライズ ラインホットパンツ ストレッチデニム素材〈デニム×白ライン〉,1,predatorrat_com,,PKG-00955003,,,,8月,H,商品特定（ページ見つからず）,高,PKG-00955003,PKG(箱なし),1746,1,,商品ページが見つからない（商品名から特定不可）,タグ・JAN・型番・ブランド名を撮影、全体写真、数量,,,,,,,,,未発見
PKGI-02263855,PKGI-02263855,光沢 超ローライズ ライン ブルマ〈ネイビー×白ライン〉,1,predatorrat_com,,PKG-00955003,,,,8月,H,商品特定（ページ見つからず）,高,PKG-00955003,PKG(箱なし),1779,1,,商品ページが見つからない（商品名から特定不可）,タグ・JAN・型番・ブランド名を撮影、全体写真、数量,,,,,,,,,未発見
PKGI-02263852,PKGI-02263852,超超ローライズ ストレッチホットパンツ〈黒〉,1,predatorrat_com,,PKG-00955003,,,,8月,H,商品特定（ページ見つからず）,高,PKG-00955003,PKG(箱なし),1792,1,,商品ページが見つからない（商品名から特定不可）,タグ・JAN・型番・ブランド名を撮影、全体写真、数量,,,,,,,,,未発見
PKGI-02263848,PKGI-02263848,超ローライズ ラインホットパンツ〈グレー×白ライン〉,1,predatorrat_com,,PKG-00955003,,,,8月,G,商品特定（候補あり）,高,PKG-00955003,PKG(箱なし),1800,1,,商品を特定できていない（候補が複数）,タグ・JAN・型番・ブランド名を撮影、全体写真、数量,,,,,,,,,候補あり
PKGI-02272625,PKGI-02272625,Wooting 60HE+ RGB Keyboard Black,1,fumo-collection_com,,PKG-00956004,,,,8月,B,数量・版＋撮影（写真なし）,中,PKG-00956004,PKG(箱なし),1593,1,,現物未確認（数量・版の確認）／写真なし（撮影が必要）,確認数量（元リストの商品単位） / 欠品・付属品の実際の内容 / ANSI／ISO配列 / 箱番号・実所在 / 箱番号・所在,https://wooting.io/post/the-difference-between-the-60he-and-the-60he-v2,master_v336_confirmed_url,,,,,,,特定済み
PKGI-02271587,PKGI-02271587,KiU Standard rain poncho 2nd K404,1,kiu-online_jp,,PKG-00956191,YES,YES,YES,8月,A,版・サイズ・色の確定,中,PKG-00956191,PKG(箱なし),1687,1,,版・SKU・サイズ・色が元データから確定できない,版・種類・サイズ・色、数量・セット内容、bonus_or_purchase_benefit_presence、状態・未開封,https://kiu-online.jp/en/products/pre-order-chius-standard-rain-poncho-2nd-k404-1,master_v336_confirmed_url,,,,,,,特定済み
PKGI-02334685,PKGI-02334685,オーガニックエアープレミアムギフトセット,1,ikeuchi_org,,PKG-00958868,,,,8月,H,商品特定（ページ見つからず）,高,PKG-00958868,PKG(箱なし),1675,1,,商品ページが見つからない（商品名から特定不可）,タグ・JAN・型番・ブランド名を撮影、全体写真、数量,,,,,,,,,未発見
PKGI-02334682,PKGI-02334682,バンブー540 シャワータオル,1,ikeuchi_org,,PKG-00958868,,,,8月,H,商品特定（ページ見つからず）,高,PKG-00958868,PKG(箱なし),1754,1,,商品ページが見つからない（商品名から特定不可）,タグ・JAN・型番・ブランド名を撮影、全体写真、数量,,,,,,,,,未発見
PKGI-02334681,PKGI-02334681,オーガニック330 シャワータオル,1,ikeuchi_org,,PKG-00958868,,,,8月,H,商品特定（ページ見つからず）,高,PKG-00958868,PKG(箱なし),1809,1,,商品ページが見つからない（商品名から特定不可）,タグ・JAN・型番・ブランド名を撮影、全体写真、数量,,,,,,,,,未発見
PKGI-02334683,PKGI-02334683,シーズン刺繍タオルハンカチ　どんぐり,1,ikeuchi_org,,PKG-00958868,,,,8月,H,商品特定（ページ見つからず）,高,PKG-00958868,PKG(箱なし),1919,1,,商品ページが見つからない（商品名から特定不可）,タグ・JAN・型番・ブランド名を撮影、全体写真、数量,,,,,,,,,未発見
PKGI-02334684,PKGI-02334684,ハロウィン限定タオルハンカチ,1,ikeuchi_org,,PKG-00958868,,,,8月,G,商品特定（候補あり）,高,PKG-00958868,PKG(箱なし),1920,1,,商品を特定できていない（候補が複数）,タグ・JAN・型番・ブランド名を撮影、全体写真、数量,,,,,,,,,候補あり
PKGI-02297856,PKGI-02297856,フリル袖編み上げワンピース：黒×白レース,1,marble-02_com,,PKG-00960343,,,,8月,G,商品特定（候補あり）,高,PKG-00960343,PKG(箱なし),1613,1,,商品を特定できていない（候補が複数）,タグ・JAN・型番・ブランド名を撮影、全体写真、数量,,,,,,,,,候補あり
PKGI-02592846,PKGI-02592846,Angels & Ghosts＜完全生産限定盤＞ (発売日: 2015年12月18日),3,tower_jp,,PKG-00968554,,,,8月,H,商品特定（ページ見つからず）,高,PKG-00968554,PKG(箱なし),1655,3,,商品ページが見つからない（商品名から特定不可）,タグ・JAN・型番・ブランド名を撮影、全体写真、数量,,,,,,,,,未発見
PKGI-02592847,PKGI-02592847,Fate Of Nations (発売日: 2019年08月27日),2,tower_jp,,PKG-00968554,,,,8月,H,商品特定（ページ見つからず）,高,PKG-00968554,PKG(箱なし),1692,2,,商品ページが見つからない（商品名から特定不可）,タグ・JAN・型番・ブランド名を撮影、全体写真、数量,,,,,,,,,未発見
PKGI-02734082,PKGI-02734082,オベイミー! アイコニック トレーディング 缶バッジ ～コンプリートセット～ ～海外からご購入のお客様へ～,2,mayla_jp,,PKG-00972917,YES,YES,YES,8月,A,版・サイズ・色の確定,中,PKG-00972917,PKG(箱なし),1758,2,,版・SKU・サイズ・色が元データから確定できない,版・種類・サイズ・色、数量・セット内容、状態・未開封、画像と現物の一致、箱・袋の所在,https://mayla.jp/SHOP/gda1619.html,master_v336_confirmed_url,,,,,,,特定済み
PKGI-02723392,PKGI-02723392,【買取】アイスミント ボディスクラブ,1,shiro-shiro_jp,,PKG-00972920,,,,8月,G,商品特定（候補あり）,高,PKG-00972920,PKG(箱なし),1830,1,,商品を特定できていない（候補が複数）,タグ・JAN・型番・ブランド名を撮影、全体写真、数量,,,,,,,,,候補あり
PKGI-02716289,PKGI-02716289,【買取】HANA Moment Box 2026【2026年3月下旬発送予定】,1,bmsg_shop,,PKG-00972923,,,,8月,H,商品特定（ページ見つからず）,高,PKG-00972923,PKG(箱なし),1683,1,,商品ページが見つからない（商品名から特定不可）,タグ・JAN・型番・ブランド名を撮影、全体写真、数量,,,,,,,,,未発見
PKGI-02898411,PKGI-02898411,【買取】DAYPACK MULTI,1,ocean-ground-online_jp,,PKG-00972939,,,,8月,G,商品特定（候補あり）,高,PKG-00972939,PKG(箱なし),1956,1,,商品を特定できていない（候補が複数）,タグ・JAN・型番・ブランド名を撮影、全体写真、数量,https://hauhau.net/view/item/000000002109?category_page_id=ct309,"candidate_url(other,score=1.00)",https://hauhau.net/view/item/000000002109?category_page_id=ct309,DAYPACK MULTI,1.00,,,,候補あり
PKGI-02846632,PKGI-02846632,【買取】Lion Look Bath Antimold Fumigation Floral 5g,5,sundrug-online_com,,PKG-00972957,,,,8月,G,商品特定（候補あり）,高,PKG-00972957,PKG(箱なし),1843,5,,商品を特定できていない（候補が複数）,タグ・JAN・型番・ブランド名を撮影、全体写真、数量,,,,,,,,,候補あり
PKGI-02843290,PKGI-02843290,【買取】書生シャツ ブラック,1,misamaru04_base_shop,,PKG-00972959,,,,8月,H,商品特定（ページ見つからず）,高,PKG-00972959,PKG(箱なし),1695,1,,商品ページが見つからない（商品名から特定不可）,タグ・JAN・型番・ブランド名を撮影、全体写真、数量,,,,,,,,,未発見
PKGI-02828577,PKGI-02828577,【買取】【SNIDEL BEAUTY】フラッフィー ブラッシュ［01～04］＜2025 AW Collection＞,1,cosmekitchen-webstore_jp,,PKG-00972960,,,,8月,G,商品特定（候補あり）,高,PKG-00972960,PKG(箱なし),1816,1,,商品を特定できていない（候補が複数）,タグ・JAN・型番・ブランド名を撮影、全体写真、数量,https://snidelbeauty.com/Form/Product/ProductDetail.aspx?pid=4573623430838,"candidate_url(other,score=1.00)",https://snidelbeauty.com/Form/Product/ProductDetail.aspx?pid=4573623430838,【SNIDEL BEAUTY】フラッフィー ブラッシュ［01～04］＜2025 AW Collection＞,1.00,,,,候補あり
PKGI-02828576,PKGI-02828576,【買取】【to/one】ルミナス グロウ リキッド［01～03］,1,cosmekitchen-webstore_jp,,PKG-00972960,,,,8月,G,商品特定（候補あり）,高,PKG-00972960,PKG(箱なし),1833,1,,商品を特定できていない（候補が複数）,タグ・JAN・型番・ブランド名を撮影、全体写真、数量,,,,,,,,,候補あり
PKGI-02820364,PKGI-02820364,【買取】HAZBIN HOTEL Smartphone Design Sticker,1,blackballoon_market,,PKG-00972981,YES,YES,YES,8月,A,版・サイズ・色の確定,中,PKG-00972981,PKG(箱なし),1932,1,,版・SKU・サイズ・色が元データから確定できない,版・種類・サイズ・色、数量・セット内容、状態・未開封、画像と現物の一致,https://blackballoon.market/en/products/z8637ht,master_v336_confirmed_url,,,,,,,特定済み
PKGI-02784956,PKGI-02784956,【買取】【Celvoke】クーリング ロールオン　Dawn Forest 〈夜明けの森の香り〉,1,cosmekitchen-webstore_jp,,PKG-00972985,,,,8月,G,商品特定（候補あり）,高,PKG-00972985,PKG(箱なし),1848,1,,商品を特定できていない（候補が複数）,タグ・JAN・型番・ブランド名を撮影、全体写真、数量,,,,,,,,,候補あり
PKGI-02487304,PKGI-02487304,"AGENDA MARK'S 2026, bloc mensuel, format B5, d?but janvier 2026, carnet calendrier, format moyen",1,online-marks_com,,PKG-00978292,,,,8月,G,商品特定（候補あり）,高,PKG-00978292,PKG(箱なし),1910,1,,商品を特定できていない（候補が複数）,タグ・JAN・型番・ブランド名を撮影、全体写真、数量,,,,,,,,,候補あり
PKGI-02487307,PKGI-02487307,PILOT iro-utsushi <Iro-utsushi> Stylo plongeur M (moyen),1,online-marks_com,,PKG-00978292,,,,8月,G,商品特定（候補あり）,高,PKG-00978292,PKG(箱なし),1913,1,,商品を特定できていない（候補が複数）,タグ・JAN・型番・ブランド名を撮影、全体写真、数量,,,,,,,,,候補あり
PKGI-02487306,PKGI-02487306,"mast? MARK'S Masking tape inscriptible avec un stylo ? eau, perfor?, feuille/ mast? <Cream Soda>",1,online-marks_com,,PKG-00978292,,,,8月,H,商品特定（ページ見つからず）,高,PKG-00978292,PKG(箱なし),1921,1,,商品ページが見つからない（商品名から特定不可）,タグ・JAN・型番・ブランド名を撮影、全体写真、数量,,,,,,,,,未発見
PKGI-02487308,PKGI-02487308,"mast? Masking tape inscriptible au stylo ? eau MARK'S , perfor?, fin, 2 volumes <Carreaux vichy rose>",1,online-marks_com,,PKG-00978292,,,,8月,H,商品特定（ページ見つからず）,高,PKG-00978292,PKG(箱なし),1934,1,,商品ページが見つからない（商品名から特定不可）,タグ・JAN・型番・ブランド名を撮影、全体写真、数量,,,,,,,,,未発見
PKGI-02487305,PKGI-02487305,"PILOT FRIXON SYNERGY KNOCK 0,3 mm ＜Gelato＞",1,online-marks_com,,PKG-00978292,,,,8月,H,商品特定（ページ見つからず）,高,PKG-00978292,PKG(箱なし),1949,1,,商品ページが見つからない（商品名から特定不可）,タグ・JAN・型番・ブランド名を撮影、全体写真、数量,,,,,,,,,未発見
PKGI-02492163,PKGI-02492163,WWZ1052207A0001 【お気に入りNO.1】2WAY REVERSIBLE FUR BLOUSON,1,palcloset_jp,,PKG-00978823,,,,8月,B,数量・版＋撮影（写真なし）,中,PKG-00978823,PKG(箱なし),1630,1,,現物未確認（数量・版の確認）／写真なし（撮影が必要）,元帳数量保持・現物未確認,https://www.palcloset.jp/display/item/WWZ1052207A0001/,master_v336_confirmed_url,,,,元帳数量保持・現物,,,特定済み
PKGI-02492165,PKGI-02492165,WWZ1042302A0001 【SLOPPY】 RIBBED SHORTS/リブショートパンツ,1,palcloset_jp,,PKG-00978823,,,,8月,B,数量・版＋撮影（写真なし）,中,PKG-00978823,PKG(箱なし),1756,1,,現物未確認（数量・版の確認）／写真なし（撮影が必要）,元帳数量保持・現物未確認,https://www.palcloset.jp/display/item/WWZ1042302A0001/,master_v336_confirmed_url,,,,元帳数量保持・現物,,,特定済み
PKGI-02492166,PKGI-02492166,WWZ1042302A0001 【SLOPPY】 RIBBED SHORTS/リブショートパンツ,1,palcloset_jp,,PKG-00978823,,,,8月,B,数量・版＋撮影（写真なし）,中,PKG-00978823,PKG(箱なし),1757,1,,現物未確認（数量・版の確認）／写真なし（撮影が必要）,元帳数量保持・現物未確認,,,,,,元帳数量保持・現物,,,特定済み
PKGI-02492164,PKGI-02492164,WWZ1052307A0005e 【WHO'S WHO gallery】プードルファージャケット,1,palcloset_jp,,PKG-00978823,YES,YES,,8月,A,版・サイズ・色の確定,中,PKG-00978823,PKG(箱なし),1780,1,,版・SKU・サイズ・色が元データから確定できない,版・種類・サイズ・色,https://www.palcloset.jp/display/item/WWZ1052307A0005/,master_v336_confirmed_url,,,,,,,特定済み
PKGI-02423677,PKGI-02423677,【SEXPOT TOKYO 限定】 ガチャガチャ,1,sexpot_jp,,PKG-00982777,YES,YES,,8月,A,版・サイズ・色の確定,中,PKG-00982777,PKG(箱なし),1944,1,,版・SKU・サイズ・色が元データから確定できない,版・種類・サイズ・色、bonus_or_purchase_benefit_presence,https://www.sexpot.jp/item/sd01000-0001/,master_v336_confirmed_url,,,,,,,特定済み
PKGI-02382915,PKGI-02382915,2025年11月末頃より順次発送予定　『映画 ギヴン 海へ』 チケットデザイン パーカー ギヴン ブラック,1,noitamina-apparel_com,,PKG-00988007,,,,8月,H,商品特定（ページ見つからず）,高,PKG-00988007,PKG(箱なし),1696,1,,商品ページが見つからない（商品名から特定不可）,タグ・JAN・型番・ブランド名を撮影、全体写真、数量,,,,,,,,,未発見
PKGI-02441248,PKGI-02441248,座りヨーキー(アクリルパネル),1,suzuri_jp,,PKG-00994125,,,,8月,H,商品特定（ページ見つからず）,高,PKG-00994125,PKG(箱なし),1896,1,,商品ページが見つからない（商品名から特定不可）,タグ・JAN・型番・ブランド名を撮影、全体写真、数量,,,,,,,,,未発見
PKGI-02454373,PKGI-02454373,『ディズニー ツイステッドワンダーランド』アイコニック イヤオブジェ ～寮章～ ～海外からご購入のお客様へ～,1,mayla_jp,,PKG-00994914,YES,YES,,8月,C,数量・版,中,PKG-00994914,PKG(箱なし),1663,1,,現物未確認（数量・版の確認）,説明文の未確認項目（サイズ・色・種類・構成など）,https://mayla.jp/SHOP/aca0305.html,master_v336_confirmed_url,,,,,,,特定済み
PKGI-02340403,PKGI-02340403,【セットアップ】バイアスカットフレアジレ,1,united-tokyo_com,,PKG-00997716,,,,8月,H,商品特定（ページ見つからず）,高,PKG-00997716,PKG(箱なし),1591,1,,商品ページが見つからない（商品名から特定不可）,タグ・JAN・型番・ブランド名を撮影、全体写真、数量,,,,,,,,,未発見
PKGI-02340402,PKGI-02340402,シャーリングビスチェSETシャツ,1,united-tokyo_com,,PKG-00997716,,,,8月,G,商品特定（候補あり）,高,PKG-00997716,PKG(箱なし),1601,1,,商品を特定できていない（候補が複数）,タグ・JAN・型番・ブランド名を撮影、全体写真、数量,,,,,,,,,候補あり
PKGI-02382743,PKGI-02382743,【2点セット】花魁 ミニ 純白花魁 花柄シフォン 花魁コスチューム 和柄 本格和装 着物 花魁ドレス vcsot-231015-2,1,vanityme_link,,PKG-00999674,,,,8月,H,商品特定（ページ見つからず）,高,PKG-00999674,PKG(箱なし),1619,1,,商品ページが見つからない（商品名から特定不可）,タグ・JAN・型番・ブランド名を撮影、全体写真、数量,,,,,,,,,未発見
PKGI-02383514,PKGI-02383514,SEE THROUGH STRIPED SUMMER KNIT PULLOVER / シースルー シャドウボーダー ニットプルオーバー,1,n-nine-store_com,,PKG-00999859,YES,YES,,8月,B,数量・版＋撮影（写真なし）,中,PKG-00999859,PKG(箱なし),1646,1,,現物未確認（数量・版の確認）／写真なし（撮影が必要）,確認数量（元リストの商品単位） / 欠品・付属品の実際の内容 / 色・サイズ・種類の現物と根拠照合 / 箱番号・実所在 / 箱番号・所在,https://wear.jp/item/77291792/,master_v336_confirmed_url,,,,,,,特定済み
PKGI-02383515,PKGI-02383515,SEE THROUGH STRIPED SUMMER KNIT PULLOVER / シースルー シャドウボーダー ニットプルオーバー,1,n-nine-store_com,,PKG-00999859,YES,YES,,8月,B,数量・版＋撮影（写真なし）,中,PKG-00999859,PKG(箱なし),1647,1,,現物未確認（数量・版の確認）／写真なし（撮影が必要）,確認数量（元リストの商品単位） / 欠品・付属品の実際の内容 / 色・サイズ・種類の現物と根拠照合 / 箱番号・実所在 / 箱番号・所在,,,,,,,,,特定済み
PKGI-02374827,PKGI-02374827,ちいかわ ちいかわベーカリー スタッフさんなマスコット（うさぎ）,1,chiikawa-market_jp,,PKG-01002055,,,,8月,G,商品特定（候補あり）,高,PKG-01002055,PKG(箱なし),1880,1,,商品を特定できていない（候補が複数）,タグ・JAN・型番・ブランド名を撮影、全体写真、数量,,,,,,,,,候補あり
PKGI-02374831,PKGI-02374831,ちいかわ トレーディングカードホルダー（うさぎ）,1,chiikawa-market_jp,,PKG-01002055,YES,YES,YES,8月,A,版・サイズ・色の確定,中,PKG-01002055,PKG(箱なし),1915,1,,版・SKU・サイズ・色が元データから確定できない,版・種類・サイズ・色、数量・セット内容、状態・未開封、箱・袋の所在,https://chiikawamarket.jp/products/4582662952362,master_v336_confirmed_url,,,,,,,特定済み
PKGI-02374830,PKGI-02374830,ちいかわ スマホに貼れるサイズのステッカー（あんまんホカッ）,1,chiikawa-market_jp,,PKG-01002055,,,,8月,C,数量・版,中,PKG-01002055,PKG(箱なし),1954,1,,現物未確認（数量・版の確認）,未確認,https://chiikawamarket.jp/products/4571609350873,master_v336_confirmed_url,,,,,,,特定済み
PKGI-02363536,PKGI-02363536,コンポート 50個入,1,wasara-shop_jp,,PKG-01003073,,,,8月,G,商品特定（候補あり）,高,PKG-01003073,PKG(箱なし),1740,1,,商品を特定できていない（候補が複数）,タグ・JAN・型番・ブランド名を撮影、全体写真、数量,,,,,,,,,候補あり
PKGI-02411728,PKGI-02411728,ALPOS ALUMINUM CONTAINER / with Stacking Corner - M (73L),6,pfsonline_jp,,PKG-01007302,YES,YES,,8月,A,版・サイズ・色の確定,中,PKG-01007302,PKG(箱なし),1599,6,,版・SKU・サイズ・色が元データから確定できない,版・種類・サイズ・色,https://www.pfsonline.jp/shopdetail/000000001212/,master_v336_confirmed_url,,,,,,,特定済み
PKGI-02581998,PKGI-02581998,"Симфония №2: Ютака Садо / Виенски тонкунстлер оркестър, Фали, Кулман (2CD)",1,hmv_co_jp,,PKG-01015063,,,,8月,H,商品特定（ページ見つからず）,高,PKG-01015063,PKG(箱なし),1870,1,,商品ページが見つからない（商品名から特定不可）,タグ・JAN・型番・ブランド名を撮影、全体写真、数量,,,,,,,,,未発見
PKGI-02515506,PKGI-02515506,"TV anime ""Tokyo Ghoul"" Kirishima Touka long T-shirt",1,blackballoon_market,,PKG-01018190,YES,YES,,8月,A,版・サイズ・色の確定,中,PKG-01018190,PKG(箱なし),1729,1,,版・SKU・サイズ・色が元データから確定できない,版・種類・サイズ・色,https://blackballoon.market/en/products/z552cwtn9,master_v336_confirmed_url,,,,,,,特定済み
PKGI-02536670,PKGI-02536670,奈良美智　あおもり犬スノードーム,2,aomori-museum_shop,,PKG-01020265,,,,8月,G,商品特定（候補あり）,高,PKG-01020265,PKG(箱なし),1658,2,,商品を特定できていない（候補が複数）,タグ・JAN・型番・ブランド名を撮影、全体写真、数量,,,,,,,,,候補あり
PKGI-02536671,PKGI-02536671,青森県立美術館限定 奈良美智「あおもり犬貯金箱」,1,aomori-museum_shop,,PKG-01020265,YES,,YES,8月,B,数量・版＋撮影（写真なし）,中,PKG-01020265,PKG(箱なし),1707,1,,現物未確認（数量・版の確認）／写真なし（撮影が必要）,確認数量（元リストの商品単位） / 欠品・付属品の実際の内容 / 現物の色・頭部/本体・傷/状態を確認 / 箱番号・実所在 / 箱番号・所在,https://www.aomori-museum.shop/view/item/000000000049?category_page_id=all_items,master_v336_confirmed_url,,,,,,,特定済み
PKGI-02536672,PKGI-02536672,青森県立美術館限定 奈良美智「あおもり犬貯金箱」,1,aomori-museum_shop,,PKG-01020265,YES,,YES,8月,B,数量・版＋撮影（写真なし）,中,PKG-01020265,PKG(箱なし),1708,1,,現物未確認（数量・版の確認）／写真なし（撮影が必要）,確認数量（元リストの商品単位） / 欠品・付属品の実際の内容 / 現物の色・頭部/本体・傷/状態を確認 / 箱番号・実所在 / 箱番号・所在,,,,,,,,,特定済み
PKGI-02536673,PKGI-02536673,青森県立美術館限定 奈良美智「あおもり犬貯金箱」,1,aomori-museum_shop,,PKG-01020265,YES,,YES,8月,B,数量・版＋撮影（写真なし）,中,PKG-01020265,PKG(箱なし),1709,1,,現物未確認（数量・版の確認）／写真なし（撮影が必要）,確認数量（元リストの商品単位） / 欠品・付属品の実際の内容 / 現物の色・頭部/本体・傷/状態を確認 / 箱番号・実所在 / 箱番号・所在,,,,,,,,,特定済み
PKGI-02520031,PKGI-02520031,げんきリアルMOOK　ホンモノそっくり！　しゃべる！　リアルサウンドAED,1,books_rakuten_co_jp,,PKG-01024713,,,YES,8月,D,数量・セット内容,中,PKG-01024713,PKG(箱なし),1871,1,,数量・セット内容の確認が必要,数量・セット内容、状態・未開封、箱・袋の所在,https://www.kodansha.co.jp/book/products/0000417529,master_v336_confirmed_url,,,,,,,特定済み
PKGI-02456837,PKGI-02456837,らいずしぬいぐるみ,1,shop-smtown_jp,,PKG-01025338,YES,YES,YES,8月,A,版・サイズ・色の確定,中,PKG-01025338,PKG(箱なし),1730,1,,版・SKU・サイズ・色が元データから確定できない,版・種類・サイズ・色、数量・セット内容、bonus_or_purchase_benefit_presence、状態・未開封、画像と現物の一致,https://shop-smtown.jp/product/detail/SMEJRP-250056-61,master_v336_confirmed_url,,,,,,,特定済み
PKGI-02456838,PKGI-02456838,らいずしぬいぐるみ,1,shop-smtown_jp,,PKG-01025338,YES,YES,YES,8月,A,版・サイズ・色の確定,中,PKG-01025338,PKG(箱なし),1731,1,,版・SKU・サイズ・色が元データから確定できない,版・種類・サイズ・色、数量・セット内容、bonus_or_purchase_benefit_presence、状態・未開封、画像と現物の一致,,,,,,,,,特定済み
PKGI-02456839,PKGI-02456839,らいずしぬいぐるみ,1,shop-smtown_jp,,PKG-01025338,YES,YES,YES,8月,A,版・サイズ・色の確定,中,PKG-01025338,PKG(箱なし),1732,1,,版・SKU・サイズ・色が元データから確定できない,版・種類・サイズ・色、数量・セット内容、bonus_or_purchase_benefit_presence、状態・未開封、画像と現物の一致,,,,,,,,,特定済み
PKGI-02456840,PKGI-02456840,らいずしぬいぐるみ,1,shop-smtown_jp,,PKG-01025338,YES,YES,YES,8月,A,版・サイズ・色の確定,中,PKG-01025338,PKG(箱なし),1733,1,,版・SKU・サイズ・色が元データから確定できない,版・種類・サイズ・色、数量・セット内容、bonus_or_purchase_benefit_presence、状態・未開封、画像と現物の一致,,,,,,,,,特定済み
PKGI-02456841,PKGI-02456841,らいずしぬいぐるみ,1,shop-smtown_jp,,PKG-01025338,YES,YES,YES,8月,A,版・サイズ・色の確定,中,PKG-01025338,PKG(箱なし),1734,1,,版・SKU・サイズ・色が元データから確定できない,版・種類・サイズ・色、数量・セット内容、bonus_or_purchase_benefit_presence、状態・未開封、画像と現物の一致,,,,,,,,,特定済み
PKGI-02456842,PKGI-02456842,らいずしぬいぐるみ,1,shop-smtown_jp,,PKG-01025338,YES,YES,YES,8月,A,版・サイズ・色の確定,中,PKG-01025338,PKG(箱なし),1735,1,,版・SKU・サイズ・色が元データから確定できない,版・種類・サイズ・色、数量・セット内容、bonus_or_purchase_benefit_presence、状態・未開封、画像と現物の一致,,,,,,,,,特定済み
PKGI-02459529,PKGI-02459529,"Cello Suites Nos.3, 5, 6 -Live in Havana 1962 Stereo : Daniil Shafran(Vc)",2,hmv_co_jp,,PKG-01025355,,,,8月,H,商品特定（ページ見つからず）,高,PKG-01025355,PKG(箱なし),1728,2,,商品ページが見つからない（商品名から特定不可）,タグ・JAN・型番・ブランド名を撮影、全体写真、数量,,,,,,,,,未発見
PKGI-02465002,PKGI-02465002,笑う柴犬 IMPACT ジャガードニットセーター (MENS/WOMENS),1,sanko-bazaar_jp,,PKG-01025763,,,,8月,G,商品特定（候補あり）,高,PKG-01025763,PKG(箱なし),1670,1,,商品を特定できていない（候補が複数）,タグ・JAN・型番・ブランド名を撮影、全体写真、数量,,,,,,,,,候補あり
PKGI-02574964,PKGI-02574964,【福袋】【SNIDEL】2026年 HAPPY BOX,1,usagi-online_com,,PKG-01032071,YES,YES,YES,8月,B,数量・版＋撮影（写真なし）,中,PKG-01032071,PKG(箱なし),1625,1,,現物未確認（数量・版の確認）／写真なし（撮影が必要）,版・種類・サイズ・色、数量・セット内容、状態・未開封,,,,,,,,,特定済み
PKGI-02573245,PKGI-02573245,【即日発送】スリーピーベアギンガムメイド《ハロウィンコスプレ8点セット》【Malymoon/マリームーン】【9998】,1,malymoon-costume_com,,PKG-01032141,YES,YES,YES,8月,A,版・サイズ・色の確定,中,PKG-01032141,PKG(箱なし),1652,1,,版・SKU・サイズ・色が元データから確定できない,版・種類・サイズ・色、数量・セット内容、状態・未開封,https://www.malymoon-costume.com/view/item/000000004303,master_v336_confirmed_url,,,,,,,特定済み
PKGI-02574107,PKGI-02574107,【即日発送】ロマンティック織姫キャット《オリジナルコスプレ11点セット》【Malymoon/マリームーン】【10334】,1,malymoon-costume_com,,PKG-01032160,YES,YES,,8月,A,版・サイズ・色の確定,中,PKG-01032160,PKG(箱なし),1636,1,,版・SKU・サイズ・色が元データから確定できない,版・種類・サイズ・色,https://www.malymoon-costume.com/view/item/000000004572,master_v336_confirmed_url,,,,,,,特定済み
PKGI-02574106,PKGI-02574106,【即日発送】犬のおまわりさん《ハロウィンコスプレ10点セット》【Malymoon/マリームーン】【9521】,1,malymoon-costume_com,,PKG-01032160,,,,8月,G,商品特定（候補あり）,高,PKG-01032160,PKG(箱なし),1691,1,,商品を特定できていない（候補が複数）,タグ・JAN・型番・ブランド名を撮影、全体写真、数量,,,,,,,,,候補あり
PKGI-02560181,PKGI-02560181,AIZO (期間生産限定盤),1,books_rakuten_co_jp,,PKG-01033567,YES,YES,,8月,C,数量・版,中,PKG-01033567,PKG(箱なし),1811,1,,現物未確認（数量・版の確認）,説明文の未確認項目（サイズ・色・種類・構成など）,https://tower.jp/item/item/7921602,master_v336_confirmed_url,,,,,,,特定済み
PKGI-02559861,PKGI-02559861,レコードクレート Record Crate DURC-01,1,diskunion_net,,PKG-01033569,YES,YES,YES,8月,A,版・サイズ・色の確定,中,PKG-01033569,PKG(箱なし),1776,1,,版・SKU・サイズ・色が元データから確定できない,版・種類・サイズ・色、数量・セット内容、状態・未開封,,,,,,,,,特定済み
PKGI-02541475,PKGI-02541475,(nanna) 刺繍がま口ペンケース　フランネルフラワー　生成り,1,minne_com,,PKG-01043819,,,,8月,G,商品特定（候補あり）,高,PKG-01043819,PKG(箱なし),1795,1,,商品を特定できていない（候補が複数）,タグ・JAN・型番・ブランド名を撮影、全体写真、数量,,,,,,,,,候補あり
PKGI-02543768,PKGI-02543768,Archive/Original Tag/Gilet Vest/0/Leather/BRW//【B】,1,2ndstreet_jp,,PKG-01044209,,,,8月,G,商品特定（候補あり）,高,PKG-01044209,PKG(箱なし),1594,1,,商品を特定できていない（候補が複数）,タグ・JAN・型番・ブランド名を撮影、全体写真、数量,,,,,,,,,候補あり
PKGI-02544227,PKGI-02544227,Knit Cap/--/BLK/Plain/Men's【C】,1,2ndstreet_jp,,PKG-01044209,,,,8月,G,商品特定（候補あり）,高,PKG-01044209,PKG(箱なし),1777,1,,商品を特定できていない（候補が複数）,タグ・JAN・型番・ブランド名を撮影、全体写真、数量,,,,,,,,,候補あり
PKGI-02550072,PKGI-02550072,【SNIDEL BEAUTY】メルティング カラー バーム リミテッド キット T＜2026 TEN collaboration＞,1,snidelbeauty_com,,PKG-01045473,,,,8月,G,商品特定（候補あり）,高,PKG-01045473,PKG(箱なし),1743,1,,商品を特定できていない（候補が複数）,タグ・JAN・型番・ブランド名を撮影、全体写真、数量,,,,,,,,,候補あり
PKGI-02555517,PKGI-02555517,Our Diary sweat zip parker,1,pammpamm_store,,PKG-01046963,YES,YES,YES,8月,A,版・サイズ・色の確定,中,PKG-01046963,PKG(箱なし),1627,1,,版・SKU・サイズ・色が元データから確定できない,版・種類・サイズ・色、数量・セット内容、状態・未開封、箱・袋の所在,https://pammpamm.store/collections/tops/products/our-diary-sweat-zip-parker-pm1548,master_v336_confirmed_url,,,,現物,,,特定済み
PKGI-02779253,PKGI-02779253,【買取】Josee The Tiger & The Fish＜限定盤＞ (発売日: 2026年01月30日),1,tower_jp,,PKG-01051527,,,,8月,H,商品特定（ページ見つからず）,高,PKG-01051527,PKG(箱なし),1686,1,,商品ページが見つからない（商品名から特定不可）,タグ・JAN・型番・ブランド名を撮影、全体写真、数量,https://tower.jp/item/5501052,"web_search(supplier,score=0.90)",https://tower.jp/item/5501052,Josee The Tiger & The Fish＜限定盤＞ | 商品詳細,0.90,,,,未発見
PKGI-02613462,PKGI-02613462,ViVi (Vivi) Suppl?ment de mai Num?ro de mai 2026 [Magazine] <Couverture : TREASURE Annexe : TREASURE Sticker> (Date de sortie: 23 mars 2026) + '（特典あり)',2,tower_jp,,PKG-01057447,,,,8月,H,商品特定（ページ見つからず）,高,PKG-01057447,PKG(箱なし),1881,2,,商品ページが見つからない（商品名から特定不可）,タグ・JAN・型番・ブランド名を撮影、全体写真、数量,,,,,,,,,未発見
PKGI-02631980,PKGI-02631980,アクリルジオラマ,1,asmart_jp,,PKG-01058214,,,,8月,G,商品特定（候補あり）,高,PKG-01058214,PKG(箱なし),1812,1,,商品を特定できていない（候補が複数）,タグ・JAN・型番・ブランド名を撮影、全体写真、数量,,,,,,,,,候補あり
PKGI-02631981,PKGI-02631981,ランダムフォトカード（全30種）,10,asmart_jp,,PKG-01058214,,,,8月,B,数量・版＋撮影（写真なし）,中,PKG-01058214,PKG(箱なし),1835,10,,現物未確認（数量・版の確認）／写真なし（撮影が必要）,確認数量（元リストの商品単位） / 欠品・付属品の実際の内容 / 封入種類・現物との根拠照合 / 箱番号・実所在 / 箱番号・所在,https://shop-smtown.jp/product/detail/SMEJN1-250049,master_v336_confirmed_url,,,,,,,特定済み
PKGI-02707071,PKGI-02707071,田中きずな #6 マリーゴールド 背番号 Tシャツ (M/L/XL/XXL),1,bigblue_co_jp,,PKG-01064878,,,,8月,G,商品特定（候補あり）,高,PKG-01064878,PKG(箱なし),1715,1,,商品を特定できていない（候補が複数）,タグ・JAN・型番・ブランド名を撮影、全体写真、数量,,,,,,,,,候補あり
PKGI-02860520,PKGI-02860520,CHIIKAWA INTERIOR TOTE BAG BOOK うさぎver.,1,store_tkj_jp,,PKG-01069799,,,,8月,G,商品特定（候補あり）,高,PKG-01069799,PKG(箱なし),1782,1,,商品を特定できていない（候補が複数）,タグ・JAN・型番・ブランド名を撮影、全体写真、数量,https://tkj.jp/goods/list?fmt=json&limit=20&n1l=0&q=CHIIKAWA+INTERIOR+TOTE+BAG+BOOK+%E3%81%86%E3%81%95%E3%81%8Ever.&sort=Number2%2Cnumber9&style=0&s1=chiikawa,"shop_site_search(supplier,score=1.00)",https://tkj.jp/goods/list?fmt=json&limit=20&n1l=0&q=CHIIKAWA+INTERIOR+TOTE+BAG+BOOK+%E3%81%86%E3%81%95%E3%81%8Ever.&sort=Number2%2Cnumber9&style=0&s1=chiikawa,「chiikawa - CHIIKAWA INTERIOR TOTE BAG BOOK うさぎver.」の検索結果│宝島社の通販 宝島チャンネル,1.00,,,,候補あり
PKGI-02567614,PKGI-02567614,逆愛～Revenged Love～　Blu-ray（初回盤）【コリタメ限定特典付き】,1,koretame_com,,PKG-01071297,YES,YES,,8月,A,版・サイズ・色の確定,中,PKG-01071297,PKG(箱なし),1595,1,,版・SKU・サイズ・色が元データから確定できない,版・種類・サイズ・色、数量・セット内容、bonus_or_purchase_benefit_presence,https://koretame.com/SHOP/95559.html,master_v336_confirmed_url,,,,,,,特定済み
PKGI-02569866,PKGI-02569866,バイオハザード30周年　アクリルスタンドコレクション　エイダ（2月お届け分）,1,e-capcom_com,,PKG-01071916,YES,YES,,8月,A,版・サイズ・色の確定,中,PKG-01071916,PKG(箱なし),1885,1,,版・SKU・サイズ・色が元データから確定できない,版・種類・サイズ・色,https://www.e-capcom.com/shop/g/gC00009212/,master_v336_confirmed_url,,,,,,,特定済み
PKGI-02572175,PKGI-02572175,【直?SHOP限定】厚底??鞋（黑色?合）,1,yosuke-idocorp_com,,PKG-01072478,,,,8月,H,商品特定（ページ見つからず）,高,PKG-01072478,PKG(箱なし),1677,1,,商品ページが見つからない（商品名から特定不可）,タグ・JAN・型番・ブランド名を撮影、全体写真、数量,,,,,,,,,未発見
PKGI-02576221,PKGI-02576221,Synthesizer V AI 重音テト,1,ah-soft_net,,PKG-01073186,YES,YES,YES,8月,A,版・サイズ・色の確定,中,PKG-01073186,PKG(箱なし),1664,1,,版・SKU・サイズ・色が元データから確定できない,版・種類・サイズ・色、数量・セット内容、状態・未開封、画像と現物の一致、箱・袋の所在,,,,,,,,,特定済み
PKGI-02723726,PKGI-02723726,【紛失】『黒子のバスケ』アクリルスタンド /黄瀬涼太 パルクールver.,1,anime-store_jp,,PKG-01075496,,,,8月,G,商品特定（候補あり）,高,PKG-01075496,PKG(箱なし),1886,1,,商品を特定できていない（候補が複数）,タグ・JAN・型番・ブランド名を撮影、全体写真、数量,https://anime-store.jp/products/4522776654097,"candidate_url(supplier,score=1.00)",https://anime-store.jp/products/4522776654097,『黒子のバスケ』アクリルスタンド /黄瀬涼太 パルクールver.｜Anime Store.JP,1.00,,,,候補あり
PKGI-02639856,PKGI-02639856,伊藤潤二/のびるトートバッグ もろみ,1,store_hakabanogarou_jp,,PKG-01076136,,,,8月,H,商品特定（ページ見つからず）,高,PKG-01076136,PKG(箱なし),1790,1,,商品ページが見つからない（商品名から特定不可）,タグ・JAN・型番・ブランド名を撮影、全体写真、数量,https://store.hakabanogarou.jp/view/item/000000016535,web_search(supplier,https://store.hakabanogarou.jp/view/item/000000016535,伊藤潤二/のびるトートバッグ もろみ｜墓場の画廊ONLINE STORE,0.95,,,,未発見
PKGI-02639855,PKGI-02639855,【新商品】【特典対象】伊藤潤二/桐絵 アクリル御守り,1,store_hakabanogarou_jp,,PKG-01076136,,,,8月,G,商品特定（候補あり）,高,PKG-01076136,PKG(箱なし),1928,1,,商品を特定できていない（候補が複数）,タグ・JAN・型番・ブランド名を撮影、全体写真、数量,,,,,,,,,候補あり
PKGI-02640968,PKGI-02640968,ドロヘドロ ウサギ耳カイマンロングスリーブTシャツ,1,store_natalie_mu,,PKG-01076170,YES,YES,YES,8月,A,版・サイズ・色の確定,中,PKG-01076170,PKG(箱なし),1739,1,,版・SKU・サイズ・色が元データから確定できない,版・種類・サイズ・色、数量・セット内容、状態・未開封,https://store.natalie.mu/shopdetail/000000005424/,master_v336_confirmed_url,,,,現物,,,特定済み
PKGI-02640969,PKGI-02640969,ドロヘドロ 空腹虫八角小皿セット,1,store_natalie_mu,,PKG-01076170,,,,8月,I,登録済み・IT未入庫,高,PKG-01076170,PKG(箱なし),1862,1,,商品マスタ(PD)はあるが在庫(IT)が未入庫,現物の有無と点数,https://store.natalie.mu/shopdetail/000000005628,master_v336_confirmed_url,,,,現物,PD3CUNHTF73O,,特定済み
PKGI-02671810,PKGI-02671810,【CAMBIO(カンビオ)】Cotton Rayon Brushed KIMONO Like Gown ガウン(A53325cmb),1,cambio_co_jp,,PKG-01077798,YES,YES,,8月,B,数量・版＋撮影（写真なし）,中,PKG-01077798,PKG(箱なし),1641,1,,現物未確認（数量・版の確認）／写真なし（撮影が必要）,確認数量（元リストの商品単位） / 欠品・付属品の実際の内容 / 現物の色サイズ・タグを確認。リネン版の中古掲載を混用しない / 箱番号・実所在 / 箱番号・所在,https://www.cambio.co.jp/c/brand/cambio/mcg3660,master_v336_confirmed_url,,,,,,,特定済み
PKGI-02674253,PKGI-02674253,【GLIMCLAP(グリムクラップ)】Printed T-shirtr-Mickey Mouse- 【ミッキー】プリントTシャツ(18-039-gls-cf),1,cambio_co_jp,,PKG-01078889,,,,8月,H,商品特定（ページ見つからず）,高,PKG-01078889,PKG(箱なし),1621,1,,商品ページが見つからない（商品名から特定不可）,タグ・JAN・型番・ブランド名を撮影、全体写真、数量,,,,,,,,,未発見
PKGI-02674252,PKGI-02674252,【ADAM PATEK(アダムパテック)】【予約販売4月下旬～5月上旬入荷】gallagher agingT Tシャツ(AP2614021),1,cambio_co_jp,,PKG-01078889,YES,YES,,8月,A,版・サイズ・色の確定,中,PKG-01078889,PKG(箱なし),1649,1,,版・SKU・サイズ・色が元データから確定できない,版・種類・サイズ・色,https://www.cambio.co.jp/c/brand/adam/mt10334,master_v336_confirmed_url,,,,,,,特定済み
PKGI-02674251,PKGI-02674251,【GLIMCLAP】【預購：4月下旬至5月初出貨】圖案印花T?（202-058-gls-cg）,1,cambio_co_jp,,PKG-01078889,,,,8月,H,商品特定（ページ見つからず）,高,PKG-01078889,PKG(箱なし),1662,1,,商品ページが見つからない（商品名から特定不可）,タグ・JAN・型番・ブランド名を撮影、全体写真、数量,,,,,,,,,未発見
PKGI-02638451,PKGI-02638451,ドビーツイル SETUP ノーカラージャケット,1,mix_tokyo,,PKG-01081425,YES,YES,,8月,A,版・サイズ・色の確定,中,PKG-01081425,PKG(箱なし),1651,1,,版・SKU・サイズ・色が元データから確定できない,版・種類・サイズ・色,https://mix.tokyo/products/0176150210,master_v336_confirmed_url,,,,,,,特定済み
PKGI-02638452,PKGI-02638452,ドビーツイル SETUP テーパードパンツ,1,mix_tokyo,,PKG-01081425,YES,YES,,8月,A,版・サイズ・色の確定,中,PKG-01081425,PKG(箱なし),1669,1,,版・SKU・サイズ・色が元データから確定できない,版・種類・サイズ・色,https://mix.tokyo/products/0176130210,master_v336_confirmed_url,,,,,,,特定済み
PKGI-02638450,PKGI-02638450,フロントタックフレアスリーブブラウス,1,mix_tokyo,,PKG-01081425,YES,YES,,8月,B,数量・版＋撮影（写真なし）,中,PKG-01081425,PKG(箱なし),1710,1,,現物未確認（数量・版の確認）／写真なし（撮影が必要）,確認数量（元リストの商品単位） / 欠品・付属品の実際の内容 / 色・サイズ・種類の現物と根拠照合 / 箱番号・実所在 / 箱番号・所在,https://mitsui-shopping-park.com/ec/p/1530100015243,master_v336_confirmed_url,,,,,,,特定済み
PKGI-02643053,PKGI-02643053,『頭文字D』 FC41巻版（ホワイト）無線マウス 高橋涼介 マツダ RX-7 (FC3S型)　41巻ver.  イニシャルD mazda,1,camshop_jp,,PKG-01081823,YES,YES,,8月,A,版・サイズ・色の確定,中,PKG-01081823,PKG(箱なし),1689,1,,版・SKU・サイズ・色が元データから確定できない,版・種類・サイズ・色、数量・セット内容、bonus_or_purchase_benefit_presence,https://camshop.jp/?pid=179943980,master_v336_confirmed_url,,,,,,,特定済み
PKGI-02653812,PKGI-02653812,■G.I.S.M. - 「Performance」DVD■,1,fuudobrain_shop-pro_jp,,PKG-01082836,,,,8月,C,数量・版,中,PKG-01082836,PKG(箱なし),1678,1,,現物未確認（数量・版の確認）,未確認,https://fuudobrain.shop-pro.jp/?pid=190364528,master_v336_confirmed_url,,,,,,,特定済み
PKGI-02653812,PKGI-02653812,■G.I.S.M. - 「Performance」DVD■,1,fuudobrain_shop-pro_jp,,PKG-01082836,,,,8月,C,数量・版,中,PKG-01082836,PKG(箱なし),280,1,,現物未確認（数量・版の確認）,未確認,https://fuudobrain.shop-pro.jp/?pid=190364528,master_v336_confirmed_url,,,,,,,特定済み
PKGI-02701096,PKGI-02701096,Synthesizer V 2 AI 重音テト SV1重音テト優待版,1,ah-soft_net,,PKG-01083605,YES,YES,YES,8月,A,版・サイズ・色の確定,中,PKG-01083605,PKG(箱なし),1704,1,,版・SKU・サイズ・色が元データから確定できない,版・種類・サイズ・色、数量・セット内容、状態・未開封、画像と現物の一致、箱・袋の所在,,,,,,,,,特定済み
PKGI-02701098,PKGI-02701098,Synthesizer V 2 AI 弦巻マキ SV1弦巻マキ優待版,1,ah-soft_net,,PKG-01083605,YES,YES,YES,8月,A,版・サイズ・色の確定,中,PKG-01083605,PKG(箱なし),1705,1,,版・SKU・サイズ・色が元データから確定できない,版・種類・サイズ・色、数量・セット内容、状態・未開封,https://www.ah-soft.net/shopdetail/000000001787/,master_v336_confirmed_url,,,,,,,特定済み
PKGI-02699395,PKGI-02699395,【買取】[返品・交換不可商品]半袖Tシャツ「VELOCIRA”KIRA”PTOR」（ヴェロキラ”キラ”プトル）,1,ojico_net,,PKG-01083655,,,,8月,H,商品特定（ページ見つからず）,高,PKG-01083655,PKG(箱なし),1847,1,,商品ページが見つからない（商品名から特定不可）,タグ・JAN・型番・ブランド名を撮影、全体写真、数量,,,,,,,,,未発見
PKGI-02708738,PKGI-02708738,イージーサンダル ブラック,1,racbaki_com,,PKG-01084085,YES,YES,YES,8月,A,版・サイズ・色の確定,中,PKG-01084085,PKG(箱なし),1633,1,,版・SKU・サイズ・色が元データから確定できない,版・種類・サイズ・色、数量・セット内容、状態・未開封,https://racbaki.com/shop/products/4571692485865_es_bl_ksjy_s1,master_v336_confirmed_url,,,,,,,特定済み
PKGI-02712660,PKGI-02712660,TVアニメ『ガチアクタ』 ぷちふれ トレーディングメタリック缶バッジ セット【予約商品：2月上旬発売予定】,1,eyeup_co_jp,,PKG-01084485,,,,8月,H,商品特定（ページ見つからず）,高,PKG-01084485,PKG(箱なし),1765,1,,商品ページが見つからない（商品名から特定不可）,タグ・JAN・型番・ブランド名を撮影、全体写真、数量,,,,,,,,,未発見
PKGI-02712659,PKGI-02712659,TVアニメ『ガチアクタ』 ぷちべあマスコット【予約商品：4月下旬発売予定】,1,eyeup_co_jp,,PKG-01084485,YES,YES,YES,8月,A,版・サイズ・色の確定,中,PKG-01084485,PKG(箱なし),1887,1,,版・SKU・サイズ・色が元データから確定できない,版・種類・サイズ・色、数量・セット内容、bonus_or_purchase_benefit_presence、状態・未開封、画像と現物の一致,,,,,,,,,特定済み
PKGI-02712662,PKGI-02712662,TVアニメ『ガチアクタ』 ぷちべあマスコット【予約商品：4月下旬発売予定】,1,eyeup_co_jp,,PKG-01084485,YES,YES,YES,8月,A,版・サイズ・色の確定,中,PKG-01084485,PKG(箱なし),1888,1,,版・SKU・サイズ・色が元データから確定できない,版・種類・サイズ・色、数量・セット内容、bonus_or_purchase_benefit_presence、状態・未開封、画像と現物の一致,,,,,,,,,特定済み
PKGI-02712663,PKGI-02712663,TVアニメ『ガチアクタ』 ぷちふれ アクリルスタンド【予約商品：2月上旬発売予定】,1,eyeup_co_jp,,PKG-01084485,,,,8月,H,商品特定（ページ見つからず）,高,PKG-01084485,PKG(箱なし),1914,1,,商品ページが見つからない（商品名から特定不可）,タグ・JAN・型番・ブランド名を撮影、全体写真、数量,,,,,,,,,未発見
PKGI-02712664,PKGI-02712664,TVアニメ『ガチアクタ』 ぷちふれ アクリルキーホルダー【予約商品：2月上旬発売予定】,1,eyeup_co_jp,,PKG-01084485,,,,8月,G,商品特定（候補あり）,高,PKG-01084485,PKG(箱なし),1923,1,,商品を特定できていない（候補が複数）,タグ・JAN・型番・ブランド名を撮影、全体写真、数量,https://www.netsea.jp/shop/5215/251208-8EU,"candidate_url(other,score=1.00)",https://www.netsea.jp/shop/5215/251208-8EU,ガチアクタ ぷちふれ アクリルキーホルダー,1.00,,,,候補あり
PKGI-02429441,PKGI-02429441,TVアニメ『ガチアクタ』 メタリック缶バッジ【予約商品：12月発売予定】,1,eyeup_co_jp,,PKG-01084485,,,,8月,G,商品特定（候補あり）,高,PKG-01084485,PKG(箱なし),1941,1,,商品を特定できていない（候補が複数）,タグ・JAN・型番・ブランド名を撮影、全体写真、数量,https://www.amazon.co.jp/arma-bianca-TV%E3%82%A2%E3%83%8B%E3%83%A1%E3%80%8E%E3%82%AC%E3%83%81%E3%82%A2%E3%82%AF%E3%82%BF%E3%80%8F-%E3%83%88%E3%83%AC%E3%83%BC%E3%83%87%E3%82%A3%E3%83%B3%E3%82%B0%E3%83%A1%E3%82%BF%E3%83%AA%E3%83%83%E3%82%AF%E7%BC%B6%E3%83%90%E3%83%83%E3%82%B8-16%E5%80%8B%E5%85%A5%E3%82%8ABOX/dp/B0GNRLZLLW,web_search(other,https://www.amazon.co.jp/arma-bianca-TV%E3%82%A2%E3%83%8B%E3%83%A1%E3%80%8E%E3%82%AC%E3%83%81%E3%82%A2%E3%82%AF%E3%82%BF%E3%80%8F-%E3%83%88%E3%83%AC%E3%83%BC%E3%83%87%E3%82%A3%E3%83%B3%E3%82%B0%E3%83%A1%E3%82%BF%E3%83%AA%E3%83%83%E3%82%AF%E7%BC%B6%E3%83%90%E3%83%83%E3%82%B8-16%E5%80%8B%E5%85%A5%E3%82%8ABOX/dp/B0GNRLZLLW,Amazon.co.jp: TVアニメ『ガチアクタ』 トレーディングメタリック缶バッジ 16個入りBOX : おもちゃ,0.90,,,,候補あり
PKGI-02429442,PKGI-02429442,TVアニメ『ガチアクタ』 メモリアルカット缶バッジ【予約商品：12月発売予定】,1,eyeup_co_jp,,PKG-01084485,,,,8月,G,商品特定（候補あり）,高,PKG-01084485,PKG(箱なし),1942,1,,商品を特定できていない（候補が複数）,タグ・JAN・型番・ブランド名を撮影、全体写真、数量,,,,,,,,,候補あり
PKGI-02712661,PKGI-02712661,TVアニメ『ガチアクタ』 ぷちふれ トレーディングメタリック缶バッジ【予約商品：2月上旬発売予定】,1,eyeup_co_jp,,PKG-01084485,,,,8月,H,商品特定（ページ見つからず）,高,PKG-01084485,PKG(箱なし),1943,1,,商品ページが見つからない（商品名から特定不可）,タグ・JAN・型番・ブランド名を撮影、全体写真、数量,,,,,,,,,未発見
PKGI-02714198,PKGI-02714198,フィニッシャーズ・メダルクリップ,1,tokyo42195-shopping_org,,PKG-01084701,,,,8月,G,商品特定（候補あり）,高,PKG-01084701,PKG(箱なし),1718,1,,商品を特定できていない（候補が複数）,タグ・JAN・型番・ブランド名を撮影、全体写真、数量,,,,,,,,,候補あり
PKGI-02714940,PKGI-02714940,【買取】フィニッシャーズ・メダルクリップ,1,tokyo42195-shopping_org,,PKG-01084742,,,,8月,H,商品特定（ページ見つからず）,高,PKG-01084742,PKG(箱なし),1719,1,,商品ページが見つからない（商品名から特定不可）,タグ・JAN・型番・ブランド名を撮影、全体写真、数量,,,,,,,,,未発見
PKGI-02661687,PKGI-02661687,【２次予約・送料無料】『ビバリウム Adoと私』 特装版　箔押しクリアしおり3種セット ※数量限定・お1人様1点まで 【Release Date: 2026/04/16】,1,store_kadokawa_co_jp,,PKG-01086507,YES,YES,YES,8月,A,版・サイズ・色の確定,中,PKG-01086507,PKG(箱なし),1824,1,,版・SKU・サイズ・色が元データから確定できない,版・種類・サイズ・色、数量・セット内容、状態・未開封、画像と現物の一致、箱・袋の所在,,,,,,,,,特定済み
PKGI-02661688,PKGI-02661688,【２次予約・送料無料】『ビバリウム Adoと私』 特装版　箔押しクリアしおり3種セット ※数量限定・お1人様1点まで 【Release Date: 2026/04/16】,1,store_kadokawa_co_jp,,PKG-01086536,YES,YES,YES,8月,A,版・サイズ・色の確定,中,PKG-01086536,PKG(箱なし),1823,1,,版・SKU・サイズ・色が元データから確定できない,版・種類・サイズ・色、数量・セット内容、状態・未開封、画像と現物の一致、箱・袋の所在,,,,,,,,,特定済み
PKGI-02661979,PKGI-02661979,【２次予約・送料無料】『ビバリウム Adoと私』 特装版　箔押しクリアしおり3種セット ※数量限定・お1人様1点まで 【Release Date: 2026/04/16】,1,store_kadokawa_co_jp,,PKG-01086580,YES,YES,YES,8月,A,版・サイズ・色の確定,中,PKG-01086580,PKG(箱なし),1825,1,,版・SKU・サイズ・色が元データから確定できない,版・種類・サイズ・色、数量・セット内容、状態・未開封、画像と現物の一致、箱・袋の所在,,,,,,,,,特定済み
PKGI-02628848,PKGI-02628848,【グッズ】キルシェ顔布タオルハンカチ(Towel Handkerchief),1,suzuri_jp,,PKG-01087509,,,,8月,G,商品特定（候補あり）,高,PKG-01087509,PKG(箱なし),1901,1,,商品を特定できていない（候補が複数）,タグ・JAN・型番・ブランド名を撮影、全体写真、数量,,,,,,,,,候補あり
PKGI-02634980,PKGI-02634980,Double Belt Cap,1,fei-lang_com,,PKG-01087947,,,,8月,G,商品特定（候補あり）,高,PKG-01087947,PKG(箱なし),1668,1,,商品を特定できていない（候補が複数）,タグ・JAN・型番・ブランド名を撮影、全体写真、数量,https://fei-lang.com/products/popup限定-キャップ-先行受注,"web_search(supplier,score=1.00)",https://fei-lang.com/products/popup限定-キャップ-先行受注,Double Belt Cap,1.00,,,,候補あり
PKGI-02643849,PKGI-02643849,若い読者に贈る美しい生物学講義　感動する生命のはなし,1,books_rakuten_co_jp,,PKG-01088391,,,,8月,G,商品特定（候補あり）,高,PKG-01088391,PKG(箱なし),1872,1,,商品を特定できていない（候補が複数）,タグ・JAN・型番・ブランド名を撮影、全体写真、数量,https://books.rakuten.co.jp/rb/16120035/,"web_search(supplier,score=1.00)",https://books.rakuten.co.jp/rb/16120035/,若い読者に贈る美しい生物学講義 感動する生命のはなし,1.00,,,,候補あり
PKGI-02720763,PKGI-02720763,【買取】ステッカー付アクセサリーポーチ（エルサ）(アベイル)【予約】,1,shop-shimamura_com,,PKG-01088593,,,,8月,H,商品特定（ページ見つからず）,高,PKG-01088593,PKG(箱なし),1873,1,,商品ページが見つからない（商品名から特定不可）,タグ・JAN・型番・ブランド名を撮影、全体写真、数量,,,,,,,,,未発見
PKGI-02640955,PKGI-02640955,リファエールブラシ（ローズゴールド）,1,mtgec_jp,,PKG-01090274,YES,YES,,8月,C,数量・版,中,PKG-01090274,PKG(箱なし),1796,1,,現物未確認（数量・版の確認）,説明文の未確認項目（サイズ・色・種類・構成など）,https://www.mtgec.jp/shop/g/g1201310101/,master_v336_confirmed_url,,,,,,,特定済み
PKGI-02598378,PKGI-02598378,LIVE AT STOCKHOLM 06/06/2006 - FM BROADCAST,1,diskunion_net,,PKG-01091458,,,,8月,G,商品特定（候補あり）,高,PKG-01091458,PKG(箱なし),1755,1,,商品を特定できていない（候補が複数）,タグ・JAN・型番・ブランド名を撮影、全体写真、数量,,,,,,,,,候補あり
PKGI-02617496,PKGI-02617496,SPORTS JOG 3　バーガンディー,1,marugo-wellness_jp,,PKG-01092446,YES,YES,,8月,A,版・サイズ・色の確定,中,PKG-01092446,PKG(箱なし),1659,1,,版・SKU・サイズ・色が元データから確定できない,版・種類・サイズ・色,https://marugo-wellness.jp/products/tabi-sports-jog-3-burgundy?_pos=1&_sid=cb61ba043&_ss=r,master_v336_confirmed_url,,,,,,,特定済み
PKGI-02660195,PKGI-02660195,【ナイジェル・ケーボン】UNISEX / 2パックジム Tシャツ / 2PACK GYM T-SHIRT,2,cabourn_jp,,PKG-01093428,,,,8月,G,商品特定（候補あり）,高,PKG-01093428,PKG(箱なし),1596,2,,商品を特定できていない（候補が複数）,タグ・JAN・型番・ブランド名を撮影、全体写真、数量,,,,,,,,,候補あり
PKGI-02675918,PKGI-02675918,バブルシガレット(パロディ_1),2,kingsidea_jp,,PKG-01094229,,,,8月,G,商品特定（候補あり）,高,PKG-01094229,PKG(箱なし),1840,2,,商品を特定できていない（候補が複数）,タグ・JAN・型番・ブランド名を撮影、全体写真、数量,,,,,,,,,候補あり
PKGI-02675919,PKGI-02675919,バブルシガレット(パロディ_4),2,kingsidea_jp,,PKG-01094229,,,,8月,G,商品特定（候補あり）,高,PKG-01094229,PKG(箱なし),1841,2,,商品を特定できていない（候補が複数）,タグ・JAN・型番・ブランド名を撮影、全体写真、数量,,,,,,,,,候補あり
PKGI-02590695,PKGI-02590695,ハイスクール！奇面組/ジャージ/ライトグレー,1,store_hakabanogarou_jp,,PKG-01095752,,,,8月,G,商品特定（候補あり）,高,PKG-01095752,PKG(箱なし),1660,1,,商品を特定できていない（候補が複数）,タグ・JAN・型番・ブランド名を撮影、全体写真、数量,https://store.hakabanogarou.jp/view/item/000000020460,candidate_verified(score=1.00),https://store.hakabanogarou.jp/view/item/000000020460,,,,,,候補あり
PKGI-02590607,PKGI-02590607,AXXZIA Beauty Eyes Essence Sheet Premium Plus 60 sheets,1,axxzia_jp,,PKG-01095966,YES,YES,,8月,A,版・サイズ・色の確定,中,PKG-01095966,PKG(箱なし),1661,1,,版・SKU・サイズ・色が元データから確定できない,版・種類・サイズ・色,https://axxzia.jp/en/products/axx-be020,master_v336_confirmed_url,,,,,,,特定済み
PKGI-02590758,PKGI-02590758,フィアット・アバルト専用 シートベルトガイド / 左用  [ Seat Belt Guide for Fiat Abarth - Left Side ],2,eve-design_jp,,PKG-01095976,,,,8月,H,商品特定（ページ見つからず）,高,PKG-01095976,PKG(箱なし),1618,2,,商品ページが見つからない（商品名から特定不可）,タグ・JAN・型番・ブランド名を撮影、全体写真、数量,,,,,,,,,未発見
PKGI-02593131,PKGI-02593131,【2026年3月中旬お届け予定】「ブルーロック」アクリルスタンド Fairy tale 御影 玲王,1,shop_muzzle_co_jp,,PKG-01096278,,,,8月,G,商品特定（候補あり）,高,PKG-01096278,PKG(箱なし),1882,1,,商品を特定できていない（候補が複数）,タグ・JAN・型番・ブランド名を撮影、全体写真、数量,https://anime-store.jp/products/4582650031949,"candidate_url(other,score=0.95)",https://anime-store.jp/products/4582650031949,『ブルーロック』アクリルスタンド Fairy tale 御影玲王｜Anime Store.JP,0.95,,,,候補あり
PKGI-02593132,PKGI-02593132,【2026年3月中旬お届け予定】「ブルーロック」アクリルスタンド Fairy tale 凪 誠士郎,1,shop_muzzle_co_jp,,PKG-01096278,,,,8月,G,商品特定（候補あり）,高,PKG-01096278,PKG(箱なし),1883,1,,商品を特定できていない（候補が複数）,タグ・JAN・型番・ブランド名を撮影、全体写真、数量,,,,,,,,,候補あり
PKGI-02593133,PKGI-02593133,【2026年3月中旬お届け予定】「ブルーロック」アクリルスタンド Fairy tale 蜂楽 廻,1,shop_muzzle_co_jp,,PKG-01096278,,,,8月,G,商品特定（候補あり）,高,PKG-01096278,PKG(箱なし),1884,1,,商品を特定できていない（候補が複数）,タグ・JAN・型番・ブランド名を撮影、全体写真、数量,https://shop.muzzle.co.jp/shopdetail/000000004905/,"web_search(supplier,score=0.90)",https://shop.muzzle.co.jp/shopdetail/000000004905/,【2026年11月中旬お届け予定】「ブルーロック」アクリルスタンド Fairy tale 千切 豹馬-Muzzle ONLINE SHOP,0.90,,,,候補あり
PKGI-02592652,PKGI-02592652,モンスターハンター モンでふぉ ぬいぐるみ ラギアクルス,1,e-capcom_com,,PKG-01096432,YES,YES,,8月,A,版・サイズ・色の確定,中,PKG-01096432,PKG(箱なし),1789,1,,版・SKU・サイズ・色が元データから確定できない,版・種類・サイズ・色,,,,,,,,,特定済み
PKGI-02593704,PKGI-02593704,Trails in the Sky the 1st High-Speed Cruiser <Arseille> Chronograph Watches,1,animecollection_jp,,PKG-01098012,,,,8月,G,商品特定（候補あり）,高,PKG-01098012,PKG(箱なし),1600,1,,商品を特定できていない（候補が複数）,タグ・JAN・型番・ブランド名を撮影、全体写真、数量,,,,,,,,,候補あり
PKGI-02602331,PKGI-02602331,【+B】/NEW ERA/9TWENTY CS NUANCE/ベージュ/ML,1,ec_baystars_co_jp,,PKG-01099824,YES,YES,,8月,A,版・サイズ・色の確定,中,PKG-01099824,PKG(箱なし),1738,1,,版・SKU・サイズ・色が元データから確定できない,版・種類・サイズ・色,https://ec.baystars.co.jp/items/ydb4550665787823,master_v336_confirmed_url,,,,,,,特定済み
PKGI-02717387,PKGI-02717387,Re:Smile T [dark],1,eveofficialstore_com,,PKG-01102562,YES,YES,YES,8月,A,版・サイズ・色の確定,中,PKG-01102562,PKG(箱なし),1759,1,,版・SKU・サイズ・色が元データから確定できない,版・種類・サイズ・色、状態・未開封、画像と現物の一致,,,,,,,,,特定済み
PKGI-02618930,PKGI-02618930,ボリューム厚底ブーツサンダル,1,store_world_co_jp,,PKG-01104660,,,,8月,I,登録済み・IT未入庫,高,PKG-01104660,PKG(箱なし),1631,1,,商品マスタ(PD)はあるが在庫(IT)が未入庫,現物の有無と点数,https://store.world.co.jp/brand/esperanza/item/BRP0626S0038,master_v336_confirmed_url,,,,,PDERJ2JLEV7K;PDH3AYYA33TA,,特定済み
PKGI-02618931,PKGI-02618931,ボリューム厚底ブーツサンダル,1,store_world_co_jp,,PKG-01104660,YES,YES,YES,8月,B,数量・版＋撮影（写真なし）,中,PKG-01104660,PKG(箱なし),1632,1,,現物未確認（数量・版の確認）／写真なし（撮影が必要）,版・種類・サイズ・色、数量・セット内容、状態・未開封,,,,,,,,,特定済み
PKGI-02618932,PKGI-02618932,スニーカーソールストラップシューズ,1,store_world_co_jp,,PKG-01104660,,,,8月,I,登録済み・IT未入庫,高,PKG-01104660,PKG(箱なし),1699,1,,商品マスタ(PD)はあるが在庫(IT)が未入庫,現物の有無と点数,https://mitsui-shopping-park.com/ec/p/1603800003789,master_v336_confirmed_url,,,,,PDA5WJUBVYCK;PDT6FVY71RIA,,特定済み
PKGI-02633033,PKGI-02633033,マドラス madras リカバリー meta インソール ユニセックスカップインソール アクティブタイプ【返品不可商品】,1,shoe-style_jp,,PKG-01108555,,,,8月,B,数量・版＋撮影（写真なし）,中,PKG-01108555,PKG(箱なし),1639,1,,現物未確認（数量・版の確認）／写真なし（撮影が必要）,元帳数量保持・現物未確認,https://www.madras.co.jp/shop/g/gZPMETA-CM-BLA-F/,master_v336_confirmed_url,,,,元帳数量保持・現物,,,特定済み
PKGI-02657644,PKGI-02657644,人妻　覗かれた欲情,1,books_rakuten_co_jp,,PKG-01109292,,,,8月,H,商品特定（ページ見つからず）,高,PKG-01109292,PKG(箱なし),1797,1,,商品ページが見つからない（商品名から特定不可）,タグ・JAN・型番・ブランド名を撮影、全体写真、数量,,,,,,,,,未発見
PKGI-02661154,PKGI-02661154,L'ALBUM D'INTRODUCTION DU FAKER CLUB JAPON PR?T POUR L'AUTOROUTE,1,hmv_co_jp,,PKG-01109489,,,,8月,H,商品特定（ページ見つからず）,高,PKG-01109489,PKG(箱なし),1763,1,,商品ページが見つからない（商品名から特定不可）,タグ・JAN・型番・ブランド名を撮影、全体写真、数量,,,,,,,,,未発見
PKGI-02677776,PKGI-02677776,BLUE HAWAII [LP] [IN LIQUID-FILLED VINYL &#8211; BLUE LIQUID & SAND],1,diskunion_net,,PKG-01110681,YES,YES,YES,8月,A,版・サイズ・色の確定,中,PKG-01110681,PKG(箱なし),1604,1,,版・SKU・サイズ・色が元データから確定できない,版・種類・サイズ・色、数量・セット内容、bonus_or_purchase_benefit_presence、状態・未開封,https://tower.jp/item/7976230,master_v336_confirmed_url,,,,,,,特定済み
PKGI-02683143,PKGI-02683143,ベルトバッグ,1,shop_kind_co_jp,,PKG-01110909,,,,8月,G,商品特定（候補あり）,高,PKG-01110909,PKG(箱なし),1648,1,,商品を特定できていない（候補が複数）,タグ・JAN・型番・ブランド名を撮影、全体写真、数量,,,,,,,,,候補あり
PKGI-02685764,PKGI-02685764,キングダム ハーツ ／ アイコニック イヤオブジェ ～オリジナル～,1,mayla_jp,,PKG-01110999,YES,YES,,8月,C,数量・版,中,PKG-01110999,PKG(箱なし),1640,1,,現物未確認（数量・版の確認）,説明文の未確認項目（サイズ・色・種類・構成など）,https://mayla.jp/SHOP/aca0365.html,master_v336_confirmed_url,,,,,,,特定済み
PKGI-02767240,PKGI-02767240,レコードクレート Record Crate オリーブグリーン,1,diskunion_net,,PKG-01111767,,,,8月,G,商品特定（候補あり）,高,PKG-01111767,PKG(箱なし),1749,1,,商品を特定できていない（候補が複数）,タグ・JAN・型番・ブランド名を撮影、全体写真、数量,,,,,,,,,候補あり
PKGI-02767241,PKGI-02767241,レコードクレート Record Crate  ライトグレー,1,diskunion_net,,PKG-01111767,,,,8月,G,商品特定（候補あり）,高,PKG-01111767,PKG(箱なし),1750,1,,商品を特定できていない（候補が複数）,タグ・JAN・型番・ブランド名を撮影、全体写真、数量,,,,,,,,,候補あり
PKGI-02767242,PKGI-02767242,レコードクレート Record Crate ブラック,1,diskunion_net,,PKG-01111767,,,,8月,G,商品特定（候補あり）,高,PKG-01111767,PKG(箱なし),1751,1,,商品を特定できていない（候補が複数）,タグ・JAN・型番・ブランド名を撮影、全体写真、数量,,,,,,,,,候補あり
PKGI-02694448,PKGI-02694448,BLEACHED PLAID L/S SHIRT,1,calif_cc,,PKG-01113486,,,,8月,G,商品特定（候補あり）,高,PKG-01113486,PKG(箱なし),1642,1,,商品を特定できていない（候補が複数）,タグ・JAN・型番・ブランド名を撮影、全体写真、数量,https://calif.cc/products/105262014003,"web_search(supplier,score=1.00)",https://calif.cc/products/105262014003,BLEACHED PLAID L/S SHIRT,1.00,,,,候補あり
PKGI-02694447,PKGI-02694447,FADED HEART SPRAY LOGO S/S BABY TEE,1,calif_cc,,PKG-01113486,YES,YES,,8月,A,版・サイズ・色の確定,中,PKG-01113486,PKG(箱なし),1703,1,,版・SKU・サイズ・色が元データから確定できない,版・種類・サイズ・色,https://brandavenue.rakuten.co.jp/item/RX2497/,master_v336_confirmed_url,,,,,,,特定済み
PKGI-02727657,PKGI-02727657,錦戸亮 LIVE TOUR 2021 ”Note” ＜初回限定盤＞（2Blu-ray Disc）【Blu-ray】,1,books_rakuten_co_jp,,PKG-01113553,,,,8月,G,商品特定（候補あり）,高,PKG-01113553,PKG(箱なし),1727,1,,商品を特定できていない（候補が複数）,タグ・JAN・型番・ブランド名を撮影、全体写真、数量,,,,,,,,,候補あり
PKGI-02748835,PKGI-02748835,T-SHIRT【DOME/NAOYA INOUE X MHAK/CAMO】,1,monster-naoyainoue_com,,PKG-01115326,YES,YES,YES,8月,A,版・サイズ・色の確定,中,PKG-01115326,PKG(箱なし),1693,1,,版・SKU・サイズ・色が元データから確定できない,版・種類・サイズ・色、状態・未開封,https://monster-naoyainoue.com/products/4550393581007,master_v336_confirmed_url,,,,,,,特定済み
PKGI-02733826,PKGI-02733826,スパークプラグ（スタンダードTシャツ）(Regular Fit T-Shirt),1,suzuri_jp,,PKG-01115723,YES,YES,,8月,A,版・サイズ・色の確定,中,PKG-01115723,PKG(箱なし),1761,1,,版・SKU・サイズ・色が元データから確定できない,版・種類・サイズ・色,https://suzuri.jp/officialnekojiru/13058739/t-shirt/s/white?locale=en,master_v336_confirmed_url,,,,,,,特定済み
PKGI-02733827,PKGI-02733827,ブラヂル（スタンダードTシャツ）(Regular Fit T-Shirt),1,suzuri_jp,,PKG-01115723,YES,YES,YES,8月,A,版・サイズ・色の確定,中,PKG-01115723,PKG(箱なし),1762,1,,版・SKU・サイズ・色が元データから確定できない,版・種類・サイズ・色、数量・セット内容、状態・未開封、画像と現物の一致,https://suzuri.jp/officialnekojiru/13058518/t-shirt/s/white,master_v336_confirmed_url,,,,,,,特定済み
PKGI-02733825,PKGI-02733825,フラワーズ(Regular Fit T-Shirt),1,suzuri_jp,,PKG-01115723,,,,8月,G,商品特定（候補あり）,高,PKG-01115723,PKG(箱なし),1802,1,,商品を特定できていない（候補が複数）,タグ・JAN・型番・ブランド名を撮影、全体写真、数量,,,,,,,,,候補あり
PKGI-02743881,PKGI-02743881,抱き枕 だいふく山,1,sumall_sumo_or_jp,,PKG-01116471,YES,YES,,8月,A,版・サイズ・色の確定,中,PKG-01116471,PKG(箱なし),1783,1,,版・SKU・サイズ・色が元データから確定できない,版・種類・サイズ・色,,,,,,,,,特定済み
PKGI-02755665,PKGI-02755665,Track Pants,1,archstyle_tv,,PKG-01119613,,,,8月,G,商品特定（候補あり）,高,PKG-01119613,PKG(箱なし),1589,1,,商品を特定できていない（候補が複数）,タグ・JAN・型番・ブランド名を撮影、全体写真、数量,,,,,,,,,候補あり
PKGI-02687577,PKGI-02687577,"ANAheim アナハイム ラップトップ スリーブ 16 インチ ""クラフト"" | 自分だけの風合いへと育つ素材の PCケース",1,detail_co_jp,,PKG-01125259,,,YES,8月,F,状態・未開封・動作,中,PKG-01125259,PKG(箱なし),1837,1,,状態・未開封・動作の確認が必要,状態・未開封,,,,,,,,,特定済み
PKGI-02716187,PKGI-02716187,【買取】HANA Moment Box 2026【2026年3月下旬発送予定】,1,bmsg_shop,,PKG-01126988,,,,8月,H,商品特定（ページ見つからず）,高,PKG-01126988,PKG(箱なし),1684,1,,商品ページが見つからない（商品名から特定不可）,タグ・JAN・型番・ブランド名を撮影、全体写真、数量,,,,,,,,,未発見
PKGI-02813412,PKGI-02813412,RADIO EVA SWITCHING NYLON JACKET（YELLOW（EVA-00））,1,radio-eva_jp,,PKG-01129068,YES,YES,,8月,A,版・サイズ・色の確定,中,PKG-01129068,PKG(箱なし),1597,1,,版・SKU・サイズ・色が元データから確定できない,版・種類・サイズ・色,https://www.evastore.jp/shop/g/gA3144201/,master_v336_confirmed_url,,,,,,,特定済み
PKGI-02813413,PKGI-02813413,RADIO EVA SWITCHING NYLON JACKET（RED（EVA-02））,1,radio-eva_jp,,PKG-01129068,YES,YES,,8月,A,版・サイズ・色の確定,中,PKG-01129068,PKG(箱なし),1598,1,,版・SKU・サイズ・色が元データから確定できない,版・種類・サイズ・色,https://www.evastore.jp/shop/g/gA3144221/,master_v336_confirmed_url,,,,,,,特定済み
PKGI-02824079,PKGI-02824079,【別注】中華 ラーメン 鉢,2,beams_co_jp,,PKG-01129904,,,YES,8月,B,数量・版＋撮影（写真なし）,中,PKG-01129904,PKG(箱なし),1722,2,,現物未確認（数量・版の確認）／写真なし（撮影が必要）,確認数量（元リストの商品単位） / 欠品・付属品の実際の内容 / 現物の柄・刻印・欠け/状態を確認 / 箱番号・実所在 / 箱番号・所在,https://brandavenue.rakuten.co.jp/item/KU3662/?l2-id=brn_item_recommend&recommend=1&rtg=a0e57f6f531361d0fb09e06be9e6f0b7,master_v336_confirmed_url,,,,,,,特定済み
PKGI-02716479,PKGI-02716479,【買取】Lパース,1,hightide-online_jp,,PKG-01131071,,,,8月,H,商品特定（ページ見つからず）,高,PKG-01131071,PKG(箱なし),1898,1,,商品ページが見つからない（商品名から特定不可）,タグ・JAN・型番・ブランド名を撮影、全体写真、数量,,,,,,,,,未発見
PKGI-02716480,PKGI-02716480,【買取】ソフトPPノート B6 Grid,1,hightide-online_jp,,PKG-01131071,YES,YES,,8月,A,版・サイズ・色の確定,中,PKG-01131071,PKG(箱なし),1935,1,,版・SKU・サイズ・色が元データから確定できない,版・種類・サイズ・色,https://www.hightide.co.jp/c/category/stationery/notebook/grid/item-cn159,master_v336_confirmed_url,,,,,,,特定済み
PKGI-02716481,PKGI-02716481,【買取】ソフトPPノート B6 Grid,1,hightide-online_jp,,PKG-01131071,YES,YES,,8月,A,版・サイズ・色の確定,中,PKG-01131071,PKG(箱なし),1936,1,,版・SKU・サイズ・色が元データから確定できない,版・種類・サイズ・色,,,,,,,,,特定済み
PKGI-02718062,PKGI-02718062,ケプト クリアペンケース,1,raymay-store_jp,,PKG-01131454,,,,8月,G,商品特定（候補あり）,高,PKG-01131454,PKG(箱なし),1929,1,,商品を特定できていない（候補が複数）,タグ・JAN・型番・ブランド名を撮影、全体写真、数量,https://www.raymay-store.jp/products/detail/1342,candidate_verified(score=1.00),https://www.raymay-store.jp/products/detail/1342,,,,,,候補あり
PKGI-02718063,PKGI-02718063,ケプト クリアペンケース,1,raymay-store_jp,,PKG-01131454,,,,8月,G,商品特定（候補あり）,高,PKG-01131454,PKG(箱なし),1930,1,,商品を特定できていない（候補が複数）,タグ・JAN・型番・ブランド名を撮影、全体写真、数量,,,,,,,,,候補あり
PKGI-02808166,PKGI-02808166,カモフラージュ コンシーラーチーク,1,store_brilliage_jp,,PKG-01134165,YES,YES,YES,8月,A,版・サイズ・色の確定,中,PKG-01134165,PKG(箱なし),1767,1,,版・SKU・サイズ・色が元データから確定できない,版・種類・サイズ・色、数量・セット内容、bonus_or_purchase_benefit_presence、状態・未開封,https://brilliage.jp/products/13398,master_v336_confirmed_url,,,,,,,特定済み
PKGI-02808167,PKGI-02808167,ワイドフィンガーブラシ,1,store_brilliage_jp,,PKG-01134165,,,YES,8月,D,数量・セット内容,中,PKG-01134165,PKG(箱なし),1778,1,,数量・セット内容の確認が必要,数量・セット内容、状態・未開封,https://brilliage.jp/products/13399,master_v336_confirmed_url,,,,,,,特定済み
PKGI-02802340,PKGI-02802340,【受注生産】【特典つき】星のカービィ×阪急電車 添乗ぬいぐるみ カービィ,1,hankyudensha-shop_com,,PKG-01136962,,,,8月,H,商品特定（ページ見つからず）,高,PKG-01136962,PKG(箱なし),1620,1,,商品ページが見つからない（商品名から特定不可）,タグ・JAN・型番・ブランド名を撮影、全体写真、数量,,,,,,,,,未発見
PKGI-02757528,PKGI-02757528,【買取】Ruby,1,hmv_co_jp,,PKG-01137098,,,,8月,H,商品特定（ページ見つからず）,高,PKG-01137098,PKG(箱なし),1842,1,,商品ページが見つからない（商品名から特定不可）,タグ・JAN・型番・ブランド名を撮影、全体写真、数量,,,,,,,,,未発見
PKGI-02757527,PKGI-02757527,【買取】The Best,1,hmv_co_jp,,PKG-01137098,,,,8月,G,商品特定（候補あり）,高,PKG-01137098,PKG(箱なし),1857,1,,商品を特定できていない（候補が複数）,タグ・JAN・型番・ブランド名を撮影、全体写真、数量,,,,,,,,,候補あり
PKGI-02752277,PKGI-02752277,ペインターズガッシュ　13色プラケースセット,1,nicker-shop_com,,PKG-01137189,,,,8月,G,商品特定（候補あり）,高,PKG-01137189,PKG(箱なし),1838,1,,商品を特定できていない（候補が複数）,タグ・JAN・型番・ブランド名を撮影、全体写真、数量,,,,,,,,,候補あり
PKGI-02793028,PKGI-02793028,【買取】2415-AUS-01-000 3COINS ヘアスタイリングブラシHard／and us,1,palcloset_jp,,PKG-01139833,YES,YES,YES,8月,A,版・サイズ・色の確定,中,PKG-01139833,PKG(箱なし),1953,1,,版・SKU・サイズ・色が元データから確定できない,版・種類・サイズ・色、数量・セット内容、状態・未開封,https://www.palcloset.jp/display/item/2415-AUS-01-000/,master_v336_confirmed_url,,,,,,,特定済み
PKGI-02737627,PKGI-02737627,JR東日本 みどりの駅時計BOOK,1,tkj_jp,,PKG-01141168,,,,8月,B,数量・版＋撮影（写真なし）,中,PKG-01141168,PKG(箱なし),1814,1,,現物未確認（数量・版の確認）／写真なし（撮影が必要）,確認数量（元リストの商品単位） / 欠品・付属品の実際の内容 / 冊子と時計の揃い・BOOK初版/BOOK2の区別・電池/動作/現物数量を確認 / 箱番号・実所在 / 箱番号・所在,,,,,,,,,特定済み
PKGI-02739213,PKGI-02739213,[申込期間：2026年4月5日迄]ジオラマアクリルスタンド,1,manga10_com,,PKG-01144295,,,,8月,G,商品特定（候補あり）,高,PKG-01144295,PKG(箱なし),1846,1,,商品を特定できていない（候補が複数）,タグ・JAN・型番・ブランド名を撮影、全体写真、数量,,,,,,,,,候補あり
PKGI-02739217,PKGI-02739217,[申込期間：2026年4月5日迄]2連アクリルチャーム／ふたり,1,manga10_com,,PKG-01144295,,,,8月,G,商品特定（候補あり）,高,PKG-01144295,PKG(箱なし),1897,1,,商品を特定できていない（候補が複数）,タグ・JAN・型番・ブランド名を撮影、全体写真、数量,,,,,,,,,候補あり
PKGI-02739214,PKGI-02739214,[申込期間：2026年4月5日迄]学生証風カード／航,1,manga10_com,,PKG-01144295,,,,8月,H,商品特定（ページ見つからず）,高,PKG-01144295,PKG(箱なし),1917,1,,商品ページが見つからない（商品名から特定不可）,タグ・JAN・型番・ブランド名を撮影、全体写真、数量,,,,,,,,,未発見
PKGI-02739215,PKGI-02739215,[申込期間：2026年4月5日迄]学生証風カード／湊,1,manga10_com,,PKG-01144295,,,,8月,H,商品特定（ページ見つからず）,高,PKG-01144295,PKG(箱なし),1918,1,,商品ページが見つからない（商品名から特定不可）,タグ・JAN・型番・ブランド名を撮影、全体写真、数量,,,,,,,,,未発見
PKGI-02739216,PKGI-02739216,[申込期間：2026年4月5日迄]自撮り風ブロマイド：トレーディング全6種,2,manga10_com,,PKG-01144295,,,,8月,H,商品特定（ページ見つからず）,高,PKG-01144295,PKG(箱なし),1922,2,,商品ページが見つからない（商品名から特定不可）,タグ・JAN・型番・ブランド名を撮影、全体写真、数量,,,,,,,,,未発見
PKGI-02735006,PKGI-02735006,AllOUT BACKPACK 45L BLACK and AQUA,1,allout-official_com,,PKG-01144828,YES,YES,YES,8月,A,版・サイズ・色の確定,中,PKG-01144828,PKG(箱なし),1617,1,,版・SKU・サイズ・色が元データから確定できない,版・種類・サイズ・色、数量・セット内容、状態・未開封,https://allout-official.com/products/allout_backpack_45l_blackandaqua,master_v336_confirmed_url,,,,現物,,,特定済み
PKGI-02764817,PKGI-02764817,ニャンオェ着せ替え(ケロロ軍曹ver.),1,store_plusmember_jp,,PKG-01145320,,,,8月,H,商品特定（ページ見つからず）,高,PKG-01145320,PKG(箱なし),1853,1,,商品ページが見つからない（商品名から特定不可）,タグ・JAN・型番・ブランド名を撮影、全体写真、数量,,,,,,,,,未発見
PKGI-02769791,PKGI-02769791,Rev CounterTシャツ（大人用）,1,tommy12_jp,,PKG-01145909,,,,8月,H,商品特定（ページ見つからず）,高,PKG-01145909,PKG(箱なし),1717,1,,商品ページが見つからない（商品名から特定不可）,タグ・JAN・型番・ブランド名を撮影、全体写真、数量,,,,,,,,,未発見
PKGI-02768599,PKGI-02768599,【80日間前後お届け】POWER SEND ユニフォーム/VISITOR/ポケモン/マリル【予約】,1,ec_baystars_co_jp,,PKG-01146007,YES,YES,YES,8月,A,版・サイズ・色の確定,中,PKG-01146007,PKG(箱なし),1635,1,,版・SKU・サイズ・色が元データから確定できない,版・種類・サイズ・色、数量・セット内容、状態・未開封,https://ec.baystars.co.jp/items/ydb4573676026095,master_v336_confirmed_url,,,,現物,,,特定済み
PKGI-02777894,PKGI-02777894,Cyberpunk: Edgerunners 【サイバーパンク エッジランナーズ】　ルーシーTシャツ,1,blackballoon_market,,PKG-01146772,YES,YES,YES,8月,A,版・サイズ・色の確定,中,PKG-01146772,PKG(箱なし),1766,1,,版・SKU・サイズ・色が元データから確定できない,版・種類・サイズ・色、数量・セット内容、状態・未開封,https://blackballoon.market/products/z553fptn9,master_v336_confirmed_url,,,,元帳数量保持・現物,,,特定済み
PKGI-02823867,PKGI-02823867,【買取】PP102 WASHI WRAPPING PAPER SET 004 IVORY&WHITE,1,waccapaper_theshop_jp,,PKG-01148947,,,YES,8月,D,数量・セット内容,中,PKG-01148947,PKG(箱なし),1895,1,,数量・セット内容の確認が必要,数量・セット内容、状態・未開封,https://waccapaper.theshop.jp/items/60480258,master_v336_confirmed_url,,,,,,,特定済み
PKGI-02823868,PKGI-02823868,【買取】PP50　A5抄き返し ひっかけ和紙 ネイビー|水玉 30枚入,1,waccapaper_theshop_jp,,PKG-01148947,,,YES,8月,D,数量・セット内容,中,PKG-01148947,PKG(箱なし),1902,1,,数量・セット内容の確認が必要,数量・セット内容、状態・未開封,https://waccapaper.theshop.jp/items/73675638,master_v336_confirmed_url,,,,,,,特定済み
PKGI-02710915,PKGI-02710915,LB World Logo Simple Tee Black,1,lbwk_jp,,PKG-01150648,,,,8月,G,商品特定（候補あり）,高,PKG-01150648,PKG(箱なし),1672,1,,商品を特定できていない（候補が複数）,タグ・JAN・型番・ブランド名を撮影、全体写真、数量,,,,,,,,,候補あり
PKGI-02741520,PKGI-02741520,【お試し】Hammer超極薄/OX[Hammer Ultra-Thin]WRM custom-made,2,rubber_ocnk_net,,PKG-01151679,YES,YES,YES,8月,B,数量・版＋撮影（写真なし）,中,PKG-01151679,PKG(箱なし),1714,2,,現物未確認（数量・版の確認）／写真なし（撮影が必要）,版・種類・サイズ・色、数量・セット内容、状態・未開封,,,,,,,,,特定済み
PKGI-02710989,PKGI-02710989,星のカービィ トランジットラウンジ スーツケース 機内持ち込み 32L 36cm  50060 TRANSIT LOUNGE Kirby キャリーケース ハードキャリー かわいい キャラクター 軽量 修学旅行 旅行用 キャリーバッグ,1,sacsbar_com,,PKG-01153237,,,,8月,H,商品特定（ページ見つからず）,高,PKG-01153237,PKG(箱なし),1612,1,,商品ページが見つからない（商品名から特定不可）,タグ・JAN・型番・ブランド名を撮影、全体写真、数量,,,,,,,,,未発見
PKGI-02706152,PKGI-02706152,【買取】スタイリッシュスラックス《セットアップ着用可》《WEB・一部店舗限定》,1,y-aoyama_jp,,PKG-01153369,,,,8月,G,商品特定（候補あり）,高,PKG-01153369,PKG(箱なし),1748,1,,商品を特定できていない（候補が複数）,タグ・JAN・型番・ブランド名を撮影、全体写真、数量,,,,,,,,,候補あり
PKGI-02722671,PKGI-02722671,原神　七聖召喚　拡張パック　Vol.1　2025年2月仮予約,4,shop_fantasy-village_com,,PKG-01154357,,,,8月,G,商品特定（候補あり）,高,PKG-01154357,PKG(箱なし),1616,4,,商品を特定できていない（候補が複数）,タグ・JAN・型番・ブランド名を撮影、全体写真、数量,,,,,,,,,候補あり
PKGI-02722672,PKGI-02722672,原神　七聖召喚　パーツセット　2025年6月仮予約,2,shop_fantasy-village_com,,PKG-01154357,,,,8月,G,商品特定（候補あり）,高,PKG-01154357,PKG(箱なし),1764,2,,商品を特定できていない（候補が複数）,タグ・JAN・型番・ブランド名を撮影、全体写真、数量,https://shop.fantasy-village.com/shopdetail/000000007555/,candidate_verified(score=1.00),https://shop.fantasy-village.com/shopdetail/000000007555/,,,,,,候補あり
PKGI-02722673,PKGI-02722673,原神　七聖召喚　構築済みデッキ　Vol.1　2025年2月仮予約,1,shop_fantasy-village_com,,PKG-01154357,,,,8月,G,商品特定（候補あり）,高,PKG-01154357,PKG(箱なし),1908,1,,商品を特定できていない（候補が複数）,タグ・JAN・型番・ブランド名を撮影、全体写真、数量,,,,,,,,,候補あり
PKGI-02722674,PKGI-02722674,原神　七聖召喚　構築済みデッキ　Vol.1　2025年2月仮予約,1,shop_fantasy-village_com,,PKG-01154357,,,,8月,G,商品特定（候補あり）,高,PKG-01154357,PKG(箱なし),1909,1,,商品を特定できていない（候補が複数）,タグ・JAN・型番・ブランド名を撮影、全体写真、数量,,,,,,,,,候補あり
PKGI-02709379,PKGI-02709379,HYSTERIC TIMES シアーハイソックス,1,store_hystericglamour_jp,,PKG-01154490,YES,,,8月,B,数量・版＋撮影（写真なし）,中,PKG-01154490,PKG(箱なし),1815,1,,現物未確認（数量・版の確認）／写真なし（撮影が必要）,確認数量（元リストの商品単位） / 欠品・付属品の実際の内容 / 現物の左右の揃い・色・品番を確認 / 箱番号・実所在 / 箱番号・所在,,,,,,,,,特定済み
PKGI-02711104,PKGI-02711104,VIVA LA 2008 SHIRT【BLACK】,1,domicile-tokyo_shop-pro_jp,,PKG-01154578,,,,8月,G,商品特定（候補あり）,高,PKG-01154578,PKG(箱なし),1650,1,,商品を特定できていない（候補が複数）,タグ・JAN・型番・ブランド名を撮影、全体写真、数量,,,,,,,,,候補あり
PKGI-02771030,PKGI-02771030,Ascend-: 6th Mini Album (11 Ver.)(ランダムバージョン)＜限定特典対象＞ (発売日: 2026年05月19日) + '（特典あり)',1,tower_jp,,PKG-01155224,,,,8月,G,商品特定（候補あり）,高,PKG-01155224,PKG(箱なし),1844,1,,商品を特定できていない（候補が複数）,タグ・JAN・型番・ブランド名を撮影、全体写真、数量,,,,,,,,,候補あり
PKGI-02780889,PKGI-02780889,オリムピック(OLYMPIC) 17コンパット(COMPATTO) GCMS-745M(スピニングモデル),1,casterhouse_co_jp,,PKG-01157531,YES,YES,YES,8月,A,版・サイズ・色の確定,中,PKG-01157531,PKG(箱なし),1588,1,,版・SKU・サイズ・色が元データから確定できない,版・種類・サイズ・色、数量・セット内容、状態・未開封、画像と現物の一致、箱・袋の所在,https://www.casterhouse.co.jp/shop/products/detail/41871,master_v336_confirmed_url,,,,,,,特定済み
PKGI-02787950,PKGI-02787950,【新商品】エウレカセブン/20周年記念展 アネモネ Tシャツ/ホワイト,1,store_hakabanogarou_jp,,PKG-01158201,,,,8月,G,商品特定（候補あり）,高,PKG-01158201,PKG(箱なし),1716,1,,商品を特定できていない（候補が複数）,タグ・JAN・型番・ブランド名を撮影、全体写真、数量,https://store.hakabanogarou.jp/view/item/000000021441,"candidate_url(supplier,score=1.00)",https://store.hakabanogarou.jp/view/item/000000021441,エウレカセブン/20周年記念展 アネモネ Tシャツ/ホワイト｜墓場の画廊ONLINE STORE,1.00,,,,候補あり
PKGI-02787951,PKGI-02787951,【新商品】エウレカセブン/エウレカ コスチュームキーホルダー,1,store_hakabanogarou_jp,,PKG-01158201,,,,8月,G,商品特定（候補あり）,高,PKG-01158201,PKG(箱なし),1924,1,,商品を特定できていない（候補が複数）,タグ・JAN・型番・ブランド名を撮影、全体写真、数量,,,,,,,,,候補あり
PKGI-02738025,PKGI-02738025,【当日発送】水光ネイルヌードピンクマグネットパールビジューオーバルネイルチップ,1,moda-jp_com,,PKG-01159555,YES,YES,,8月,C,数量・版,中,PKG-01159555,PKG(箱なし),1807,1,,現物未確認（数量・版の確認）,説明文の未確認項目（サイズ・色・種類・構成など）,https://anail.jp/products/ljnt424125,master_v336_confirmed_url,,,,,,,特定済み
PKGI-02738026,PKGI-02738026,【当日発送】水光ネイルヌードピンクマグネットパールビジューオーバルネイルチップ,1,moda-jp_com,,PKG-01159555,YES,YES,,8月,C,数量・版,中,PKG-01159555,PKG(箱なし),1808,1,,現物未確認（数量・版の確認）,説明文の未確認項目（サイズ・色・種類・構成など）,,,,,,,,,特定済み
PKGI-02791632,PKGI-02791632,【買取】【光るおもちゃ】『輝光刀 スパークブレード』,3,toykidsworld_jp,,PKG-01160752,,,,8月,G,商品特定（候補あり）,高,PKG-01160752,PKG(箱なし),1721,3,,商品を特定できていない（候補が複数）,タグ・JAN・型番・ブランド名を撮影、全体写真、数量,https://toykidsworld.jp/view/item/000000005569,candidate_verified(score=1.00),https://toykidsworld.jp/view/item/000000005569,,,,,,候補あり
PKGI-02884485,PKGI-02884485,【買取】NARUTO-ナルト- 疾風伝 バイスクルトランプv2,2,brujula-store_com,,PKG-01161075,,,,8月,D,数量・セット内容,中,PKG-01161075,PKG(箱なし),1784,2,,数量・セット内容の確認が必要,数量・セット内容,https://brujula-store.com/SHOP/4573548976244.html,master_v336_confirmed_url,,,,,,,特定済み
PKGI-02884486,PKGI-02884486,【買取】「デジモンアドベンチャー」「デジモンアドベンチャー02」　バイスクルトランプ,2,brujula-store_com,,PKG-01161075,YES,YES,YES,8月,A,版・サイズ・色の確定,中,PKG-01161075,PKG(箱なし),1785,2,,版・SKU・サイズ・色が元データから確定できない,版・種類・サイズ・色、数量・セット内容、状態・未開封,https://brujula-store.com/SHOP/4573548970334.html,master_v336_confirmed_url,,,,元帳数量保持・現物,,,特定済み
PKGI-02822212,PKGI-02822212,Confessions II 【HMV限定盤】(12 Track)(ベビーピンク・ヴァイナル仕様/アナログレコード),1,hmv_co_jp,,PKG-01163865,,,,8月,H,商品特定（ページ見つからず）,高,PKG-01163865,PKG(箱なし),1724,1,,商品ページが見つからない（商品名から特定不可）,タグ・JAN・型番・ブランド名を撮影、全体写真、数量,,,,,,,,,未発見
PKGI-02823818,PKGI-02823818,【買取】【レジンペン】単品 0.7mm クロームマーカー 全6色 リムーバーペン バラ売り 中細 金 銀 メタリック クローム ミラー ペン 光沢 鏡面 ゴールド ブロンズ シルバー クラフト《選べる7種》,1,shop-green-ocean_com,,PKG-01164144,,,,8月,G,商品特定（候補あり）,高,PKG-01164144,PKG(箱なし),1948,1,,商品を特定できていない（候補が複数）,タグ・JAN・型番・ブランド名を撮影、全体写真、数量,,,,,,,,,候補あり
PKGI-02833367,PKGI-02833367,【買取】トレーディング缶バッジ(The movie ver.),15,store_kingrecords_co_jp,,PKG-01164620,,,,8月,G,商品特定（候補あり）,高,PKG-01164620,PKG(箱なし),1694,15,,商品を特定できていない（候補が複数）,タグ・JAN・型番・ブランド名を撮影、全体写真、数量,,,,,,,,,候補あり
PKGI-02833365,PKGI-02833365,【買取】メタルキーホルダー(MOVIE CAFE ver.) Fling Posse,1,store_kingrecords_co_jp,,PKG-01164620,,,,8月,G,商品特定（候補あり）,高,PKG-01164620,PKG(箱なし),1926,1,,商品を特定できていない（候補が複数）,タグ・JAN・型番・ブランド名を撮影、全体写真、数量,,,,,,,,,候補あり
PKGI-02834915,PKGI-02834915,【買取】ARIRANG (BTS The 5th Album 613 Limited Edition -Picture Vinyl)(ピクチャー・ヴァイナル仕様/アナログレコード),1,hmv_co_jp,,PKG-01165126,,,,8月,G,商品特定（候補あり）,高,PKG-01165126,PKG(箱なし),1673,1,,商品を特定できていない（候補が複数）,タグ・JAN・型番・ブランド名を撮影、全体写真、数量,,,,,,,,,候補あり
PKGI-02854246,PKGI-02854246,ごひいきセット(豊昇龍),1,sumall_sumo_or_jp,,PKG-01165198,YES,YES,YES,8月,A,版・サイズ・色の確定,中,PKG-01165198,PKG(箱なし),1737,1,,版・SKU・サイズ・色が元データから確定できない,版・種類・サイズ・色、数量・セット内容、状態・未開封,https://sumall.sumo.or.jp/products/4573619419182,master_v336_confirmed_url,,,,元帳数量保持・現物,,,特定済み
PKGI-02884480,PKGI-02884480,【買取】合皮スクールバッグ(ブラック×シルバー)  ARCB-2016-11,1,conomi_jp,,PKG-01169016,YES,YES,YES,8月,A,版・サイズ・色の確定,中,PKG-01169016,PKG(箱なし),1667,1,,版・SKU・サイズ・色が元データから確定できない,版・種類・サイズ・色、数量・セット内容、状態・未開封、画像と現物の一致,https://www.conomi.jp/c/price-10000/ARCB-2016-11,master_v336_confirmed_url,,,,,,,特定済み
PKGI-02785415,PKGI-02785415,【買取】イヤホン　ポーチチャーム（AirPods対応）,1,usagi-online_com,,PKG-01176165,,,,8月,G,商品特定（候補あり）,高,PKG-01176165,PKG(箱なし),1849,1,,商品を特定できていない（候補が複数）,タグ・JAN・型番・ブランド名を撮影、全体写真、数量,,,,,,,,,候補あり
PKGI-02786948,PKGI-02786948,TENDER CARE PAJAMA,1,mandarinebrothers_shop,,PKG-01176485,YES,YES,,8月,B,数量・版＋撮影（写真なし）,中,PKG-01176485,PKG(箱なし),1803,1,,現物未確認（数量・版の確認）／写真なし（撮影が必要）,確認数量（元リストの商品単位） / 欠品・付属品の実際の内容 / 現物のサイズ・色・タグを確認。XS/S掲載ページから個体サイズを決めない / 箱番号・実所在 / 箱番号・所在,https://www.mandarinebrothers.com/items/132731535,master_v336_confirmed_url,,,,,,,特定済み
PKGI-02786949,PKGI-02786949,TENDER CARE PAJAMA,1,mandarinebrothers_shop,,PKG-01176485,YES,YES,,8月,B,数量・版＋撮影（写真なし）,中,PKG-01176485,PKG(箱なし),1804,1,,現物未確認（数量・版の確認）／写真なし（撮影が必要）,確認数量（元リストの商品単位） / 欠品・付属品の実際の内容 / 現物のサイズ・色・タグを確認。XS/S掲載ページから個体サイズを決めない / 箱番号・実所在 / 箱番号・所在,,,,,,,,,特定済み
PKGI-02786946,PKGI-02786946,SKIN TIGHT SUIT,1,mandarinebrothers_shop,,PKG-01176485,,,,8月,H,商品特定（ページ見つからず）,高,PKG-01176485,PKG(箱なし),1850,1,,商品ページが見つからない（商品名から特定不可）,タグ・JAN・型番・ブランド名を撮影、全体写真、数量,https://mandarinebrothers.shop/view/item/000000000024,"shop_site_search(supplier,score=1.00)",https://mandarinebrothers.shop/view/item/000000000024,SKIN TIGHT SUIT | WEAR | 犬服 MANDARINE BROTHERS マンダリンブラザーズ公式,1.00,,,,未発見
PKGI-02786947,PKGI-02786947,SKIN TIGHT SUIT,1,mandarinebrothers_shop,,PKG-01176485,,,,8月,H,商品特定（ページ見つからず）,高,PKG-01176485,PKG(箱なし),1851,1,,商品ページが見つからない（商品名から特定不可）,タグ・JAN・型番・ブランド名を撮影、全体写真、数量,,,,,,,,,未発見
PKGI-02831568,PKGI-02831568,"【Mo,de in Japan】NOTOSNOW　Yシャツ",1,shop_modein_jp,,PKG-01178467,YES,YES,YES,8月,A,版・サイズ・色の確定,中,PKG-01178467,PKG(箱なし),1654,1,,版・SKU・サイズ・色が元データから確定できない,版・種類・サイズ・色、数量・セット内容、状態・未開封、箱・袋の所在,https://shop.modein.jp/products/mo-de-in-japan-notosnow,master_v336_confirmed_url,,,,現物,,,特定済み
PKGI-02834758,PKGI-02834758,【買取】リストラップ,1,allout-official_com,,PKG-01178569,,,,8月,B,数量・版＋撮影（写真なし）,中,PKG-01178569,PKG(箱なし),1836,1,,現物未確認（数量・版の確認）／写真なし（撮影が必要）,元帳数量保持・現物未確認,https://allout-official.com/products/mmww,master_v336_confirmed_url,,,,元帳数量保持・現物,,,特定済み
PKGI-02803531,PKGI-02803531,アニメ「えぶりでいホスト」 メタリック缶バッジ4個セット シン＆ルイ＆ミオ＆おこのみ太郎,2,charaon_jp,,PKG-01181057,YES,YES,YES,8月,A,版・サイズ・色の確定,中,PKG-01181057,PKG(箱なし),1752,2,,版・SKU・サイズ・色が元データから確定できない,版・種類・サイズ・色、数量・セット内容、状態・未開封,https://www.charaon.jp/SHOP/AZEVD007.html,master_v336_confirmed_url,,,,現物4個の構成・印刷・状態,,,特定済み
PKGI-02822181,PKGI-02822181,アニメ「えぶりでいホスト」 メタリック缶バッジ4個セット シン＆ルイ＆ミオ＆おこのみ太郎,2,charaon_jp,,PKG-01181057,YES,YES,YES,8月,A,版・サイズ・色の確定,中,PKG-01181057,PKG(箱なし),1753,2,,版・SKU・サイズ・色が元データから確定できない,版・種類・サイズ・色、数量・セット内容、状態・未開封,,,,,,現物4個の構成・印刷・状態,,,特定済み
PKGI-02858983,PKGI-02858983,アーチ・エネミー2026年日本公演4月18日東京+bonus　Pro DVD,1,livebootleg_net,,PKG-01186053,,,,8月,G,商品特定（候補あり）,高,PKG-01186053,PKG(箱なし),1854,1,,商品を特定できていない（候補が複数）,タグ・JAN・型番・ブランド名を撮影、全体写真、数量,,,,,,,,,候補あり
PKGI-02876701,PKGI-02876701,【買取】カモフラージュ コンシーラーチーク,1,store_brilliage_jp,,PKG-01187443,,,YES,8月,B,数量・版＋撮影（写真なし）,中,PKG-01187443,PKG(箱なし),1768,1,,現物未確認（数量・版の確認）／写真なし（撮影が必要）,確認数量（元リストの商品単位） / 欠品・付属品の実際の内容 / 現物のカラー番号・外箱SKU・特典有無・未開封状態・数量を照合 / 箱番号・実所在 / 箱番号・所在,https://brilliage.jp/products/13398,master_v336_confirmed_url,,,,,,,特定済み
PKGI-02888002,PKGI-02888002,Synthesizer V 2 AI 彩澄しゅお,1,ah-soft_net,,PKG-01191434,YES,YES,YES,8月,A,版・サイズ・色の確定,中,PKG-01191434,PKG(箱なし),1665,1,,版・SKU・サイズ・色が元データから確定できない,版・種類・サイズ・色、数量・セット内容、状態・未開封,https://www.ah-soft.net/shopdetail/000000001797/,master_v336_confirmed_url,,,,,,,特定済み
PKGI-02898370,PKGI-02898370,【ＡＡＡ?Ｉカップ】谷間ふっくら脇すっきり ３／４カップブラ,1,store_wacoal_jp,,PKG-01194013,,,,8月,H,商品特定（ページ見つからず）,高,PKG-01194013,PKG(箱なし),1955,1,,商品ページが見つからない（商品名から特定不可）,タグ・JAN・型番・ブランド名を撮影、全体写真、数量,https://store.wacoal.jp/disp/02_BKD484.html,web_search(supplier,https://store.wacoal.jp/disp/02_BKD484.html,ワコールサイズオーダー／My Size Collection 谷間ふっくら脇すっきり ３／４カップブラ BKD484｜ワコール直営の公式下着通販サイト ワコールウェブストア,0.95,,,,未発見
PKGI-02060463,PKGI-02060463,ニットベアSETシアーニットトップス,1,,BU-00778238,ROG-001-1-1,YES,YES,,5月,M4,5月・同名在庫あり（不足分を数える）,中,BU-00778238,箱,32,1,2,同じ商品名の別行がReCORE在庫を持っている。この行の分の現物が別にあるか数える,現物の有無と点数、サイズ・色、在庫ラベル(IT)の有無,,,,,,,,,
PKGI-02060464,PKGI-02060464,ニットベアSETシアーニットトップス,1,,BU-00778238,ROG-001-1-1,YES,YES,,5月,M4,5月・同名在庫あり（不足分を数える）,中,BU-00778238,箱,33,1,2,同じ商品名の別行がReCORE在庫を持っている。この行の分の現物が別にあるか数える,現物の有無と点数、サイズ・色、在庫ラベル(IT)の有無,,,,,,,,,
PKGI-02060451,PKGI-02060451,【ウォッシャブル】クロップドハーフスリーブシャツ,1,,BU-00778238,ROG-001-1-1,YES,YES,,5月,M4,5月・同名在庫あり（不足分を数える）,中,BU-00778238,箱,40,1,1,同じ商品名の別行がReCORE在庫を持っている。この行の分の現物が別にあるか数える,現物の有無と点数、サイズ・色、在庫ラベル(IT)の有無,,,,,,,,,
PKGI-02060453,PKGI-02060453,【WEB限定カラー】【UV加工】接触冷感オフショルリブニット,2,,BU-00778238,ROG-001-1-1,,,,5月,M3,5月・PDあり在庫なし,中,BU-00778238,箱,42,2,5,商品マスタ(PD)はあるが在庫(IT)が未入庫。商品マスタは複数あるが在庫(IT)が入庫されていない,現物の有無と点数,,,,,,,PDJPM0AIX4ZM;PDM6D0O9N3DC,,
PKGI-02060454,PKGI-02060454,【WEB限定カラー】【UV加工】接触冷感オフショルリブニット,1,,BU-00778238,ROG-001-1-1,YES,YES,,5月,M4,5月・同名在庫あり（不足分を数える）,中,BU-00778238,箱,44,1,5,同じ商品名の別行がReCORE在庫を持っている。この行の分の現物が別にあるか数える,現物の有無と点数、サイズ・色、在庫ラベル(IT)の有無,,,,,,,,,
PKGI-02060455,PKGI-02060455,【WEB限定カラー】【UV加工】接触冷感オフショルリブニット,1,,BU-00778238,ROG-001-1-1,YES,YES,,5月,M4,5月・同名在庫あり（不足分を数える）,中,BU-00778238,箱,45,1,5,同じ商品名の別行がReCORE在庫を持っている。この行の分の現物が別にあるか数える,現物の有無と点数、サイズ・色、在庫ラベル(IT)の有無,,,,,,,,,
PKGI-02060456,PKGI-02060456,【WEB限定カラー】【UV加工】接触冷感オフショルリブニット,1,,BU-00778238,ROG-001-1-1,YES,YES,,5月,M4,5月・同名在庫あり（不足分を数える）,中,BU-00778238,箱,46,1,5,同じ商品名の別行がReCORE在庫を持っている。この行の分の現物が別にあるか数える,現物の有無と点数、サイズ・色、在庫ラベル(IT)の有無,,,,,,,,,
PKGI-02060447,PKGI-02060447,【防シワ】ドライタッチメッシュジャケット,1,,BU-00778238,ROG-001-1-1,YES,YES,,5月,M4,5月・同名在庫あり（不足分を数える）,中,BU-00778238,箱,6,1,1,同じ商品名の別行がReCORE在庫を持っている。この行の分の現物が別にあるか数える,現物の有無と点数、サイズ・色、在庫ラベル(IT)の有無,,,,,,,,,
PKGI-02060458,PKGI-02060458,2WAYレイヤードドッキングニットタンク,1,,BU-00778238,ROG-001-1-1,YES,YES,,5月,M4,5月・同名在庫あり（不足分を数える）,中,BU-00778238,箱,65,1,2,同じ商品名の別行がReCORE在庫を持っている。この行の分の現物が別にあるか数える,現物の有無と点数、サイズ・色、在庫ラベル(IT)の有無,,,,,,,,,
PKGI-02060459,PKGI-02060459,2WAYレイヤードドッキングニットタンク,1,,BU-00778238,ROG-001-1-1,YES,YES,,5月,M4,5月・同名在庫あり（不足分を数える）,中,BU-00778238,箱,66,1,2,同じ商品名の別行がReCORE在庫を持っている。この行の分の現物が別にあるか数える,現物の有無と点数、サイズ・色、在庫ラベル(IT)の有無,,,,,,,,,
PKGI-02099186,PKGI-02099186,【ウォッシャブル】クロシェカットレイヤードタンク,1,,BU-00778238,WG-001-2-2,YES,YES,,5月,M4,5月・同名在庫あり（不足分を数える）,中,BU-00778238,箱,16,1,2,同じ商品名の別行がReCORE在庫を持っている。この行の分の現物が別にあるか数える,現物の有無と点数、サイズ・色、在庫ラベル(IT)の有無,,,,,,,,,
PKGI-02099187,PKGI-02099187,【ウォッシャブル】クロシェカットレイヤードタンク,1,,BU-00778238,WG-001-2-2,YES,YES,,5月,M4,5月・同名在庫あり（不足分を数える）,中,BU-00778238,箱,17,1,2,同じ商品名の別行がReCORE在庫を持っている。この行の分の現物が別にあるか数える,現物の有無と点数、サイズ・色、在庫ラベル(IT)の有無,,,,,,,,,
PKGI-02099188,PKGI-02099188,【ウォッシャブル】クロシェニットキャミ×ノースリトップス,1,,BU-00778238,WG-001-2-2,YES,YES,,5月,M4,5月・同名在庫あり（不足分を数える）,中,BU-00778238,箱,18,1,2,同じ商品名の別行がReCORE在庫を持っている。この行の分の現物が別にあるか数える,現物の有無と点数、サイズ・色、在庫ラベル(IT)の有無,,,,,,,,,
PKGI-02099189,PKGI-02099189,【ウォッシャブル】クロシェニットキャミ×ノースリトップス,1,,BU-00778238,WG-001-2-2,YES,YES,,5月,M4,5月・同名在庫あり（不足分を数える）,中,BU-00778238,箱,19,1,2,同じ商品名の別行がReCORE在庫を持っている。この行の分の現物が別にあるか数える,現物の有無と点数、サイズ・色、在庫ラベル(IT)の有無,,,,,,,,,
PKGI-02099182,PKGI-02099182,サイドラインジャージライクパンツ,1,,BU-00778238,WG-001-2-2,YES,YES,,5月,M4,5月・同名在庫あり（不足分を数える）,中,BU-00778238,箱,22,1,1,同じ商品名の別行がReCORE在庫を持っている。この行の分の現物が別にあるか数える,現物の有無と点数、サイズ・色、在庫ラベル(IT)の有無,,,,,,,,,
PKGI-02066391,PKGI-02066391,ラミー100％袖スリットシャツ,1,,BU-00811457,ROG-001-1-1,YES,YES,,5月,M4,5月・同名在庫あり（不足分を数える）,中,BU-00811457,箱,100,1,2,同じ商品名の別行がReCORE在庫を持っている。この行の分の現物が別にあるか数える,現物の有無と点数、サイズ・色、在庫ラベル(IT)の有無,,,,,,,,,
PKGI-02066392,PKGI-02066392,ラミー100％袖スリットシャツ,1,,BU-00811457,ROG-001-1-1,YES,YES,,5月,M4,5月・同名在庫あり（不足分を数える）,中,BU-00811457,箱,101,1,2,同じ商品名の別行がReCORE在庫を持っている。この行の分の現物が別にあるか数える,現物の有無と点数、サイズ・色、在庫ラベル(IT)の有無,,,,,,,,,
PKGI-02233467,PKGI-02233467,【USAGI ONLINE・ZOZO限定】ビッグトレーナー,1,,BU-00811457,ROG-001-1-1,YES,YES,,5月,M4,5月・同名在庫あり（不足分を数える）,中,BU-00811457,箱,108,1,1,同じ商品名の別行がReCORE在庫を持っている。この行の分の現物が別にあるか数える,現物の有無と点数、サイズ・色、在庫ラベル(IT)の有無,,,,,,,,,
PKGI-02063691,PKGI-02063691,【限定カラー】バックプリントオーバーTシャツ,1,,BU-00811457,ROG-001-1-1,YES,YES,,5月,M4,5月・同名在庫あり（不足分を数える）,中,BU-00811457,箱,110,1,2,同じ商品名の別行がReCORE在庫を持っている。この行の分の現物が別にあるか数える,現物の有無と点数、サイズ・色、在庫ラベル(IT)の有無,,,,,,,,,
PKGI-02063692,PKGI-02063692,【限定カラー】バックプリントオーバーTシャツ,1,,BU-00811457,ROG-001-1-1,YES,YES,,5月,M4,5月・同名在庫あり（不足分を数える）,中,BU-00811457,箱,111,1,2,同じ商品名の別行がReCORE在庫を持っている。この行の分の現物が別にあるか数える,現物の有無と点数、サイズ・色、在庫ラベル(IT)の有無,,,,,,,,,
PKGI-02047148,PKGI-02047148,【セットアップ対応】クールドライ金釦ニットベスト,1,,BU-00811457,ROG-001-1-1,YES,YES,,5月,M4,5月・同名在庫あり（不足分を数える）,中,BU-00811457,箱,113,1,2,同じ商品名の別行がReCORE在庫を持っている。この行の分の現物が別にあるか数える,現物の有無と点数、サイズ・色、在庫ラベル(IT)の有無,,,,,,,,,
PKGI-02047149,PKGI-02047149,【セットアップ対応】クールドライ金釦ニットベスト,1,,BU-00811457,ROG-001-1-1,YES,YES,,5月,M4,5月・同名在庫あり（不足分を数える）,中,BU-00811457,箱,114,1,2,同じ商品名の別行がReCORE在庫を持っている。この行の分の現物が別にあるか数える,現物の有無と点数、サイズ・色、在庫ラベル(IT)の有無,,,,,,,,,
PKGI-02066370,PKGI-02066370,【LILY BROWN Lingerie】【LILY BROWN×FRUIT OF THE LOOM】ホルターネックカップイントップス,2,,BU-00811457,ROG-001-1-1,,,,5月,M3,5月・PDあり在庫なし,中,BU-00811457,箱,129,2,2,商品マスタ(PD)はあるが在庫(IT)が未入庫。商品マスタは複数あるが在庫(IT)が入庫されていない,現物の有無と点数,,,,,,,PDEOK5WJ3CUR;PDRBSX7I75B8,,
PKGI-02068008,PKGI-02068008,【WEB限定カラー】ハイラインフレンチスリーブカットトップス,1,,BU-00811457,ROG-001-1-1,YES,YES,,5月,M4,5月・同名在庫あり（不足分を数える）,中,BU-00811457,箱,135,1,6,同じ商品名の別行がReCORE在庫を持っている。この行の分の現物が別にあるか数える,現物の有無と点数、サイズ・色、在庫ラベル(IT)の有無,,,,,,,,,
PKGI-02068009,PKGI-02068009,【WEB限定カラー】ハイラインフレンチスリーブカットトップス,1,,BU-00811457,ROG-001-1-1,YES,YES,,5月,M4,5月・同名在庫あり（不足分を数える）,中,BU-00811457,箱,136,1,6,同じ商品名の別行がReCORE在庫を持っている。この行の分の現物が別にあるか数える,現物の有無と点数、サイズ・色、在庫ラベル(IT)の有無,,,,,,,,,
PKGI-02068011,PKGI-02068011,【WEB限定カラー】ハイラインフレンチスリーブカットトップス,1,,BU-00811457,ROG-001-1-1,YES,YES,,5月,M4,5月・同名在庫あり（不足分を数える）,中,BU-00811457,箱,137,1,6,同じ商品名の別行がReCORE在庫を持っている。この行の分の現物が別にあるか数える,現物の有無と点数、サイズ・色、在庫ラベル(IT)の有無,,,,,,,,,
PKGI-02233472,PKGI-02233472,ロングチャームピアス,1,,BU-00811457,ROG-001-1-1,,,,5月,M3,5月・PDあり在庫なし,中,BU-00811457,箱,145,1,3,商品マスタ(PD)はあるが在庫(IT)が未入庫。同じ商品名の別行がReCORE在庫を持っている。この行の分の現物が別にあるか数える,現物の有無と点数,,,,,,,PD73QQPV9A3W;PDG4RT3BIV8G,,
PKGI-02233473,PKGI-02233473,ロングチャームピアス,1,,BU-00811457,ROG-001-1-1,YES,YES,,5月,M4,5月・同名在庫あり（不足分を数える）,中,BU-00811457,箱,146,1,3,同じ商品名の別行がReCORE在庫を持っている。この行の分の現物が別にあるか数える,現物の有無と点数、サイズ・色、在庫ラベル(IT)の有無,,,,,,,,,
PKGI-02068006,PKGI-02068006,【XSサイズあり】ストレッチスリットフレアパンツ,1,,BU-00811457,ROG-001-1-1,YES,YES,,5月,M4,5月・同名在庫あり（不足分を数える）,中,BU-00811457,箱,78,1,3,同じ商品名の別行がReCORE在庫を持っている。この行の分の現物が別にあるか数える,現物の有無と点数、サイズ・色、在庫ラベル(IT)の有無,,,,,,,,,
PKGI-02068007,PKGI-02068007,【XSサイズあり】ストレッチスリットフレアパンツ,1,,BU-00811457,ROG-001-1-1,YES,YES,,5月,M4,5月・同名在庫あり（不足分を数える）,中,BU-00811457,箱,79,1,3,同じ商品名の別行がReCORE在庫を持っている。この行の分の現物が別にあるか数える,現物の有無と点数、サイズ・色、在庫ラベル(IT)の有無,,,,,,,,,
PKGI-02068010,PKGI-02068010,【XSサイズあり】ストレッチスリットフレアパンツ,1,,BU-00811457,ROG-001-1-1,YES,YES,,5月,M4,5月・同名在庫あり（不足分を数える）,中,BU-00811457,箱,80,1,3,同じ商品名の別行がReCORE在庫を持っている。この行の分の現物が別にあるか数える,現物の有無と点数、サイズ・色、在庫ラベル(IT)の有無,,,,,,,,,
PKGI-02236102,PKGI-02236102,emmiロゴモヘアニットトップス,1,,BU-00811457,ROG-001-1-1,YES,YES,,5月,M4,5月・同名在庫あり（不足分を数える）,中,BU-00811457,箱,82,1,1,同じ商品名の別行がReCORE在庫を持っている。この行の分の現物が別にあるか数える,現物の有無と点数、サイズ・色、在庫ラベル(IT)の有無,,,,,,,,,
PKGI-02233469,PKGI-02233469,巻きスカートレイヤウエストゴムシガレットパンツ,1,,BU-00811457,ROG-001-1-1,YES,YES,,5月,M4,5月・同名在庫あり（不足分を数える）,中,BU-00811457,箱,85,1,2,同じ商品名の別行がReCORE在庫を持っている。この行の分の現物が別にあるか数える,現物の有無と点数、サイズ・色、在庫ラベル(IT)の有無,,,,,,,,,
PKGI-02233470,PKGI-02233470,巻きスカートレイヤウエストゴムシガレットパンツ,1,,BU-00811457,ROG-001-1-1,YES,YES,,5月,M4,5月・同名在庫あり（不足分を数える）,中,BU-00811457,箱,86,1,2,同じ商品名の別行がReCORE在庫を持っている。この行の分の現物が別にあるか数える,現物の有無と点数、サイズ・色、在庫ラベル(IT)の有無,,,,,,,,,
PKGI-02080603,PKGI-02080603,リネンライクアメスリＩラインマキシワンピース,1,,BU-00811457,ROG-001-1-1,YES,YES,,5月,M4,5月・同名在庫あり（不足分を数える）,中,BU-00811457,箱,92,1,1,同じ商品名の別行がReCORE在庫を持っている。この行の分の現物が別にあるか数える,現物の有無と点数、サイズ・色、在庫ラベル(IT)の有無,,,,,,,,,
PKGI-02233474,PKGI-02233474,ドットプリントスパイラルナロースカート,1,,BU-00811457,ROG-001-1-1,YES,YES,,5月,M4,5月・同名在庫あり（不足分を数える）,中,BU-00811457,箱,93,1,2,同じ商品名の別行がReCORE在庫を持っている。この行の分の現物が別にあるか数える,現物の有無と点数、サイズ・色、在庫ラベル(IT)の有無,,,,,,,,,
PKGI-02254389,PKGI-02254389,缶バッチ付きGジャン,1,,BU-00811460,IRG-001-1-3,YES,YES,,5月,M4,5月・同名在庫あり（不足分を数える）,中,BU-00811460,箱,153,1,1,同じ商品名の別行がReCORE在庫を持っている。この行の分の現物が別にあるか数える,現物の有無と点数、サイズ・色、在庫ラベル(IT)の有無,,,,,,,,,
PKGI-02253607,PKGI-02253607,フェイクレザーセンタープレスワイドイージーパンツ,1,,BU-00811460,IRG-001-1-3,YES,YES,,5月,M4,5月・同名在庫あり（不足分を数える）,中,BU-00811460,箱,171,1,1,同じ商品名の別行がReCORE在庫を持っている。この行の分の現物が別にあるか数える,現物の有無と点数、サイズ・色、在庫ラベル(IT)の有無,,,,,,,,,
PKGI-02253602,PKGI-02253602,モヘア混シアーポロニットプルオーバー,1,,BU-00811460,IRG-001-1-3,YES,YES,,5月,M4,5月・同名在庫あり（不足分を数える）,中,BU-00811460,箱,178,1,2,同じ商品名の別行がReCORE在庫を持っている。この行の分の現物が別にあるか数える,現物の有無と点数、サイズ・色、在庫ラベル(IT)の有無,,,,,,,,,
PKGI-02253603,PKGI-02253603,モヘア混シアーポロニットプルオーバー,1,,BU-00811460,IRG-001-1-3,YES,YES,,5月,M4,5月・同名在庫あり（不足分を数える）,中,BU-00811460,箱,179,1,2,同じ商品名の別行がReCORE在庫を持っている。この行の分の現物が別にあるか数える,現物の有無と点数、サイズ・色、在庫ラベル(IT)の有無,,,,,,,,,
PKGI-02269022,PKGI-02269022,ワイヤーショートシャツ,1,,BU-00811460,IRG-001-1-3,YES,YES,,5月,M4,5月・同名在庫あり（不足分を数える）,中,BU-00811460,箱,181,1,1,同じ商品名の別行がReCORE在庫を持っている。この行の分の現物が別にあるか数える,現物の有無と点数、サイズ・色、在庫ラベル(IT)の有無,,,,,,,,,
PKGI-02223474,PKGI-02223474,【WEB限定カラー】【セットアップ対応】ポロ衿リブニットプルオーバー,1,,BU-00811460,IRG-001-1-3,YES,YES,,5月,M4,5月・同名在庫あり（不足分を数える）,中,BU-00811460,箱,186,1,2,同じ商品名の別行がReCORE在庫を持っている。この行の分の現物が別にあるか数える,現物の有無と点数、サイズ・色、在庫ラベル(IT)の有無,,,,,,,,,
PKGI-02223475,PKGI-02223475,【WEB限定カラー】【セットアップ対応】ポロ衿リブニットプルオーバー,1,,BU-00811460,IRG-001-1-3,YES,YES,,5月,M4,5月・同名在庫あり（不足分を数える）,中,BU-00811460,箱,187,1,2,同じ商品名の別行がReCORE在庫を持っている。この行の分の現物が別にあるか数える,現物の有無と点数、サイズ・色、在庫ラベル(IT)の有無,,,,,,,,,
PKGI-02223478,PKGI-02223478,ボートネック後ろあきハーフスリーブT,2,,BU-00811460,IRG-001-1-3,,,,5月,M3,5月・PDあり在庫なし,中,BU-00811460,箱,190,2,3,商品マスタ(PD)はあるが在庫(IT)が未入庫。商品マスタは複数あるが在庫(IT)が入庫されていない,現物の有無と点数,,,,,,,PDANCL9GEXT3;PDJU9JYN44RS,,
PKGI-02223479,PKGI-02223479,ボートネック後ろあきハーフスリーブT,1,,BU-00811460,IRG-001-1-3,YES,YES,,5月,M4,5月・同名在庫あり（不足分を数える）,中,BU-00811460,箱,192,1,3,同じ商品名の別行がReCORE在庫を持っている。この行の分の現物が別にあるか数える,現物の有無と点数、サイズ・色、在庫ラベル(IT)の有無,,,,,,,,,
PKGI-02199710,PKGI-02199710,ロングチャームピアス,1,,BU-00811460,IRG-001-1-3,YES,YES,,5月,M4,5月・同名在庫あり（不足分を数える）,中,BU-00811460,箱,199,1,3,同じ商品名の別行がReCORE在庫を持っている。この行の分の現物が別にあるか数える,現物の有無と点数、サイズ・色、在庫ラベル(IT)の有無,,,,,,,,,
PKGI-02063120,PKGI-02063120,フォルムタックナローワンピース,1,,BU-00811460,ROG-001-1-1,YES,YES,,5月,M4,5月・同名在庫あり（不足分を数える）,中,BU-00811460,箱,151,1,1,同じ商品名の別行がReCORE在庫を持っている。この行の分の現物が別にあるか数える,現物の有無と点数、サイズ・色、在庫ラベル(IT)の有無,,,,,,,,,
PKGI-02063132,PKGI-02063132,共ベルト付ストレートリネンマキシスカート,1,,BU-00811460,ROG-001-1-1,YES,YES,,5月,M4,5月・同名在庫あり（不足分を数える）,中,BU-00811460,箱,155,1,1,同じ商品名の別行がReCORE在庫を持っている。この行の分の現物が別にあるか数える,現物の有無と点数、サイズ・色、在庫ラベル(IT)の有無,,,,,,,,,
PKGI-02060724,PKGI-02060724,ダブルストラップサンダル,2,,BU-00811460,ROG-001-1-1,,,,5月,M2,5月・PDあり在庫なし,高,BU-00811460,箱,156,2,2,商品マスタ(PD)はあるが在庫(IT)が未入庫。商品マスタは複数あるが在庫(IT)が入庫されていない,現物の有無と点数,,,,,,,PD0KQJBZ5N2W;PDDFEURYZYNG,,
PKGI-02060721,PKGI-02060721,【セットアップ対応】後ろゴムゆるみテーパードパンツ,1,,BU-00811460,ROG-001-1-1,,,,5月,M3,5月・PDあり在庫なし,中,BU-00811460,箱,160,1,3,商品マスタ(PD)はあるが在庫(IT)が未入庫。同じ商品名の別行がReCORE在庫を持っている。この行の分の現物が別にあるか数える,現物の有無と点数,,,,,,,PDGFG786L2L0;PDLEF9O3DO4G,,
PKGI-02060722,PKGI-02060722,【セットアップ対応】後ろゴムゆるみテーパードパンツ,1,,BU-00811460,ROG-001-1-1,YES,YES,,5月,M4,5月・同名在庫あり（不足分を数える）,中,BU-00811460,箱,161,1,3,同じ商品名の別行がReCORE在庫を持っている。この行の分の現物が別にあるか数える,現物の有無と点数、サイズ・色、在庫ラベル(IT)の有無,,,,,,,,,
PKGI-02063124,PKGI-02063124,クルーネックアメスリニットワンピース,1,,BU-00811460,ROG-001-1-1,YES,YES,,5月,M4,5月・同名在庫あり（不足分を数える）,中,BU-00811460,箱,167,1,1,同じ商品名の別行がReCORE在庫を持っている。この行の分の現物が別にあるか数える,現物の有無と点数、サイズ・色、在庫ラベル(IT)の有無,,,,,,,,,
PKGI-02063127,PKGI-02063127,ボタニカル柄ウエストゴムイージーパンツ,1,,BU-00811460,ROG-001-1-1,YES,YES,,5月,M4,5月・同名在庫あり（不足分を数える）,中,BU-00811460,箱,169,1,1,同じ商品名の別行がReCORE在庫を持っている。この行の分の現物が別にあるか数える,現物の有無と点数、サイズ・色、在庫ラベル(IT)の有無,,,,,,,,,
PKGI-02063130,PKGI-02063130,後ろゴムリネンライクテーパードパンツ,2,,BU-00811460,ROG-001-1-1,,,,5月,M3,5月・PDあり在庫なし,中,BU-00811460,箱,172,2,2,商品マスタ(PD)はあるが在庫(IT)が未入庫。商品マスタは複数あるが在庫(IT)が入庫されていない,現物の有無と点数,,,,,,,PD2KN3LZ0TDE;PD2L2P5IZ5L0,,
PKGI-02063128,PKGI-02063128,前後2WAYノースリノットリボンブラウス,1,,BU-00811460,ROG-001-1-1,YES,YES,,5月,M4,5月・同名在庫あり（不足分を数える）,中,BU-00811460,箱,176,1,1,同じ商品名の別行がReCORE在庫を持っている。この行の分の現物が別にあるか数える,現物の有無と点数、サイズ・色、在庫ラベル(IT)の有無,,,,,,,,,
PKGI-02053334,PKGI-02053334,【イージーケア】リボン付きストライプオーバーシャツ,1,,BU-00811460,ROG-001-1-1,YES,YES,,5月,M4,5月・同名在庫あり（不足分を数える）,中,BU-00811460,箱,183,1,1,同じ商品名の別行がReCORE在庫を持っている。この行の分の現物が別にあるか数える,現物の有無と点数、サイズ・色、在庫ラベル(IT)の有無,,,,,,,,,
PKGI-02063123,PKGI-02063123,シェル釦ハイゲージボックスカーディガン,1,,BU-00811460,ROG-001-1-1,YES,YES,,5月,M4,5月・同名在庫あり（不足分を数える）,中,BU-00811460,箱,189,1,1,同じ商品名の別行がReCORE在庫を持っている。この行の分の現物が別にあるか数える,現物の有無と点数、サイズ・色、在庫ラベル(IT)の有無,,,,,,,,,
PKGI-02053330,PKGI-02053330,【WEB限定カラー】ハイラインフレンチスリーブカットトップス,1,,BU-00811460,ROG-001-1-1,YES,YES,,5月,M4,5月・同名在庫あり（不足分を数える）,中,BU-00811460,箱,195,1,6,同じ商品名の別行がReCORE在庫を持っている。この行の分の現物が別にあるか数える,現物の有無と点数、サイズ・色、在庫ラベル(IT)の有無,,,,,,,,,
PKGI-02053331,PKGI-02053331,【WEB限定カラー】ハイラインフレンチスリーブカットトップス,1,,BU-00811460,ROG-001-1-1,YES,YES,,5月,M4,5月・同名在庫あり（不足分を数える）,中,BU-00811460,箱,196,1,6,同じ商品名の別行がReCORE在庫を持っている。この行の分の現物が別にあるか数える,現物の有無と点数、サイズ・色、在庫ラベル(IT)の有無,,,,,,,,,
PKGI-02053332,PKGI-02053332,【WEB限定カラー】ハイラインフレンチスリーブカットトップス,1,,BU-00811460,ROG-001-1-1,YES,YES,,5月,M4,5月・同名在庫あり（不足分を数える）,中,BU-00811460,箱,197,1,6,同じ商品名の別行がReCORE在庫を持っている。この行の分の現物が別にあるか数える,現物の有無と点数、サイズ・色、在庫ラベル(IT)の有無,,,,,,,,,
PKGI-02081717,PKGI-02081717,【USAGI限定カラー】【emmi×PlaX（TM）】パイルアメスリワンピース,1,,BU-00836095,ROG-001-1-1,YES,YES,,5月,M4,5月・同名在庫あり（不足分を数える）,中,BU-00836095,箱,207,1,2,同じ商品名の別行がReCORE在庫を持っている。この行の分の現物が別にあるか数える,現物の有無と点数、サイズ・色、在庫ラベル(IT)の有無,,,,,,,,,
PKGI-02081718,PKGI-02081718,【USAGI限定カラー】【emmi×PlaX（TM）】パイルアメスリワンピース,1,,BU-00836095,ROG-001-1-1,YES,YES,,5月,M4,5月・同名在庫あり（不足分を数える）,中,BU-00836095,箱,208,1,2,同じ商品名の別行がReCORE在庫を持っている。この行の分の現物が別にあるか数える,現物の有無と点数、サイズ・色、在庫ラベル(IT)の有無,,,,,,,,,
PKGI-02060099,PKGI-02060099,【セットアップ対応】UV CUTバックオープンテーラードジャケット,1,,BU-00836095,ROG-001-1-1,YES,YES,,5月,M4,5月・同名在庫あり（不足分を数える）,中,BU-00836095,箱,211,1,1,同じ商品名の別行がReCORE在庫を持っている。この行の分の現物が別にあるか数える,現物の有無と点数、サイズ・色、在庫ラベル(IT)の有無,,,,,,,,,
PKGI-02224120,PKGI-02224120,オーバーサイズフリースブルゾン,1,,BU-00836095,ROG-001-1-1,YES,YES,,5月,M4,5月・同名在庫あり（不足分を数える）,中,BU-00836095,箱,213,1,1,同じ商品名の別行がReCORE在庫を持っている。この行の分の現物が別にあるか数える,現物の有無と点数、サイズ・色、在庫ラベル(IT)の有無,,,,,,,,,
PKGI-02081720,PKGI-02081720,【USAGI限定カラー】【emmi×PlaX（TM）】フードパーカー,1,,BU-00836095,ROG-001-1-1,YES,YES,,5月,M4,5月・同名在庫あり（不足分を数える）,中,BU-00836095,箱,217,1,2,同じ商品名の別行がReCORE在庫を持っている。この行の分の現物が別にあるか数える,現物の有無と点数、サイズ・色、在庫ラベル(IT)の有無,,,,,,,,,
PKGI-02081721,PKGI-02081721,【USAGI限定カラー】【emmi×PlaX（TM）】フードパーカー,1,,BU-00836095,ROG-001-1-1,YES,YES,,5月,M4,5月・同名在庫あり（不足分を数える）,中,BU-00836095,箱,218,1,2,同じ商品名の別行がReCORE在庫を持っている。この行の分の現物が別にあるか数える,現物の有無と点数、サイズ・色、在庫ラベル(IT)の有無,,,,,,,,,
PKGI-02194496,PKGI-02194496,ドットプリントスパイラルナロースカート,1,,BU-00836095,ROG-001-1-1,YES,YES,,5月,M4,5月・同名在庫あり（不足分を数える）,中,BU-00836095,箱,224,1,2,同じ商品名の別行がReCORE在庫を持っている。この行の分の現物が別にあるか数える,現物の有無と点数、サイズ・色、在庫ラベル(IT)の有無,,,,,,,,,
PKGI-02194490,PKGI-02194490,リネンライクセンタープレスワイドイージーパンツ,1,,BU-00836095,ROG-001-1-1,YES,YES,,5月,M4,5月・同名在庫あり（不足分を数える）,中,BU-00836095,箱,230,1,1,同じ商品名の別行がReCORE在庫を持っている。この行の分の現物が別にあるか数える,現物の有無と点数、サイズ・色、在庫ラベル(IT)の有無,,,,,,,,,
PKGI-02060096,PKGI-02060096,【セットアップ対応】後ろゴムゆるみテーパードパンツ,1,,BU-00836095,ROG-001-1-1,YES,YES,,5月,M4,5月・同名在庫あり（不足分を数える）,中,BU-00836095,箱,232,1,3,同じ商品名の別行がReCORE在庫を持っている。この行の分の現物が別にあるか数える,現物の有無と点数、サイズ・色、在庫ラベル(IT)の有無,,,,,,,,,
PKGI-02224118,PKGI-02224118,後ろゴムセンタープレステーパードパンツ,2,,BU-00836095,ROG-001-1-1,,,,5月,M2,5月・PDあり在庫なし,高,BU-00836095,箱,235,2,2,商品マスタ(PD)はあるが在庫(IT)が未入庫。商品マスタは複数あるが在庫(IT)が入庫されていない,現物の有無と点数,,,,,,,PD89P375IIKG;PDYJRBLIETE6,,
PKGI-02224116,PKGI-02224116,ボートネックタイ付ランダムリブシアーニット,1,,BU-00836095,ROG-001-1-1,YES,YES,,5月,M4,5月・同名在庫あり（不足分を数える）,中,BU-00836095,箱,240,1,2,同じ商品名の別行がReCORE在庫を持っている。この行の分の現物が別にあるか数える,現物の有無と点数、サイズ・色、在庫ラベル(IT)の有無,,,,,,,,,
PKGI-02224117,PKGI-02224117,ボートネックタイ付ランダムリブシアーニット,1,,BU-00836095,ROG-001-1-1,YES,YES,,5月,M4,5月・同名在庫あり（不足分を数える）,中,BU-00836095,箱,241,1,2,同じ商品名の別行がReCORE在庫を持っている。この行の分の現物が別にあるか数える,現物の有無と点数、サイズ・色、在庫ラベル(IT)の有無,,,,,,,,,
PKGI-02224114,PKGI-02224114,ボートネックシルケットカットプルオーバー,1,,BU-00836095,ROG-001-1-1,YES,YES,,5月,M4,5月・同名在庫あり（不足分を数える）,中,BU-00836095,箱,245,1,1,同じ商品名の別行がReCORE在庫を持っている。この行の分の現物が別にあるか数える,現物の有無と点数、サイズ・色、在庫ラベル(IT)の有無,,,,,,,,,
PKGI-02219436,PKGI-02219436,ラインフラワーエンブロイダリードレス,1,,BU-00836095,WG-003-1-2,YES,YES,,5月,M4,5月・同名在庫あり（不足分を数える）,中,BU-00836095,箱,203,1,2,同じ商品名の別行がReCORE在庫を持っている。この行の分の現物が別にあるか数える,現物の有無と点数、サイズ・色、在庫ラベル(IT)の有無,,,,,,,,,
PKGI-02219437,PKGI-02219437,ラインフラワーエンブロイダリードレス,1,,BU-00836095,WG-003-1-2,YES,YES,,5月,M4,5月・同名在庫あり（不足分を数える）,中,BU-00836095,箱,204,1,2,同じ商品名の別行がReCORE在庫を持っている。この行の分の現物が別にあるか数える,現物の有無と点数、サイズ・色、在庫ラベル(IT)の有無,,,,,,,,,
PKGI-02187956,PKGI-02187956,【限定カラー】カットツイードフリンジジャケット,1,,BU-00836095,WG-003-1-2,YES,YES,,5月,M4,5月・同名在庫あり（不足分を数える）,中,BU-00836095,箱,215,1,1,同じ商品名の別行がReCORE在庫を持っている。この行の分の現物が別にあるか数える,現物の有無と点数、サイズ・色、在庫ラベル(IT)の有無,,,,,,,,,
PKGI-02187949,PKGI-02187949,【限定カラー】【WEB限定00サイズ】カットツイードパンツ,1,,BU-00836095,WG-003-1-2,YES,YES,,5月,M4,5月・同名在庫あり（不足分を数える）,中,BU-00836095,箱,221,1,1,同じ商品名の別行がReCORE在庫を持っている。この行の分の現物が別にあるか数える,現物の有無と点数、サイズ・色、在庫ラベル(IT)の有無,,,,,,,,,
PKGI-02187953,PKGI-02187953,【セットアイテム】ペプラムベアニットアメスリタンクSET,1,,BU-00836095,WG-003-1-2,YES,YES,,5月,M4,5月・同名在庫あり（不足分を数える）,中,BU-00836095,箱,227,1,2,同じ商品名の別行がReCORE在庫を持っている。この行の分の現物が別にあるか数える,現物の有無と点数、サイズ・色、在庫ラベル(IT)の有無,,,,,,,,,
PKGI-02187954,PKGI-02187954,【セットアイテム】ペプラムベアニットアメスリタンクSET,1,,BU-00836095,WG-003-1-2,YES,YES,,5月,M4,5月・同名在庫あり（不足分を数える）,中,BU-00836095,箱,228,1,2,同じ商品名の別行がReCORE在庫を持っている。この行の分の現物が別にあるか数える,現物の有無と点数、サイズ・色、在庫ラベル(IT)の有無,,,,,,,,,
PKGI-02195325,PKGI-02195325,カラフルストーンネックレス,1,,BU-00836095,WG-003-1-2,YES,YES,,5月,M4,5月・同名在庫あり（不足分を数える）,中,BU-00836095,箱,247,1,1,同じ商品名の別行がReCORE在庫を持っている。この行の分の現物が別にあるか数える,現物の有無と点数、サイズ・色、在庫ラベル(IT)の有無,,,,,,,,,
PKGI-02558061,PKGI-02558061,長袖Tシャツ/XL/コットン/WHT【B】,1,,BU-00963906,ROG-001-1-1,,,,5月,M2,5月・PDあり在庫なし,高,BU-00963906,箱,298,1,1,商品マスタ(PD)はあるが在庫(IT)が未入庫。商品マスタは複数あるが在庫(IT)が入庫されていない,現物の有無と点数,,,,,,,PDO0N23LCRU8;PDPFA456141M,,
PKGI-02561217,PKGI-02561217,Penlight,2,,BU-00965009,ROJ-001-1-1,,,,5月,M2,5月・PDあり在庫なし,高,BU-00965009,箱,317,2,2,商品マスタ(PD)はあるが在庫(IT)が未入庫。商品マスタは複数あるが在庫(IT)が入庫されていない,現物の有無と点数,,,,,,,PDA0YF9J8USK;PDARB3Q4BFLG,,
PKGI-02563824,PKGI-02563824,HONDA Collab Cub Pants / ホンダコラボ カブパンツ,1,,BU-00966101,ROG-001-1-1,YES,YES,,5月,M4,5月・同名在庫あり（不足分を数える）,中,BU-00966101,箱,356,1,1,同じ商品名の別行がReCORE在庫を持っている。この行の分の現物が別にあるか数える,現物の有無と点数、サイズ・色、在庫ラベル(IT)の有無,,,,,,,,,
PKGI-02564019,PKGI-02564019,PG ネームチャーム **Items with lottery option are not supported.**種類を選択した後に表示されます 3/10までに出荷  3/10までに出荷  3/10までに出荷  3/10までに出荷  3/10までに出荷  3/10までに出荷  3/10までに出荷  3/10までに出荷  3/10までに出荷  3/10までに出荷  3/10までに出荷  3/10までに出荷  3/10までに出荷  3/10までに出荷,1,,BU-00966160,ROI-001-1-1,YES,YES,,5月,M4,5月・同名在庫あり（不足分を数える）,中,BU-00966160,箱,358,1,1,同じ商品名の別行がReCORE在庫を持っている。この行の分の現物が別にあるか数える,現物の有無と点数、サイズ・色、在庫ラベル(IT)の有無,,,,,,,,,
PKGI-02563643,PKGI-02563643,【11月28日12時三次受注予定】ギャラック チェンソーマン レゼモデル / HUC-CM-BD10-R,1,,BU-00966231,ROG-001-1-1,YES,YES,,5月,M4,5月・同名在庫あり（不足分を数える）,中,BU-00966231,箱,364,1,4,サイズ・色違いが複数あり、どの在庫がこの行か決められない,現物の有無と点数、サイズ・色、在庫ラベル(IT)の有無,,,,,,,,,
PKGI-02563581,PKGI-02563581,【11月28日12時三次受注予定】ギャラック チェンソーマン レゼモデル / HUC-CM-BD10-R,1,,BU-00966235,ROG-001-1-1,YES,YES,,5月,M4,5月・同名在庫あり（不足分を数える）,中,BU-00966235,箱,365,1,4,サイズ・色違いが複数あり、どの在庫がこの行か決められない,現物の有無と点数、サイズ・色、在庫ラベル(IT)の有無,,,,,,,,,
PKGI-02564274,PKGI-02564274,【11月28日12時三次受注予定】ギャラック チェンソーマン レゼモデル / HUC-CM-BD10-R,1,,BU-00966287,ROG-001-1-1,YES,YES,,5月,M4,5月・同名在庫あり（不足分を数える）,中,BU-00966287,箱,367,1,4,サイズ・色違いが複数あり、どの在庫がこの行か決められない,現物の有無と点数、サイズ・色、在庫ラベル(IT)の有無,,,,,,,,,
PKGI-02565030,PKGI-02565030,【三次受注】ギャラック チェンソーマン デンジモデル / HUC-CM-BD10-D,1,,BU-00966694,ROG-001-1-1,YES,YES,,5月,M4,5月・同名在庫あり（不足分を数える）,中,BU-00966694,箱,375,1,1,サイズ・色違いが複数あり、どの在庫がこの行か決められない,現物の有無と点数、サイズ・色、在庫ラベル(IT)の有無,,,,,,,,,
PKGI-02565048,PKGI-02565048,【三次受注】ギャラック チェンソーマン デンジモデル / HUC-CM-BD10-D,1,,BU-00966707,ROG-001-1-1,YES,YES,,5月,M4,5月・同名在庫あり（不足分を数える）,中,BU-00966707,箱,376,1,1,サイズ・色違いが複数あり、どの在庫がこの行か決められない,現物の有無と点数、サイズ・色、在庫ラベル(IT)の有無,,,,,,,,,
PKGI-02569246,PKGI-02569246,小花 刺繍 裏起毛 スウェット プルオーバー【限定展開】,1,,BU-00968281,ROJ-001-1-1,YES,YES,,5月,M4,5月・同名在庫あり（不足分を数える）,中,BU-00968281,箱,397,1,1,同じ商品名の別行がReCORE在庫を持っている。この行の分の現物が別にあるか数える,現物の有無と点数、サイズ・色、在庫ラベル(IT)の有無,,,,,,,,,
PKGI-02570445,PKGI-02570445,"シュプリーム スティック Tシャツ ""ブラック""",1,,BU-00968753,ROI-001-1-1,YES,YES,,5月,M4,5月・同名在庫あり（不足分を数える）,中,BU-00968753,箱,405,1,1,ReCOREにこのPKGIの登録がない（登録された形跡なし）,現物の有無と点数、サイズ・色、在庫ラベル(IT)の有無,,,,,,,,,
PKGI-02570322,PKGI-02570322,完全受注生産｢週刊少年ジャンプ｣オールスター缶バッジ 『鬼滅の刃』 ［09－鬼－ 童磨］ BE3,3,,BU-00969227,ROG-001-1-1,,,,5月,M3,5月・PDあり在庫なし,中,BU-00969227,箱,411,3,2,商品マスタ(PD)はあるが在庫(IT)が未入庫。商品マスタは複数あるが在庫(IT)が入庫されていない,現物の有無と点数,,,,,,,PDIURPA774LY;PDJV21BFSCXI;PDKEIEVFS47U;PDSE6S3JP582,,
PKGI-02570323,PKGI-02570323,完全受注生産｢週刊少年ジャンプ｣オールスター缶バッジ 『鬼滅の刃』 ［08－鬼－ 童磨］ BE3,2,,BU-00969227,ROG-001-1-1,,,,5月,M3,5月・PDあり在庫なし,中,BU-00969227,箱,412,2,1,商品マスタ(PD)はあるが在庫(IT)が未入庫。商品マスタは複数あるが在庫(IT)が入庫されていない,現物の有無と点数,,,,,,,PDM907QM2L92;PDR0XEOV3O5S;PDTIFFGW5D40;PDXU3ZZRCJJW,,
PKGI-02574169,PKGI-02574169,バイオハザード30周年　アクリルスタンドコレクション　レオン（2月お届け分）,3,,BU-00970121,ROG-001-1-1,,,,5月,M3,5月・PDあり在庫なし,中,BU-00970121,箱,426,3,2,商品マスタ(PD)はあるが在庫(IT)が未入庫。商品マスタは複数あるが在庫(IT)が入庫されていない,現物の有無と点数,,,,,,,PDTHHZB3XCE6;PDVYIZ2F3DCK,,
PKGI-02575769,PKGI-02575769,『.hack』シリーズ　ぬいぐるみ,1,,BU-00970724,ROI-001-1-1,YES,YES,,5月,M4,5月・同名在庫あり（不足分を数える）,中,BU-00970724,箱,441,1,1,同じ商品名の別行がReCORE在庫を持っている。この行の分の現物が別にあるか数える,現物の有無と点数、サイズ・色、在庫ラベル(IT)の有無,,,,,,,,,
PKGI-02576215,PKGI-02576215,【送料無料】『ビバリウム Adoと私』 特装版　箔押しクリアしおり3種セット ※お1人様1点まで 【Release Date: 2026/03/05】,1,,BU-00971037,ROG-001-1-1,YES,YES,,5月,M4,5月・同名在庫あり（不足分を数える）,中,BU-00971037,箱,444,1,13,同じ商品名の別行がReCORE在庫を持っている。この行の分の現物が別にあるか数える,現物の有無と点数、サイズ・色、在庫ラベル(IT)の有無,,,,,,,,,
PKGI-02575758,PKGI-02575758,【送料無料】『ビバリウム Adoと私』 特装版　箔押しクリアしおり3種セット ※お1人様1点まで 【Release Date: 2026/03/05】,1,,BU-00971143,ROG-001-1-1,YES,YES,,5月,M4,5月・同名在庫あり（不足分を数える）,中,BU-00971143,箱,449,1,13,同じ商品名の別行がReCORE在庫を持っている。この行の分の現物が別にあるか数える,現物の有無と点数、サイズ・色、在庫ラベル(IT)の有無,,,,,,,,,
PKGI-02575691,PKGI-02575691,【送料無料】『ビバリウム Adoと私』 特装版　箔押しクリアしおり3種セット ※お1人様1点まで 【Release Date: 2026/03/05】,1,,BU-00971176,ROG-001-1-1,YES,YES,,5月,M4,5月・同名在庫あり（不足分を数える）,中,BU-00971176,箱,450,1,13,同じ商品名の別行がReCORE在庫を持っている。この行の分の現物が別にあるか数える,現物の有無と点数、サイズ・色、在庫ラベル(IT)の有無,,,,,,,,,
PKGI-02576890,PKGI-02576890,【送料無料】『ビバリウム Adoと私』 特装版　箔押しクリアしおり3種セット ※お1人様1点まで 【Release Date: 2026/03/05】,1,,BU-00971334,ROG-001-1-1,YES,YES,,5月,M4,5月・同名在庫あり（不足分を数える）,中,BU-00971334,箱,452,1,13,同じ商品名の別行がReCORE在庫を持っている。この行の分の現物が別にあるか数える,現物の有無と点数、サイズ・色、在庫ラベル(IT)の有無,,,,,,,,,
PKGI-02577432,PKGI-02577432,花刺?手?,1,,BU-00971590,ROI-001-1-1,YES,YES,,5月,M4,5月・同名在庫あり（不足分を数える）,中,BU-00971590,箱,460,1,1,同じ商品名の別行がReCORE在庫を持っている。この行の分の現物が別にあるか数える,現物の有無と点数、サイズ・色、在庫ラベル(IT)の有無,,,,,,,,,
PKGI-02577523,PKGI-02577523,【送料無料】『ビバリウム Adoと私』 特装版　箔押しクリアしおり3種セット ※お1人様1点まで 【Release Date: 2026/03/05】,1,,BU-00971624,ROG-001-1-1,YES,YES,,5月,M4,5月・同名在庫あり（不足分を数える）,中,BU-00971624,箱,462,1,13,同じ商品名の別行がReCORE在庫を持っている。この行の分の現物が別にあるか数える,現物の有無と点数、サイズ・色、在庫ラベル(IT)の有無,,,,,,,,,
PKGI-02578095,PKGI-02578095,【送料無料】『ビバリウム Adoと私』 特装版　箔押しクリアしおり3種セット ※お1人様1点まで 【Release Date: 2026/03/05】,1,,BU-00971866,ROG-001-1-1,YES,YES,,5月,M4,5月・同名在庫あり（不足分を数える）,中,BU-00971866,箱,464,1,13,同じ商品名の別行がReCORE在庫を持っている。この行の分の現物が別にあるか数える,現物の有無と点数、サイズ・色、在庫ラベル(IT)の有無,,,,,,,,,
PKGI-02578481,PKGI-02578481,【送料無料】『ビバリウム Adoと私』 特装版　箔押しクリアしおり3種セット ※お1人様1点まで 【Release Date: 2026/03/05】,1,,BU-00972083,ROG-001-1-1,YES,YES,,5月,M4,5月・同名在庫あり（不足分を数える）,中,BU-00972083,箱,466,1,13,同じ商品名の別行がReCORE在庫を持っている。この行の分の現物が別にあるか数える,現物の有無と点数、サイズ・色、在庫ラベル(IT)の有無,,,,,,,,,
PKGI-02576874,PKGI-02576874,【送料無料】『ビバリウム Adoと私』 特装版　箔押しクリアしおり3種セット ※お1人様1点まで 【Release Date: 2026/03/05】,1,,BU-00972115,ROG-001-1-1,YES,YES,,5月,M4,5月・同名在庫あり（不足分を数える）,中,BU-00972115,箱,467,1,13,同じ商品名の別行がReCORE在庫を持っている。この行の分の現物が別にあるか数える,現物の有無と点数、サイズ・色、在庫ラベル(IT)の有無,,,,,,,,,
PKGI-02578855,PKGI-02578855,【送料無料】『ビバリウム Adoと私』 特装版　箔押しクリアしおり3種セット ※お1人様1点まで 【Release Date: 2026/03/05】,1,,BU-00972298,ROG-001-1-1,YES,YES,,5月,M4,5月・同名在庫あり（不足分を数える）,中,BU-00972298,箱,468,1,13,同じ商品名の別行がReCORE在庫を持っている。この行の分の現物が別にあるか数える,現物の有無と点数、サイズ・色、在庫ラベル(IT)の有無,,,,,,,,,
PKGI-02579931,PKGI-02579931,[ストレイト・ストーリー× weber] T shirt (Logo),2,,BU-00972945,ROG-001-1-1,,,,5月,M3,5月・PDあり在庫なし,中,BU-00972945,箱,478,2,1,商品マスタ(PD)はあるが在庫(IT)が未入庫。商品マスタは複数あるが在庫(IT)が入庫されていない,現物の有無と点数,,,,,,,PDDNVHPNSBM8;PDG97W1HL9M8,,
PKGI-02579930,PKGI-02579930,[ストレイト・ストーリー× weber] Mug,2,,BU-00972945,ROG-001-1-1,,,,5月,M3,5月・PDあり在庫なし,中,BU-00972945,箱,479,2,1,商品マスタ(PD)はあるが在庫(IT)が未入庫。商品マスタは複数あるが在庫(IT)が入庫されていない,現物の有無と点数,,,,,,,PDDJ6AQA9CXZ;PDZKY60P0E0U,,
PKGI-02579989,PKGI-02579989,【送料無料】『ビバリウム Adoと私』 特装版　箔押しクリアしおり3種セット ※お1人様1点まで 【Release Date: 2026/03/05】,1,,BU-00972961,ROG-001-1-1,YES,YES,,5月,M4,5月・同名在庫あり（不足分を数える）,中,BU-00972961,箱,480,1,13,同じ商品名の別行がReCORE在庫を持っている。この行の分の現物が別にあるか数える,現物の有無と点数、サイズ・色、在庫ラベル(IT)の有無,,,,,,,,,
PKGI-02579429,PKGI-02579429,【送料無料】『ビバリウム Adoと私』 特装版　箔押しクリアしおり3種セット ※お1人様1点まで 【Release Date: 2026/03/05】,1,,BU-00973063,ROG-001-1-1,YES,YES,,5月,M4,5月・同名在庫あり（不足分を数える）,中,BU-00973063,箱,481,1,13,同じ商品名の別行がReCORE在庫を持っている。この行の分の現物が別にあるか数える,現物の有無と点数、サイズ・色、在庫ラベル(IT)の有無,,,,,,,,,
PKGI-02579786,PKGI-02579786,【送料無料】『ビバリウム Adoと私』 特装版　箔押しクリアしおり3種セット ※お1人様1点まで 【Release Date: 2026/03/05】,1,,BU-00973101,ROG-001-1-1,YES,YES,,5月,M4,5月・同名在庫あり（不足分を数える）,中,BU-00973101,箱,482,1,13,同じ商品名の別行がReCORE在庫を持っている。この行の分の現物が別にあるか数える,現物の有無と点数、サイズ・色、在庫ラベル(IT)の有無,,,,,,,,,
PKGI-02580889,PKGI-02580889,シーエ JAPANESE Style 15th Memorial Costume,1,,BU-00973573,ROG-001-1-1,YES,YES,,5月,M4,5月・同名在庫あり（不足分を数える）,中,BU-00973573,箱,490,1,4,同じ商品名の別行がReCORE在庫を持っている。この行の分の現物が別にあるか数える,現物の有無と点数、サイズ・色、在庫ラベル(IT)の有無,,,,,,,,,
PKGI-02580988,PKGI-02580988,シーエ JAPANESE Style 15th Memorial Costume,1,,BU-00973617,ROG-001-1-1,YES,YES,,5月,M4,5月・同名在庫あり（不足分を数える）,中,BU-00973617,箱,491,1,4,同じ商品名の別行がReCORE在庫を持っている。この行の分の現物が別にあるか数える,現物の有無と点数、サイズ・色、在庫ラベル(IT)の有無,,,,,,,,,
PKGI-02581103,PKGI-02581103,【送料無料】『ビバリウム Adoと私』 特装版　箔押しクリアしおり3種セット ※お1人様1点まで 【Release Date: 2026/03/05】,1,,BU-00973675,ROG-001-1-1,YES,YES,,5月,M4,5月・同名在庫あり（不足分を数える）,中,BU-00973675,箱,496,1,13,同じ商品名の別行がReCORE在庫を持っている。この行の分の現物が別にあるか数える,現物の有無と点数、サイズ・色、在庫ラベル(IT)の有無,,,,,,,,,
PKGI-02581332,PKGI-02581332,シーエ JAPANESE Style 15th Memorial Costume,1,,BU-00973820,ROG-001-1-1,YES,YES,,5月,M4,5月・同名在庫あり（不足分を数える）,中,BU-00973820,箱,501,1,4,同じ商品名の別行がReCORE在庫を持っている。この行の分の現物が別にあるか数える,現物の有無と点数、サイズ・色、在庫ラベル(IT)の有無,,,,,,,,,
PKGI-02581338,PKGI-02581338,シーエ JAPANESE Style 15th Memorial Costume,1,,BU-00973822,ROG-001-1-1,YES,YES,,5月,M4,5月・同名在庫あり（不足分を数える）,中,BU-00973822,箱,502,1,4,同じ商品名の別行がReCORE在庫を持っている。この行の分の現物が別にあるか数える,現物の有無と点数、サイズ・色、在庫ラベル(IT)の有無,,,,,,,,,
PKGI-02581607,PKGI-02581607,シーエ JAPANESE Style 15th Memorial Costume,1,,BU-00973906,ROG-001-1-1,YES,YES,,5月,M4,5月・同名在庫あり（不足分を数える）,中,BU-00973906,箱,503,1,4,同じ商品名の別行がReCORE在庫を持っている。この行の分の現物が別にあるか数える,現物の有無と点数、サイズ・色、在庫ラベル(IT)の有無,,,,,,,,,
PKGI-02583170,PKGI-02583170,バルーンデニムワイドパンツ/バギー/カーブシルエット,1,,BU-00974499,ROI-001-1-1,YES,YES,,5月,M4,5月・同名在庫あり（不足分を数える）,中,BU-00974499,箱,516,1,3,同じ商品名の別行がReCORE在庫を持っている。この行の分の現物が別にあるか数える,現物の有無と点数、サイズ・色、在庫ラベル(IT)の有無,,,,,,,,,
PKGI-02583171,PKGI-02583171,バルーンデニムワイドパンツ/バギー/カーブシルエット,1,,BU-00974499,ROI-001-1-1,YES,YES,,5月,M4,5月・同名在庫あり（不足分を数える）,中,BU-00974499,箱,517,1,3,同じ商品名の別行がReCORE在庫を持っている。この行の分の現物が別にあるか数える,現物の有無と点数、サイズ・色、在庫ラベル(IT)の有無,,,,,,,,,
PKGI-02583172,PKGI-02583172,バルーンデニムワイドパンツ/バギー/カーブシルエット,1,,BU-00974499,ROI-001-1-1,YES,YES,,5月,M4,5月・同名在庫あり（不足分を数える）,中,BU-00974499,箱,518,1,3,同じ商品名の別行がReCORE在庫を持っている。この行の分の現物が別にあるか数える,現物の有無と点数、サイズ・色、在庫ラベル(IT)の有無,,,,,,,,,
PKGI-02590356,PKGI-02590356,【お一人様、10個まで】京らー油ふりかけ,10,,BU-00977100,ROG-001-1-1,YES,YES,,5月,M4,5月・同名在庫あり（不足分を数える）,中,BU-00977100,箱,561,10,36,ReCOREにこのPKGIの登録がない（登録された形跡なし）,現物の有無と点数、サイズ・色、在庫ラベル(IT)の有無,,,,,,,,,
PKGI-02594517,PKGI-02594517,海苔ふりかけ　贅沢あられたっぷり　１００g,2,,BU-00978799,ROG-001-1-1,YES,YES,,5月,M4,5月・同名在庫あり（不足分を数える）,中,BU-00978799,箱,605,2,16,ReCOREにこのPKGIの登録がない（登録された形跡なし）,現物の有無と点数、サイズ・色、在庫ラベル(IT)の有無,,,,,,,,,
PKGI-02595231,PKGI-02595231,D賞: D-クリップ2,1,,BU-00979088,ROG-001-1-1,YES,YES,,5月,M4,5月・同名在庫あり（不足分を数える）,中,BU-00979088,箱,610,1,1,ReCOREにこのPKGIの登録がない（登録された形跡なし）,現物の有無と点数、サイズ・色、在庫ラベル(IT)の有無,,,,,,,,,
PKGI-02595239,PKGI-02595239,E賞: E-ステッカー2,1,,BU-00979088,ROG-001-1-1,YES,YES,,5月,M4,5月・同名在庫あり（不足分を数える）,中,BU-00979088,箱,618,1,1,同じ商品名の別行がReCORE在庫を持っている。この行の分の現物が別にあるか数える,現物の有無と点数、サイズ・色、在庫ラベル(IT)の有無,,,,,,,,,
PKGI-02595644,PKGI-02595644,Synthesizer V 2 AI 重音テト,1,,BU-00979233,ROG-001-1-1,YES,YES,,5月,M4,5月・同名在庫あり（不足分を数える）,中,BU-00979233,箱,627,1,3,同じ商品名の別行がReCORE在庫を持っている。この行の分の現物が別にあるか数える,現物の有無と点数、サイズ・色、在庫ラベル(IT)の有無,,,,,,,,,
PKGI-02596048,PKGI-02596048,葬送のフリーレン アイコニック ヘアオブジェ マジェステ ＋ 簪 ～海外からご購入のお客様へ～,1,,BU-00979377,ROI-001-1-1,YES,YES,,5月,M4,5月・同名在庫あり（不足分を数える）,中,BU-00979377,箱,632,1,1,同じ商品名の別行がReCORE在庫を持っている。この行の分の現物が別にあるか数える,現物の有無と点数、サイズ・色、在庫ラベル(IT)の有無,,,,,,,,,
PKGI-02596135,PKGI-02596135,"ANAheim アナハイム ラップトップ スリーブ 13 インチ ""クラフト"" | 自分だけの風合いへと育つ素材の PCケース",1,,BU-00979412,ROG-001-1-1,YES,YES,,5月,M4,5月・同名在庫あり（不足分を数える）,中,BU-00979412,箱,634,1,5,同じ商品名の別行がReCORE在庫を持っている。この行の分の現物が別にあるか数える,現物の有無と点数、サイズ・色、在庫ラベル(IT)の有無,,,,,,,,,
PKGI-02596152,PKGI-02596152,葬送のフリーレン アイコニック ヘアオブジェ マジェステ ＋ 簪 ～海外からご購入のお客様へ～,1,,BU-00979416,ROI-001-1-1,YES,YES,,5月,M4,5月・同名在庫あり（不足分を数える）,中,BU-00979416,箱,635,1,1,同じ商品名の別行がReCORE在庫を持っている。この行の分の現物が別にあるか数える,現物の有無と点数、サイズ・色、在庫ラベル(IT)の有無,,,,,,,,,
PKGI-02596423,PKGI-02596423,Synthesizer V 2 AI 重音テト,1,,BU-00979534,ROG-001-1-1,YES,YES,,5月,M4,5月・同名在庫あり（不足分を数える）,中,BU-00979534,箱,638,1,3,同じ商品名の別行がReCORE在庫を持っている。この行の分の現物が別にあるか数える,現物の有無と点数、サイズ・色、在庫ラベル(IT)の有無,,,,,,,,,
PKGI-02596942,PKGI-02596942,PIXAR ディズニー / ピクサー 『TOY STORY』 トイ・ストーリー ポケット刺繍Tシャツ メンズ,2,,BU-00979718,ROG-001-1-1,,,,5月,M3,5月・PDあり在庫なし,中,BU-00979718,箱,641,2,1,商品マスタ(PD)はあるが在庫(IT)が未入庫。商品マスタは複数あるが在庫(IT)が入庫されていない,現物の有無と点数,,,,,,,PDEJVOZ41IO4;PDIHV7IN8G8E,,
PKGI-02597208,PKGI-02597208,海苔ふりかけ　贅沢あられたっぷり　１００g,4,,BU-00979788,ROG-001-1-1,YES,YES,,5月,M4,5月・同名在庫あり（不足分を数える）,中,BU-00979788,箱,642,4,16,ReCOREにこのPKGIの登録がない（登録された形跡なし）,現物の有無と点数、サイズ・色、在庫ラベル(IT)の有無,,,,,,,,,
PKGI-02597836,PKGI-02597836,【お一人様、10個まで】京らー油ふりかけ,10,,BU-00980013,ROG-001-1-1,YES,YES,,5月,M4,5月・同名在庫あり（不足分を数える）,中,BU-00980013,箱,645,10,36,ReCOREにこのPKGIの登録がない（登録された形跡なし）,現物の有無と点数、サイズ・色、在庫ラベル(IT)の有無,,,,,,,,,
PKGI-02597246,PKGI-02597246,＜接触冷感＞別注 ワンポイントロゴセットアップ　限定展開,1,,BU-00980071,ROJ-001-1-1,YES,YES,,5月,M4,5月・同名在庫あり（不足分を数える）,中,BU-00980071,箱,648,1,1,同じ商品名の別行がReCORE在庫を持っている。この行の分の現物が別にあるか数える,現物の有無と点数、サイズ・色、在庫ラベル(IT)の有無,,,,,,,,,
PKGI-02599457,PKGI-02599457,ベビー　半袖Tシャツ（90～100cm・ハローキティ）(しまむら)【予約】,1,,BU-00980606,ROI-001-1-1,YES,YES,,5月,M4,5月・同名在庫あり（不足分を数える）,中,BU-00980606,箱,663,1,1,同じ商品名の別行がReCORE在庫を持っている。この行の分の現物が別にあるか数える,現物の有無と点数、サイズ・色、在庫ラベル(IT)の有無,,,,,,,,,
PKGI-02599621,PKGI-02599621,"ANAheim アナハイム ラップトップ スリーブ 13 インチ ""クラフト"" | 自分だけの風合いへと育つ素材の PCケース",1,,BU-00980678,ROG-001-1-1,YES,YES,,5月,M4,5月・同名在庫あり（不足分を数える）,中,BU-00980678,箱,664,1,5,同じ商品名の別行がReCORE在庫を持っている。この行の分の現物が別にあるか数える,現物の有無と点数、サイズ・色、在庫ラベル(IT)の有無,,,,,,,,,
PKGI-02599921,PKGI-02599921,"ANAheim アナハイム ラップトップ スリーブ 13 インチ ""クラフト"" | 自分だけの風合いへと育つ素材の PCケース",1,,BU-00980811,ROG-001-1-1,,,,5月,M3,5月・PDあり在庫なし,中,BU-00980811,箱,669,1,5,商品マスタ(PD)はあるが在庫(IT)が未入庫。同じ商品名の別行がReCORE在庫を持っている。この行の分の現物が別にあるか数える,現物の有無と点数,,,,,,,PDCXL0TCHO0R,,
PKGI-02602491,PKGI-02602491,"ANAheim アナハイム ラップトップ スリーブ 13 インチ ""クラフト"" | 自分だけの風合いへと育つ素材の PCケース",1,,BU-00981824,ROG-001-1-1,YES,YES,,5月,M4,5月・同名在庫あり（不足分を数える）,中,BU-00981824,箱,691,1,5,同じ商品名の別行がReCORE在庫を持っている。この行の分の現物が別にあるか数える,現物の有無と点数、サイズ・色、在庫ラベル(IT)の有無,,,,,,,,,
PKGI-02603766,PKGI-02603766,Synthesizer V 2 AI 重音テト,1,,BU-00982313,ROG-001-1-1,YES,YES,,5月,M4,5月・同名在庫あり（不足分を数える）,中,BU-00982313,箱,706,1,3,同じ商品名の別行がReCORE在庫を持っている。この行の分の現物が別にあるか数える,現物の有無と点数、サイズ・色、在庫ラベル(IT)の有無,,,,,,,,,
PKGI-02604849,PKGI-02604849,"ANAheim アナハイム ラップトップ スリーブ 13 インチ ""ブラック"" |  自分だけの風合いへと育つ素材の PCケース",2,,BU-00982746,ROG-001-1-1,,,,5月,M3,5月・PDあり在庫なし,中,BU-00982746,箱,719,2,1,商品マスタ(PD)はあるが在庫(IT)が未入庫。商品は一致するが在庫(IT)の点数割当が未確定,現物の有無と点数,,,,,,,PDCIIA0JK9W2,,
PKGI-02604848,PKGI-02604848,"ANAheim アナハイム ラップトップ スリーブ 13 インチ ""クラフト"" | 自分だけの風合いへと育つ素材の PCケース",1,,BU-00982746,ROG-001-1-1,YES,YES,,5月,M4,5月・同名在庫あり（不足分を数える）,中,BU-00982746,箱,721,1,5,同じ商品名の別行がReCORE在庫を持っている。この行の分の現物が別にあるか数える,現物の有無と点数、サイズ・色、在庫ラベル(IT)の有無,,,,,,,,,
PKGI-02604895,PKGI-02604895,御濃茶　初昔（はつむかし）,4,,BU-00982785,ROG-001-1-1,,,,5月,M2,5月・PDあり在庫なし,高,BU-00982785,箱,722,4,4,商品マスタ(PD)はあるが在庫(IT)が未入庫。商品マスタは複数あるが在庫(IT)が入庫されていない,現物の有無と点数,,,,,,,PD2MV70X2DG4;PD2VJFK3ISUZ,,
PKGI-02604971,PKGI-02604971,F賞: F-ステッカー4,1,,BU-00982809,ROG-001-1-1,,,,5月,M2,5月・PDあり在庫なし,高,BU-00982809,箱,727,1,4,商品マスタ(PD)はあるが在庫(IT)が未入庫。同じ商品名の別行がReCORE在庫を持っている。この行の分の現物が別にあるか数える,現物の有無と点数,,,,,,,PD3GMAH919WI;PDB4BGEKBO4C;PDMF6ANU1OL2;PDSTMIOM0RLC,,
PKGI-02604978,PKGI-02604978,G賞: G-ミニフォトカード4,1,,BU-00982809,ROG-001-1-1,YES,YES,,5月,M4,5月・同名在庫あり（不足分を数える）,中,BU-00982809,箱,734,1,4,同じ商品名の別行がReCORE在庫を持っている。この行の分の現物が別にあるか数える,現物の有無と点数、サイズ・色、在庫ラベル(IT)の有無,,,,,,,,,
PKGI-02605010,PKGI-02605010,F賞: F-ステッカー5,1,,BU-00982823,ROG-001-1-1,YES,YES,,5月,M4,5月・同名在庫あり（不足分を数える）,中,BU-00982823,箱,736,1,2,同じ商品名の別行がReCORE在庫を持っている。この行の分の現物が別にあるか数える,現物の有無と点数、サイズ・色、在庫ラベル(IT)の有無,,,,,,,,,
PKGI-02605011,PKGI-02605011,F賞: F-ステッカー4,1,,BU-00982823,ROG-001-1-1,YES,YES,,5月,M1,5月・未登録（撮影して特定）,高,BU-00982823,箱,737,1,4,同じ商品名の別行がReCORE在庫を持っている。この行の分の現物が別にあるか数える,現物の有無と点数、サイズ・色、在庫ラベル(IT)の有無,,,,,,,,,
PKGI-02605013,PKGI-02605013,G賞: G-ミニフォトカード1,1,,BU-00982823,ROG-001-1-1,YES,YES,,5月,M4,5月・同名在庫あり（不足分を数える）,中,BU-00982823,箱,739,1,4,同じ商品名の別行がReCORE在庫を持っている。この行の分の現物が別にあるか数える,現物の有無と点数、サイズ・色、在庫ラベル(IT)の有無,,,,,,,,,
PKGI-02605014,PKGI-02605014,G賞: G-ミニフォトカード4,1,,BU-00982823,ROG-001-1-1,YES,YES,,5月,M4,5月・同名在庫あり（不足分を数える）,中,BU-00982823,箱,740,1,4,同じ商品名の別行がReCORE在庫を持っている。この行の分の現物が別にあるか数える,現物の有無と点数、サイズ・色、在庫ラベル(IT)の有無,,,,,,,,,
PKGI-02605015,PKGI-02605015,G賞: G-ミニフォトカード6,1,,BU-00982823,ROG-001-1-1,YES,YES,,5月,M4,5月・同名在庫あり（不足分を数える）,中,BU-00982823,箱,741,1,4,同じ商品名の別行がReCORE在庫を持っている。この行の分の現物が別にあるか数える,現物の有無と点数、サイズ・色、在庫ラベル(IT)の有無,,,,,,,,,
PKGI-02605018,PKGI-02605018,G賞: G-ミニフォトカード1,1,,BU-00982823,ROG-001-1-1,YES,YES,,5月,M4,5月・同名在庫あり（不足分を数える）,中,BU-00982823,箱,744,1,4,同じ商品名の別行がReCORE在庫を持っている。この行の分の現物が別にあるか数える,現物の有無と点数、サイズ・色、在庫ラベル(IT)の有無,,,,,,,,,
PKGI-02605020,PKGI-02605020,10連特典賞: 10連-プリントチェキ2,1,,BU-00982823,ROG-001-1-1,YES,YES,,5月,M4,5月・同名在庫あり（不足分を数える）,中,BU-00982823,箱,746,1,2,同じ商品名の別行がReCORE在庫を持っている。この行の分の現物が別にあるか数える,現物の有無と点数、サイズ・色、在庫ラベル(IT)の有無,,,,,,,,,
PKGI-02605031,PKGI-02605031,【3月中旬入荷予定】無線マウス トヨタ AE86 『頭文字D』藤原とうふ店(自家用)仕様 Bluetooth対応 スプリンタートレノ イニD Toyota,1,,BU-00982831,ROG-001-1-1,YES,YES,,5月,M4,5月・同名在庫あり（不足分を数える）,中,BU-00982831,箱,747,1,1,同じ商品名の別行がReCORE在庫を持っている。この行の分の現物が別にあるか数える,現物の有無と点数、サイズ・色、在庫ラベル(IT)の有無,,,,,,,,,
PKGI-02605038,PKGI-02605038,G賞: G-ミニフォトカード3,1,,BU-00982834,ROG-001-1-1,,,,5月,M3,5月・PDあり在庫なし,中,BU-00982834,箱,750,1,4,商品マスタ(PD)はあるが在庫(IT)が未入庫。同じ商品名の別行がReCORE在庫を持っている。この行の分の現物が別にあるか数える,現物の有無と点数,,,,,,,PD00X3ETDBYK;PD1ILVO8RW3G;PD216F08SJSY;PDP8VOR0QBU8,,
PKGI-02605039,PKGI-02605039,G賞: G-ミニフォトカード1,1,,BU-00982834,ROG-001-1-1,,,,5月,M3,5月・PDあり在庫なし,中,BU-00982834,箱,751,1,4,商品マスタ(PD)はあるが在庫(IT)が未入庫。同じ商品名の別行がReCORE在庫を持っている。この行の分の現物が別にあるか数える,現物の有無と点数,,,,,,,PD8140QWEIX0;PDBLAAMJ26TS;PDMSRKABI8ZU;PDT8PHRX6OTC,,
PKGI-02605040,PKGI-02605040,G賞: G-ミニフォトカード5,1,,BU-00982834,ROG-001-1-1,,,,5月,M3,5月・PDあり在庫なし,中,BU-00982834,箱,752,1,5,商品マスタ(PD)はあるが在庫(IT)が未入庫。同じ商品名の別行がReCORE在庫を持っている。この行の分の現物が別にあるか数える,現物の有無と点数,,,,,,,PD04BKP4TDXC;PD19YSVZT7YO;PDMQGBNWE048;PDR6JZ5TO3XG,,
PKGI-02605042,PKGI-02605042,G賞: G-ミニフォトカード6,1,,BU-00982834,ROG-001-1-1,,,,5月,M3,5月・PDあり在庫なし,中,BU-00982834,箱,754,1,4,商品マスタ(PD)はあるが在庫(IT)が未入庫。同じ商品名の別行がReCORE在庫を持っている。この行の分の現物が別にあるか数える,現物の有無と点数,,,,,,,PD947FDUVUH4;PDA6LJFNWC5Q;PDDWNCC89UIA;PDVCBGPOXZJV,,
PKGI-02605043,PKGI-02605043,G賞: G-ミニフォトカード2,1,,BU-00982834,ROG-001-1-1,,,,5月,M3,5月・PDあり在庫なし,中,BU-00982834,箱,755,1,4,商品マスタ(PD)はあるが在庫(IT)が未入庫。同じ商品名の別行がReCORE在庫を持っている。この行の分の現物が別にあるか数える,現物の有無と点数,,,,,,,PD6X0IJ8HVKG;PDCCG4UOX6VG;PDGO6P0C9FIS;PDR2WAGUU1FS,,
PKGI-02605044,PKGI-02605044,F賞: F-ステッカー2,1,,BU-00982834,ROG-001-1-1,,,,5月,M3,5月・PDあり在庫なし,中,BU-00982834,箱,756,1,3,商品マスタ(PD)はあるが在庫(IT)が未入庫。同じ商品名の別行がReCORE在庫を持っている。この行の分の現物が別にあるか数える,現物の有無と点数,,,,,,,PD6P5P5F9IGO;PDHTUYZG7T4K;PDJJ9UAYHE36;PDQXXSQP89DG,,
PKGI-02605045,PKGI-02605045,F賞: F-ステッカー1,1,,BU-00982834,ROG-001-1-1,,,,5月,M3,5月・PDあり在庫なし,中,BU-00982834,箱,757,1,2,商品マスタ(PD)はあるが在庫(IT)が未入庫。同じ商品名の別行がReCORE在庫を持っている。この行の分の現物が別にあるか数える,現物の有無と点数,,,,,,,PD1LMH2IZYPG;PD41OBYAQKG6;PD90AGZR5C6S;PDJYZJNYXF93,,
PKGI-02605057,PKGI-02605057,"ANAheim アナハイム ラップトップ スリーブ 13 インチ ""クラフト"" | 自分だけの風合いへと育つ素材の PCケース",1,,BU-00982839,ROG-001-1-1,YES,YES,,5月,M4,5月・同名在庫あり（不足分を数える）,中,BU-00982839,箱,761,1,5,同じ商品名の別行がReCORE在庫を持っている。この行の分の現物が別にあるか数える,現物の有無と点数、サイズ・色、在庫ラベル(IT)の有無,,,,,,,,,
PKGI-02605130,PKGI-02605130,G賞: G-ミニフォトカード3,1,,BU-00982856,ROG-001-1-1,YES,YES,,5月,M4,5月・同名在庫あり（不足分を数える）,中,BU-00982856,箱,766,1,4,同じ商品名の別行がReCORE在庫を持っている。この行の分の現物が別にあるか数える,現物の有無と点数、サイズ・色、在庫ラベル(IT)の有無,,,,,,,,,
PKGI-02605131,PKGI-02605131,G賞: G-ミニフォトカード7,1,,BU-00982856,ROG-001-1-1,YES,YES,,5月,M4,5月・同名在庫あり（不足分を数える）,中,BU-00982856,箱,767,1,5,同じ商品名の別行がReCORE在庫を持っている。この行の分の現物が別にあるか数える,現物の有無と点数、サイズ・色、在庫ラベル(IT)の有無,,,,,,,,,
PKGI-02605132,PKGI-02605132,G賞: G-ミニフォトカード2,1,,BU-00982856,ROG-001-1-1,YES,YES,,5月,M4,5月・同名在庫あり（不足分を数える）,中,BU-00982856,箱,768,1,4,同じ商品名の別行がReCORE在庫を持っている。この行の分の現物が別にあるか数える,現物の有無と点数、サイズ・色、在庫ラベル(IT)の有無,,,,,,,,,
PKGI-02605133,PKGI-02605133,G賞: G-ミニフォトカード5,1,,BU-00982856,ROG-001-1-1,YES,YES,,5月,M4,5月・同名在庫あり（不足分を数える）,中,BU-00982856,箱,769,1,5,同じ商品名の別行がReCORE在庫を持っている。この行の分の現物が別にあるか数える,現物の有無と点数、サイズ・色、在庫ラベル(IT)の有無,,,,,,,,,
PKGI-02605134,PKGI-02605134,G賞: G-ミニフォトカード1,1,,BU-00982856,ROG-001-1-1,YES,YES,,5月,M4,5月・同名在庫あり（不足分を数える）,中,BU-00982856,箱,770,1,4,同じ商品名の別行がReCORE在庫を持っている。この行の分の現物が別にあるか数える,現物の有無と点数、サイズ・色、在庫ラベル(IT)の有無,,,,,,,,,
PKGI-02605135,PKGI-02605135,G賞: G-ミニフォトカード7,1,,BU-00982856,ROG-001-1-1,YES,YES,,5月,M4,5月・同名在庫あり（不足分を数える）,中,BU-00982856,箱,771,1,5,同じ商品名の別行がReCORE在庫を持っている。この行の分の現物が別にあるか数える,現物の有無と点数、サイズ・色、在庫ラベル(IT)の有無,,,,,,,,,
PKGI-02605136,PKGI-02605136,F賞: F-ステッカー4,1,,BU-00982856,ROG-001-1-1,YES,YES,,5月,M1,5月・未登録（撮影して特定）,高,BU-00982856,箱,772,1,4,同じ商品名の別行がReCORE在庫を持っている。この行の分の現物が別にあるか数える,現物の有無と点数、サイズ・色、在庫ラベル(IT)の有無,,,,,,,,,
PKGI-02605137,PKGI-02605137,F賞: F-ステッカー5,1,,BU-00982856,ROG-001-1-1,YES,YES,,5月,M4,5月・同名在庫あり（不足分を数える）,中,BU-00982856,箱,773,1,2,同じ商品名の別行がReCORE在庫を持っている。この行の分の現物が別にあるか数える,現物の有無と点数、サイズ・色、在庫ラベル(IT)の有無,,,,,,,,,
PKGI-02605138,PKGI-02605138,F賞: F-ステッカー3,1,,BU-00982856,ROG-001-1-1,YES,YES,,5月,M4,5月・同名在庫あり（不足分を数える）,中,BU-00982856,箱,774,1,3,同じ商品名の別行がReCORE在庫を持っている。この行の分の現物が別にあるか数える,現物の有無と点数、サイズ・色、在庫ラベル(IT)の有無,,,,,,,,,
PKGI-02605140,PKGI-02605140,10連特典賞: 10連-プリントチェキ1,1,,BU-00982856,ROG-001-1-1,YES,YES,,5月,M4,5月・同名在庫あり（不足分を数える）,中,BU-00982856,箱,776,1,3,同じ商品名の別行がReCORE在庫を持っている。この行の分の現物が別にあるか数える,現物の有無と点数、サイズ・色、在庫ラベル(IT)の有無,,,,,,,,,
PKGI-02605223,PKGI-02605223,G賞: G-ミニフォトカード4,1,,BU-00982882,ROG-001-1-1,,,,5月,M3,5月・PDあり在庫なし,中,BU-00982882,箱,777,1,4,商品マスタ(PD)はあるが在庫(IT)が未入庫。同じ商品名の別行がReCORE在庫を持っている。この行の分の現物が別にあるか数える,現物の有無と点数,,,,,,,PD8IP71KIKUO;PDEKF3UTSDZF;PDFHCDV7ABDQ;PDM3D4INKZH0,,
PKGI-02605224,PKGI-02605224,G賞: G-ミニフォトカード5,1,,BU-00982882,ROG-001-1-1,YES,YES,,5月,M4,5月・同名在庫あり（不足分を数える）,中,BU-00982882,箱,778,1,5,同じ商品名の別行がReCORE在庫を持っている。この行の分の現物が別にあるか数える,現物の有無と点数、サイズ・色、在庫ラベル(IT)の有無,,,,,,,,,
PKGI-02605225,PKGI-02605225,G賞: G-ミニフォトカード7,1,,BU-00982882,ROG-001-1-1,YES,YES,,5月,M4,5月・同名在庫あり（不足分を数える）,中,BU-00982882,箱,779,1,5,同じ商品名の別行がReCORE在庫を持っている。この行の分の現物が別にあるか数える,現物の有無と点数、サイズ・色、在庫ラベル(IT)の有無,,,,,,,,,
PKGI-02605226,PKGI-02605226,G賞: G-ミニフォトカード6,1,,BU-00982882,ROG-001-1-1,YES,YES,,5月,M4,5月・同名在庫あり（不足分を数える）,中,BU-00982882,箱,780,1,4,同じ商品名の別行がReCORE在庫を持っている。この行の分の現物が別にあるか数える,現物の有無と点数、サイズ・色、在庫ラベル(IT)の有無,,,,,,,,,
PKGI-02605227,PKGI-02605227,G賞: G-ミニフォトカード5,1,,BU-00982882,ROG-001-1-1,YES,YES,,5月,M4,5月・同名在庫あり（不足分を数える）,中,BU-00982882,箱,781,1,5,同じ商品名の別行がReCORE在庫を持っている。この行の分の現物が別にあるか数える,現物の有無と点数、サイズ・色、在庫ラベル(IT)の有無,,,,,,,,,
PKGI-02605228,PKGI-02605228,G賞: G-ミニフォトカード7,1,,BU-00982882,ROG-001-1-1,YES,YES,,5月,M4,5月・同名在庫あり（不足分を数える）,中,BU-00982882,箱,782,1,5,同じ商品名の別行がReCORE在庫を持っている。この行の分の現物が別にあるか数える,現物の有無と点数、サイズ・色、在庫ラベル(IT)の有無,,,,,,,,,
PKGI-02605230,PKGI-02605230,D賞: D-アクキー1,1,,BU-00982882,ROG-001-1-1,,,,5月,M3,5月・PDあり在庫なし,中,BU-00982882,箱,784,1,3,商品マスタ(PD)はあるが在庫(IT)が未入庫。同じ商品名の別行がReCORE在庫を持っている。この行の分の現物が別にあるか数える,現物の有無と点数,,,,,,,PD58JASI5560;PDD6TBMG7L8V;PDEP51Z0H9P0;PDYIC8BNHFWQ,,
PKGI-02605231,PKGI-02605231,F賞: F-ステッカー3,1,,BU-00982882,ROG-001-1-1,,,,5月,M3,5月・PDあり在庫なし,中,BU-00982882,箱,785,1,3,商品マスタ(PD)はあるが在庫(IT)が未入庫。同じ商品名の別行がReCORE在庫を持っている。この行の分の現物が別にあるか数える,現物の有無と点数,,,,,,,PD0SUNDUAOEW;PDAVOPPZTW8E;PDLW9S0OSE0G;PDX4V6L9J428,,
PKGI-02605232,PKGI-02605232,F賞: F-ステッカー2,1,,BU-00982882,ROG-001-1-1,YES,YES,,5月,M4,5月・同名在庫あり（不足分を数える）,中,BU-00982882,箱,786,1,3,同じ商品名の別行がReCORE在庫を持っている。この行の分の現物が別にあるか数える,現物の有無と点数、サイズ・色、在庫ラベル(IT)の有無,,,,,,,,,
PKGI-02605233,PKGI-02605233,10連特典賞: 10連-プリントチェキ1,1,,BU-00982882,ROG-001-1-1,YES,YES,,5月,M4,5月・同名在庫あり（不足分を数える）,中,BU-00982882,箱,787,1,3,同じ商品名の別行がReCORE在庫を持っている。この行の分の現物が別にあるか数える,現物の有無と点数、サイズ・色、在庫ラベル(IT)の有無,,,,,,,,,
PKGI-02605449,PKGI-02605449,ポピーザぱフォーマー ぬいぐるみ ポピー&ケダモノセット,1,,BU-00983004,ROG-001-1-1,YES,YES,,5月,M4,5月・同名在庫あり（不足分を数える）,中,BU-00983004,箱,788,1,1,同じ商品名の別行がReCORE在庫を持っている。この行の分の現物が別にあるか数える,現物の有無と点数、サイズ・色、在庫ラベル(IT)の有無,,,,,,,,,
PKGI-02605754,PKGI-02605754,G賞: G-ミニフォトカード4,1,,BU-00983146,ROG-001-1-1,YES,YES,,5月,M4,5月・同名在庫あり（不足分を数える）,中,BU-00983146,箱,797,1,4,同じ商品名の別行がReCORE在庫を持っている。この行の分の現物が別にあるか数える,現物の有無と点数、サイズ・色、在庫ラベル(IT)の有無,,,,,,,,,
PKGI-02605755,PKGI-02605755,G賞: G-ミニフォトカード2,1,,BU-00983146,ROG-001-1-1,YES,YES,,5月,M4,5月・同名在庫あり（不足分を数える）,中,BU-00983146,箱,798,1,4,同じ商品名の別行がReCORE在庫を持っている。この行の分の現物が別にあるか数える,現物の有無と点数、サイズ・色、在庫ラベル(IT)の有無,,,,,,,,,
PKGI-02605756,PKGI-02605756,G賞: G-ミニフォトカード3,1,,BU-00983146,ROG-001-1-1,YES,YES,,5月,M4,5月・同名在庫あり（不足分を数える）,中,BU-00983146,箱,799,1,4,同じ商品名の別行がReCORE在庫を持っている。この行の分の現物が別にあるか数える,現物の有無と点数、サイズ・色、在庫ラベル(IT)の有無,,,,,,,,,
PKGI-02605757,PKGI-02605757,G賞: G-ミニフォトカード7,1,,BU-00983146,ROG-001-1-1,YES,YES,,5月,M4,5月・同名在庫あり（不足分を数える）,中,BU-00983146,箱,800,1,5,同じ商品名の別行がReCORE在庫を持っている。この行の分の現物が別にあるか数える,現物の有無と点数、サイズ・色、在庫ラベル(IT)の有無,,,,,,,,,
PKGI-02605758,PKGI-02605758,F賞: F-ステッカー4,1,,BU-00983146,ROG-001-1-1,YES,YES,,5月,M1,5月・未登録（撮影して特定）,高,BU-00983146,箱,801,1,4,同じ商品名の別行がReCORE在庫を持っている。この行の分の現物が別にあるか数える,現物の有無と点数、サイズ・色、在庫ラベル(IT)の有無,,,,,,,,,
PKGI-02605759,PKGI-02605759,F賞: F-ステッカー1,1,,BU-00983146,ROG-001-1-1,YES,YES,,5月,M4,5月・同名在庫あり（不足分を数える）,中,BU-00983146,箱,802,1,2,同じ商品名の別行がReCORE在庫を持っている。この行の分の現物が別にあるか数える,現物の有無と点数、サイズ・色、在庫ラベル(IT)の有無,,,,,,,,,
PKGI-02605760,PKGI-02605760,D賞: D-アクキー3,1,,BU-00983146,ROG-001-1-1,YES,YES,,5月,M4,5月・同名在庫あり（不足分を数える）,中,BU-00983146,箱,803,1,2,同じ商品名の別行がReCORE在庫を持っている。この行の分の現物が別にあるか数える,現物の有無と点数、サイズ・色、在庫ラベル(IT)の有無,,,,,,,,,
PKGI-02605761,PKGI-02605761,D賞: D-アクキー1,1,,BU-00983146,ROG-001-1-1,YES,YES,,5月,M4,5月・同名在庫あり（不足分を数える）,中,BU-00983146,箱,804,1,3,同じ商品名の別行がReCORE在庫を持っている。この行の分の現物が別にあるか数える,現物の有無と点数、サイズ・色、在庫ラベル(IT)の有無,,,,,,,,,
PKGI-02605762,PKGI-02605762,D賞: D-アクキー1,1,,BU-00983146,ROG-001-1-1,YES,YES,,5月,M4,5月・同名在庫あり（不足分を数える）,中,BU-00983146,箱,805,1,3,同じ商品名の別行がReCORE在庫を持っている。この行の分の現物が別にあるか数える,現物の有無と点数、サイズ・色、在庫ラベル(IT)の有無,,,,,,,,,
PKGI-02605764,PKGI-02605764,10連特典賞: 10連-プリントチェキ1,1,,BU-00983146,ROG-001-1-1,YES,YES,,5月,M4,5月・同名在庫あり（不足分を数える）,中,BU-00983146,箱,807,1,3,同じ商品名の別行がReCORE在庫を持っている。この行の分の現物が別にあるか数える,現物の有無と点数、サイズ・色、在庫ラベル(IT)の有無,,,,,,,,,
PKGI-02606475,PKGI-02606475,D賞: D-アクキー3,1,,BU-00983431,ROG-001-1-1,YES,YES,,5月,M4,5月・同名在庫あり（不足分を数える）,中,BU-00983431,箱,809,1,2,同じ商品名の別行がReCORE在庫を持っている。この行の分の現物が別にあるか数える,現物の有無と点数、サイズ・色、在庫ラベル(IT)の有無,,,,,,,,,
PKGI-02606476,PKGI-02606476,D賞: D-アクキー2,1,,BU-00983431,ROG-001-1-1,YES,YES,,5月,M4,5月・同名在庫あり（不足分を数える）,中,BU-00983431,箱,810,1,1,同じ商品名の別行がReCORE在庫を持っている。この行の分の現物が別にあるか数える,現物の有無と点数、サイズ・色、在庫ラベル(IT)の有無,,,,,,,,,
PKGI-02606477,PKGI-02606477,G賞: G-ミニフォトカード6,1,,BU-00983431,ROG-001-1-1,YES,YES,,5月,M4,5月・同名在庫あり（不足分を数える）,中,BU-00983431,箱,811,1,4,同じ商品名の別行がReCORE在庫を持っている。この行の分の現物が別にあるか数える,現物の有無と点数、サイズ・色、在庫ラベル(IT)の有無,,,,,,,,,
PKGI-02606478,PKGI-02606478,G賞: G-ミニフォトカード3,1,,BU-00983431,ROG-001-1-1,YES,YES,,5月,M4,5月・同名在庫あり（不足分を数える）,中,BU-00983431,箱,812,1,4,同じ商品名の別行がReCORE在庫を持っている。この行の分の現物が別にあるか数える,現物の有無と点数、サイズ・色、在庫ラベル(IT)の有無,,,,,,,,,
PKGI-02606479,PKGI-02606479,G賞: G-ミニフォトカード5,1,,BU-00983431,ROG-001-1-1,YES,YES,,5月,M4,5月・同名在庫あり（不足分を数える）,中,BU-00983431,箱,813,1,5,同じ商品名の別行がReCORE在庫を持っている。この行の分の現物が別にあるか数える,現物の有無と点数、サイズ・色、在庫ラベル(IT)の有無,,,,,,,,,
PKGI-02606480,PKGI-02606480,G賞: G-ミニフォトカード2,1,,BU-00983431,ROG-001-1-1,YES,YES,,5月,M4,5月・同名在庫あり（不足分を数える）,中,BU-00983431,箱,814,1,4,同じ商品名の別行がReCORE在庫を持っている。この行の分の現物が別にあるか数える,現物の有無と点数、サイズ・色、在庫ラベル(IT)の有無,,,,,,,,,
PKGI-02606481,PKGI-02606481,C賞: C-ミニタオル2,1,,BU-00983431,ROG-001-1-1,,,,5月,M3,5月・PDあり在庫なし,中,BU-00983431,箱,815,1,1,商品マスタ(PD)はあるが在庫(IT)が未入庫。同じ商品名の別行がReCORE在庫を持っている。この行の分の現物が別にあるか数える,現物の有無と点数,,,,,,,PD5HF9S8W78W;PDA32U3N1FB8;PDG1ZDEUY9S0;PDVB4B4IY9RW,,
PKGI-02606482,PKGI-02606482,F賞: F-ステッカー2,1,,BU-00983431,ROG-001-1-1,YES,YES,,5月,M4,5月・同名在庫あり（不足分を数える）,中,BU-00983431,箱,816,1,3,同じ商品名の別行がReCORE在庫を持っている。この行の分の現物が別にあるか数える,現物の有無と点数、サイズ・色、在庫ラベル(IT)の有無,,,,,,,,,
PKGI-02606483,PKGI-02606483,F賞: F-ステッカー3,1,,BU-00983431,ROG-001-1-1,YES,YES,,5月,M4,5月・同名在庫あり（不足分を数える）,中,BU-00983431,箱,817,1,3,同じ商品名の別行がReCORE在庫を持っている。この行の分の現物が別にあるか数える,現物の有無と点数、サイズ・色、在庫ラベル(IT)の有無,,,,,,,,,
PKGI-02606485,PKGI-02606485,10連特典賞: 10連-プリントチェキ2,1,,BU-00983431,ROG-001-1-1,YES,YES,,5月,M4,5月・同名在庫あり（不足分を数える）,中,BU-00983431,箱,819,1,2,同じ商品名の別行がReCORE在庫を持っている。この行の分の現物が別にあるか数える,現物の有無と点数、サイズ・色、在庫ラベル(IT)の有無,,,,,,,,,
PKGI-02606630,PKGI-02606630,【お一人様、10個まで】京らー油ふりかけ,2,,BU-00983476,ROG-001-1-1,YES,YES,,5月,M4,5月・同名在庫あり（不足分を数える）,中,BU-00983476,箱,821,2,36,ReCOREにこのPKGIの登録がない（登録された形跡なし）,現物の有無と点数、サイズ・色、在庫ラベル(IT)の有無,,,,,,,,,
PKGI-02608634,PKGI-02608634,【お一人様、2セットまで】京らー油ふりかけ：手土産セット,2,,BU-00984053,ROG-001-1-1,,,,5月,M3,5月・PDあり在庫なし,中,BU-00984053,箱,832,2,1,商品マスタ(PD)はあるが在庫(IT)が未入庫。商品マスタは複数あるが在庫(IT)が入庫されていない,現物の有無と点数,,,,,,,PDDV0N27LWO4;PDLZ0RCEF0KM,,
PKGI-02608633,PKGI-02608633,【お一人様、10個まで】京らー油ふりかけ,5,,BU-00984053,ROG-001-1-1,YES,YES,,5月,M4,5月・同名在庫あり（不足分を数える）,中,BU-00984053,箱,835,5,36,ReCOREにこのPKGIの登録がない（登録された形跡なし）,現物の有無と点数、サイズ・色、在庫ラベル(IT)の有無,,,,,,,,,
PKGI-02608635,PKGI-02608635,京の胡麻ふりかけ-黒七味風味-,2,,BU-00984053,ROG-001-1-1,YES,YES,,5月,M4,5月・同名在庫あり（不足分を数える）,中,BU-00984053,箱,836,2,1,ReCOREにこのPKGIの登録がない（登録された形跡なし）,現物の有無と点数、サイズ・色、在庫ラベル(IT)の有無,,,,,,,,,
PKGI-02609021,PKGI-02609021,コットンカシミヤ ドットジャカードポロカーディガン,1,,BU-00984191,ROJ-001-1-1,,,,5月,M2,5月・PDあり在庫なし,高,BU-00984191,箱,841,1,1,商品マスタ(PD)はあるが在庫(IT)が未入庫。商品マスタは複数あるが在庫(IT)が入庫されていない,現物の有無と点数,,,,,,,PD2LBKOL6WPW;PDVB8DRS9UX2,,
PKGI-02616034,PKGI-02616034,『頭文字D』 FD1巻版（イエロー）無線マウス 高橋啓介 マツダ RX-7 (FD3S型)　1巻ver.  イニシャルD mazda,3,,BU-00987036,ROG-001-1-1,,,,5月,M3,5月・PDあり在庫なし,中,BU-00987036,箱,900,3,2,商品マスタ(PD)はあるが在庫(IT)が未入庫。商品マスタは複数あるが在庫(IT)が入庫されていない,現物の有無と点数,,,,,,,PDIB8ID4N34S;PDTOM347WGFS,,
PKGI-02616935,PKGI-02616935,ベビー　半袖Ｔシャツ（80～95cm・Atelier Apricot）(バースデイ)【予約】,1,,BU-00987275,ROI-001-1-1,YES,YES,,5月,M4,5月・同名在庫あり（不足分を数える）,中,BU-00987275,箱,910,1,1,該当しそうな在庫が複数あり一意に決まらない,現物の有無と点数、サイズ・色、在庫ラベル(IT)の有無,,,,,,,,,
PKGI-02617337,PKGI-02617337,MARK'S Log Diary Date Free Weekly,1,,BU-00987391,ROJ-001-1-1,YES,YES,,5月,M3,5月・PDあり在庫なし,中,BU-00987391,箱,913,1,1,商品マスタ(PD)はあるが在庫(IT)が未入庫。サイズ・色違いが複数あり、どの在庫がこの行か決められない,現物の有無と点数,,,,,,,PDM8S1EQRCM0;PDMNZFEGPAE6,,
PKGI-02617338,PKGI-02617338,MARK'S Log Diary Date Free Weekly,1,,BU-00987391,ROJ-001-1-1,YES,YES,,5月,M4,5月・同名在庫あり（不足分を数える）,中,BU-00987391,箱,914,1,1,サイズ・色違いが複数あり、どの在庫がこの行か決められない,現物の有無と点数、サイズ・色、在庫ラベル(IT)の有無,,,,,,,,,
PKGI-02618196,PKGI-02618196,ベビー　Ｔシャツ（80～90cm・RYOKKUMi ）(バースデイ)【予約】,1,,BU-00987690,ROI-001-1-1,YES,YES,,5月,M4,5月・同名在庫あり（不足分を数える）,中,BU-00987690,箱,917,1,1,該当しそうな在庫が複数あり一意に決まらない,現物の有無と点数、サイズ・色、在庫ラベル(IT)の有無,,,,,,,,,
PKGI-02619004,PKGI-02619004,【3月下旬～4月中旬入荷予定】無線マウス トヨタ AE86 『頭文字D』藤原とうふ店(自家用)仕様 Bluetooth対応 スプリンタートレノ イニD Toyota,2,,BU-00988058,ROG-001-1-1,,,,5月,M3,5月・PDあり在庫なし,中,BU-00988058,箱,921,2,3,商品マスタ(PD)はあるが在庫(IT)が未入庫。商品は一致するが在庫(IT)の点数割当が未確定,現物の有無と点数,,,,,,,PD3MOAKXRII8,,
PKGI-02619203,PKGI-02619203,【3月下旬～4月中旬入荷予定】無線マウス トヨタ AE86 『頭文字D』藤原とうふ店(自家用)仕様 Bluetooth対応 スプリンタートレノ イニD Toyota,1,,BU-00988115,ROG-001-1-1,YES,YES,,5月,M4,5月・同名在庫あり（不足分を数える）,中,BU-00988115,箱,923,1,3,同じ商品名の別行がReCORE在庫を持っている。この行の分の現物が別にあるか数える,現物の有無と点数、サイズ・色、在庫ラベル(IT)の有無,,,,,,,,,
PKGI-02619970,PKGI-02619970,Tulle tiered skirt,1,,BU-00988360,ROG-001-1-1,YES,YES,,5月,M4,5月・同名在庫あり（不足分を数える）,中,BU-00988360,箱,934,1,1,同じ商品名の別行がReCORE在庫を持っている。この行の分の現物が別にあるか数える,現物の有無と点数、サイズ・色、在庫ラベル(IT)の有無,,,,,,,,,
PKGI-02620756,PKGI-02620756,海苔ふりかけ　贅沢あられたっぷり　１００g,5,,BU-00988594,ROG-001-1-1,YES,YES,,5月,M4,5月・同名在庫あり（不足分を数える）,中,BU-00988594,箱,936,5,16,ReCOREにこのPKGIの登録がない（登録された形跡なし）,現物の有無と点数、サイズ・色、在庫ラベル(IT)の有無,,,,,,,,,
PKGI-02621306,PKGI-02621306,海苔ふりかけ　贅沢あられたっぷり　１００g,6,,BU-00988731,ROG-001-1-1,YES,YES,,5月,M4,5月・同名在庫あり（不足分を数える）,中,BU-00988731,箱,941,6,16,ReCOREにこのPKGIの登録がない（登録された形跡なし）,現物の有無と点数、サイズ・色、在庫ラベル(IT)の有無,,,,,,,,,
PKGI-02622059,PKGI-02622059,【お一人様、10個まで】京らー油ふりかけ,10,,BU-00989037,ROG-001-1-1,YES,YES,,5月,M4,5月・同名在庫あり（不足分を数える）,中,BU-00989037,箱,946,10,36,ReCOREにこのPKGIの登録がない（登録された形跡なし）,現物の有無と点数、サイズ・色、在庫ラベル(IT)の有無,,,,,,,,,
PKGI-02622207,PKGI-02622207,【予約】【METAL GEAR SOLID Δ × EDWIN】TIGER STRIPE T SHIRTS,1,,BU-00989099,ROG-001-1-1,YES,YES,,5月,M3,5月・PDあり在庫なし,中,BU-00989099,箱,947,1,2,商品マスタ(PD)はあるが在庫(IT)が未入庫。サイズ・色違いが複数あり、どの在庫がこの行か決められない,現物の有無と点数,,,,,,,PDNY2TA6FAY6;PDRUHTGOBD7A;PDZ5PVK6PUDV,,
PKGI-02622260,PKGI-02622260,【予約】【METAL GEAR SOLID Δ × EDWIN】TIGER STRIPE T SHIRTS,1,,BU-00989129,ROG-001-1-1,YES,YES,,5月,M4,5月・同名在庫あり（不足分を数える）,中,BU-00989129,箱,948,1,2,サイズ・色違いが複数あり、どの在庫がこの行か決められない,現物の有無と点数、サイズ・色、在庫ラベル(IT)の有無,,,,,,,,,
PKGI-02622259,PKGI-02622259,バイオハザード30周年　アクリルスタンドコレクション　エイダ（2月お届け分）,1,,BU-00989130,ROG-001-1-1,YES,YES,,5月,M4,5月・同名在庫あり（不足分を数える）,中,BU-00989130,箱,949,1,1,サイズ・色違いが複数あり、どの在庫がこの行か決められない,現物の有無と点数、サイズ・色、在庫ラベル(IT)の有無,,,,,,,,,
PKGI-02623590,PKGI-02623590,ベビー　７分丈パンツ（80～95cm・wiggle wiggle）(バースデイ)【予約】,2,,BU-00989615,ROI-001-1-1,,,,5月,M3,5月・PDあり在庫なし,中,BU-00989615,箱,977,2,3,商品マスタ(PD)はあるが在庫(IT)が未入庫。商品マスタは複数あるが在庫(IT)が入庫されていない,現物の有無と点数,,,,,,,PD6Y3FPNDGA3;PDU8RSZOYJR4,,
PKGI-02623592,PKGI-02623592,ベビー　７分丈パンツ（80～95cm・wiggle wiggle）(バースデイ)【予約】,1,,BU-00989615,ROI-001-1-1,YES,YES,,5月,M4,5月・同名在庫あり（不足分を数える）,中,BU-00989615,箱,979,1,3,ReCOREにこのPKGIの登録がない（登録された形跡なし）,現物の有無と点数、サイズ・色、在庫ラベル(IT)の有無,,,,,,,,,
PKGI-02623593,PKGI-02623593,ベビー　Ｔシャツ（80～95cm・wiggle wiggle）(バースデイ)【予約】,1,,BU-00989615,ROI-001-1-1,YES,YES,,5月,M4,5月・同名在庫あり（不足分を数える）,中,BU-00989615,箱,980,1,4,サイズ・色違いが複数あり、どの在庫がこの行か決められない,現物の有無と点数、サイズ・色、在庫ラベル(IT)の有無,,,,,,,,,
PKGI-02623594,PKGI-02623594,ベビー　Ｔシャツ（80～95cm・wiggle wiggle）(バースデイ)【予約】,1,,BU-00989615,ROI-001-1-1,YES,YES,,5月,M4,5月・同名在庫あり（不足分を数える）,中,BU-00989615,箱,981,1,4,サイズ・色違いが複数あり、どの在庫がこの行か決められない,現物の有無と点数、サイズ・色、在庫ラベル(IT)の有無,,,,,,,,,
PKGI-02623595,PKGI-02623595,ベビー　Ｔシャツ（80～95cm・wiggle wiggle）(バースデイ)【予約】,1,,BU-00989615,ROI-001-1-1,YES,YES,,5月,M4,5月・同名在庫あり（不足分を数える）,中,BU-00989615,箱,982,1,4,サイズ・色違いが複数あり、どの在庫がこの行か決められない,現物の有無と点数、サイズ・色、在庫ラベル(IT)の有無,,,,,,,,,
PKGI-02623596,PKGI-02623596,ベビー　Ｔシャツ（80～95cm・wiggle wiggle）(バースデイ)【予約】,1,,BU-00989615,ROI-001-1-1,YES,YES,,5月,M4,5月・同名在庫あり（不足分を数える）,中,BU-00989615,箱,983,1,4,サイズ・色違いが複数あり、どの在庫がこの行か決められない,現物の有無と点数、サイズ・色、在庫ラベル(IT)の有無,,,,,,,,,
PKGI-02626596,PKGI-02626596,DESIGN PARACORD SHOULDER デザインパラコードショルダー,1,,BU-00990643,ROJ-001-1-1,YES,YES,,5月,M3,5月・PDあり在庫なし,中,BU-00990643,箱,1007,1,1,商品マスタ(PD)はあるが在庫(IT)が未入庫。サイズ・色違いが複数あり、どの在庫がこの行か決められない,現物の有無と点数,,,,,,,PDE0CDXMBSQG;PDEGCCL9MYPE,,
PKGI-02626597,PKGI-02626597,DESIGN PARACORD SHOULDER デザインパラコードショルダー,1,,BU-00990643,ROJ-001-1-1,YES,YES,,5月,M4,5月・同名在庫あり（不足分を数える）,中,BU-00990643,箱,1008,1,1,サイズ・色違いが複数あり、どの在庫がこの行か決められない,現物の有無と点数、サイズ・色、在庫ラベル(IT)の有無,,,,,,,,,
PKGI-02626598,PKGI-02626598,Design paracord shoulder/ デザインパラコードショルダー,1,,BU-00990643,ROJ-001-1-1,YES,YES,,5月,M3,5月・PDあり在庫なし,中,BU-00990643,箱,1009,1,1,商品マスタ(PD)はあるが在庫(IT)が未入庫。サイズ・色違いが複数あり、どの在庫がこの行か決められない,現物の有無と点数,,,,,,,PDGUPRECLIJK,,
PKGI-02627807,PKGI-02627807,大カイジ展/沼 ビッグシルエットTシャツ2/ブラック,2,,BU-00991127,ROG-001-1-1,,,,5月,M2,5月・PDあり在庫なし,高,BU-00991127,箱,1019,2,2,商品マスタ(PD)はあるが在庫(IT)が未入庫。商品マスタは複数あるが在庫(IT)が入庫されていない,現物の有無と点数,,,,,,,PD78D9NQW4MU;PDJTSUSY3WGE,,
PKGI-02628590,PKGI-02628590,木刀　一刀流　（ツバ・ツバ止めは別売りです）,10,,BU-00991463,ROG-001-1-1,,,,5月,M2,5月・PDあり在庫なし,高,BU-00991463,箱,1033,10,10,商品マスタ(PD)はあるが在庫(IT)が未入庫。商品マスタは複数あるが在庫(IT)が入庫されていない,現物の有無と点数,,,,,,,PDHK48MRMIWH;PDL2C0UQC0CK,,
PKGI-02633603,PKGI-02633603,Yamasanka / 山鳥のカラビナ,1,,BU-00993274,ROG-001-1-1,YES,YES,,5月,M3,5月・PDあり在庫なし,中,BU-00993274,箱,1062,1,1,商品マスタ(PD)はあるが在庫(IT)が未入庫。サイズ・色違いが複数あり、どの在庫がこの行か決められない,現物の有無と点数,,,,,,,PDEZTEGOXUAE;PDNH96BUFSX1,,
PKGI-02633604,PKGI-02633604,Yamasanka / 山鳥のカラビナ,1,,BU-00993274,ROG-001-1-1,YES,YES,,5月,M4,5月・同名在庫あり（不足分を数える）,中,BU-00993274,箱,1063,1,1,サイズ・色違いが複数あり、どの在庫がこの行か決められない,現物の有無と点数、サイズ・色、在庫ラベル(IT)の有無,,,,,,,,,
PKGI-02633862,PKGI-02633862,【暖】深Uネック 2分袖インナー,1,,BU-00993374,ROG-001-1-1,YES,YES,,5月,M2,5月・PDあり在庫なし,高,BU-00993374,箱,1067,1,5,商品マスタ(PD)はあるが在庫(IT)が未入庫。サイズ・色違いが複数あり、どの在庫がこの行か決められない,現物の有無と点数,,,,,,,PDA450WH1X88;PDQNKUOYKIPC,,
PKGI-02633863,PKGI-02633863,【暖】深Uネック 2分袖インナー,1,,BU-00993374,ROG-001-1-1,YES,YES,,5月,M1,5月・未登録（撮影して特定）,高,BU-00993374,箱,1068,1,5,サイズ・色違いが複数あり、どの在庫がこの行か決められない,現物の有無と点数、サイズ・色、在庫ラベル(IT)の有無,,,,,,,,,
PKGI-02633864,PKGI-02633864,【暖】深Uネック 2分袖インナー,1,,BU-00993374,ROG-001-1-1,YES,YES,,5月,M1,5月・未登録（撮影して特定）,高,BU-00993374,箱,1069,1,5,サイズ・色違いが複数あり、どの在庫がこの行か決められない,現物の有無と点数、サイズ・色、在庫ラベル(IT)の有無,,,,,,,,,
PKGI-02633865,PKGI-02633865,【暖】深Uネック 2分袖インナー,1,,BU-00993374,ROG-001-1-1,YES,YES,,5月,M1,5月・未登録（撮影して特定）,高,BU-00993374,箱,1070,1,5,サイズ・色違いが複数あり、どの在庫がこの行か決められない,現物の有無と点数、サイズ・色、在庫ラベル(IT)の有無,,,,,,,,,
PKGI-02633866,PKGI-02633866,【暖】深Uネック 2分袖インナー,1,,BU-00993374,ROG-001-1-1,YES,YES,,5月,M1,5月・未登録（撮影して特定）,高,BU-00993374,箱,1071,1,5,サイズ・色違いが複数あり、どの在庫がこの行か決められない,現物の有無と点数、サイズ・色、在庫ラベル(IT)の有無,,,,,,,,,
PKGI-02056601,PKGI-02056601,【買取】ちいかわ まじかるちいかわ トレーディング ステンドグラス風クリアブックマーカー（全8種）,1,,,BUI-001-1-1,,,,5月,M2,5月・PDあり在庫なし,高,PKG-00733993,箱,1080,1,1,商品マスタ(PD)はあるが在庫(IT)が未入庫。該当しそうな在庫が複数あり一意に決まらない,現物の有無と点数,,,,,,,PDPEZ60FO7JG;PDVPI4K16ET8,,
PKGI-02213244,PKGI-02213244,【買取】ちいかわ まじかるちいかわ 悪いバージョンだ？マスコット（モモンガ）,1,,,BUI-001-2-1,YES,YES,,5月,M4,5月・同名在庫あり（不足分を数える）,中,PKG-00744228,箱,1087,1,2,同じ商品名の別行がReCORE在庫を持っている。この行の分の現物が別にあるか数える,現物の有無と点数、サイズ・色、在庫ラベル(IT)の有無,,,,,,,,,
PKGI-02480367,PKGI-02480367,【買取】Lilac bloom スマホケース　キンモクセイ/紫陽花,1,,,BUI-001-2-1,YES,YES,,5月,M2,5月・PDあり在庫なし,高,PKG-00843210,箱,1143,1,2,商品マスタ(PD)はあるが在庫(IT)が未入庫。サイズ・色違いが複数あり、どの在庫がこの行か決められない,現物の有無と点数,,,,,,,PDAGGE3EYC0L,,
PKGI-02480401,PKGI-02480401,【買取】Lilac bloom スマホケース　キンモクセイ/紫陽花,1,,,BUI-001-2-1,YES,YES,,5月,M1,5月・未登録（撮影して特定）,高,PKG-00843210,箱,1144,1,2,サイズ・色違いが複数あり、どの在庫がこの行か決められない,現物の有無と点数、サイズ・色、在庫ラベル(IT)の有無,,,,,,,,,
PKGI-02248838,PKGI-02248838,【買取】ちいかわ まじかるちいかわ 悪いバージョンだ？マスコット（モモンガ）,1,,,BUI-001-1-2,YES,YES,,5月,M4,5月・同名在庫あり（不足分を数える）,中,PKG-00911691,箱,1188,1,2,同じ商品名の別行がReCORE在庫を持っている。この行の分の現物が別にあるか数える,現物の有無と点数、サイズ・色、在庫ラベル(IT)の有無,,,,,,,,,
PKGI-02396329,PKGI-02396329,パターンデザインソックス（R）(25-27cm),1,,,RTG-006-1-1,YES,YES,,5月,M4,5月・同名在庫あり（不足分を数える）,中,PKG-00932220,箱,1208,1,1,同じ商品名の別行がReCORE在庫を持っている。この行の分の現物が別にあるか数える,現物の有無と点数、サイズ・色、在庫ラベル(IT)の有無,,,,,,,,,
PKGI-02657046,PKGI-02657046,【買取】【3月下旬～4月中旬入荷予定】無線マウス トヨタ AE86 『頭文字D』藤原とうふ店(自家用)仕様 Bluetooth対応 スプリンタートレノ イニD Toyota,1,,,BUG-001-2-3,YES,YES,,5月,M4,5月・同名在庫あり（不足分を数える）,中,PKG-00972932,箱,1228,1,21,サイズ・色違いが複数あり、どの在庫がこの行か決められない,現物の有無と点数、サイズ・色、在庫ラベル(IT)の有無,,,,,,,,,
PKGI-02652750,PKGI-02652750,【買取】【3月下旬～4月中旬入荷予定】無線マウス トヨタ AE86 『頭文字D』藤原とうふ店(自家用)仕様 Bluetooth対応 スプリンタートレノ イニD Toyota,1,,,BUG-001-1-1,YES,YES,,5月,M4,5月・同名在庫あり（不足分を数える）,中,PKG-00972934,箱,1229,1,21,サイズ・色違いが複数あり、どの在庫がこの行か決められない,現物の有無と点数、サイズ・色、在庫ラベル(IT)の有無,,,,,,,,,
PKGI-02534203,PKGI-02534203,まいにち美胸ライトプリントレースブラＤ,2,,,RTG-004-3-1,,,,5月,M2,5月・PDあり在庫なし,高,PKG-01027600,箱,1309,2,2,商品マスタ(PD)はあるが在庫(IT)が未入庫。商品マスタは複数あるが在庫(IT)が入庫されていない,現物の有無と点数,,,,,,,PDI66O8R6PJT;PDX50DJTALBI,,
PKGI-02584094,PKGI-02584094,Lilac bloom スマホケース　キンモクセイ/紫陽花,1,,,BUI-001-2-1,,,,5月,M3,5月・PDあり在庫なし,中,PKG-01034807,箱,1327,1,1,商品マスタ(PD)はあるが在庫(IT)が未入庫。同じ商品名の別行がReCORE在庫を持っている。この行の分の現物が別にあるか数える,現物の有無と点数,,,,,,,PD7NIR8BD8NK;PDF8L4O40L8K;PDTUO28RE8SY,,
PKGI-02485287,PKGI-02485287,コンフォートリラックスレギュラーシャツ,1,,,BUG-002-2-1,YES,YES,,5月,M4,5月・同名在庫あり（不足分を数える）,中,PKG-01038000,箱,1331,1,1,同じ商品名の別行がReCORE在庫を持っている。この行の分の現物が別にあるか数える,現物の有無と点数、サイズ・色、在庫ラベル(IT)の有無,,,,,,,,,
PKGI-02704147,PKGI-02704147,【2ショット撮影会応募用シリアルコード対象】My First Kick: 4th Mini Album (Digipack Ver.)(ランダムバージョン)＜オンライン限定＞ (発売日: 2026年05月上旬) + '（特典あり)',2,,,BUJ-001-3-1,YES,YES,,5月,M4,5月・同名在庫あり（不足分を数える）,中,PKG-01064777,箱,1370,2,1,ReCOREにこのPKGIの登録がない（登録された形跡なし）,現物の有無と点数、サイズ・色、在庫ラベル(IT)の有無,,,,,,,,,
PKGI-02652733,PKGI-02652733,【買取】【3月下旬～4月中旬入荷予定】無線マウス トヨタ AE86 『頭文字D』藤原とうふ店(自家用)仕様 Bluetooth対応 スプリンタートレノ イニD Toyota,2,,,BUG-001-1-1,,,,5月,M3,5月・PDあり在庫なし,中,PKG-01077528,箱,1377,2,21,商品マスタ(PD)はあるが在庫(IT)が未入庫。商品マスタは複数あるが在庫(IT)が入庫されていない,現物の有無と点数,,,,,,,PD5WWN4RLH0W;PD7AYWU1YN51;PDE9Z09CMENG,,
PKGI-02654408,PKGI-02654408,【買取】【3月下旬～4月中旬入荷予定】無線マウス トヨタ AE86 『頭文字D』藤原とうふ店(自家用)仕様 Bluetooth対応 スプリンタートレノ イニD Toyota,1,,,BUG-001-1-1,YES,YES,,5月,M4,5月・同名在庫あり（不足分を数える）,中,PKG-01077538,箱,1378,1,21,サイズ・色違いが複数あり、どの在庫がこの行か決められない,現物の有無と点数、サイズ・色、在庫ラベル(IT)の有無,,,,,,,,,
PKGI-02652722,PKGI-02652722,【買取】【3月下旬～4月中旬入荷予定】無線マウス トヨタ AE86 『頭文字D』藤原とうふ店(自家用)仕様 Bluetooth対応 スプリンタートレノ イニD Toyota,1,,,BUG-001-1-1,YES,YES,,5月,M4,5月・同名在庫あり（不足分を数える）,中,PKG-01077541,箱,1379,1,21,サイズ・色違いが複数あり、どの在庫がこの行か決められない,現物の有無と点数、サイズ・色、在庫ラベル(IT)の有無,,,,,,,,,
PKGI-02654444,PKGI-02654444,【買取】【3月下旬～4月中旬入荷予定】無線マウス トヨタ AE86 『頭文字D』藤原とうふ店(自家用)仕様 Bluetooth対応 スプリンタートレノ イニD Toyota,1,,,BUG-001-1-1,YES,YES,,5月,M4,5月・同名在庫あり（不足分を数える）,中,PKG-01077545,箱,1380,1,21,サイズ・色違いが複数あり、どの在庫がこの行か決められない,現物の有無と点数、サイズ・色、在庫ラベル(IT)の有無,,,,,,,,,
PKGI-02654662,PKGI-02654662,【買取】【3月下旬～4月中旬入荷予定】無線マウス トヨタ AE86 『頭文字D』藤原とうふ店(自家用)仕様 Bluetooth対応 スプリンタートレノ イニD Toyota,1,,,BUG-001-1-1,YES,YES,,5月,M4,5月・同名在庫あり（不足分を数える）,中,PKG-01077571,箱,1381,1,21,サイズ・色違いが複数あり、どの在庫がこの行か決められない,現物の有無と点数、サイズ・色、在庫ラベル(IT)の有無,,,,,,,,,
PKGI-02647561,PKGI-02647561,【買取】【3月下旬～4月中旬入荷予定】無線マウス トヨタ AE86 『頭文字D』藤原とうふ店(自家用)仕様 Bluetooth対応 スプリンタートレノ イニD Toyota,1,,,BUG-001-1-1,YES,YES,,5月,M4,5月・同名在庫あり（不足分を数える）,中,PKG-01082166,箱,1384,1,21,サイズ・色違いが複数あり、どの在庫がこの行か決められない,現物の有無と点数、サイズ・色、在庫ラベル(IT)の有無,,,,,,,,,
PKGI-02647624,PKGI-02647624,【買取】【3月下旬～4月中旬入荷予定】無線マウス トヨタ AE86 『頭文字D』藤原とうふ店(自家用)仕様 Bluetooth対応 スプリンタートレノ イニD Toyota,1,,,BUG-001-1-1,YES,YES,,5月,M4,5月・同名在庫あり（不足分を数える）,中,PKG-01082189,箱,1385,1,21,サイズ・色違いが複数あり、どの在庫がこの行か決められない,現物の有無と点数、サイズ・色、在庫ラベル(IT)の有無,,,,,,,,,
PKGI-02655795,PKGI-02655795,【買取】【3月下旬～4月中旬入荷予定】無線マウス トヨタ AE86 『頭文字D』藤原とうふ店(自家用)仕様 Bluetooth対応 スプリンタートレノ イニD Toyota,1,,,BUG-001-1-1,YES,YES,,5月,M4,5月・同名在庫あり（不足分を数える）,中,PKG-01085188,箱,1387,1,21,サイズ・色違いが複数あり、どの在庫がこの行か決められない,現物の有無と点数、サイズ・色、在庫ラベル(IT)の有無,,,,,,,,,
PKGI-02655867,PKGI-02655867,【買取】【3月下旬～4月中旬入荷予定】無線マウス トヨタ AE86 『頭文字D』藤原とうふ店(自家用)仕様 Bluetooth対応 スプリンタートレノ イニD Toyota,1,,,BUG-001-1-1,YES,YES,,5月,M4,5月・同名在庫あり（不足分を数える）,中,PKG-01085193,箱,1388,1,21,サイズ・色違いが複数あり、どの在庫がこの行か決められない,現物の有無と点数、サイズ・色、在庫ラベル(IT)の有無,,,,,,,,,
PKGI-02655827,PKGI-02655827,【買取】【3月下旬～4月中旬入荷予定】無線マウス トヨタ AE86 『頭文字D』藤原とうふ店(自家用)仕様 Bluetooth対応 スプリンタートレノ イニD Toyota,1,,,BUG-001-1-1,YES,YES,,5月,M4,5月・同名在庫あり（不足分を数える）,中,PKG-01085200,箱,1389,1,21,サイズ・色違いが複数あり、どの在庫がこの行か決められない,現物の有無と点数、サイズ・色、在庫ラベル(IT)の有無,,,,,,,,,
PKGI-02655660,PKGI-02655660,【買取】【3月下旬～4月中旬入荷予定】無線マウス トヨタ AE86 『頭文字D』藤原とうふ店(自家用)仕様 Bluetooth対応 スプリンタートレノ イニD Toyota,1,,,BUG-001-1-1,YES,YES,,5月,M4,5月・同名在庫あり（不足分を数える）,中,PKG-01085208,箱,1390,1,21,サイズ・色違いが複数あり、どの在庫がこの行か決められない,現物の有無と点数、サイズ・色、在庫ラベル(IT)の有無,,,,,,,,,
PKGI-02658628,PKGI-02658628,【買取】【3月下旬～4月中旬入荷予定】無線マウス トヨタ AE86 『頭文字D』藤原とうふ店(自家用)仕様 Bluetooth対応 スプリンタートレノ イニD Toyota,1,,,BUG-001-2-3,YES,YES,,5月,M4,5月・同名在庫あり（不足分を数える）,中,PKG-01085430,箱,1391,1,21,サイズ・色違いが複数あり、どの在庫がこの行か決められない,現物の有無と点数、サイズ・色、在庫ラベル(IT)の有無,,,,,,,,,
PKGI-02658496,PKGI-02658496,【買取】【3月下旬～4月中旬入荷予定】無線マウス トヨタ AE86 『頭文字D』藤原とうふ店(自家用)仕様 Bluetooth対応 スプリンタートレノ イニD Toyota,1,,,BUG-001-1-1,YES,YES,,5月,M4,5月・同名在庫あり（不足分を数える）,中,PKG-01085444,箱,1392,1,21,サイズ・色違いが複数あり、どの在庫がこの行か決められない,現物の有無と点数、サイズ・色、在庫ラベル(IT)の有無,,,,,,,,,
PKGI-02658274,PKGI-02658274,【買取】【3月下旬～4月中旬入荷予定】無線マウス トヨタ AE86 『頭文字D』藤原とうふ店(自家用)仕様 Bluetooth対応 スプリンタートレノ イニD Toyota,1,,,BUG-001-1-1,YES,YES,,5月,M4,5月・同名在庫あり（不足分を数える）,中,PKG-01085467,箱,1393,1,21,サイズ・色違いが複数あり、どの在庫がこの行か決められない,現物の有無と点数、サイズ・色、在庫ラベル(IT)の有無,,,,,,,,,
PKGI-02658444,PKGI-02658444,【買取】【3月下旬～4月中旬入荷予定】無線マウス トヨタ AE86 『頭文字D』藤原とうふ店(自家用)仕様 Bluetooth対応 スプリンタートレノ イニD Toyota,1,,,BUG-001-2-3,YES,YES,,5月,M4,5月・同名在庫あり（不足分を数える）,中,PKG-01085469,箱,1394,1,21,サイズ・色違いが複数あり、どの在庫がこの行か決められない,現物の有無と点数、サイズ・色、在庫ラベル(IT)の有無,,,,,,,,,
PKGI-02658383,PKGI-02658383,【買取】【3月下旬～4月中旬入荷予定】無線マウス トヨタ AE86 『頭文字D』藤原とうふ店(自家用)仕様 Bluetooth対応 スプリンタートレノ イニD Toyota,1,,,BUG-001-1-1,YES,YES,,5月,M4,5月・同名在庫あり（不足分を数える）,中,PKG-01085475,箱,1395,1,21,サイズ・色違いが複数あり、どの在庫がこの行か決められない,現物の有無と点数、サイズ・色、在庫ラベル(IT)の有無,,,,,,,,,
PKGI-02658403,PKGI-02658403,【買取】【3月下旬～4月中旬入荷予定】無線マウス トヨタ AE86 『頭文字D』藤原とうふ店(自家用)仕様 Bluetooth対応 スプリンタートレノ イニD Toyota,1,,,BUG-001-1-1,YES,YES,,5月,M4,5月・同名在庫あり（不足分を数える）,中,PKG-01085476,箱,1396,1,21,サイズ・色違いが複数あり、どの在庫がこの行か決められない,現物の有無と点数、サイズ・色、在庫ラベル(IT)の有無,,,,,,,,,
PKGI-02660495,PKGI-02660495,【買取】【3月下旬～4月中旬入荷予定】無線マウス トヨタ AE86 『頭文字D』藤原とうふ店(自家用)仕様 Bluetooth対応 スプリンタートレノ イニD Toyota,1,,,BUG-001-2-3,YES,YES,,5月,M4,5月・同名在庫あり（不足分を数える）,中,PKG-01085898,箱,1397,1,21,サイズ・色違いが複数あり、どの在庫がこの行か決められない,現物の有無と点数、サイズ・色、在庫ラベル(IT)の有無,,,,,,,,,
PKGI-02660485,PKGI-02660485,【買取】【3月下旬～4月中旬入荷予定】無線マウス トヨタ AE86 『頭文字D』藤原とうふ店(自家用)仕様 Bluetooth対応 スプリンタートレノ イニD Toyota,1,,,BUG-001-2-3,YES,YES,,5月,M4,5月・同名在庫あり（不足分を数える）,中,PKG-01085922,箱,1398,1,21,サイズ・色違いが複数あり、どの在庫がこの行か決められない,現物の有無と点数、サイズ・色、在庫ラベル(IT)の有無,,,,,,,,,
PKGI-02660590,PKGI-02660590,【買取】【3月下旬～4月中旬入荷予定】無線マウス トヨタ AE86 『頭文字D』藤原とうふ店(自家用)仕様 Bluetooth対応 スプリンタートレノ イニD Toyota,1,,,BUG-001-2-3,YES,YES,,5月,M4,5月・同名在庫あり（不足分を数える）,中,PKG-01085923,箱,1399,1,21,サイズ・色違いが複数あり、どの在庫がこの行か決められない,現物の有無と点数、サイズ・色、在庫ラベル(IT)の有無,,,,,,,,,
PKGI-02628325,PKGI-02628325,Synthesizer V 2 AI 重音テト,1,,,BUG-001-2-3,YES,YES,,5月,M4,5月・同名在庫あり（不足分を数える）,中,PKG-01108125,箱,1423,1,3,同じ商品名の別行がReCORE在庫を持っている。この行の分の現物が別にあるか数える,現物の有無と点数、サイズ・色、在庫ラベル(IT)の有無,,,,,,,,,
PKGI-02628819,PKGI-02628819,バイオハザード30周年　アクリルスタンドコレクション　エイダ（2月お届け分）,1,,,RTG-004-3-1,YES,YES,,5月,M4,5月・同名在庫あり（不足分を数える）,中,PKG-01108336,箱,1424,1,1,サイズ・色違いが複数あり、どの在庫がこの行か決められない,現物の有無と点数、サイズ・色、在庫ラベル(IT)の有無,,,,,,,,,
