PKGI,月,箱,箱種別,袋,行,商品名,購入元,元数量,不足点数,task,task名,質問,見るポイント,fields,参考URL,候補URL,候補タイトル,候補一致度,現物メモ,PD,IT,元グループ
PKGI-01930770,8月,BU-00731744,箱,PKG-00818672,2,GLSSWRKS Hana Premium Glass Mousepad International Edition 490x420mm【他商品との同梱不可】,fumo-collection_com,1,,presence,現物の有無,現物の有無と、ある場合は点数を確認してください,現物の有無と点数,"presence!,qty!",https://www.fumo-collection.com/products/glsswrks-mousepad-hana-int-4942,,,,,PD50KYGFSUZ3,,I
PKGI-01980257,8月,BU-00749512,箱,PKG-00819769,3,(torin car) Pok?mon Card Charizard Qu Squirrel Tartar Type English charizard,magi_camp,1,,identify,商品特定（撮影）,タグ・JAN・型番が写るように撮影し、点数を数えてください,タグ・JAN・型番・ブランド名を撮影、全体写真、数量,"qty!,photo!,url",,,,,,,,G
PKGI-02057290,8月,BU-00777114,箱,PKG-00836011,4,【EN】《Cold Foil》[Mechanologist] Cogwerx Tinker Rings/コグワークスの絡繰リング (装備品)「L」〔SEA008〕,tokyofab_com,1,,variant,色・サイズ・版,現物の色・サイズ・種類を確認してください,版・種類・サイズ・色、数量・セット内容、状態・未開封、画像と現物の一致、箱・袋の所在,"qty!,color!,size!,edition,condition!,set,photo",https://www.tokyofab.com/view/item/000000015088,,,,,,,A
PKGI-02060368,8月,BU-00778202,箱,PKG-00847123,6,GIFT KIT（L）,store_hystericglamour_jp,1,,variant,色・サイズ・版,現物の色・サイズ・種類を確認してください,版・種類・サイズ・色、数量・セット内容、状態・未開封、画像と現物の一致、箱・袋の所在,"qty!,color!,size!,edition,condition!,set,photo",https://store.hystericglamour.jp/item/103011.html,,,,,,,A
PKGI-02122785,8月,BU-00800362,箱,PKG-00769991,7,15＜完全生産限定盤/カラーバイナル＞ + '（特典あり）(発売日: 2025年07月09日)',tower_jp,2,,variant,色・サイズ・版,現物の色・サイズ・種類を確認してください,版・種類・サイズ・色、数量・セット内容、bonus_or_purchase_benefit_presence、状態・未開封、画像と現物の一致、箱・袋の所在,"qty!,color!,size!,edition,condition!,set,photo",https://tower.jp/item/6810313,,,,,,,A
PKGI-02130604,8月,BU-00803075,箱,PKG-00876629,8,We are：8th Mini Album（Special Jewel Ver.）＜ワーナーミュージック・ストア限定特典付き＞,store_wmg_jp,1,,variant,色・サイズ・版,現物の色・サイズ・種類を確認してください,版・種類・サイズ・色、数量・セット内容、bonus_or_purchase_benefit_presence、状態・未開封、画像と現物の一致、箱・袋の所在,"qty!,color!,size!,edition,condition!,set,photo",https://e-store.wmg.jp/shop/g/gSETIDL-02/,,,,,,,A
PKGI-02152281,8月,BU-00810603,箱,PKG-00892447,9,Synthesizer V AI 重音テト,ah-soft_net,1,,variant,色・サイズ・版,現物の色・サイズ・種類を確認してください,版・種類・サイズ・色、数量・セット内容、状態・未開封、画像と現物の一致、箱・袋の所在,"qty!,color!,size!,edition,condition!,set,photo",https://www.ah-soft.net/shopdetail/000000001490/,,,,,,,A
PKGI-02231415,8月,BU-00838064,箱,PKG-00938206,13,"Kunjudoincensesticks,Traumereiseries,Lavender",kohgen_com,1,,variant,色・サイズ・版,現物の色・サイズ・種類を確認してください,版・種類・サイズ・色、数量・セット内容、状態・未開封、画像と現物の一致、箱・袋の所在,"qty!,color!,size!,edition,condition!,set,photo",https://www.kohgen.com/i/1390500000000,,,,,,,A
PKGI-02230028,8月,BU-00838064,箱,PKG-00938269,12,"Kunjudoincensesticks,Traumereiseries,FloralBlend",kohgen_com,1,,identify,商品特定（撮影）,タグ・JAN・型番が写るように撮影し、点数を数えてください,タグ・JAN・型番・ブランド名を撮影、全体写真、数量,"qty!,photo!,url",,,,,,,,G
PKGI-02266322,8月,BU-00851873,箱,PKG-00950778,17,[U Syrup] Ginger 200ml,u-products_co_jp,1,,identify,商品特定（撮影）,タグ・JAN・型番が写るように撮影し、点数を数えてください,タグ・JAN・型番・ブランド名を撮影、全体写真、数量,"qty!,photo!,url",,,,,,,,H
PKGI-02266323,8月,BU-00851873,箱,PKG-00950778,18,[U Syrup] Cola 200ml,u-products_co_jp,1,,identify,商品特定（撮影）,タグ・JAN・型番が写るように撮影し、点数を数えてください,タグ・JAN・型番・ブランド名を撮影、全体写真、数量,"qty!,photo!,url",,,,,,,,H
PKGI-02268725,8月,BU-00852780,箱,PKG-00943492,19,カプコンフィギュアビルダー モンスターハンター スタンダードモデル Plus Vol.27 （1BOX/6個入り）,e-capcom_com,1,,variant,色・サイズ・版,現物の色・サイズ・種類を確認してください,版・種類・サイズ・色,"qty!,color!,size!,edition,photo",https://www.e-capcom.com/shop/g/gC00008781/,,,,,,,A
PKGI-02286085,8月,BU-00859109,箱,PKG-00943795,20,PING ピン キャディバッグ CB-U2504 オーセンティックカート 9.0型 5分割 カートバッグ ゴルフ 2025年モデル 日本正規品,jypers_com,1,,variant,色・サイズ・版,現物の色・サイズ・種類を確認してください,版・種類・サイズ・色,"qty!,color!,size!,edition,photo",https://ec.jal.co.jp/shop/g/g0192-201601000117029996/,,,,,,,A
PKGI-02354288,8月,BU-00884974,箱,PKG-00954593,22,ぷるふわナイトブラ,peachjohn_co_jp,1,,variant,色・サイズ・版,現物の色・サイズ・種類を確認してください,版・種類・サイズ・色,"qty!,color!,size!,edition,photo",https://www.peachjohn.co.jp/shop/g/g10254700102/,,,,,,,A
PKGI-02354291,8月,BU-00884974,箱,PKG-00954593,23,スマートブラ,peachjohn_co_jp,1,,identify,商品特定（撮影）,タグ・JAN・型番が写るように撮影し、点数を数えてください,タグ・JAN・型番・ブランド名を撮影、全体写真、数量,"qty!,photo!,candidate!,url",https://www.peachjohn.co.jp/shop/e/eal-smartbra/,https://www.peachjohn.co.jp/shop/e/eal-smartbra/,,,,,,G
PKGI-02354294,8月,BU-00884974,箱,PKG-00954593,24,ナイスバディブラキャミソール＋パワー（プッシュアップ脇高）,peachjohn_co_jp,1,,variant,色・サイズ・版,現物の色・サイズ・種類を確認してください,版・種類・サイズ・色、数量・セット内容、状態・未開封,"qty!,color!,size!,edition,condition!,set,photo",https://www.peachjohn.co.jp/shop/g/g10312750173/,,,,現物,,,A
PKGI-02354289,8月,BU-00884974,箱,PKG-00954593,27,もりこれ脇高レーシィブラ,peachjohn_co_jp,1,,photo_count,撮影＋点数,全体を撮影して、点数を数えてください,現物未確認,"qty!,photo!",https://www.peachjohn.co.jp/shop/g/g10261050119/,,,,現物,,,B
PKGI-02354290,8月,BU-00884974,箱,PKG-00954593,28,もりこれ脇高レーシィブラ,peachjohn_co_jp,1,,photo_count,撮影＋点数,全体を撮影して、点数を数えてください,現物未確認,"qty!,photo!",,,,,現物,,,B
PKGI-02354292,8月,BU-00884974,箱,PKG-00954593,29,ハートブラ,peachjohn_co_jp,1,,variant,色・サイズ・版,現物の色・サイズ・種類を確認してください,版・種類・サイズ・色,"qty!,color!,size!,edition,photo",https://www.peachjohn.co.jp/shop/g/g10297400623/,,,,,,,A
PKGI-02354293,8月,BU-00884974,箱,PKG-00954593,30,ハートブラ,peachjohn_co_jp,1,,variant,色・サイズ・版,現物の色・サイズ・種類を確認してください,版・種類・サイズ・色,"qty!,color!,size!,edition,photo",,,,,,,,A
PKGI-02372833,8月,BU-00891627,箱,PKG-00934377,31,ラインラグランZIPパーカー,wegoec_jp,1,,variant,色・サイズ・版,現物の色・サイズ・種類を確認してください,版・種類・サイズ・色、数量・セット内容、状態・未開封、画像と現物の一致、箱・袋の所在,"qty!,color!,size!,edition,condition!,set,photo",https://wego.jp/products/sk25aw09-m0005,,,,,,,A
PKGI-02372829,8月,BU-00891627,箱,PKG-00934377,32,裏起毛ショートグラフィックプルオーバー,wegoec_jp,1,,variant,色・サイズ・版,現物の色・サイズ・種類を確認してください,版・種類・サイズ・色,"qty!,color!,size!,edition,photo",https://wego.jp/products/we25aw09-m0016,,,,,,,A
PKGI-02372830,8月,BU-00891627,箱,PKG-00934377,33,フェザーニットプルオーバー,wegoec_jp,1,,variant,色・サイズ・版,現物の色・サイズ・種類を確認してください,版・種類・サイズ・色,"qty!,color!,size!,edition,photo",https://wego.jp/products/br25wn11-m0003,,,,,,,A
PKGI-02372831,8月,BU-00891627,箱,PKG-00934377,34,フェザーニットプルオーバー,wegoec_jp,1,,variant,色・サイズ・版,現物の色・サイズ・種類を確認してください,版・種類・サイズ・色,"qty!,color!,size!,edition,photo",,,,,,,,A
PKGI-02372832,8月,BU-00891627,箱,PKG-00934377,35,フェザーニットプルオーバー,wegoec_jp,1,,variant,色・サイズ・版,現物の色・サイズ・種類を確認してください,版・種類・サイズ・色,"qty!,color!,size!,edition,photo",,,,,,,,A
PKGI-02391581,8月,BU-00898831,箱,PKG-00980297,36,イージーデニムパンツ,store_hystericglamour_jp,1,,identify,商品特定（撮影）,タグ・JAN・型番が写るように撮影し、点数を数えてください,タグ・JAN・型番・ブランド名を撮影、全体写真、数量,"qty!,photo!,url",,,,,,,,H
PKGI-02406127,8月,BU-00904385,箱,PKG-00872421,37,ダメージジャガードカーディガン,wegoec_jp,1,,variant,色・サイズ・版,現物の色・サイズ・種類を確認してください,版・種類・サイズ・色,"qty!,color!,size!,edition,photo",https://wego.jp/products/we25au09-m0013,,,,,,,A
PKGI-02406126,8月,BU-00904385,箱,PKG-00872421,38,マルチカーゴデニムハーフパンツ,wegoec_jp,1,,identify,商品特定（撮影）,タグ・JAN・型番が写るように撮影し、点数を数えてください,タグ・JAN・型番・ブランド名を撮影、全体写真、数量,"qty!,photo!,url",,,,,,,,G
PKGI-02406128,8月,BU-00904385,箱,PKG-00872421,39,3Dフレアデニムパンツ,wegoec_jp,1,,variant,色・サイズ・版,現物の色・サイズ・種類を確認してください,確認数量（元リストの商品単位） / 欠品・付属品の実際の内容 / 色・サイズ・種類の現物と根拠照合 / 色・サイズ・素材構成の現物照合,"qty!,photo!,color!,size!,edition",https://wear.jp/item/94906673/,,,,,,,B
PKGI-02411554,8月,BU-00906673,箱,PKG-01007513,40,MARQUE Lounge Robe《ラウンジローブ》,sodaterutowel_com,1,,variant,色・サイズ・版,現物の色・サイズ・種類を確認してください,確認数量（元リストの商品単位） / 欠品・付属品の実際の内容 / 00/01のサイズ・色・ベルトと洗濯ネットの現物構成を確認,"qty!,photo!,color!,size!,edition",https://sodaterutowel.com/products/mq15,,,,,,,B
PKGI-02411555,8月,BU-00906673,箱,PKG-01007513,41,MARQUE Lounge Robe《ラウンジローブ》,sodaterutowel_com,1,,variant,色・サイズ・版,現物の色・サイズ・種類を確認してください,確認数量（元リストの商品単位） / 欠品・付属品の実際の内容 / 00/01のサイズ・色・ベルトと洗濯ネットの現物構成を確認,"qty!,photo!,color!,size!,edition",,,,,,,,B
PKGI-02444207,8月,BU-00920164,箱,PKG-00927847,42,UNDER COVER(アンダーカバー) ジャケット ジャケット(商品コード:レディース),ragtag_jp,1,,identify,商品特定（撮影）,タグ・JAN・型番が写るように撮影し、点数を数えてください,タグ・JAN・型番・ブランド名を撮影、全体写真、数量,"qty!,photo!,url",,,,,,,,G
PKGI-02453157,8月,BU-00923771,箱,PKG-00935233,43,SOPHNET.(ソフネット) Tシャツ・カットソー Tシャツ・カットソー(商品コード:メンズ),ragtag_jp,1,,identify,商品特定（撮影）,タグ・JAN・型番が写るように撮影し、点数を数えてください,タグ・JAN・型番・ブランド名を撮影、全体写真、数量,"qty!,photo!,url",,,,,,,,G
PKGI-02462525,8月,BU-00927360,箱,PKG-00977128,44,Theory(セオリー) パンツ カーゴパンツ(商品コード:メンズ),ragtag_jp,1,,identify,商品特定（撮影）,タグ・JAN・型番が写るように撮影し、点数を数えてください,タグ・JAN・型番・ブランド名を撮影、全体写真、数量,"qty!,photo!,url",,,,,,,,G
PKGI-02505270,8月,BU-00943295,箱,PKG-01040026,45,厚底ローファー （ブラック）,yosuke-idocorp_com,1,,variant,色・サイズ・版,現物の色・サイズ・種類を確認してください,版・種類・サイズ・色,"qty!,color!,size!,edition,photo",https://yosuke-idocorp.com/commodity/SIDO0035D/YO729BW20033/,,,,,,,A
PKGI-02511033,8月,BU-00945309,箱,PKG-01040589,47,【1／28 2時までの限定価格】ファーフード付ウエストベルトエコダウンコート,ingni-store_com,1,,identify,商品特定（撮影）,タグ・JAN・型番が写るように撮影し、点数を数えてください,タグ・JAN・型番・ブランド名を撮影、全体写真、数量,"qty!,photo!,candidate!,url",https://www.ingni-store.com/item/1254-700014,https://www.ingni-store.com/item/1254-700014,,,,,,G
PKGI-02526082,8月,BU-00951406,箱,PKG-01042671,49,amu 2 uki beni,us_marlmarl_com,1,,variant,色・サイズ・版,現物の色・サイズ・種類を確認してください,説明文の未確認項目（サイズ・色・種類・構成など）,"qty!,color!,size!,edition,photo",https://www.international.marlmarl.com/products/10101443,,,,,,,C
PKGI-02526080,8月,BU-00951406,箱,PKG-01042671,51,dolce 1 lace collar,us_marlmarl_com,1,,variant,色・サイズ・版,現物の色・サイズ・種類を確認してください,説明文の未確認項目（サイズ・色・種類・構成など）,"qty!,color!,size!,edition,photo",https://www.international.marlmarl.com/products/10100019,,,,,,,C
PKGI-02526078,8月,BU-00951406,箱,PKG-01042671,52,crown 3 champagne,us_marlmarl_com,1,,condition,状態,未開封か、傷・欠品がないかを確認してください,状態・未開封,"qty!,condition!,photo",https://www.international.marlmarl.com/products/10102592,,,,,,,F
PKGI-02526079,8月,BU-00951406,箱,PKG-01042671,53,hennin 1 rose,us_marlmarl_com,1,,variant,色・サイズ・版,現物の色・サイズ・種類を確認してください,説明文の未確認項目（サイズ・色・種類・構成など）,"qty!,color!,size!,edition,photo",https://www.international.marlmarl.com/products/10102252,,,,,,,C
PKGI-02543064,8月,BU-00957817,箱,PKG-01031179,54,kardia 3 graph black,us_marlmarl_com,1,,variant,色・サイズ・版,現物の色・サイズ・種類を確認してください,版・種類・サイズ・色、数量・セット内容、状態・未開封,"qty!,color!,size!,edition,condition!,set,photo",https://www.international.marlmarl.com/products/10101467,,,,,,,A
PKGI-02553290,8月,BU-00963563,箱,PKG-01046308,55,【NATURAL FOUNDATION】 Hair Care Set,essenza_co_jp,1,,expiry,賞味期限,賞味期限と保管状態を確認してください,賞味期限・保管状態、状態・未開封,"qty!,expiry!,storage!,condition!,photo",https://essenza.co.jp/?pid=179668379,,,,,,,E
PKGI-02569065,8月,BU-00968197,箱,PKG-01072607,60,(愛鳥笑(アトリエ)てにょりーた) 丸小ビーズのスズメ,minne_com,1,,set,セット内容,点数と、セットの中身（何が何個あるか）を確認してください,数量・セット内容,"qty!,set!,photo",https://minne.com/items/39381252,,,,,,,D
PKGI-02569278,8月,BU-00968761,箱,PKG-00970322,62,【新色追加★】きらふわティンクルぬい痛ボストンバッグ,wegoec_jp,1,,photo_count,撮影＋点数,全体を撮影して、点数を数えてください,元帳数量保持・現物未確認,"qty!,photo!",https://wego.jp/products/wg25ss06-g0002,,,,元帳数量保持・現物,,,B
PKGI-02569279,8月,BU-00968761,箱,PKG-00970322,63,ときめきエンジェル魔法の鍵DIYセット,wegoec_jp,1,,variant,色・サイズ・版,現物の色・サイズ・種類を確認してください,版・種類・サイズ・色、数量・セット内容、状態・未開封、画像と現物の一致、箱・袋の所在,"qty!,color!,size!,edition,condition!,set,photo",https://wego.jp/products/wg25ss07-g0002,,,,,,,A
PKGI-02576092,8月,BU-00971249,箱,PKG-01073521,64,【送料無料】『ビバリウム Adoと私』 特装版　箔押しクリアしおり3種セット ※お1人様1点まで 【Release Date: 2026/03/05】,store_kadokawa_co_jp,1,,variant,色・サイズ・版,現物の色・サイズ・種類を確認してください,版・種類・サイズ・色、数量・セット内容、状態・未開封、画像と現物の一致、箱・袋の所在,"qty!,color!,size!,edition,condition!,set,photo",https://store.kadokawa.co.jp/shop/g/g302510003170/,,,,,,,A
PKGI-02577812,8月,BU-00971771,箱,PKG-00967350,65,【ハローキティ】キンチャクチャーム,dot-st_com,1,,variant,色・サイズ・版,現物の色・サイズ・種類を確認してください,版・種類・サイズ・色、数量・セット内容、状態・未開封、画像と現物の一致、箱・袋の所在,"qty!,color!,size!,edition,condition!,set,photo",https://www.dot-st.com/jeanasis/disp/item/645164/,,,,,,,A
PKGI-02577813,8月,BU-00971771,箱,PKG-00967350,66,【ハローキティ】キンチャクチャーム,dot-st_com,1,,variant,色・サイズ・版,現物の色・サイズ・種類を確認してください,版・種類・サイズ・色、数量・セット内容、状態・未開封、画像と現物の一致、箱・袋の所在,"qty!,color!,size!,edition,condition!,set,photo",,,,,,,,A
PKGI-02577814,8月,BU-00971771,箱,PKG-00967350,67,【ハローキティ】キンチャクチャーム,dot-st_com,1,,variant,色・サイズ・版,現物の色・サイズ・種類を確認してください,版・種類・サイズ・色、数量・セット内容、状態・未開封、画像と現物の一致、箱・袋の所在,"qty!,color!,size!,edition,condition!,set,photo",,,,,,,,A
PKGI-02591589,8月,BU-00977825,箱,PKG-01096114,70,YUPO 両面ユポ 油性・UVオフセット用 ニューユポ FGS 250um 四六判 (788×1091mm) 125枚,paperandgoods_com,1,,variant,色・サイズ・版,現物の色・サイズ・種類を確認してください,版・種類・サイズ・色,"qty!,color!,size!,edition,photo",https://www.paperandgoods.com/c/76/7620/762010/FGS250-46-125,,,,,,,A
PKGI-02610833,8月,BU-00984883,箱,PKG-01016872,71,ホットウィール(Hot Wheels) 　ベーシックカー 日産 スカイライン 2000GT-R LBWK 乗り物おもちゃ ミニカー 3歳から ブルー HXR17,books_rakuten_co_jp,2,,photo_count,撮影＋点数,全体を撮影して、点数を数えてください,未確認,"qty!,photo!",https://mattel.co.jp/toys/hot_wheels/category/hw-19826/,,,,,,,B
PKGI-02614706,8月,BU-00986497,箱,PKG-01103695,72,◆コカコーラ 爽健美茶 600ml,sundrug-online_com,3,,expiry,賞味期限,賞味期限と保管状態を確認してください,賞味期限・保管状態、版・種類・サイズ・色、数量・セット内容、状態・未開封、画像と現物の一致,"qty!,expiry!,storage!,color!,size!,condition!,set,photo",https://www.kakuyasu.co.jp/products/00283364,,,,,,,E
PKGI-02613956,8月,BU-00986512,箱,PKG-01103696,73,◆コカコーラ 爽健美茶 600ml,sundrug-online_com,3,,expiry,賞味期限,賞味期限と保管状態を確認してください,賞味期限・保管状態、版・種類・サイズ・色、数量・セット内容、状態・未開封、画像と現物の一致,"qty!,expiry!,storage!,color!,size!,condition!,set,photo",,,,,,,,E
PKGI-02614810,8月,BU-00986522,箱,PKG-01103697,74,◆コカコーラ 爽健美茶 600ml,sundrug-online_com,3,,expiry,賞味期限,賞味期限と保管状態を確認してください,賞味期限・保管状態、版・種類・サイズ・色、数量・セット内容、状態・未開封、画像と現物の一致,"qty!,expiry!,storage!,color!,size!,condition!,set,photo",,,,,,,,E
PKGI-02631668,8月,BU-00992574,箱,PKG-01089728,76,figure fuchi kun,eveofficialstore_com,1,,variant,色・サイズ・版,現物の色・サイズ・種類を確認してください,版・種類・サイズ・色、数量・セット内容、状態・未開封、画像と現物の一致、箱・袋の所在,"qty!,color!,size!,edition,condition!,set,photo",https://www.eveofficialstore.com/view/item/000000000275,,,,,,,A
PKGI-02632884,8月,BU-00992956,箱,PKG-01087852,77,重ねて色をつくるゲーム,bodoge_hoobby_net,1,,variant,色・サイズ・版,現物の色・サイズ・種類を確認してください,確認数量（元リストの商品単位） / 欠品・付属品の実際の内容 / 通常版/日本の伝統色版と現物構成を照合。別版の人数やお題枚数を混用しない,"qty!,photo!,color!,edition",https://baton-store.jp/view/item/000000034326,,,,,,,B
PKGI-02634852,8月,BU-00993721,箱,PKG-01088008,78,LB Cherry Blossoms Logo R35 Tee Black,lbwk_jp,1,,identify,商品特定（撮影）,タグ・JAN・型番が写るように撮影し、点数を数えてください,タグ・JAN・型番・ブランド名を撮影、全体写真、数量,"qty!,photo!,url",,,,,,,,G
PKGI-02635128,8月,BU-00993842,箱,PKG-01058253,79,2613-3C7B374-00 3COINS ウォーターボトル：800ml／KITINTO,palcloset_jp,2,,variant,色・サイズ・版,現物の色・サイズ・種類を確認してください,版・種類・サイズ・色、数量・セット内容、状態・未開封、画像と現物の一致、箱・袋の所在,"qty!,color!,size!,edition,condition!,set,photo",https://www.palcloset.jp/display/item/2613-3C7B374-00/?b=3coins,,,,,,,A
PKGI-02635129,8月,BU-00993842,箱,PKG-01058253,80,2613-3C7B373-00 3COINS ウォーターボトル：400ml／KITINTO,palcloset_jp,3,,variant,色・サイズ・版,現物の色・サイズ・種類を確認してください,版・種類・サイズ・色,"qty!,color!,size!,edition,photo",https://www.palcloset.jp/display/item/2613-3C7B373-00/,,,,,,,A
PKGI-02635130,8月,BU-00993842,箱,PKG-01058253,81,2612-ESKO02-000 3COINS ポータブルゴミ箱,palcloset_jp,1,,variant,色・サイズ・版,現物の色・サイズ・種類を確認してください,版・種類・サイズ・色,"qty!,color!,size!,edition,photo",https://www.palcloset.jp/display/item/2612-ESKO02-000/,,,,,,,A
PKGI-02635131,8月,BU-00993842,箱,PKG-01058253,82,2612-ESKO01-000 3COINS 帽子クリップ,palcloset_jp,1,,variant,色・サイズ・版,現物の色・サイズ・種類を確認してください,版・種類・サイズ・色,"qty!,color!,size!,edition,photo",https://www.palcloset.jp/display/item/2612-ESKO01-000/,,,,,,,A
PKGI-02635132,8月,BU-00993842,箱,PKG-01058253,83,2612-OSRPS1-000 3COINS おしりふきケース2枚セット,palcloset_jp,1,,variant,色・サイズ・版,現物の色・サイズ・種類を確認してください,版・種類・サイズ・色,"qty!,color!,size!,edition,photo",https://www.palcloset.jp/display/item/2612-OSRPS1-000/,,,,,,,A
PKGI-02635239,8月,BU-00993866,箱,PKG-01087985,84,IDEA/Idea SORRY I DONT WORK HERE HAT,jadore-jun_jp,1,,identify,商品特定（撮影）,タグ・JAN・型番が写るように撮影し、点数を数えてください,タグ・JAN・型番・ブランド名を撮影、全体写真、数量,"qty!,photo!,url",,,,,,,,G
PKGI-02635330,8月,BU-00993897,箱,PKG-01089827,85,MICKEY MOUSE OS T-SHIRT,n-nine-store_com,1,,variant,色・サイズ・版,現物の色・サイズ・種類を確認してください,版・種類・サイズ・色、数量・セット内容、状態・未開封,"qty!,color!,size!,edition,condition!,set,photo",https://www.n-nine-store.com/item/107385852.html,,,,,,,A
PKGI-02635634,8月,BU-00994026,箱,PKG-01089822,86,イケメン風まるさんアクリルキーホルダー。(Acrylic Key Chain),suzuri_jp,1,,variant,色・サイズ・版,現物の色・サイズ・種類を確認してください,版・種類・サイズ・色、数量・セット内容、状態・未開封、画像と現物の一致、箱・袋の所在,"qty!,color!,size!,edition,condition!,set,photo",https://suzuri.jp/IamMaru/16297380/acrylic-keychain/70x70mm/clear,,,,,,,A
PKGI-02635687,8月,BU-00994059,箱,PKG-01058427,89,2517-MNSTP1-000 3COINS 折り畳み踏み台／KIDSトイレ,palcloset_jp,1,,variant,色・サイズ・版,現物の色・サイズ・種類を確認してください,版・種類・サイズ・色,"qty!,color!,size!,edition,photo",https://www.palcloset.jp/display/item/2517-MNSTP1-000/,,,,,,,A
PKGI-02635690,8月,BU-00994059,箱,PKG-01058427,90,2422-3C240012-0 3COINS ライトパッカブルバッグ／MENS,palcloset_jp,2,,variant,色・サイズ・版,現物の色・サイズ・種類を確認してください,版・種類・サイズ・色,"qty!,color!,size!,edition,photo",https://www.palcloset.jp/display/item/2422-3C240012-0/?b=3coins,,,,,,,A
PKGI-02635688,8月,BU-00994059,箱,PKG-01058427,91,2515-3C2B887-00 3COINS CARサンバイザー収納,palcloset_jp,1,,variant,色・サイズ・版,現物の色・サイズ・種類を確認してください,版・種類・サイズ・色,"qty!,color!,size!,edition,photo",https://www.palcloset.jp/display/item/2515-3C2B887-00/?b=3coins,,,,,,,A
PKGI-02635689,8月,BU-00994059,箱,PKG-01058427,92,2522-SDTV002-2- 3COINS コンパクトレジャーシート,palcloset_jp,1,,photo_count,撮影＋点数,全体を撮影して、点数を数えてください,元帳数量保持・現物未確認,"qty!,photo!",https://www.palcloset.jp/display/item/2522-SDTV002-2-/,,,,元帳数量保持・現物,,,B
PKGI-02636777,8月,BU-00994393,箱,PKG-01089872,96,「いつも」極細シルクモヘヤ/ 20gコーン巻き 32色展開  「いつも」極細シルクモヘヤ/ 20gコーン巻き 32色展開,proef_ocnk_net,1,,identify,商品特定（撮影）,タグ・JAN・型番が写るように撮影し、点数を数えてください,タグ・JAN・型番・ブランド名を撮影、全体写真、数量,"qty!,photo!,url",,,,,,,,H
PKGI-02636779,8月,BU-00994393,箱,PKG-01089872,97,合細 アンゴラ100%/ 50g・約400m巻 4色合細 アンゴラ100%/ 50g・約400m巻 4色,proef_ocnk_net,1,,identify,商品特定（撮影）,タグ・JAN・型番が写るように撮影し、点数を数えてください,タグ・JAN・型番・ブランド名を撮影、全体写真、数量,"qty!,photo!,url",,,,,,,,H
PKGI-02636778,8月,BU-00994393,箱,PKG-01089872,98,合細・韓国製スーパーファインウール×カシミヤ 50g/375m巻 22色合細・韓国製スーパーファインウール×カシミヤ 50g/375m巻 22色,proef_ocnk_net,1,,identify,商品特定（撮影）,タグ・JAN・型番が写るように撮影し、点数を数えてください,タグ・JAN・型番・ブランド名を撮影、全体写真、数量,"qty!,photo!,url",,,,,,,,H
PKGI-02636850,8月,BU-00994424,箱,PKG-01058500,99,メッシュデコシートL,wegoec_jp,1,,variant,色・サイズ・版,現物の色・サイズ・種類を確認してください,版・種類・サイズ・色,"qty!,color!,size!,edition,photo",https://wego.jp/products/wg24ss03-g0005,,,,,,,A
PKGI-02636889,8月,BU-00994431,箱,PKG-01058605,100,ダイヤ 刺繍 フリル ノースリーブ ブラウス【限定展開】,freaksstore_com,1,,photo_count,撮影＋点数,全体を撮影して、点数を数えてください,未確認,"qty!,photo!",https://www.daytona-park.com/item/1303248900239,,,,,,,B
PKGI-02637653,8月,BU-00994787,箱,PKG-01081400,101,【gelato pique】【LADIES】スムーズィーカーディガン,usagi-online_com,1,,identify,商品特定（撮影）,タグ・JAN・型番が写るように撮影し、点数を数えてください,タグ・JAN・型番・ブランド名を撮影、全体写真、数量,"qty!,photo!,url",,,,,,,,G
PKGI-02638164,8月,BU-00994988,箱,PKG-01090194,103,BAPE × LBWK Circle APE HEAD Logo Tee White,lbwk_jp,1,,photo_count,撮影＋点数,全体を撮影して、点数を数えてください,元帳数量保持・現物未確認,"qty!,photo!",https://en.lbwk.jp/product/t454-wh/,,,,元帳数量保持・現物,,,B
PKGI-02638261,8月,BU-00995017,箱,PKG-01090166,105,ル・サンク　Vol.229『うたかたの恋』『ENCHANTEMENT―華麗なる香水―』＜花組＞,shop_tca-pictures_net,1,,identify,商品特定（撮影）,タグ・JAN・型番が写るように撮影し、点数を数えてください,タグ・JAN・型番・ブランド名を撮影、全体写真、数量,"qty!,photo!,candidate!,url",https://shop.tca-pictures.net/shop/g/g630229/,https://shop.tca-pictures.net/shop/g/g630229/,ル・サンク Vol.229『うたかたの恋』『ENCHANTEMENT―華麗なる香水―』＜花組＞: ブック - 宝塚クリエイティブアーツ公式ショッピングサイト｜キャトルレーヴオンライン,1.00,,,,G
PKGI-02638378,8月,BU-00995050,箱,PKG-01090159,109,Relax Samue,ensulo_jp,1,,variant,色・サイズ・版,現物の色・サイズ・種類を確認してください,版・種類・サイズ・色,"qty!,color!,size!,edition,photo",https://ensulo.jp/products/relax-samue,,,,,,,A
PKGI-02638659,8月,BU-00995129,箱,PKG-01090153,110,メンズ 2枚組ボクサーブリーフ（たまごっち）(しまむら)【予約】,shop-shimamura_com,1,,identify,商品特定（撮影）,タグ・JAN・型番が写るように撮影し、点数を数えてください,タグ・JAN・型番・ブランド名を撮影、全体写真、数量,"qty!,photo!,url",,,,,,,,G
PKGI-02638690,8月,BU-00995138,箱,PKG-01090151,111,メンズ 2枚組ボクサーブリーフ（たまごっち）(しまむら)【予約】,shop-shimamura_com,1,,identify,商品特定（撮影）,タグ・JAN・型番が写るように撮影し、点数を数えてください,タグ・JAN・型番・ブランド名を撮影、全体写真、数量,"qty!,photo!,url",,,,,,,,G
PKGI-02638749,8月,BU-00995161,箱,PKG-01090233,113,カビゴン ネックレス シルバー,u-treasure-onlineshop_jp,1,,identify,商品特定（撮影）,タグ・JAN・型番が写るように撮影し、点数を数えてください,タグ・JAN・型番・ブランド名を撮影、全体写真、数量,"qty!,photo!,candidate!,url",https://u-treasure.jp/product/PO0200425200,https://u-treasure.jp/product/PO0200425200,【ポケモン30周年モデル】カビゴン ネックレス シルバー（イエローゴールドコーティング） ポケットモンスター|U-TREASURE | ユートレジャー,1.00,,,,G
PKGI-02621497,8月,BU-00995201,箱,PKG-01052551,114,Honda×Kuromi コラボジャガードニット,wegoec_jp,1,,variant,色・サイズ・版,現物の色・サイズ・種類を確認してください,版・種類・サイズ・色,"qty!,color!,size!,edition,photo",https://wego.jp/products/mc25aw11-g0001,,,,,,,A
PKGI-02638967,8月,BU-00995237,箱,PKG-01058867,117,＜接触冷感＞別注 クルーネック サマーニット カーディガン 限定展開,freaksstore_com,1,,variant,色・サイズ・版,現物の色・サイズ・種類を確認してください,確認数量（元リストの商品単位） / 欠品・付属品の実際の内容 / 色・サイズ・種類の現物と根拠照合,"qty!,photo!,color!,size!,edition",https://www.daytona-park.com/item/3135291600009,,,,,,,B
PKGI-02638968,8月,BU-00995237,箱,PKG-01058867,118,＜接触冷感＞別注 クルーネック サマーニット カーディガン 限定展開,freaksstore_com,1,,variant,色・サイズ・版,現物の色・サイズ・種類を確認してください,確認数量（元リストの商品単位） / 欠品・付属品の実際の内容 / 色・サイズ・種類の現物と根拠照合,"qty!,photo!,color!,size!,edition",,,,,,,,B
PKGI-02639128,8月,BU-00995293,箱,PKG-01058973,119,ウェザーステーション (発売日: 2022年03月23日),tower_jp,1,,variant,色・サイズ・版,現物の色・サイズ・種類を確認してください,版・種類・サイズ・色、数量・セット内容、状態・未開封,"qty!,color!,size!,edition,condition!,set,photo",https://tower.jp/item/5336788,,,,元帳数量保持・現物,,,A
PKGI-02639127,8月,BU-00995293,箱,PKG-01058973,120,アンチサイクロン (発売日: 2024年08月21日),tower_jp,1,,variant,色・サイズ・版,現物の色・サイズ・種類を確認してください,版・種類・サイズ・色、数量・セット内容、状態・未開封,"qty!,color!,size!,edition,condition!,set,photo",https://tower.jp/item/6419985,,,,元帳数量保持・現物,,,A
PKGI-02639806,8月,BU-00995503,箱,PKG-01090293,121,カードキャプターさくら アイコニック シューズオブジェ ドレス スニーカー,mayla_jp,1,,variant,色・サイズ・版,現物の色・サイズ・種類を確認してください,版・種類・サイズ・色、数量・セット内容、状態・未開封、画像と現物の一致、箱・袋の所在,"qty!,color!,size!,edition,condition!,set,photo",https://mayla.jp/SHOP/sha2518.html,,,,,,,A
PKGI-02639807,8月,BU-00995504,箱,PKG-01075879,122,【4月下旬入荷】無線マウス トヨタ AE86 『頭文字D』藤原とうふ店(自家用)仕様 Bluetooth対応 スプリンタートレノ イニD Toyota,camshop_jp,1,,variant,色・サイズ・版,現物の色・サイズ・種類を確認してください,版・種類・サイズ・色,"qty!,color!,size!,edition,photo",https://www.camshop.jp/?pid=190386608,,,,,,,A
PKGI-02639863,8月,BU-00995527,箱,PKG-01088282,123,カードキャプターさくら アイコニック シューズオブジェ ドレス スニーカー,mayla_jp,1,,variant,色・サイズ・版,現物の色・サイズ・種類を確認してください,版・種類・サイズ・色、数量・セット内容、状態・未開封、画像と現物の一致、箱・袋の所在,"qty!,color!,size!,edition,condition!,set,photo",,,,,,,,A
PKGI-02640231,8月,BU-00995674,箱,PKG-01058966,124,MORTAL DOWNER ［2CD+Blu-ray Disc］＜完全生産限定盤＞ (発売日: 2026年04月08日) + '（特典あり)',tower_jp,1,,variant,色・サイズ・版,現物の色・サイズ・種類を確認してください,版・種類・サイズ・色、数量・セット内容、bonus_or_purchase_benefit_presence、状態・未開封、画像と現物の一致、箱・袋の所在,"qty!,color!,size!,edition,condition!,set,photo",https://tower.jp/item/7960723,,,,,,,A
PKGI-02640486,8月,BU-00995768,箱,PKG-01090405,126,レディースファッションウォッチ「BL1161」スクエアレディースファッションウォッチ「BL1161」スクエア,ponysp_jp,1,,variant,色・サイズ・版,現物の色・サイズ・種類を確認してください,版・種類・サイズ・色、数量・セット内容、状態・未開封,"qty!,color!,size!,edition,condition!,set,photo",https://www.ponysp.jp/product/14714,,,,元帳数量保持・現物,,,A
PKGI-02639237,8月,BU-00996004,箱,PKG-01081161,128,＜数量限定・どうぶつの森デザイン＞【MiteaORGANIC】セラムオイルリップスティック,cosmekitchen-webstore_jp,1,,variant,色・サイズ・版,現物の色・サイズ・種類を確認してください,版・種類・サイズ・色,"qty!,color!,size!,edition,photo",https://www.cosmekitchen-webstore.jp/Form/Product/ProductDetail.aspx?bid=CK01&cat=CAT112103&pid=4573623439152&shop=0,,,,,,,A
PKGI-02639238,8月,BU-00996004,箱,PKG-01081161,129,＜数量限定・どうぶつの森デザイン＞【MiteaORGANIC】インテンシブマスクC（シートマスク）,cosmekitchen-webstore_jp,1,,variant,色・サイズ・版,現物の色・サイズ・種類を確認してください,版・種類・サイズ・色、数量・セット内容,"qty!,color!,size!,edition,set,photo",https://store.biople.jp/Form/Product/ProductDetail.aspx?pid=4571649070038&shop=0,,,,,,,A
PKGI-02642170,8月,BU-00996250,箱,PKG-01088261,133,グラドル名鑑2026【予約】,books_rakuten_co_jp,1,,identify,商品特定（撮影）,タグ・JAN・型番が写るように撮影し、点数を数えてください,タグ・JAN・型番・ブランド名を撮影、全体写真、数量,"qty!,photo!,candidate!,url",https://books.rakuten.co.jp/rb/18557615/,https://books.rakuten.co.jp/rb/18557615/,グラドル名鑑2026,1.00,,,,H
PKGI-02642308,8月,BU-00996290,箱,PKG-01075846,138,Nina【ムラサキオカヤドカリの片耳ピアス “Coenobita purpureus”】,nina2014_com,1,,identify,商品特定（撮影）,タグ・JAN・型番が写るように撮影し、点数を数えてください,タグ・JAN・型番・ブランド名を撮影、全体写真、数量,"qty!,photo!,url",,,,,,,,H
PKGI-02642446,8月,BU-00996338,箱,PKG-01058559,139,インド フリルブラウス,freaksstore_com,1,,identify,商品特定（撮影）,タグ・JAN・型番が写るように撮影し、点数を数えてください,タグ・JAN・型番・ブランド名を撮影、全体写真、数量,"qty!,photo!,url",,,,,,,,G
PKGI-02636557,8月,BU-00996338,箱,PKG-01058559,140,カットシャーリング ボタン ノースリーブ Tシャツ【限定展開】,freaksstore_com,1,,identify,商品特定（撮影）,タグ・JAN・型番が写るように撮影し、点数を数えてください,タグ・JAN・型番・ブランド名を撮影、全体写真、数量,"qty!,photo!,url",,,,,,,,G
PKGI-02636558,8月,BU-00996338,箱,PKG-01058559,141,オーガニックコットン ロールアップハート刺繍Tシャツ,freaksstore_com,1,,identify,商品特定（撮影）,タグ・JAN・型番が写るように撮影し、点数を数えてください,タグ・JAN・型番・ブランド名を撮影、全体写真、数量,"qty!,photo!,url",,,,,,,,G
PKGI-02642578,8月,BU-00996377,箱,PKG-01090481,142,MyGO!!!!! 1st Album「迷跡波」【カラーヴァイナル仕様／完全生産限定盤／アナログ盤】,bushiroad-store_com,1,,variant,色・サイズ・版,現物の色・サイズ・種類を確認してください,版・種類・サイズ・色,"qty!,color!,size!,edition,photo",https://bushiroad-store.com/collections/savage-fair/products/2000263626601,,,,,,,A
PKGI-02642579,8月,BU-00996377,箱,PKG-01090481,143,MyGO!!!!! 2nd Album「跡暖空」【完全生産限定盤／アナログ盤】,bushiroad-store_com,1,,variant,色・サイズ・版,現物の色・サイズ・種類を確認してください,版・種類・サイズ・色、bonus_or_purchase_benefit_presence,"qty!,color!,size!,edition,photo",https://bushiroad-store.com/collections/bang-dream-music/products/2000263626618,,,,,,,A
PKGI-02642695,8月,BU-00996415,箱,PKG-01081757,144,MARQUE Grandket《マルク グランケット》,sodaterutowel_com,2,,set,セット内容,点数と、セットの中身（何が何個あるか）を確認してください,数量・セット内容,"qty!,set!,photo",https://sodaterutowel.com/products/mq17,,,,,,,D
PKGI-02643300,8月,BU-00996635,箱,PKG-01081812,145,サコッシュ,avant-gardey_shop-pro_jp,1,,identify,商品特定（撮影）,タグ・JAN・型番が写るように撮影し、点数を数えてください,タグ・JAN・型番・ブランド名を撮影、全体写真、数量,"qty!,photo!,url",,,,,,,,G
PKGI-02643605,8月,BU-00996751,箱,PKG-01090559,146,◎【転写シート】顔がいっぱい ぴたタンシール 転写シール レジンシール レジン封入 装飾シール 透明 こするだけ 表情 目 口 アニマル キャラクター 顔パーツ GreenOceanオリジナル♪,shop-green-ocean_com,3,,identify,商品特定（撮影）,タグ・JAN・型番が写るように撮影し、点数を数えてください,タグ・JAN・型番・ブランド名を撮影、全体写真、数量,"qty!,photo!,url",,,,,,,,G
PKGI-02643607,8月,BU-00996751,箱,PKG-01090559,147,◎【シリコン型・モールド】推し文字のカシャカシャ シリコンモールド シェイカー レジン型 セット 推し活グッズ オタク文字 推し色 キーホルダー 手芸 GreenOceanオリジナル♪,shop-green-ocean_com,1,,set,セット内容,点数と、セットの中身（何が何個あるか）を確認してください,数量・セット内容,"qty!,set!,photo",https://shop-green-ocean.com/?pid=180164232,,,,,,,D
PKGI-02643609,8月,BU-00996751,箱,PKG-01090559,148,【シリコン型・モールド】つみつみミニアイスクリーム シリコンモールド レジン型 セット ソフトクリーム カップ コーン ミニチュアスイーツ UVレジン GreenOceanオリジナル♪,shop-green-ocean_com,1,,set,セット内容,点数と、セットの中身（何が何個あるか）を確認してください,数量・セット内容,"qty!,set!,photo",https://shop-green-ocean.com/?pid=190553600,,,,,,,D
PKGI-02643610,8月,BU-00996751,箱,PKG-01090559,149,◎【シリコン型・モールド】無限組み合わせ♪アニマル顔パーツ シリコンモールド レジン型 セット 動物 アレンジ デコパーツ UVレジン 手芸 クラフト GreenOceanオリジナル♪,shop-green-ocean_com,1,,set,セット内容,点数と、セットの中身（何が何個あるか）を確認してください,数量・セット内容、状態・未開封,"qty!,set!,condition!,photo",https://shop-green-ocean.com/?pid=178268256,,,,,,,D
PKGI-02643611,8月,BU-00996751,箱,PKG-01090559,150,◎【シリコン型・モールド】まんまる猫 立ってる編 シリコンモールド アニマル ネコ 猫 まさる しゅーこ にゃんこ ぽっちゃり 動物 キーホルダー チャーム 立体 3d UVレジン LED クラフト,shop-green-ocean_com,1,,variant,色・サイズ・版,現物の色・サイズ・種類を確認してください,版・種類・サイズ・色、状態・未開封,"qty!,color!,size!,edition,condition!,photo",https://shop-green-ocean.com/?pid=189753367,,,,,,,A
PKGI-02643606,8月,BU-00996751,箱,PKG-01090559,151,◎【シリコン型・モールド】おにぎりアニマルズ シリコンモールド レジン型 食玩 食品サンプル ミニチュアフード うさぎ 猫 ネコ くま 動物 おむすび スクイーズ 立体 3d UVレジン クラフト,shop-green-ocean_com,1,,variant,色・サイズ・版,現物の色・サイズ・種類を確認してください,版・種類・サイズ・色、状態・未開封,"qty!,color!,size!,edition,condition!,photo",https://shop-green-ocean.com/?pid=187648533,,,,,,,A
PKGI-02643608,8月,BU-00996751,箱,PKG-01090559,152,★【シリコン型・モールド】 全身ホイップわんこ シリコンモールド レジン型 立体 3d 犬 クリーム スイーツ お菓子 カフェ アニマル プードル キーホルダー UVレジン LED 《選べる4種》,shop-green-ocean_com,1,,variant,色・サイズ・版,現物の色・サイズ・種類を確認してください,版・種類・サイズ・色、状態・未開封、画像と現物の一致,"qty!,color!,size!,edition,condition!,photo",https://shop-green-ocean.com/?pid=190032027,,,,,,,A
PKGI-02643813,8月,BU-00996819,箱,PKG-01088390,153,Biala Flaga: Wei?e Flagge (Gedenkver?ffentlichung anl?sslich ihres Besuchs in Japan),hmv_co_jp,1,,identify,商品特定（撮影）,タグ・JAN・型番が写るように撮影し、点数を数えてください,タグ・JAN・型番・ブランド名を撮影、全体写真、数量,"qty!,photo!,url",,,,,,,,H
PKGI-02644057,8月,BU-00996903,箱,PKG-01081868,154,NOVESSEL【ノベセル】ダブルハトメチェーンベルト/全1色,acrotokyo_com,1,,identify,商品特定（撮影）,タグ・JAN・型番が写るように撮影し、点数を数えてください,タグ・JAN・型番・ブランド名を撮影、全体写真、数量,"qty!,photo!,url",,,,,,,,G
PKGI-02644168,8月,BU-00996951,箱,PKG-01081920,155,"ANAheim アナハイム ラップトップ スリーブ 16 インチ ""クラフト"" | 自分だけの風合いへと育つ素材の PCケース",detail_co_jp,1,,condition,状態,未開封か、傷・欠品がないかを確認してください,状態・未開封,"qty!,condition!,photo",https://www.detail.co.jp/view/item/000000003002?category_page_id=stationery,,,,,,,F
PKGI-02644392,8月,BU-00997026,箱,PKG-01081866,157,HAZBIN HOTEL Acrylic Stand,blackballoon_market,1,,variant,色・サイズ・版,現物の色・サイズ・種類を確認してください,版・種類・サイズ・色、数量・セット内容、状態・未開封、画像と現物の一致,"qty!,color!,size!,edition,condition!,set,photo",https://blackballoon.market/en/products/z8557ht,,,,,,,A
PKGI-02644409,8月,BU-00997030,箱,PKG-01076542,158,Synthesizer V 2 AI 重音テト,ah-soft_net,1,,variant,色・サイズ・版,現物の色・サイズ・種類を確認してください,版・種類・サイズ・色,"qty!,color!,size!,edition,photo",https://www.ah-soft.com/synth-v/teto2/,,,,,,,A
PKGI-02644559,8月,BU-00997083,箱,PKG-01081686,159,Parappa The Rapper  iPhoneケース,shop_rodneyfun_com,1,,photo_count,撮影＋点数,全体を撮影して、点数を数えてください,確認数量（元リストの商品単位） / 欠品・付属品の実際の内容 / 現物の対応iPhone機種・10種のどのデザインかを確認。全機種共通とはしない,"qty!,photo!",https://shop.rodneyfun.com/view/item/000000000813,,,,,,,B
PKGI-02644764,8月,BU-00997140,箱,PKG-01082018,160,"■G.I.S.M. - ANARCHY VIOLENCE / you die,you live long sleeve T shirt black■FU&#220;DOBRAIN限定",fuudobrain_shop-pro_jp,1,,variant,色・サイズ・版,現物の色・サイズ・種類を確認してください,版・種類・サイズ・色、状態・未開封,"qty!,color!,size!,edition,condition!,photo",https://fuudobrain.shop-pro.jp/?pid=190365378,,,,,,,A
PKGI-02644763,8月,BU-00997140,箱,PKG-01082018,161,"■G.I.S.M. - ANARCHY VIOLENCE / you die,you live T shirt white■",fuudobrain_shop-pro_jp,1,,variant,色・サイズ・版,現物の色・サイズ・種類を確認してください,版・種類・サイズ・色、状態・未開封,"qty!,color!,size!,edition,condition!,photo",https://fuudobrain.shop-pro.jp/?pid=190364728,,,,,,,A
PKGI-02644765,8月,BU-00997143,箱,PKG-01053657,162,年刊ブシロード2026 (発売日: 2026年04月08日),tower_jp,1,,photo_count,撮影＋点数,全体を撮影して、点数を数えてください,元帳数量保持・現物未確認,"qty!,photo!",https://tower.jp/item/item/7956031,,,,元帳数量保持・現物,,,B
PKGI-02644908,8月,BU-00997182,箱,PKG-01081717,163,Costa Rica / LA LIA EL BUR&#205;O COE 2025 #5,nozycoffee-onlinestore_com,1,,identify,商品特定（撮影）,タグ・JAN・型番が写るように撮影し、点数を数えてください,タグ・JAN・型番・ブランド名を撮影、全体写真、数量,"qty!,photo!,url",,,,,,,,H
PKGI-02644921,8月,BU-00997190,箱,PKG-01081718,164,ミニチュアデカール 1/24 ポルシェ 911 GT3 R Rexy Dinosaur Livery No.80 フルデカール　MS24009,romu-romu_com,1,,variant,色・サイズ・版,現物の色・サイズ・種類を確認してください,説明文の未確認項目（サイズ・色・種類・構成など）,"qty!,color!,size!,edition,photo",https://romu-romu.com/SHOP/MS24009.html,,,,,,,C
PKGI-02642697,8月,BU-00997264,箱,PKG-01081640,165,＜数量限定・どうぶつの森デザイン＞【MiteaORGANIC】セラムオイルリップスティック,cosmekitchen-webstore_jp,1,,variant,色・サイズ・版,現物の色・サイズ・種類を確認してください,版・種類・サイズ・色,"qty!,color!,size!,edition,photo",,,,,,,,A
PKGI-02642698,8月,BU-00997264,箱,PKG-01081640,166,＜数量限定・どうぶつの森デザイン＞【MiteaORGANIC】セラムオイルリップスティック,cosmekitchen-webstore_jp,1,,variant,色・サイズ・版,現物の色・サイズ・種類を確認してください,版・種類・サイズ・色,"qty!,color!,size!,edition,photo",,,,,,,,A
PKGI-02645749,8月,BU-00997442,箱,PKG-01076418,169,【 03/31 発送予定】 TVアニメ「FAIRY TAIL 100年クエスト」 アクリルスタンド （バレンタインデーVer） Aセット ※セット販売,pricafe_shop,1,,variant,色・サイズ・版,現物の色・サイズ・種類を確認してください,版・種類・サイズ・色、状態・未開封、画像と現物の一致,"qty!,color!,size!,edition,condition!,photo",https://www.pricafe.shop/view/item/000000018087?category_page_id=ct1408,,,,,,,A
PKGI-02645750,8月,BU-00997442,箱,PKG-01076418,170,【 03/31 発送予定】 TVアニメ「FAIRY TAIL 100年クエスト」 アクリルスタンド （バレンタインデーVer） Bセット ※セット販売,pricafe_shop,1,,variant,色・サイズ・版,現物の色・サイズ・種類を確認してください,版・種類・サイズ・色、状態・未開封、画像と現物の一致,"qty!,color!,size!,edition,condition!,photo",https://www.pricafe.shop/view/item/000000018088?category_page_id=ct1408,,,,,,,A
PKGI-02645748,8月,BU-00997442,箱,PKG-01076418,171,【 04/01 発送予定】 『東京喰種トーキョーグール』トレーディングミニキャラアクリルスタンド ※ブラインド販売 グッズ,pricafe_shop,5,,variant,色・サイズ・版,現物の色・サイズ・種類を確認してください,版・種類・サイズ・色、状態・未開封、画像と現物の一致,"qty!,color!,size!,edition,condition!,photo",https://www.pricafe.shop/view/item/000000016570,,,,,,,A
PKGI-02645738,8月,BU-00997442,箱,PKG-01076418,172,【 04/04 発送予定】 TVアニメ『東京リベンジャーズ』 アクリルスタンド Y2KVer 橘日向 グッズ,pricafe_shop,1,,variant,色・サイズ・版,現物の色・サイズ・種類を確認してください,版・種類・サイズ・色、数量・セット内容、bonus_or_purchase_benefit_presence、状態・未開封、画像と現物の一致,"qty!,color!,size!,edition,condition!,set,photo",https://www.pricafe.shop/view/item/000000016843,,,,,,,A
PKGI-02645739,8月,BU-00997442,箱,PKG-01076418,173,【 04/04 発送予定】 TVアニメ『東京リベンジャーズ』 アクリルスタンド Y2KVer 佐野エマ グッズ,pricafe_shop,1,,variant,色・サイズ・版,現物の色・サイズ・種類を確認してください,版・種類・サイズ・色、状態・未開封、画像と現物の一致,"qty!,color!,size!,edition,condition!,photo",https://www.pricafe.shop/view/item/000000016844,,,,,,,A
PKGI-02645740,8月,BU-00997442,箱,PKG-01076418,174,【 04/04 発送予定】 TVアニメ『東京リベンジャーズ』 アクリルスタンド Y2KVer 花垣武道 グッズ,pricafe_shop,1,,variant,色・サイズ・版,現物の色・サイズ・種類を確認してください,版・種類・サイズ・色、数量・セット内容、bonus_or_purchase_benefit_presence、状態・未開封、画像と現物の一致,"qty!,color!,size!,edition,condition!,set,photo",https://www.pricafe.shop/view/item/000000016822,,,,,,,A
PKGI-02645741,8月,BU-00997442,箱,PKG-01076418,175,【 04/04 発送予定】 TVアニメ『東京リベンジャーズ』 アクリルスタンド Y2KVer 龍宮寺堅 グッズ,pricafe_shop,1,,variant,色・サイズ・版,現物の色・サイズ・種類を確認してください,版・種類・サイズ・色、数量・セット内容、bonus_or_purchase_benefit_presence、状態・未開封、画像と現物の一致,"qty!,color!,size!,edition,condition!,set,photo",https://www.pricafe.shop/view/item/000000016824,,,,,,,A
PKGI-02645742,8月,BU-00997442,箱,PKG-01076418,176,【 04/04 発送予定】 TVアニメ『東京リベンジャーズ』 アクリルスタンド Y2KVer 羽宮一虎 グッズ,pricafe_shop,1,,variant,色・サイズ・版,現物の色・サイズ・種類を確認してください,版・種類・サイズ・色、数量・セット内容、bonus_or_purchase_benefit_presence、状態・未開封、画像と現物の一致,"qty!,color!,size!,edition,condition!,set,photo",https://www.pricafe.shop/view/item/000000016829,,,,,,,A
PKGI-02645743,8月,BU-00997442,箱,PKG-01076418,177,【 03/28 発送予定】 TVアニメ『東京リベンジャーズ』アクリルスタンド 雪像Ver 花垣武道 グッズ,pricafe_shop,1,,variant,色・サイズ・版,現物の色・サイズ・種類を確認してください,版・種類・サイズ・色、数量・セット内容、bonus_or_purchase_benefit_presence、状態・未開封、画像と現物の一致,"qty!,color!,size!,edition,condition!,set,photo",https://www.pricafe.shop/view/item/000000017371,,,,,,,A
PKGI-02645744,8月,BU-00997442,箱,PKG-01076418,178,【 03/28 発送予定】 TVアニメ『東京リベンジャーズ』アクリルスタンド 雪像Ver 佐野万次郎 グッズ,pricafe_shop,1,,variant,色・サイズ・版,現物の色・サイズ・種類を確認してください,版・種類・サイズ・色、数量・セット内容、bonus_or_purchase_benefit_presence、状態・未開封、画像と現物の一致,"qty!,color!,size!,edition,condition!,set,photo",https://www.pricafe.shop/view/item/000000017372,,,,,,,A
PKGI-02645745,8月,BU-00997442,箱,PKG-01076418,179,【 03/28 発送予定】 TVアニメ『東京リベンジャーズ』アクリルスタンド 雪像Ver 龍宮寺堅 グッズ,pricafe_shop,1,,variant,色・サイズ・版,現物の色・サイズ・種類を確認してください,版・種類・サイズ・色、数量・セット内容、bonus_or_purchase_benefit_presence、状態・未開封、画像と現物の一致,"qty!,color!,size!,edition,condition!,set,photo",https://www.pricafe.shop/view/item/000000017373,,,,,,,A
PKGI-02645746,8月,BU-00997442,箱,PKG-01076418,180,【 03/28 発送予定】 TVアニメ『東京リベンジャーズ』アクリルスタンド 雪像Ver 橘日向 グッズ,pricafe_shop,1,,variant,色・サイズ・版,現物の色・サイズ・種類を確認してください,版・種類・サイズ・色、数量・セット内容、bonus_or_purchase_benefit_presence、状態・未開封、画像と現物の一致,"qty!,color!,size!,edition,condition!,set,photo",https://www.pricafe.shop/view/item/000000017392,,,,,,,A
PKGI-02645747,8月,BU-00997442,箱,PKG-01076418,181,【 03/28 発送予定】 TVアニメ『東京リベンジャーズ』アクリルスタンド 雪像Ver 佐野エマ グッズ,pricafe_shop,1,,variant,色・サイズ・版,現物の色・サイズ・種類を確認してください,版・種類・サイズ・色、数量・セット内容、bonus_or_purchase_benefit_presence、状態・未開封、画像と現物の一致,"qty!,color!,size!,edition,condition!,set,photo",https://www.pricafe.shop/view/item/000000017393,,,,,,,A
PKGI-02646221,8月,BU-00997597,箱,PKG-01076395,182,[申込期間：2026年2月23日迄]アクリルスタンド／原ペ～ニョ,manga10_com,1,,identify,商品特定（撮影）,タグ・JAN・型番が写るように撮影し、点数を数えてください,タグ・JAN・型番・ブランド名を撮影、全体写真、数量,"qty!,photo!,url",,,,,,,,G
PKGI-02646219,8月,BU-00997597,箱,PKG-01076395,183,[申込期間：2026年2月23日迄]陽向愛用(？)ブランド ラブサンアクリルバッジ,manga10_com,1,,identify,商品特定（撮影）,タグ・JAN・型番が写るように撮影し、点数を数えてください,タグ・JAN・型番・ブランド名を撮影、全体写真、数量,"qty!,photo!,url",,,,,,,,H
PKGI-02646218,8月,BU-00997597,箱,PKG-01076395,184,[申込期間：2026年2月23日迄]インスタンドカメラ風ブロマイド：トレーディング全6種／原ペ～ニョ,manga10_com,2,,identify,商品特定（撮影）,タグ・JAN・型番が写るように撮影し、点数を数えてください,タグ・JAN・型番・ブランド名を撮影、全体写真、数量,"qty!,photo!,url",,,,,,,,G
PKGI-02646220,8月,BU-00997597,箱,PKG-01076395,185,[申込期間：2026年2月23日迄]SNS風クリアカード／原ペ～ニョ,manga10_com,1,,identify,商品特定（撮影）,タグ・JAN・型番が写るように撮影し、点数を数えてください,タグ・JAN・型番・ブランド名を撮影、全体写真、数量,"qty!,photo!,url",,,,,,,,G
PKGI-02646344,8月,BU-00997644,箱,PKG-01081882,186,Synthesizer V 2 AI 重音テト,ah-soft_net,1,,variant,色・サイズ・版,現物の色・サイズ・種類を確認してください,版・種類・サイズ・色,"qty!,color!,size!,edition,photo",,,,,,,,A
PKGI-02646378,8月,BU-00997659,箱,PKG-01081878,187,Synthesizer V AI 重音テト,ah-soft_net,1,,variant,色・サイズ・版,現物の色・サイズ・種類を確認してください,版・種類・サイズ・色、数量・セット内容、状態・未開封、画像と現物の一致、箱・袋の所在,"qty!,color!,size!,edition,condition!,set,photo",,,,,,,,A
PKGI-02646487,8月,BU-00997714,箱,PKG-01076272,188,『ＯＮＥ　ＰＩＥＣＥ　ＨＥＲＯＩＮＥＳ&times;Ｓａｌｕｔｅ』【限定発売商品】Ｒｉｃｈ　Ｖｅｉｌ　Ｂｒａ ワイヤーブラ（３／４カップ）,store_wacoal_jp,1,,identify,商品特定（撮影）,タグ・JAN・型番が写るように撮影し、点数を数えてください,タグ・JAN・型番・ブランド名を撮影、全体写真、数量,"qty!,photo!,url",,,,,,,,H
PKGI-02646488,8月,BU-00997714,箱,PKG-01076272,189,『ＯＮＥ　ＰＩＥＣＥ　ＨＥＲＯＩＮＥＳ&times;Ｓａｌｕｔｅ』 ガーターベルト,store_wacoal_jp,1,,identify,商品特定（撮影）,タグ・JAN・型番が写るように撮影し、点数を数えてください,タグ・JAN・型番・ブランド名を撮影、全体写真、数量,"qty!,photo!,url",,,,,,,,H
PKGI-02646618,8月,BU-00997750,箱,PKG-01090618,194,Bonsai Hinomaru Sticker,lbwk_jp,1,,variant,色・サイズ・版,現物の色・サイズ・種類を確認してください,版・種類・サイズ・色、数量・セット内容、状態・未開封,"qty!,photo!,color!,size!,edition,condition!,set",,,,,,,,B
PKGI-02646619,8月,BU-00997750,箱,PKG-01090618,195,LIBERTYWALK CAR STICKER ER34,lbwk_jp,1,,variant,色・サイズ・版,現物の色・サイズ・種類を確認してください,版・種類・サイズ・色、数量・セット内容、状態・未開封、画像と現物の一致、箱・袋の所在,"qty!,color!,size!,edition,condition!,set,photo",https://lbwk.jp/products/libertywalk-car-sticker-er34-whye,,,,,,,A
PKGI-02646637,8月,BU-00997757,箱,PKG-01082379,196,New PANTY & STOCKING with GARTERBELT サムネイルキラステッカーセット ポリエステル&ポリウレタン,charaon_jp,1,,condition,状態,未開封か、傷・欠品がないかを確認してください,状態・未開封,"qty!,condition!,photo",https://www.charaon.jp/SHOP/AZNPS048.html,,,,,,,F
PKGI-02646638,8月,BU-00997757,箱,PKG-01082379,197,New PANTY & STOCKING with GARTERBELT サムネイルキラステッカーセット スキャンティ&ニーソックス,charaon_jp,1,,photo_count,撮影＋点数,全体を撮影して、点数を数えてください,確認数量（元リストの商品単位） / 欠品・付属品の実際の内容 / 現物の3枚構成・キャラ・版を確認。JAN未確認、別キャラのJANを採用しない,"qty!,photo!",https://www.hobbystock.jp/item/view/hby-ccg-00387343,,,,,,,B
PKGI-02646639,8月,BU-00997757,箱,PKG-01082379,198,New PANTY & STOCKING with GARTERBELT サムネイルキラステッカーセット パンティ&ストッキング,charaon_jp,1,,photo_count,撮影＋点数,全体を撮影して、点数を数えてください,確認数量（元リストの商品単位） / 欠品・付属品の実際の内容 / 現物の3枚構成・キャラ・版を確認。JAN未確認、別キャラのJANを採用しない,"qty!,photo!",https://www.hobbystock.jp/item/view/hby-ccg-00387342,,,,,,,B
PKGI-02647210,8月,BU-00997952,箱,PKG-01090835,199,モンスターボールアクセサリーケースレビュー,u-treasure-onlineshop_jp,1,,identify,商品特定（撮影）,タグ・JAN・型番が写るように撮影し、点数を数えてください,タグ・JAN・型番・ブランド名を撮影、全体写真、数量,"qty!,photo!,url",,,,,,,,H
PKGI-02647439,8月,BU-00998054,箱,PKG-01082293,200,東京ヤクルトスワローズ? キャップ 59FIFTY Cap ニューエラ/New Era ブラック ホワイト,selection-store_com,1,,variant,色・サイズ・版,現物の色・サイズ・種類を確認してください,確認数量（元リストの商品単位） / 欠品・付属品の実際の内容 / 現物サイズと製品タグを確認。掲載サイズを個体サイズへ転記しない,"qty!,photo!,size!,edition",https://store.shopping.yahoo.co.jp/mlbshop/npb-220719new08.html,,,,,,,B
PKGI-02647550,8月,BU-00998099,箱,PKG-01082173,201,【3月下旬～4月中旬入荷予定】無線マウス トヨタ AE86 『頭文字D』藤原とうふ店(自家用)仕様 Bluetooth対応 スプリンタートレノ イニD Toyota,camshop_jp,1,,variant,色・サイズ・版,現物の色・サイズ・種類を確認してください,版・種類・サイズ・色,"qty!,color!,size!,edition,photo",https://www.camshop.jp/?pid=190386608,,,,,,,A
PKGI-02647558,8月,BU-00998106,箱,PKG-01082064,202,【予約販売】カモフラージュ コンシーラーチーク,store_brilliage_jp,1,,variant,色・サイズ・版,現物の色・サイズ・種類を確認してください,版・種類・サイズ・色、数量・セット内容、bonus_or_purchase_benefit_presence、状態・未開封,"qty!,color!,size!,edition,condition!,set,photo",https://brilliage.jp/products/13398,,,,,,,A
PKGI-02622307,8月,BU-00998106,箱,PKG-01082064,203,【予約販売】カモフラージュ コンシーラーチーク,store_brilliage_jp,1,,variant,色・サイズ・版,現物の色・サイズ・種類を確認してください,版・種類・サイズ・色、数量・セット内容、bonus_or_purchase_benefit_presence、状態・未開封,"qty!,color!,size!,edition,condition!,set,photo",,,,,,,,A
PKGI-02622308,8月,BU-00998106,箱,PKG-01082064,204,【予約販売】カモフラージュ コンシーラーチーク,store_brilliage_jp,1,,variant,色・サイズ・版,現物の色・サイズ・種類を確認してください,版・種類・サイズ・色、数量・セット内容、bonus_or_purchase_benefit_presence、状態・未開封,"qty!,color!,size!,edition,condition!,set,photo",,,,,,,,A
PKGI-02647563,8月,BU-00998109,箱,PKG-01082178,205,【3月下旬～4月中旬入荷予定】無線マウス トヨタ AE86 『頭文字D』藤原とうふ店(自家用)仕様 Bluetooth対応 スプリンタートレノ イニD Toyota,camshop_jp,1,,variant,色・サイズ・版,現物の色・サイズ・種類を確認してください,版・種類・サイズ・色,"qty!,color!,size!,edition,photo",,,,,,,,A
PKGI-02647610,8月,BU-00998111,箱,PKG-01082162,206,【3月下旬～4月中旬入荷予定】無線マウス トヨタ AE86 『頭文字D』藤原とうふ店(自家用)仕様 Bluetooth対応 スプリンタートレノ イニD Toyota,camshop_jp,1,,variant,色・サイズ・版,現物の色・サイズ・種類を確認してください,版・種類・サイズ・色,"qty!,color!,size!,edition,photo",,,,,,,,A
PKGI-02647815,8月,BU-00998188,箱,PKG-01082067,207,【川崎フロンターレ】BX-00 スターター ドランソード1-60V メタルコート：ブラック JリーグVer,store_jleague_jp,1,,variant,色・サイズ・版,現物の色・サイズ・種類を確認してください,確認数量（元リストの商品単位） / 欠品・付属品の実際の内容 / 色・サイズ・種類の現物と根拠照合,"qty!,photo!,color!,size!,edition",https://beyblade.takaratomy.co.jp/beyblade-x/lineup/bx00-ds_black.html,,,,,,,B
PKGI-02647816,8月,BU-00998188,箱,PKG-01082067,208,【横浜F・マリノス】BX-00 スターター コバルトドラグーン9-60F メタルコート：ホワイト JリーグVer,store_jleague_jp,1,,variant,色・サイズ・版,現物の色・サイズ・種類を確認してください,確認数量（元リストの商品単位） / 欠品・付属品の実際の内容 / 色・サイズ・種類の現物と根拠照合,"qty!,photo!,color!,size!,edition",https://beyblade.takaratomy.co.jp/beyblade-x/lineup/bx00-cd_white.html,,,,,,,B
PKGI-02647817,8月,BU-00998188,箱,PKG-01082067,209,【アルビレックス新潟】BX-00 スターター ドランソード1-60V メタルコート：ブラック JリーグVer,store_jleague_jp,1,,variant,色・サイズ・版,現物の色・サイズ・種類を確認してください,確認数量（元リストの商品単位） / 欠品・付属品の実際の内容 / 色・サイズ・種類の現物と根拠照合,"qty!,photo!,color!,size!,edition",https://beyblade.takaratomy.co.jp/beyblade-x/lineup/bx00-ds_black.html,,,,,,,B
PKGI-02647818,8月,BU-00998188,箱,PKG-01082067,210,【FC町田ゼルビア】BX-00 スターター コバルトドラグーン9-60F メタルコート：ホワイト JリーグVer,store_jleague_jp,1,,variant,色・サイズ・版,現物の色・サイズ・種類を確認してください,確認数量（元リストの商品単位） / 欠品・付属品の実際の内容 / 色・サイズ・種類の現物と根拠照合,"qty!,photo!,color!,size!,edition",https://beyblade.takaratomy.co.jp/beyblade-x/lineup/bx00-cd_white.html,,,,,,,B
PKGI-02648046,8月,BU-00998266,箱,PKG-01082056,211,7DAYS INNER DOWN CARDIGAN|セブンデイズ インナーダウンカーディガン,shop_moonloid_jp,1,,variant,色・サイズ・版,現物の色・サイズ・種類を確認してください,確認数量（元リストの商品単位） / 欠品・付属品の実際の内容 / 色・サイズ・種類の現物と根拠照合,"qty!,photo!,color!,size!,edition",https://nangaosaka.jp/products/7days-inner-down-cardigan-wwomen%E3%82%BB%E3%83%96%E3%83%B3%E3%83%87%E3%82%A4%E3%82%BA%E3%82%A4%E3%83%B3%E3%83%8A%E3%83%BC%E3%83%80%E3%82%A6%E3%83%B3%E3%82%AB%E3%83%BC%E3%83%87%E3%82%A3%E3%82%AC%E3%83%B3,,,,,,,B
PKGI-02648181,8月,BU-00998305,箱,PKG-01076969,212,【受注】2025/26WOMEN推しユニ(FP1st),store_jleague_jp,1,,identify,商品特定（撮影）,タグ・JAN・型番が写るように撮影し、点数を数えてください,タグ・JAN・型番・ブランド名を撮影、全体写真、数量,"qty!,photo!,url",,,,,,,,G
PKGI-02648288,8月,BU-00998439,箱,PKG-01088615,213,Strawberry スマホケース,coeur-u_com,1,,identify,商品特定（撮影）,タグ・JAN・型番が写るように撮影し、点数を数えてください,タグ・JAN・型番・ブランド名を撮影、全体写真、数量,"qty!,photo!,candidate!,url",https://coeur-u.com/items/693d295be88e81c926d62a53,https://coeur-u.com/items/693d295be88e81c926d62a53,,,,,,G
PKGI-02648758,8月,BU-00998509,箱,PKG-01053296,215,ばっどがーる_トレーディング缶バッジ アニマルルームウェアVer.【OPP/10個入り】【予約】,colleize_com,1,,variant,色・サイズ・版,現物の色・サイズ・種類を確認してください,版・種類・サイズ・色、数量・セット内容、状態・未開封、画像と現物の一致,"qty!,color!,size!,edition,condition!,set,photo",https://www.chugai-contents.jp/shopdetail/000000013251/ct394/page1/recommend/,,,,,,,A
PKGI-02648765,8月,BU-00998509,箱,PKG-01053296,216,ばっどがーる_B2タペストリー アニマルルームウェアVer.【予約】,colleize_com,1,,variant,色・サイズ・版,現物の色・サイズ・種類を確認してください,版・種類・サイズ・色、状態・未開封、画像と現物の一致,"qty!,color!,size!,edition,condition!,photo",https://www.chugai-contents.jp/shopdetail/000000013243/ct394/page1/recommend/,,,,,,,A
PKGI-02648763,8月,BU-00998509,箱,PKG-01053296,221,ばっどがーる_アクリルキーホルダー アニマルルームウェアVer. 優谷優【予約】,colleize_com,1,,variant,色・サイズ・版,現物の色・サイズ・種類を確認してください,版・種類・サイズ・色、状態・未開封、画像と現物の一致,"qty!,color!,size!,edition,condition!,photo",https://www.chugai-contents.jp/shopdetail/000000013247/ct394/page1/recommend/,,,,,,,A
PKGI-02648764,8月,BU-00998509,箱,PKG-01053296,222,ばっどがーる_アクリルキーホルダー アニマルルームウェアVer. 涼風涼【予約】,colleize_com,1,,variant,色・サイズ・版,現物の色・サイズ・種類を確認してください,版・種類・サイズ・色、状態・未開封、画像と現物の一致,"qty!,color!,size!,edition,condition!,photo",https://www.chugai-contents.jp/shopdetail/000000013245/ct394/page1/recommend/,,,,,,,A
PKGI-02650090,8月,BU-00998897,箱,PKG-01077165,227,【お一人様各色1本まで】[数量限定]ゼブラ ポケモンシリーズ サラサグランド 0.5mm 黒インク,ishimarubun_shop-pro_jp,1,,variant,色・サイズ・版,現物の色・サイズ・種類を確認してください,版・種類・サイズ・色,"qty!,color!,size!,edition,photo",https://ishimarubun.shop-pro.jp/?pid=190795870,,,,,,,A
PKGI-02650111,8月,BU-00998903,箱,PKG-01088549,228,【DUSTCELL】ビックシルエットTシャツ／BLACK／DUSTCELL TOUR 2026「碧い海」,findmestore_thinkr_jp,1,,variant,色・サイズ・版,現物の色・サイズ・種類を確認してください,版・種類・サイズ・色,"qty!,color!,size!,edition,photo",https://findmestore.thinkr.jp/products/dcg-300-0580,,,,,,,A
PKGI-02650517,8月,BU-00999052,箱,PKG-01090841,230,Th(Reusable Bag),suzuri_jp,1,,identify,商品特定（撮影）,タグ・JAN・型番が写るように撮影し、点数を数えてください,タグ・JAN・型番・ブランド名を撮影、全体写真、数量,"qty!,photo!,candidate!,url",https://www.uniqlo.com/th/en/products/E462191-000,https://www.uniqlo.com/th/en/products/E462191-000,Unisex Reusable Bag (Cotton) | UNIQLO TH,0.95,,,,G
PKGI-02650640,8月,BU-00999094,箱,PKG-01077278,231,Official Artist Book - Miyako（サイン入り/Signed）,victor-store_jp,2,,variant,色・サイズ・版,現物の色・サイズ・種類を確認してください,版・種類・サイズ・色,"qty!,color!,size!,edition,photo",https://victor-store.jp/item/107867,,,,,,,A
PKGI-02650730,8月,BU-00999130,箱,PKG-01053944,232,カットシャーリング ボタン ノースリーブ Tシャツ【限定展開】,freaksstore_com,1,,identify,商品特定（撮影）,タグ・JAN・型番が写るように撮影し、点数を数えてください,タグ・JAN・型番・ブランド名を撮影、全体写真、数量,"qty!,photo!,url",,,,,,,,G
PKGI-02650815,8月,BU-00999158,箱,PKG-01077267,233,Official Artist Book - Miyako（サイン入り/Signed）,victor-store_jp,1,,variant,色・サイズ・版,現物の色・サイズ・種類を確認してください,版・種類・サイズ・色,"qty!,color!,size!,edition,photo",,,,,,,,A
PKGI-02649195,8月,BU-00999449,箱,PKG-01054006,234,インド レイヤード ノースリーブ ショートシャツ,freaksstore_com,1,,identify,商品特定（撮影）,タグ・JAN・型番が写るように撮影し、点数を数えてください,タグ・JAN・型番・ブランド名を撮影、全体写真、数量,"qty!,photo!,url",,,,,,,,G
PKGI-02651595,8月,BU-00999468,箱,PKG-01077360,236,hooded towel 1 ivory,us_marlmarl_com,1,,variant,色・サイズ・版,現物の色・サイズ・種類を確認してください,版・種類・サイズ・色、数量・セット内容、状態・未開封,"qty!,color!,size!,edition,condition!,set,photo",https://www.international.marlmarl.com/products/10101059,,,,,,,A
PKGI-02651738,8月,BU-00999506,箱,PKG-01088977,237,薄くて快適スラブ天竺９分丈パンツ 【子供ズボン】,bellemaison_jp,1,,variant,色・サイズ・版,現物の色・サイズ・種類を確認してください,確認数量（元リストの商品単位） / 欠品・付属品の実際の内容 / 色・サイズ・種類の現物と根拠照合,"qty!,photo!,color!,size!,edition",https://www.bellemaison.jp/shop/commodity/0000/1244926,,,,,,,B
PKGI-02651739,8月,BU-00999506,箱,PKG-01088977,238,薄くて快適スラブ天竺９分丈パンツ 【子供ズボン】,bellemaison_jp,1,,variant,色・サイズ・版,現物の色・サイズ・種類を確認してください,確認数量（元リストの商品単位） / 欠品・付属品の実際の内容 / 色・サイズ・種類の現物と根拠照合,"qty!,photo!,color!,size!,edition",,,,,,,,B
PKGI-02651740,8月,BU-00999506,箱,PKG-01088977,239,薄くて快適スラブ天竺９分丈パンツ 【子供ズボン】,bellemaison_jp,1,,variant,色・サイズ・版,現物の色・サイズ・種類を確認してください,確認数量（元リストの商品単位） / 欠品・付属品の実際の内容 / 色・サイズ・種類の現物と根拠照合,"qty!,photo!,color!,size!,edition",,,,,,,,B
PKGI-02651735,8月,BU-00999506,箱,PKG-01088977,240,履き心地快適キレイ見えストレッチジョガーパンツ 【子供ズボン】,bellemaison_jp,1,,identify,商品特定（撮影）,タグ・JAN・型番が写るように撮影し、点数を数えてください,タグ・JAN・型番・ブランド名を撮影、全体写真、数量,"qty!,photo!,url",,,,,,,,G
PKGI-02651736,8月,BU-00999506,箱,PKG-01088977,241,履き心地快適キレイ見えストレッチジョガーパンツ 【子供ズボン】,bellemaison_jp,1,,identify,商品特定（撮影）,タグ・JAN・型番が写るように撮影し、点数を数えてください,タグ・JAN・型番・ブランド名を撮影、全体写真、数量,"qty!,photo!,url",,,,,,,,G
PKGI-02651737,8月,BU-00999506,箱,PKG-01088977,242,履き心地快適キレイ見えストレッチジョガーパンツ 【子供ズボン】,bellemaison_jp,1,,identify,商品特定（撮影）,タグ・JAN・型番が写るように撮影し、点数を数えてください,タグ・JAN・型番・ブランド名を撮影、全体写真、数量,"qty!,photo!,url",,,,,,,,G
PKGI-02651729,8月,BU-00999506,箱,PKG-01088977,243,裾フェイクレイヤード長袖Ｔシャツ 【子供服】,bellemaison_jp,1,,photo_count,撮影＋点数,全体を撮影して、点数を数えてください,元帳数量保持・現物未確認,"qty!,photo!",https://www.bellemaison.jp/shop/commodity/0000/1157313,,,,元帳数量保持・現物,,,B
PKGI-02651730,8月,BU-00999506,箱,PKG-01088977,244,裾フェイクレイヤード長袖Ｔシャツ 【子供服】,bellemaison_jp,1,,photo_count,撮影＋点数,全体を撮影して、点数を数えてください,元帳数量保持・現物未確認,"qty!,photo!",,,,,元帳数量保持・現物,,,B
PKGI-02651731,8月,BU-00999506,箱,PKG-01088977,245,裾フェイクレイヤード長袖Ｔシャツ 【子供服】,bellemaison_jp,1,,photo_count,撮影＋点数,全体を撮影して、点数を数えてください,元帳数量保持・現物未確認,"qty!,photo!",,,,,元帳数量保持・現物,,,B
PKGI-02651732,8月,BU-00999506,箱,PKG-01088977,246,裾フェイクレイヤード長袖Ｔシャツ 【子供服】,bellemaison_jp,1,,photo_count,撮影＋点数,全体を撮影して、点数を数えてください,元帳数量保持・現物未確認,"qty!,photo!",,,,,元帳数量保持・現物,,,B
PKGI-02651733,8月,BU-00999506,箱,PKG-01088977,247,キーネックレイヤード風長袖Tシャツ 【子供服】,bellemaison_jp,1,,variant,色・サイズ・版,現物の色・サイズ・種類を確認してください,確認数量（元リストの商品単位） / 欠品・付属品の実際の内容 / 色・サイズ・種類の現物と根拠照合,"qty!,photo!,color!,size!,edition",https://www.bellemaison.jp/shop/commodity/0000/1273172,,,,,,,B
PKGI-02651734,8月,BU-00999506,箱,PKG-01088977,248,キーネックレイヤード風長袖Tシャツ 【子供服】,bellemaison_jp,1,,variant,色・サイズ・版,現物の色・サイズ・種類を確認してください,確認数量（元リストの商品単位） / 欠品・付属品の実際の内容 / 色・サイズ・種類の現物と根拠照合,"qty!,photo!,color!,size!,edition",,,,,,,,B
PKGI-02651721,8月,BU-00999506,箱,PKG-01088977,249,名札ココ選べるプリント七分袖Ｔシャツ 【子供服】,bellemaison_jp,1,,photo_count,撮影＋点数,全体を撮影して、点数を数えてください,元帳数量保持・現物未確認,"qty!,photo!",https://www.bellemaison.jp/shop/commodity/0000/1241341,,,,元帳数量保持・現物,,,B
PKGI-02651722,8月,BU-00999506,箱,PKG-01088977,250,名札ココ選べるプリント七分袖Ｔシャツ 【子供服】,bellemaison_jp,1,,photo_count,撮影＋点数,全体を撮影して、点数を数えてください,元帳数量保持・現物未確認,"qty!,photo!",,,,,元帳数量保持・現物,,,B
PKGI-02651723,8月,BU-00999506,箱,PKG-01088977,251,名札ココ選べるプリント七分袖Ｔシャツ 【子供服】,bellemaison_jp,1,,photo_count,撮影＋点数,全体を撮影して、点数を数えてください,元帳数量保持・現物未確認,"qty!,photo!",,,,,元帳数量保持・現物,,,B
PKGI-02651724,8月,BU-00999506,箱,PKG-01088977,252,マイニチお洗濯してもよれにくい七分袖Ｔシャツ 【子供服】,bellemaison_jp,1,,photo_count,撮影＋点数,全体を撮影して、点数を数えてください,元帳数量保持・現物未確認,"qty!,photo!",https://www.bellemaison.jp/shop/commodity/0000/1262712,,,,元帳数量保持・現物,,,B
PKGI-02651725,8月,BU-00999506,箱,PKG-01088977,253,マイニチお洗濯してもよれにくい七分袖Ｔシャツ 【子供服】,bellemaison_jp,1,,photo_count,撮影＋点数,全体を撮影して、点数を数えてください,元帳数量保持・現物未確認,"qty!,photo!",,,,,元帳数量保持・現物,,,B
PKGI-02651726,8月,BU-00999506,箱,PKG-01088977,254,マイニチお洗濯してもよれにくい七分袖Ｔシャツ 【子供服】,bellemaison_jp,1,,photo_count,撮影＋点数,全体を撮影して、点数を数えてください,元帳数量保持・現物未確認,"qty!,photo!",,,,,元帳数量保持・現物,,,B
PKGI-02651727,8月,BU-00999506,箱,PKG-01088977,255,マイニチお洗濯してもよれにくい七分袖Ｔシャツ 【子供服】,bellemaison_jp,1,,photo_count,撮影＋点数,全体を撮影して、点数を数えてください,元帳数量保持・現物未確認,"qty!,photo!",,,,,元帳数量保持・現物,,,B
PKGI-02651728,8月,BU-00999506,箱,PKG-01088977,256,マイニチお洗濯してもよれにくい七分袖Ｔシャツ 【子供服】,bellemaison_jp,1,,photo_count,撮影＋点数,全体を撮影して、点数を数えてください,元帳数量保持・現物未確認,"qty!,photo!",,,,,元帳数量保持・現物,,,B
PKGI-02651847,8月,BU-00999542,箱,PKG-01054088,257,インド ボイル ピンタック ギャザー フリル ブラウス【限定展開】,freaksstore_com,1,,variant,色・サイズ・版,現物の色・サイズ・種類を確認してください,確認数量（元リストの商品単位） / 欠品・付属品の実際の内容 / 色・サイズ・種類の現物と根拠照合,"qty!,photo!,color!,size!,edition",https://www.daytona-park.com/item/1303248900237,,,,,,,B
PKGI-02651848,8月,BU-00999542,箱,PKG-01054088,258,Vネック ロゴTシャツ,freaksstore_com,1,,variant,色・サイズ・版,現物の色・サイズ・種類を確認してください,確認数量（元リストの商品単位） / 欠品・付属品の実際の内容 / 色・サイズ・種類の現物と根拠照合,"qty!,photo!,color!,size!,edition",https://www.daytona-park.com/item/1121248901492,,,,,,,B
PKGI-02652066,8月,BU-00999608,箱,PKG-01088964,259,4th Mini Album 'Caligo Pt.2' (ID PASS Ver.)【5形態セット】,hmv_co_jp,1,,presence,現物の有無,現物の有無と、ある場合は点数を確認してください,現物の有無と点数,"presence!,qty!",https://www.hmv.co.jp/artist_PLAVE_000000000929266/item_4th-Mini-Album-Caligo-Pt-2-ID-PASS-Ver-%E3%80%905%E5%BD%A2%E6%85%8B%E3%82%BB%E3%83%83%E3%83%88%E3%80%91_16761373,,,,,PDMK7Y1ADYFM,,I
PKGI-02652264,8月,BU-00999683,箱,PKG-01088981,260,4th Mini Album 'Caligo Pt.2' (ID PASS Ver.)【5 ?? ??】,hmv_co_jp,1,,photo_count,撮影＋点数,全体を撮影して、点数を数えてください,確認数量（元リストの商品単位） / 欠品・付属品の実際の内容 / 元名の文字化け部分を注文または現物で確認。5形態の揃い、封入物、販売点数は未確定,"qty!,photo!",https://shop.weverse.io/en/shop/CNY/artists/167/sales/56699,,,,,,,B
PKGI-02652372,8月,BU-00999714,箱,PKG-01109022,261,LB LB Silicon Patch Hoodie Black,lbwk_jp,1,,identify,商品特定（撮影）,タグ・JAN・型番が写るように撮影し、点数を数えてください,タグ・JAN・型番・ブランド名を撮影、全体写真、数量,"qty!,photo!,candidate!,url",https://lbwk.jp/product/p185-bk/,https://lbwk.jp/product/p185-bk/,LB LB Silicon Patch Hoodie Black - LB-ONLINE STORE,1.00,,,,G
PKGI-02652543,8月,BU-00999783,箱,PKG-01088624,262,Comfort Shirt Relaxed,yaecaya_yaeca_com,1,,variant,色・サイズ・版,現物の色・サイズ・種類を確認してください,版・種類・サイズ・色,"qty!,color!,size!,edition,photo",https://yaecaya.yaeca.com/products/comfort-shirt-relaxed,,,,,,,A
PKGI-02652542,8月,BU-00999783,箱,PKG-01088624,264,Short Sleeve T-shirts Standard Tie-Dye,yaecaya_yaeca_com,1,,identify,商品特定（撮影）,タグ・JAN・型番が写るように撮影し、点数を数えてください,タグ・JAN・型番・ブランド名を撮影、全体写真、数量,"qty!,photo!,url",,,,,,,,G
PKGI-02652540,8月,BU-00999783,箱,PKG-01088624,265,Cotton Silk Ribbed Socks,yaecaya_yaeca_com,1,,variant,色・サイズ・版,現物の色・サイズ・種類を確認してください,版・種類・サイズ・色、数量・セット内容、状態・未開封,"qty!,color!,size!,edition,condition!,set,photo",https://yaecaya.yaeca.com/products/cotton-silk-ribbed-socks,,,,,,,A
PKGI-02652541,8月,BU-00999783,箱,PKG-01088624,266,Cotton Silk Ribbed Socks,yaecaya_yaeca_com,1,,variant,色・サイズ・版,現物の色・サイズ・種類を確認してください,版・種類・サイズ・色、数量・セット内容、状態・未開封,"qty!,color!,size!,edition,condition!,set,photo",,,,,,,,A
PKGI-02652724,8月,BU-00999867,箱,PKG-01082665,267,[Shall we hit the Banquet?] マルチストラップ【2026年4月中旬発送予定】,bmsg_shop,1,,identify,商品特定（撮影）,タグ・JAN・型番が写るように撮影し、点数を数えてください,タグ・JAN・型番・ブランド名を撮影、全体写真、数量,"qty!,photo!,candidate!,url",https://bmsg.shop/products/shall-we-hit-the-banquet-%E3%83%9E%E3%83%AB%E3%83%81%E3%82%B9%E3%83%88%E3%83%A9%E3%83%83%E3%83%97?_pos=1&_sid=7664b423c&_ss=r,https://bmsg.shop/products/shall-we-hit-the-banquet-%E3%83%9E%E3%83%AB%E3%83%81%E3%82%B9%E3%83%88%E3%83%A9%E3%83%83%E3%83%97?_pos=1&_sid=7664b423c&_ss=r,,,,,,H
PKGI-02652842,8月,BU-00999914,箱,PKG-01077481,268,初音ミク ジャージパーカー 【EMERALD】 / 初音ミク×リッスンフレーバー,listenflavor_com,1,,variant,色・サイズ・版,現物の色・サイズ・種類を確認してください,確認数量（元リストの商品単位） / 欠品・付属品の実際の内容 / 色・サイズ・種類の現物と根拠照合,"qty!,photo!,color!,size!,edition",https://listenflavor.com/shopdetail/000000004680/all_items/page2/order/,,,,,,,B
PKGI-02653089,8月,BU-01000005,箱,PKG-01082669,269,月刊バレーボール 2026年5月号,shop_nbp_ne_jp,1,,variant,色・サイズ・版,現物の色・サイズ・種類を確認してください,版・種類・サイズ・色、状態・未開封,"qty!,color!,size!,edition,condition!,photo",https://www.fujisan.co.jp/product/778/b/2778908/,,,,,,,A
PKGI-02648931,8月,BU-01000089,箱,PKG-01053992,271,LANDER SANDWICHES×FREAK'S STORE/ランダー 別注 ビッグシルエット バックプリント クルーネックTシャツ 【限定展開】,freaksstore_com,1,,identify,商品特定（撮影）,タグ・JAN・型番が写るように撮影し、点数を数えてください,タグ・JAN・型番・ブランド名を撮影、全体写真、数量,"qty!,photo!,url",,,,,,,,G
PKGI-02653266,8月,BU-01000095,箱,PKG-01054566,272,PLAVE 4th Mini Album 'Caligo Pt.2' ID PASS Ver. (Compact)(5形態セット) (???: 2026? 04? 14?) + '（特典あり)',tower_jp,1,,identify,商品特定（撮影）,タグ・JAN・型番が写るように撮影し、点数を数えてください,タグ・JAN・型番・ブランド名を撮影、全体写真、数量,"qty!,photo!,url",,,,,,,,H
PKGI-02653297,8月,BU-01000114,箱,PKG-01109136,273,NASA Shopping Basket,landtokyo_com,1,,variant,色・サイズ・版,現物の色・サイズ・種類を確認してください,版・種類・サイズ・色、数量・セット内容、状態・未開封,"qty!,color!,size!,edition,condition!,set,photo",https://landtokyo.com/products/02500389,,,,元帳数量保持・現物,,,A
PKGI-02653487,8月,BU-01000177,箱,PKG-01054510,274,PLAVE 4th Mini Album 'Caligo Pt.2' ID PASS Ver. (5形態セット) (???: 2026? 04? 14?) + '（特典あり)',tower_jp,1,,identify,商品特定（撮影）,タグ・JAN・型番が写るように撮影し、点数を数えてください,タグ・JAN・型番・ブランド名を撮影、全体写真、数量,"qty!,photo!,url",,,,,,,,H
PKGI-02653571,8月,BU-01000229,箱,PKG-01088699,275,Plastic Love (Amor Pl?stico - Short Edit) / Plastic Love (Short Edit),diskunion_net,1,,identify,商品特定（撮影）,タグ・JAN・型番が写るように撮影し、点数を数えてください,タグ・JAN・型番・ブランド名を撮影、全体写真、数量,"qty!,photo!,url",,,,,,,,H
PKGI-02653718,8月,BU-01000281,箱,PKG-01082732,276,コースリブ オールドスクール クルーソックス,rototo_jp,1,,variant,色・サイズ・版,現物の色・サイズ・種類を確認してください,確認数量（元リストの商品単位） / 欠品・付属品の実際の内容 / 色・サイズとR1255タグの現物照合,"qty!,photo!,color!,size!,edition",https://www.rototo.jp/products/r1255,,,,,,,B
PKGI-02653778,8月,BU-01000313,箱,PKG-01082764,277,yoshikitty:ぬいぐるみボールチェーンマスコット・パステルムーン(Xポーズ),asunaro_shop-pro_jp,1,,identify,商品特定（撮影）,タグ・JAN・型番が写るように撮影し、点数を数えてください,タグ・JAN・型番・ブランド名を撮影、全体写真、数量,"qty!,photo!,url",,,,,,,,G
PKGI-02653780,8月,BU-01000313,箱,PKG-01082764,278,yoshikitty:キャスト立体ラバーストーンキーホルダー（赤スーツ）,asunaro_shop-pro_jp,1,,identify,商品特定（撮影）,タグ・JAN・型番が写るように撮影し、点数を数えてください,タグ・JAN・型番・ブランド名を撮影、全体写真、数量,"qty!,photo!,url",,,,,,,,H
PKGI-02653779,8月,BU-01000313,箱,PKG-01082764,279,yoshikitty:立体ラバーストーンキーホルダー（初代）,asunaro_shop-pro_jp,1,,identify,商品特定（撮影）,タグ・JAN・型番が写るように撮影し、点数を数えてください,タグ・JAN・型番・ブランド名を撮影、全体写真、数量,"qty!,photo!,url",,,,,,,,G
PKGI-02654077,8月,BU-01000410,箱,PKG-01093008,281,Obey Me! アクリルハンガー アスモデウス / Obey Me! Acrylic Hanger - Asmodeus,acrpicto_com,1,,set,セット内容,点数と、セットの中身（何が何個あるか）を確認してください,数量・セット内容、状態・未開封、画像と現物の一致,"qty!,set!,condition!,photo",https://acrpicto.com/view/item/000000000084,,,,,,,D
PKGI-02654126,8月,BU-01000428,箱,PKG-01088943,282,4th Mini Album 'Caligo Pt.2' (ID PASS Ver.)【5形態セット】,hmv_co_jp,1,,presence,現物の有無,現物の有無と、ある場合は点数を確認してください,現物の有無と点数,"presence!,qty!",,,,,,PDMK7Y1ADYFM,,I
PKGI-02638446,8月,BU-01000578,箱,PKG-01088233,283,BRAHMS: VIOLIN CONCERTO / ブラームス: ヴァイオリン協奏曲 (LPレコード),diskunion_net,1,,identify,商品特定（撮影）,タグ・JAN・型番が写るように撮影し、点数を数えてください,タグ・JAN・型番・ブランド名を撮影、全体写真、数量,"qty!,photo!,url",,,,,,,,G
PKGI-02638447,8月,BU-01000578,箱,PKG-01088233,284,バッハ:ブランデンブルク協奏曲全集,diskunion_net,1,,variant,色・サイズ・版,現物の色・サイズ・種類を確認してください,版・種類・サイズ・色,"qty!,color!,size!,edition,photo",https://tower.jp/item/2884609,,,,,,,A
PKGI-02649930,8月,BU-01000578,箱,PKG-01088233,285,チェット・ベイカー・シングス(HYBRID SACD),diskunion_net,1,,identify,商品特定（撮影）,タグ・JAN・型番が写るように撮影し、点数を数えてください,タグ・JAN・型番・ブランド名を撮影、全体写真、数量,"qty!,photo!,url",,,,,,,,G
PKGI-02638449,8月,BU-01000578,箱,PKG-01088233,287,"R.STRAUSS: DON QUIXOTE, ETC (SACD) / R.シュトラウス: ドン・キホーテ、他 (SACD)",diskunion_net,1,,identify,商品特定（撮影）,タグ・JAN・型番が写るように撮影し、点数を数えてください,タグ・JAN・型番・ブランド名を撮影、全体写真、数量,"qty!,photo!,url",,,,,,,,H
PKGI-02654625,8月,BU-01000635,箱,PKG-01077531,288,【3月下旬～4月中旬入荷予定】無線マウス トヨタ AE86 『頭文字D』藤原とうふ店(自家用)仕様 Bluetooth対応 スプリンタートレノ イニD Toyota,camshop_jp,2,,variant,色・サイズ・版,現物の色・サイズ・種類を確認してください,版・種類・サイズ・色,"qty!,color!,size!,edition,photo",,,,,,,,A
PKGI-02654666,8月,BU-01000652,箱,PKG-01093013,289,Obey Me! アクリルハンガー マモン / Obey Me! Acrylic Hanger - Mammon,acrpicto_com,2,,set,セット内容,点数と、セットの中身（何が何個あるか）を確認してください,数量・セット内容、状態・未開封、画像と現物の一致,"qty!,set!,condition!,photo",https://acrpicto.com/view/item/000000000081,,,,,,,D
PKGI-02654673,8月,BU-01000658,箱,PKG-01077521,290,トミカ　東京オートサロン★★トヨタスープラ(A70) ※買取品・現状渡し,ken-box_com,1,,identify,商品特定（撮影）,タグ・JAN・型番が写るように撮影し、点数を数えてください,タグ・JAN・型番・ブランド名を撮影、全体写真、数量,"qty!,photo!,url",,,,,,,,G
PKGI-02654972,8月,BU-01000758,箱,PKG-01085057,291,Designed by Axel Syrios.『AxelSyrios jacket』,popcornmuseum_net,1,,identify,商品特定（撮影）,タグ・JAN・型番が写るように撮影し、点数を数えてください,タグ・JAN・型番・ブランド名を撮影、全体写真、数量,"qty!,photo!,url",,,,,,,,G
PKGI-02654005,8月,BU-01000811,箱,PKG-01082523,292,【予約販売】カモフラージュ コンシーラーチーク,store_brilliage_jp,1,,variant,色・サイズ・版,現物の色・サイズ・種類を確認してください,版・種類・サイズ・色、数量・セット内容、bonus_or_purchase_benefit_presence、状態・未開封,"qty!,color!,size!,edition,condition!,set,photo",,,,,,,,A
PKGI-02655244,8月,BU-01000846,箱,PKG-01109203,293,LIVE AT THE VILLAGE VANGUARD / ライヴ・アット・ザ・ヴィレッジ・ヴァンガード(2CD),diskunion_net,1,,identify,商品特定（撮影）,タグ・JAN・型番が写るように撮影し、点数を数えてください,タグ・JAN・型番・ブランド名を撮影、全体写真、数量,"qty!,photo!,url",,,,,,,,G
PKGI-02655585,8月,BU-01000971,箱,PKG-01085192,295,【3月下旬～4月中旬入荷予定】無線マウス トヨタ AE86 『頭文字D』藤原とうふ店(自家用)仕様 Bluetooth対応 スプリンタートレノ イニD Toyota,camshop_jp,1,,variant,色・サイズ・版,現物の色・サイズ・種類を確認してください,版・種類・サイズ・色,"qty!,color!,size!,edition,photo",,,,,,,,A
PKGI-02655619,8月,BU-01000984,箱,PKG-01088914,296,4th Mini Album 'Caligo Pt.2' (ID PASS Ver.)(ランダムカバーバージョン),hmv_co_jp,1,,photo_count,撮影＋点数,全体を撮影して、点数を数えてください,確認数量（元リストの商品単位） / 欠品・付属品の実際の内容 / 封入種類・現物との根拠照合,"qty!,photo!",https://www.hmv.co.jp/artist_PLAVE_000000000929266/item_4th-Mini-Album-Caligo-Pt-2-ID-PASS-Ver-%E3%83%A9%E3%83%B3%E3%83%80%E3%83%A0%E3%82%AB%E3%83%90%E3%83%BC%E3%83%90%E3%83%BC%E3%82%B8%E3%83%A7%E3%83%B3_16761372,,,,,,,B
PKGI-02655622,8月,BU-01000989,箱,PKG-01085347,297,【3月下旬～4月中旬入荷予定】無線マウス トヨタ AE86 『頭文字D』藤原とうふ店(自家用)仕様 Bluetooth対応 スプリンタートレノ イニD Toyota,camshop_jp,1,,variant,色・サイズ・版,現物の色・サイズ・種類を確認してください,版・種類・サイズ・色,"qty!,color!,size!,edition,photo",,,,,,,,A
PKGI-02655677,8月,BU-01001007,箱,PKG-01054702,298,EDiT Small Graph Paper Notebook - B7 size (modified) - with PVC cover,online-marks_com,1,,variant,色・サイズ・版,現物の色・サイズ・種類を確認してください,版・種類・サイズ・色、数量・セット内容、状態・未開封,"qty!,color!,size!,edition,condition!,set,photo",https://www.online-marks.com/product/detail/EDI-NB20,,,,,,,A
PKGI-02655678,8月,BU-01001007,箱,PKG-01054702,299,EDiT Small Graph Paper Notebook - B7 size (modified) - with PVC cover,online-marks_com,1,,variant,色・サイズ・版,現物の色・サイズ・種類を確認してください,版・種類・サイズ・色、数量・セット内容、状態・未開封,"qty!,color!,size!,edition,condition!,set,photo",,,,,,,,A
PKGI-02655911,8月,BU-01001129,箱,PKG-01029303,301,10K ホワイトゴールド ピアス 13mm,avalanche-store-jp_com,1,,variant,色・サイズ・版,現物の色・サイズ・種類を確認してください,確認数量（元リストの商品単位） / 欠品・付属品の実際の内容 / 販売元は片耳用販売。現物の点数・材質刻印・状態を確認,"qty!,photo!,edition,condition!",https://avalanche-store-jp.com/?pid=98135422,,,,,,,B
PKGI-02655912,8月,BU-01001129,箱,PKG-01029303,302,10K ホワイトゴールド ピアス 9mm,avalanche-store-jp_com,1,,identify,商品特定（撮影）,タグ・JAN・型番が写るように撮影し、点数を数えてください,タグ・JAN・型番・ブランド名を撮影、全体写真、数量,"qty!,photo!,url",,,,,,,,G
PKGI-02655085,8月,BU-01001157,箱,PKG-01082913,303,＜数量限定・どうぶつの森デザイン＞【MiteaORGANIC】セラムオイルリップスティック,cosmekitchen-webstore_jp,1,,variant,色・サイズ・版,現物の色・サイズ・種類を確認してください,版・種類・サイズ・色,"qty!,color!,size!,edition,photo",,,,,,,,A
PKGI-02656142,8月,BU-01001164,箱,PKG-01085302,305,ガチアクタ　ふわコロりん ※ 2026年3月下旬 発送予定,maxlimited-online_com,1,,identify,商品特定（撮影）,タグ・JAN・型番が写るように撮影し、点数を数えてください,タグ・JAN・型番・ブランド名を撮影、全体写真、数量,"qty!,photo!,url",,,,,,,,H
PKGI-02656185,8月,BU-01001181,箱,PKG-01082973,306,定番のおうちご飯セット(お茶碗、汁椀、マグカップ大、取り皿ボウル、箸 各2 ＋ オーバル皿 1枚),aras-jp_com,1,,variant,色・サイズ・版,現物の色・サイズ・種類を確認してください,版・種類・サイズ・色、状態・未開封,"qty!,color!,size!,edition,condition!,photo",https://aras-jp.com/products/%E5%AE%9A%E7%95%AA%E3%81%AE%E3%81%8A%E3%81%86%E3%81%A1%E3%81%94%E9%A3%AF%E3%82%BB%E3%83%83%E3%83%88,,,,,,,A
PKGI-02656296,8月,BU-01001238,箱,PKG-01085078,308,Synthesizer V 2 AI 重音テト,ah-soft_net,1,,variant,色・サイズ・版,現物の色・サイズ・種類を確認してください,版・種類・サイズ・色,"qty!,color!,size!,edition,photo",,,,,,,,A
PKGI-02656751,8月,BU-01001291,箱,PKG-01077244,310,◆カルビー ポテトチップスBIGBAGコンソメパンチ 160g,sundrug-online_com,1,,identify,商品特定（撮影）,タグ・JAN・型番が写るように撮影し、点数を数えてください,タグ・JAN・型番・ブランド名を撮影、全体写真、数量,"qty!,photo!,url",,,,,,,,G
PKGI-02656442,8月,BU-01001291,箱,PKG-01085212,309,明星 ロカボNOODLES 濃厚鶏白湯,worldshopping_global,2,,expiry,賞味期限,賞味期限と保管状態を確認してください,賞味期限・保管状態、状態・未開封,"qty!,expiry!,storage!,condition!,photo",https://store.nissin.com/products/13098,,,,,,,E
PKGI-02656697,8月,BU-01001388,箱,PKG-01085107,311,お座りいちごちゃんチャーム☆オリジナルワンピース(ハートガールズ),curlycollection_jp,1,,identify,商品特定（撮影）,タグ・JAN・型番が写るように撮影し、点数を数えてください,タグ・JAN・型番・ブランド名を撮影、全体写真、数量,"qty!,photo!,url",,,,,,,,H
PKGI-02656976,8月,BU-01001499,箱,PKG-01054832,312,ブリーチニットグラフィックZIPパーカー,wegoec_jp,1,,variant,色・サイズ・版,現物の色・サイズ・種類を確認してください,版・種類・サイズ・色,"qty!,color!,size!,edition,photo",https://wego.jp/products/we26sp02-m0012,,,,,,,A
PKGI-02656975,8月,BU-01001499,箱,PKG-01054832,313,イージー3Dバレルレッグデニムパンツ,wegoec_jp,1,,variant,色・サイズ・版,現物の色・サイズ・種類を確認してください,版・種類・サイズ・色,"qty!,color!,size!,edition,photo",https://wego.jp/products/we25ss01-m0008,,,,,,,A
PKGI-02657251,8月,BU-01001597,箱,PKG-01082943,314,【送料無料】【オリゴ糖】長沢オリゴ260ｇ×12本まとめ買い　※現在出荷までに3営業日かかります、配送日指定不可,gashoan_com,1,,identify,商品特定（撮影）,タグ・JAN・型番が写るように撮影し、点数を数えてください,タグ・JAN・型番・ブランド名を撮影、全体写真、数量,"qty!,photo!,url",,,,,,,,H
PKGI-02658078,8月,BU-01001903,箱,PKG-01085630,317,"Nina【ミツバチとイチゴのリング ""Apis cerana japonica""】",nina2014_com,1,,identify,商品特定（撮影）,タグ・JAN・型番が写るように撮影し、点数を数えてください,タグ・JAN・型番・ブランド名を撮影、全体写真、数量,"qty!,photo!,url",,,,,,,,H
PKGI-02658472,8月,BU-01002029,箱,PKG-01085468,319,【3月下旬～4月中旬入荷予定】無線マウス トヨタ AE86 『頭文字D』藤原とうふ店(自家用)仕様 Bluetooth対応 スプリンタートレノ イニD Toyota,camshop_jp,1,,variant,色・サイズ・版,現物の色・サイズ・種類を確認してください,版・種類・サイズ・色,"qty!,color!,size!,edition,photo",,,,,,,,A
PKGI-02658721,8月,BU-01002112,箱,PKG-01054963,320,ROCK AND READ 124 (発売日: 2026年04月15日),tower_jp,1,,set,セット内容,点数と、セットの中身（何が何個あるか）を確認してください,数量・セット内容、状態・未開封,"qty!,set!,condition!,photo",https://tower.jp/item/7997801,,,,元帳数量保持・現物,,,D
PKGI-02659020,8月,BU-01002216,箱,PKG-01085225,322,"Persona 3 Reload Original Craft Cola ""Sea of Souls""",u-products_co_jp,1,,expiry,賞味期限,賞味期限と保管状態を確認してください,賞味期限・保管状態、数量・セット内容、状態・未開封,"qty!,expiry!,storage!,condition!,set,photo",https://www.cradri.com/en/products/persona3-seaofsouls,,,,現物,,,E
PKGI-02659273,8月,BU-01002309,箱,PKG-01082801,323,■G.I.S.M. - 「Performance」DVD■,fuudobrain_shop-pro_jp,1,,variant,色・サイズ・版,現物の色・サイズ・種類を確認してください,版・種類・サイズ・色、数量・セット内容、bonus_or_purchase_benefit_presence、状態・未開封、画像と現物の一致、箱・袋の所在,"qty!,color!,size!,edition,condition!,set,photo",,,,,,,,A
PKGI-02659297,8月,BU-01002325,箱,PKG-01082825,324,■G.I.S.M. - 「Performance」DVD■,fuudobrain_shop-pro_jp,1,,variant,色・サイズ・版,現物の色・サイズ・種類を確認してください,版・種類・サイズ・色、数量・セット内容、bonus_or_purchase_benefit_presence、状態・未開封、画像と現物の一致、箱・袋の所在,"qty!,color!,size!,edition,condition!,set,photo",,,,,,,,A
PKGI-02659340,8月,BU-01002341,箱,PKG-01082798,326,■G.I.S.M. - 「Performance」DVD■,fuudobrain_shop-pro_jp,2,,variant,色・サイズ・版,現物の色・サイズ・種類を確認してください,版・種類・サイズ・色、数量・セット内容、bonus_or_purchase_benefit_presence、状態・未開封、画像と現物の一致、箱・袋の所在,"qty!,color!,size!,edition,condition!,set,photo",,,,,,,,A
PKGI-02659422,8月,BU-01002358,箱,PKG-01082818,327,■G.I.S.M. - 「Performance」DVD■,fuudobrain_shop-pro_jp,1,,variant,色・サイズ・版,現物の色・サイズ・種類を確認してください,版・種類・サイズ・色、数量・セット内容、bonus_or_purchase_benefit_presence、状態・未開封、画像と現物の一致、箱・袋の所在,"qty!,color!,size!,edition,condition!,set,photo",,,,,,,,A
PKGI-02659423,8月,BU-01002358,箱,PKG-01082818,329,■G.I.S.M._DETESTATION LP■,fuudobrain_shop-pro_jp,1,,variant,色・サイズ・版,現物の色・サイズ・種類を確認してください,版・種類・サイズ・色、数量・セット内容、状態・未開封,"qty!,color!,size!,edition,condition!,set,photo",https://fuudobrain.shop-pro.jp/?pid=155076765,,,,,,,A
PKGI-02659562,8月,BU-01002411,箱,PKG-01085912,330,ENJOY ROCK メッシュキャップ,store_hystericglamour_jp,1,,variant,色・サイズ・版,現物の色・サイズ・種類を確認してください,版・種類・サイズ・色,"qty!,color!,size!,edition,photo",https://store.hystericglamour.jp/item/104430.html,,,,,,,A
PKGI-02659561,8月,BU-01002411,箱,PKG-01085912,331,MOTOR CITY BABY アシュトレイ,store_hystericglamour_jp,1,,variant,色・サイズ・版,現物の色・サイズ・種類を確認してください,版・種類・サイズ・色,"qty!,color!,size!,edition,photo",https://brandavenue.rakuten.co.jp/item/NK6301/,,,,,,,A
PKGI-02660121,8月,BU-01002597,箱,PKG-01086084,333,Designed by Regis Altare.『RegisAltare ZipHoodie』,popcornmuseum_net,1,,identify,商品特定（撮影）,タグ・JAN・型番が写るように撮影し、点数を数えてください,タグ・JAN・型番・ブランド名を撮影、全体写真、数量,"qty!,photo!,url",,,,,,,,H
PKGI-02660228,8月,BU-01002634,箱,PKG-01086111,334,Designed by Regis Altare.『RegisAltare ZipHoodie』,popcornmuseum_net,1,,identify,商品特定（撮影）,タグ・JAN・型番が写るように撮影し、点数を数えてください,タグ・JAN・型番・ブランド名を撮影、全体写真、数量,"qty!,photo!,url",,,,,,,,H
PKGI-02660345,8月,BU-01002688,箱,PKG-01077678,335,【3月下旬～4月中旬入荷予定】無線マウス トヨタ AE86 『頭文字D』藤原とうふ店(自家用)仕様 Bluetooth対応 スプリンタートレノ イニD Toyota,camshop_jp,1,,variant,色・サイズ・版,現物の色・サイズ・種類を確認してください,版・種類・サイズ・色,"qty!,color!,size!,edition,photo",,,,,,,,A
PKGI-02660463,8月,BU-01002746,箱,PKG-01086122,336,Designed by Regis Altare.『RegisAltare ZipHoodie』,popcornmuseum_net,1,,identify,商品特定（撮影）,タグ・JAN・型番が写るように撮影し、点数を数えてください,タグ・JAN・型番・ブランド名を撮影、全体写真、数量,"qty!,photo!,url",,,,,,,,H
PKGI-02660573,8月,BU-01002789,箱,PKG-01086120,337,Designed by Regis Altare.『RegisAltare ZipHoodie』,popcornmuseum_net,1,,identify,商品特定（撮影）,タグ・JAN・型番が写るように撮影し、点数を数えてください,タグ・JAN・型番・ブランド名を撮影、全体写真、数量,"qty!,photo!,url",,,,,,,,H
PKGI-02660598,8月,BU-01002801,箱,PKG-01086118,338,Designed by Regis Altare.『RegisAltare ZipHoodie』,popcornmuseum_net,1,,identify,商品特定（撮影）,タグ・JAN・型番が写るように撮影し、点数を数えてください,タグ・JAN・型番・ブランド名を撮影、全体写真、数量,"qty!,photo!,url",,,,,,,,H
PKGI-02660711,8月,BU-01002852,箱,PKG-01086054,339,MASK MINI Funny pack(ミニ・ウエストポーチ),store_haoming_jp,1,,identify,商品特定（撮影）,タグ・JAN・型番が写るように撮影し、点数を数えてください,タグ・JAN・型番・ブランド名を撮影、全体写真、数量,"qty!,photo!,url",,,,,,,,G
PKGI-02660995,8月,BU-01002979,箱,PKG-01063103,340,【受注販売】直筆サイン入り マリーゴールド 天麗皇希 KOUKI AMAREI 写真集 Wears Light,bigblue_co_jp,1,,identify,商品特定（撮影）,タグ・JAN・型番が写るように撮影し、点数を数えてください,タグ・JAN・型番・ブランド名を撮影、全体写真、数量,"qty!,photo!,url",,,,,,,,H
PKGI-02660996,8月,BU-01002979,箱,PKG-01063103,341,【受注販売】直筆サイン入り マリーゴールド 後藤智香 CHIKA GOTO 写真集 DYNAMITE,bigblue_co_jp,1,,identify,商品特定（撮影）,タグ・JAN・型番が写るように撮影し、点数を数えてください,タグ・JAN・型番・ブランド名を撮影、全体写真、数量,"qty!,photo!,url",,,,,,,,G
PKGI-02661122,8月,BU-01003022,箱,PKG-01086203,342,【CAMBIO(カンビオ)】Botanical Gobelin Wide Straight Pants ワイドストレートパンツ(S43325cmb),cambio_co_jp,1,,photo_count,撮影＋点数,全体を撮影して、点数を数えてください,元帳数量保持・現物未確認,"qty!,photo!",https://www.cambio.co.jp/c/brand/cambio/mp13116,,,,元帳数量保持・現物,,,B
PKGI-02661121,8月,BU-01003022,箱,PKG-01086203,343,"[Pre-orders available for select sizes and colors, expected to arrive mid-to-late April] CAMBIO Accordion Jacquard Denim Wide S",cambio_co_jp,1,,identify,商品特定（撮影）,タグ・JAN・型番が写るように撮影し、点数を数えてください,タグ・JAN・型番・ブランド名を撮影、全体写真、数量,"qty!,photo!,url",,,,,,,,H
PKGI-02661470,8月,BU-01003162,箱,PKG-01086326,344,【２次予約・送料無料】『ビバリウム Adoと私』 特装版　箔押しクリアしおり3種セット ※数量限定・お1人様1点まで 【Release Date: 2026/04/16】,store_kadokawa_co_jp,1,,variant,色・サイズ・版,現物の色・サイズ・種類を確認してください,版・種類・サイズ・色、数量・セット内容、状態・未開封、画像と現物の一致、箱・袋の所在,"qty!,color!,size!,edition,condition!,set,photo",https://store.kadokawa.co.jp/shop/g/g302510003170/,,,,,,,A
PKGI-02661480,8月,BU-01003169,箱,PKG-01086332,345,【２次予約・送料無料】『ビバリウム Adoと私』 特装版　箔押しクリアしおり3種セット ※数量限定・お1人様1点まで 【Release Date: 2026/04/16】,store_kadokawa_co_jp,1,,variant,色・サイズ・版,現物の色・サイズ・種類を確認してください,版・種類・サイズ・色、数量・セット内容、状態・未開封、画像と現物の一致、箱・袋の所在,"qty!,color!,size!,edition,condition!,set,photo",,,,,,,,A
PKGI-02661491,8月,BU-01003180,箱,PKG-01086346,346,【２次予約・送料無料】『ビバリウム Adoと私』 特装版　箔押しクリアしおり3種セット ※数量限定・お1人様1点まで 【Release Date: 2026/04/16】,store_kadokawa_co_jp,1,,variant,色・サイズ・版,現物の色・サイズ・種類を確認してください,版・種類・サイズ・色、数量・セット内容、状態・未開封、画像と現物の一致、箱・袋の所在,"qty!,color!,size!,edition,condition!,set,photo",,,,,,,,A
PKGI-02661548,8月,BU-01003219,箱,PKG-01086335,347,【２次予約・送料無料】『ビバリウム Adoと私』 特装版　箔押しクリアしおり3種セット ※数量限定・お1人様1点まで 【Release Date: 2026/04/16】,store_kadokawa_co_jp,1,,variant,色・サイズ・版,現物の色・サイズ・種類を確認してください,版・種類・サイズ・色、数量・セット内容、状態・未開封、画像と現物の一致、箱・袋の所在,"qty!,color!,size!,edition,condition!,set,photo",,,,,,,,A
PKGI-02661689,8月,BU-01003356,箱,PKG-01086505,348,【２次予約・送料無料】『ビバリウム Adoと私』 特装版　箔押しクリアしおり3種セット ※数量限定・お1人様1点まで 【Release Date: 2026/04/16】,store_kadokawa_co_jp,1,,variant,色・サイズ・版,現物の色・サイズ・種類を確認してください,版・種類・サイズ・色、数量・セット内容、状態・未開封、画像と現物の一致、箱・袋の所在,"qty!,color!,size!,edition,condition!,set,photo",,,,,,,,A
PKGI-02661697,8月,BU-01003363,箱,PKG-01086633,349,【２次予約・送料無料】『ビバリウム Adoと私』 特装版　箔押しクリアしおり3種セット ※数量限定・お1人様1点まで 【Release Date: 2026/04/16】,store_kadokawa_co_jp,1,,variant,色・サイズ・版,現物の色・サイズ・種類を確認してください,版・種類・サイズ・色、数量・セット内容、状態・未開封、画像と現物の一致、箱・袋の所在,"qty!,color!,size!,edition,condition!,set,photo",,,,,,,,A
PKGI-02661752,8月,BU-01003407,箱,PKG-01086427,350,【２次予約・送料無料】『ビバリウム Adoと私』 特装版　箔押しクリアしおり3種セット ※数量限定・お1人様1点まで 【Release Date: 2026/04/16】,store_kadokawa_co_jp,1,,variant,色・サイズ・版,現物の色・サイズ・種類を確認してください,版・種類・サイズ・色、数量・セット内容、状態・未開封、画像と現物の一致、箱・袋の所在,"qty!,color!,size!,edition,condition!,set,photo",,,,,,,,A
PKGI-02661776,8月,BU-01003431,箱,PKG-01086484,351,【２次予約・送料無料】『ビバリウム Adoと私』 特装版　箔押しクリアしおり3種セット ※数量限定・お1人様1点まで 【Release Date: 2026/04/16】,store_kadokawa_co_jp,1,,variant,色・サイズ・版,現物の色・サイズ・種類を確認してください,版・種類・サイズ・色、数量・セット内容、状態・未開封、画像と現物の一致、箱・袋の所在,"qty!,color!,size!,edition,condition!,set,photo",,,,,,,,A
PKGI-02661780,8月,BU-01003435,箱,PKG-01086389,352,【２次予約・送料無料】『ビバリウム Adoと私』 特装版　箔押しクリアしおり3種セット ※数量限定・お1人様1点まで 【Release Date: 2026/04/16】,store_kadokawa_co_jp,1,,variant,色・サイズ・版,現物の色・サイズ・種類を確認してください,版・種類・サイズ・色、数量・セット内容、状態・未開封、画像と現物の一致、箱・袋の所在,"qty!,color!,size!,edition,condition!,set,photo",,,,,,,,A
PKGI-02661818,8月,BU-01003459,箱,PKG-01086378,353,【２次予約・送料無料】『ビバリウム Adoと私』 特装版　箔押しクリアしおり3種セット ※数量限定・お1人様1点まで 【Release Date: 2026/04/16】,store_kadokawa_co_jp,1,,variant,色・サイズ・版,現物の色・サイズ・種類を確認してください,版・種類・サイズ・色、数量・セット内容、状態・未開封、画像と現物の一致、箱・袋の所在,"qty!,color!,size!,edition,condition!,set,photo",,,,,,,,A
PKGI-02661821,8月,BU-01003462,箱,PKG-01086381,354,【２次予約・送料無料】『ビバリウム Adoと私』 特装版　箔押しクリアしおり3種セット ※数量限定・お1人様1点まで 【Release Date: 2026/04/16】,store_kadokawa_co_jp,1,,variant,色・サイズ・版,現物の色・サイズ・種類を確認してください,版・種類・サイズ・色、数量・セット内容、状態・未開封、画像と現物の一致、箱・袋の所在,"qty!,color!,size!,edition,condition!,set,photo",,,,,,,,A
PKGI-02661912,8月,BU-01003539,箱,PKG-01086568,355,【２次予約・送料無料】『ビバリウム Adoと私』 特装版　箔押しクリアしおり3種セット ※数量限定・お1人様1点まで 【Release Date: 2026/04/16】,store_kadokawa_co_jp,1,,variant,色・サイズ・版,現物の色・サイズ・種類を確認してください,版・種類・サイズ・色、数量・セット内容、状態・未開封、画像と現物の一致、箱・袋の所在,"qty!,color!,size!,edition,condition!,set,photo",,,,,,,,A
PKGI-02661909,8月,BU-01003541,箱,PKG-01086523,356,【２次予約・送料無料】『ビバリウム Adoと私』 特装版　箔押しクリアしおり3種セット ※数量限定・お1人様1点まで 【Release Date: 2026/04/16】,store_kadokawa_co_jp,1,,variant,色・サイズ・版,現物の色・サイズ・種類を確認してください,版・種類・サイズ・色、数量・セット内容、状態・未開封、画像と現物の一致、箱・袋の所在,"qty!,color!,size!,edition,condition!,set,photo",,,,,,,,A
PKGI-02565631,8月,BU-01003541,箱,PKG-01086523,357,ビバリウム Adoと私,store_kadokawa_co_jp,1,,variant,色・サイズ・版,現物の色・サイズ・種類を確認してください,版・種類・サイズ・色,"qty!,color!,size!,edition,photo",https://store.kadokawa.co.jp/shop/g/g322306001363/,,,,,,,A
PKGI-02661947,8月,BU-01003572,箱,PKG-01086664,358,【２次予約・送料無料】『ビバリウム Adoと私』 特装版　箔押しクリアしおり3種セット ※数量限定・お1人様1点まで 【Release Date: 2026/04/16】,store_kadokawa_co_jp,1,,variant,色・サイズ・版,現物の色・サイズ・種類を確認してください,版・種類・サイズ・色、数量・セット内容、状態・未開封、画像と現物の一致、箱・袋の所在,"qty!,color!,size!,edition,condition!,set,photo",,,,,,,,A
PKGI-02661958,8月,BU-01003581,箱,PKG-01086749,359,Designed by Regis Altare.『RegisAltare ZipHoodie』,popcornmuseum_net,1,,identify,商品特定（撮影）,タグ・JAN・型番が写るように撮影し、点数を数えてください,タグ・JAN・型番・ブランド名を撮影、全体写真、数量,"qty!,photo!,url",,,,,,,,H
PKGI-02661959,8月,BU-01003581,箱,PKG-01086749,360,VTuberのSayu様がデザイン『Sayu Parka』,popcornmuseum_net,1,,variant,色・サイズ・版,現物の色・サイズ・種類を確認してください,確認数量（元リストの商品単位） / 欠品・付属品の実際の内容 / 現物のタグ・色・サイズを確認。素材は未取得,"qty!,photo!,color!,size!,edition",https://popcornmuseum.net/shopdetail/000000000421/,,,,,,,B
PKGI-02661992,8月,BU-01003609,箱,PKG-01086577,361,【２次予約・送料無料】『ビバリウム Adoと私』 特装版　箔押しクリアしおり3種セット ※数量限定・お1人様1点まで 【Release Date: 2026/04/16】,store_kadokawa_co_jp,1,,variant,色・サイズ・版,現物の色・サイズ・種類を確認してください,版・種類・サイズ・色、数量・セット内容、状態・未開封、画像と現物の一致、箱・袋の所在,"qty!,color!,size!,edition,condition!,set,photo",,,,,,,,A
PKGI-02662056,8月,BU-01003650,箱,PKG-01086768,362,Designed by Regis Altare.『RegisAltare ZipHoodie』,popcornmuseum_net,1,,identify,商品特定（撮影）,タグ・JAN・型番が写るように撮影し、点数を数えてください,タグ・JAN・型番・ブランド名を撮影、全体写真、数量,"qty!,photo!,url",,,,,,,,H
PKGI-02662138,8月,BU-01003687,箱,PKG-01079112,363,イヨシコーラ缶 (250ml) 6本セット【送料無料】【ギフト・熨斗対応可】,shop_iyoshicola_com,1,,expiry,賞味期限,賞味期限と保管状態を確認してください,賞味期限・保管状態、状態・未開封,"qty!,expiry!,storage!,condition!,photo",https://shop.iyoshicola.com/products/can-250-6set,,,,現物6本・期限・保管状態,,,E
PKGI-02662250,8月,BU-01003737,箱,PKG-01079050,364,【3月下旬～4月中旬入荷予定】無線マウス トヨタ AE86 『頭文字D』藤原とうふ店(自家用)仕様 Bluetooth対応 スプリンタートレノ イニD Toyota,camshop_jp,1,,variant,色・サイズ・版,現物の色・サイズ・種類を確認してください,版・種類・サイズ・色,"qty!,color!,size!,edition,photo",,,,,,,,A
PKGI-02662335,8月,BU-01003769,箱,PKG-01086798,365,【再入荷】Rigid Double Knee Pants / Vステッチリジットデニムパンツ,halic-store_com,1,,variant,色・サイズ・版,現物の色・サイズ・種類を確認してください,版・種類・サイズ・色,"qty!,color!,size!,edition,photo",https://halic-store.com/collections/vision-street-wear-%E3%83%9C%E3%83%88%E3%83%A0%E3%82%B9/products/6305048,,,,,,,A
PKGI-02662381,8月,BU-01003783,箱,PKG-01087000,366,kson × ふもコレ ゲームパッド 豪華版（BEITONG）,fumo-collection_com,1,,identify,商品特定（撮影）,タグ・JAN・型番が写るように撮影し、点数を数えてください,タグ・JAN・型番・ブランド名を撮影、全体写真、数量,"qty!,photo!,candidate!,url",https://fumo-collection.com/products/fumocollection-gamepad-kson-dx,https://fumo-collection.com/products/fumocollection-gamepad-kson-dx,kson × ふもコレ ゲームパッド 豪華版（BEITONG）,1.00,,,,G
PKGI-02662454,8月,BU-01003814,箱,PKG-01079162,367,ニットキャップ  “Parappa” x “newhattan”(Plain),shop_rodneyfun_com,1,,variant,色・サイズ・版,現物の色・サイズ・種類を確認してください,確認数量（元リストの商品単位） / 欠品・付属品の実際の内容 / 色・サイズ・種類の現物と根拠照合 / オレンジ/ピンク/ゴールド/カーキの現物色とタグを確認,"qty!,photo!,color!,size!,edition",https://shop.rodneyfun.com/shopdetail/000000000828/,,,,,,,B
PKGI-02663377,8月,BU-01004214,箱,PKG-01079541,370,【洗える／UVケア／SETUP可能】サッカー素材テーラードジャケット,store_world_co_jp,1,,variant,色・サイズ・版,現物の色・サイズ・種類を確認してください,確認数量（元リストの商品単位） / 欠品・付属品の実際の内容 / 色・サイズ・種類の現物と根拠照合,"qty!,photo!,color!,size!,edition",https://store.world.co.jp/brand/indivi/item/BR12726S0154,,,,,,,B
PKGI-02663527,8月,BU-01004245,箱,PKG-01086842,371,DECHINE SHIRT JACKET,ladmusician_com,1,,identify,商品特定（撮影）,タグ・JAN・型番が写るように撮影し、点数を数えてください,タグ・JAN・型番・ブランド名を撮影、全体写真、数量,"qty!,photo!,url",,,,,,,,G
PKGI-02663542,8月,BU-01004256,箱,PKG-01086841,372,モールミュータントデラックス フロッキーコレクション,kenelestore_jp,1,,variant,色・サイズ・版,現物の色・サイズ・種類を確認してください,版・種類・サイズ・色,"qty!,color!,size!,edition,photo",https://kenelestore.jp/products/gc0699c,,,,,,,A
PKGI-02664002,8月,BU-01004401,箱,PKG-01061228,373,PLAVE 4th Mini Album 'Caligo Pt.2' ID PASS Ver. (5形態セット) (発売日: 2026年04月14日) + '（特典あり)',tower_jp,1,,set,セット内容,点数と、セットの中身（何が何個あるか）を確認してください,数量・セット内容、bonus_or_purchase_benefit_presence,"qty!,set!,photo",https://tower.jp/item/8000255,,,,元帳数量保持・現物,,,D
PKGI-02664060,8月,BU-01004412,箱,PKG-01061201,374,タワレコ ステッカーセット Yellow (発売日: 2020年01月23日),tower_jp,1,,set,セット内容,点数と、セットの中身（何が何個あるか）を確認してください,数量・セット内容、状態・未開封,"qty!,set!,condition!,photo",https://tower.jp/item/5010170,,,,元帳数量保持・現物,,,D
PKGI-02664123,8月,BU-01004434,箱,PKG-01061217,375,PLAVE 4th Mini Album 'Caligo Pt.2' ID PASS Ver. (5形態セット) (???: 2026? 04? 14?) + '（特典あり)',tower_jp,1,,identify,商品特定（撮影）,タグ・JAN・型番が写るように撮影し、点数を数えてください,タグ・JAN・型番・ブランド名を撮影、全体写真、数量,"qty!,photo!,url",,,,,,,,H
PKGI-02664148,8月,BU-01004445,箱,PKG-01079451,376,〈残りわずか〉PUBLICDENIM INDRELAX,public-tokyo_com,1,,photo_count,撮影＋点数,全体を撮影して、点数を数えてください,元帳数量保持・現物未確認,"qty!,photo!",https://public-tokyo.com/shop/g/g165240010732/,,,,元帳数量保持・現物,,,B
PKGI-02664444,8月,BU-01004531,箱,PKG-01063240,379,スタンドカラー リバーシブル ボア ブルゾン【限定展開】,freaksstore_com,1,,variant,色・サイズ・版,現物の色・サイズ・種類を確認してください,確認数量（元リストの商品単位） / 欠品・付属品の実際の内容 / 色・種類の現物と根拠照合,"qty!,photo!,color!,edition",https://www.daytona-park.com/item/1353248900428,,,,,,,B
PKGI-02664445,8月,BU-01004531,箱,PKG-01063240,380,ボートネック バスク ボーダー 半袖 Tシャツ【限定展開】,freaksstore_com,1,,variant,色・サイズ・版,現物の色・サイズ・種類を確認してください,確認数量（元リストの商品単位） / 欠品・付属品の実際の内容 / 色・サイズ・種類の現物と根拠照合,"qty!,photo!,color!,size!,edition",https://www.daytona-park.com/item/1323248901720,,,,,,,B
PKGI-02664446,8月,BU-01004531,箱,PKG-01063240,381,アーミーリブ コンビピグメント フレンチスリーブTシャツ,freaksstore_com,1,,variant,色・サイズ・版,現物の色・サイズ・種類を確認してください,確認数量（元リストの商品単位） / 欠品・付属品の実際の内容 / 色・サイズ・種類の現物と根拠照合,"qty!,photo!,color!,size!,edition",https://www.daytona-park.com/item/1121248901526,,,,,,,B
PKGI-02664447,8月,BU-01004531,箱,PKG-01063240,382,ナルミヤキャラクターズ ラグランTシャツ,freaksstore_com,1,,variant,色・サイズ・版,現物の色・サイズ・種類を確認してください,確認数量（元リストの商品単位） / 欠品・付属品の実際の内容 / 色・サイズ・種類の現物と根拠照合 / 色・柄の現物照合,"qty!,photo!,color!,size!,edition",https://wear.jp/item/86785742/,,,,,,,B
PKGI-02664448,8月,BU-01004531,箱,PKG-01063240,383,ボートネック バスク 半袖 Tシャツ【限定展開】,freaksstore_com,1,,variant,色・サイズ・版,現物の色・サイズ・種類を確認してください,確認数量（元リストの商品単位） / 欠品・付属品の実際の内容 / 色・サイズ・種類の現物と根拠照合,"qty!,photo!,color!,size!,edition",https://www.daytona-park.com/item/1323248901719,,,,,,,B
PKGI-02664449,8月,BU-01004531,箱,PKG-01063240,384,ボートネック バスク 半袖 Tシャツ【限定展開】,freaksstore_com,1,,variant,色・サイズ・版,現物の色・サイズ・種類を確認してください,確認数量（元リストの商品単位） / 欠品・付属品の実際の内容 / 色・サイズ・種類の現物と根拠照合,"qty!,photo!,color!,size!,edition",,,,,,,,B
PKGI-02664599,8月,BU-01004582,箱,PKG-01079202,385,POLO RALPH LAUREN AMERICANA QUARTER-CREW SOCK 3-PACK (824556PK:ASSORTED),growaround_co_jp,1,,identify,商品特定（撮影）,タグ・JAN・型番が写るように撮影し、点数を数えてください,タグ・JAN・型番・ブランド名を撮影、全体写真、数量,"qty!,photo!,url",,,,,,,,H
PKGI-02665229,8月,BU-01004802,箱,PKG-01109530,388,BABYBEARD Official LOGO (white)(Crew Neck Sweatshirt),suzuri_jp,1,,identify,商品特定（撮影）,タグ・JAN・型番が写るように撮影し、点数を数えてください,タグ・JAN・型番・ブランド名を撮影、全体写真、数量,"qty!,photo!,url",,,,,,,,G
PKGI-02665228,8月,BU-01004802,箱,PKG-01109530,389,BABYBEARD Official LOGO(color)(Regular Fit T-Shirt),suzuri_jp,1,,identify,商品特定（撮影）,タグ・JAN・型番が写るように撮影し、点数を数えてください,タグ・JAN・型番・ブランド名を撮影、全体写真、数量,"qty!,photo!,url",,,,,,,,G
PKGI-02665442,8月,BU-01004887,箱,PKG-01093670,390,Free! シリーズ ラウンジウェア,mayla_jp,1,,variant,色・サイズ・版,現物の色・サイズ・種類を確認してください,版・種類・サイズ・色,"qty!,color!,size!,edition,photo",https://mayla.jp/SHOP/sha2451.html,,,,,,,A
PKGI-02665630,8月,BU-01004953,箱,PKG-01093566,391,2026カレンダー(Desk Calendar),suzuri_jp,1,,identify,商品特定（撮影）,タグ・JAN・型番が写るように撮影し、点数を数えてください,タグ・JAN・型番・ブランド名を撮影、全体写真、数量,"qty!,photo!,url",,,,,,,,G
PKGI-02666338,8月,BU-01005219,箱,PKG-01079697,393,バルーンスリーブブラウス 【予約】,mix_tokyo,1,,identify,商品特定（撮影）,タグ・JAN・型番が写るように撮影し、点数を数えてください,タグ・JAN・型番・ブランド名を撮影、全体写真、数量,"qty!,photo!,url",,,,,,,,G
PKGI-02666141,8月,BU-01005219,箱,PKG-01079697,394,楊柳フレアスリーブブラウス,mix_tokyo,1,,variant,色・サイズ・版,現物の色・サイズ・種類を確認してください,版・種類・サイズ・色,"qty!,color!,size!,edition,photo",https://mix.tokyo/products/0176110443,,,,,,,A
PKGI-02666586,8月,BU-01005291,箱,PKG-01093742,395,EXTRALARGE BEANIE,calif_cc,1,,variant,色・サイズ・版,現物の色・サイズ・種類を確認してください,確認数量（元リストの商品単位） / 欠品・付属品の実際の内容 / 色・年版・現物タグを確認。同一SKUとして数量を合算しない,"qty!,photo!,color!,edition",https://mitsui-shopping-park.com/ec/p/1610000005708,,,,,,,B
PKGI-02666587,8月,BU-01005291,箱,PKG-01093742,396,EXTRALARGE BEANIE,calif_cc,1,,variant,色・サイズ・版,現物の色・サイズ・種類を確認してください,確認数量（元リストの商品単位） / 欠品・付属品の実際の内容 / 色・年版・現物タグを確認。同一SKUとして数量を合算しない,"qty!,photo!,color!,edition",,,,,,,,B
PKGI-02666588,8月,BU-01005291,箱,PKG-01093742,397,EXTRALARGE BEANIE,calif_cc,1,,variant,色・サイズ・版,現物の色・サイズ・種類を確認してください,確認数量（元リストの商品単位） / 欠品・付属品の実際の内容 / 色・年版・現物タグを確認。同一SKUとして数量を合算しない,"qty!,photo!,color!,edition",,,,,,,,B
PKGI-02666589,8月,BU-01005291,箱,PKG-01093742,398,FOSSIL BEANIE,calif_cc,1,,variant,色・サイズ・版,現物の色・サイズ・種類を確認してください,確認数量（元リストの商品単位） / 欠品・付属品の実際の内容 / 現物の色・品番・状態を確認,"qty!,photo!,color!,edition,condition!",https://brandavenue.rakuten.co.jp/item/RP4554/,,,,,,,B
PKGI-02666590,8月,BU-01005291,箱,PKG-01093742,399,FOSSIL BEANIE,calif_cc,1,,variant,色・サイズ・版,現物の色・サイズ・種類を確認してください,確認数量（元リストの商品単位） / 欠品・付属品の実際の内容 / 現物の色・品番・状態を確認,"qty!,photo!,color!,edition,condition!",,,,,,,,B
PKGI-02666591,8月,BU-01005291,箱,PKG-01093742,400,FOSSIL BEANIE,calif_cc,1,,variant,色・サイズ・版,現物の色・サイズ・種類を確認してください,確認数量（元リストの商品単位） / 欠品・付属品の実際の内容 / 現物の色・品番・状態を確認,"qty!,photo!,color!,edition,condition!",,,,,,,,B
PKGI-02666592,8月,BU-01005291,箱,PKG-01093742,401,GEOMETRIC BEANIE,calif_cc,1,,variant,色・サイズ・版,現物の色・サイズ・種類を確認してください,確認数量（元リストの商品単位） / 欠品・付属品の実際の内容 / ブラック/ブルーの現物色・品番を確認,"qty!,photo!,color!,edition",https://mitsui-shopping-park.com/ec/p/1610000005495?mallColor=0701,,,,,,,B
PKGI-02666875,8月,BU-01005394,箱,PKG-01093770,402,2P SKULL WAPPEN  JERSEY STAND TRACK JACKET / スカルモチーフ ワッペン刺繍 ジャージ スタンドネック トラックジャケット,n-nine-store_com,1,,variant,色・サイズ・版,現物の色・サイズ・種類を確認してください,版・種類・サイズ・色,"qty!,color!,size!,edition,photo",https://wear.jp/item/99572479/,,,,,,,A
PKGI-02667392,8月,BU-01005579,箱,PKG-01061480,403,PULSE ［CD+DVD］＜初回限定盤/FOREVER YOUNG ver.＞ (???: 2026? 04? 22?),tower_jp,1,,variant,色・サイズ・版,現物の色・サイズ・種類を確認してください,説明文の未確認項目（サイズ・色・種類・構成など）,"qty!,color!,size!,edition,photo",https://tower.jp/item/item/7959854,,,,,,,C
PKGI-02667574,8月,BU-01005651,箱,PKG-01080051,404,AOD4 CROPPED ZIP-UP HOODIE,store_plusmember_jp,1,,identify,商品特定（撮影）,タグ・JAN・型番が写るように撮影し、点数を数えてください,タグ・JAN・型番・ブランド名を撮影、全体写真、数量,"qty!,photo!,candidate!,url",https://store.plusmember.jp/chanmina/products/detail.php?product_id=107396,https://store.plusmember.jp/chanmina/products/detail.php?product_id=107396,AOD4 CROPPED ZIP-UP HOODIE,1.00,,,,G
PKGI-02667575,8月,BU-01005651,箱,PKG-01080051,405,AOD4 BAG CHARM,store_plusmember_jp,1,,identify,商品特定（撮影）,タグ・JAN・型番が写るように撮影し、点数を数えてください,タグ・JAN・型番・ブランド名を撮影、全体写真、数量,"qty!,photo!,url",,,,,,,,H
PKGI-02667796,8月,BU-01005732,箱,PKG-01080085,406,#ERROR!,koncent_jp,1,,identify,商品特定（撮影）,タグ・JAN・型番が写るように撮影し、点数を数えてください,タグ・JAN・型番・ブランド名を撮影、全体写真、数量,"qty!,photo!,url",,,,,,,,H
PKGI-02668291,8月,BU-01005921,箱,PKG-01093826,408,4th Mini Album 'Caligo Pt.2' (ID PASS Ver.)(ランダムカバーバージョン),hmv_co_jp,1,,photo_count,撮影＋点数,全体を撮影して、点数を数えてください,確認数量（元リストの商品単位） / 欠品・付属品の実際の内容 / 封入種類・現物との根拠照合,"qty!,photo!",,,,,,,,B
PKGI-02668452,8月,BU-01005974,箱,PKG-01109887,410,【Empty old City】Concept EP「From Noir into Clair」／EoC 5th Anniversary OFFICIAL GOODS,findmestore_thinkr_jp,1,,set,セット内容,点数と、セットの中身（何が何個あるか）を確認してください,数量・セット内容,"qty!,set!,photo",https://findmestore.thinkr.jp/collections/empty-old-city/products/ktr-000-0212,,,,,,,D
PKGI-02668453,8月,BU-01005974,箱,PKG-01109887,411,【Empty old City】ステッカーセット／EoC 5th Anniversary OFFICIAL GOODS,findmestore_thinkr_jp,1,,set,セット内容,点数と、セットの中身（何が何個あるか）を確認してください,数量・セット内容,"qty!,set!,photo",https://findmestore.thinkr.jp/products/eoc-300-0041,,,,,,,D
PKGI-02668619,8月,BU-01006041,箱,PKG-01061256,412,Dr.STONE_にゅ?とろ 第二弾 アクリルジオラマ H キリサメ【予約】,colleize_com,1,,variant,色・サイズ・版,現物の色・サイズ・種類を確認してください,版・種類・サイズ・色、数量・セット内容、状態・未開封、画像と現物の一致,"qty!,color!,size!,edition,condition!,set,photo",https://store.menegi.jp/products/drstone_nt2_ad,,,,,,,A
PKGI-02668617,8月,BU-01006041,箱,PKG-01061256,413,Dr.STONE_にゅ?とろ 第二弾 オーロラアクリルキーホルダー H キリサメ【予約】,colleize_com,1,,variant,色・サイズ・版,現物の色・サイズ・種類を確認してください,版・種類・サイズ・色、数量・セット内容、状態・未開封、画像と現物の一致,"qty!,color!,size!,edition,condition!,set,photo",https://store.menegi.jp/products/drstone_nt2_ak,,,,,,,A
PKGI-02668618,8月,BU-01006041,箱,PKG-01061256,414,Dr.STONE_にゅ?とろ 第二弾 ホログラムステッカーシート H キリサメ【予約】,colleize_com,1,,variant,色・サイズ・版,現物の色・サイズ・種類を確認してください,版・種類・サイズ・色、数量・セット内容、状態・未開封、画像と現物の一致,"qty!,color!,size!,edition,condition!,set,photo",https://store.menegi.jp/products/drstone_nt2_hs,,,,,,,A
PKGI-02668616,8月,BU-01006041,箱,PKG-01061256,415,Dr.STONE_にゅ?とろ IDフォト風ミニミニスタンド H キリサメ【予約】,colleize_com,1,,identify,商品特定（撮影）,タグ・JAN・型番が写るように撮影し、点数を数えてください,タグ・JAN・型番・ブランド名を撮影、全体写真、数量,"qty!,photo!,url",,,,,,,,G
PKGI-02668620,8月,BU-01006041,箱,PKG-01061256,416,Dr.STONE_にゅ?とろ 第二弾 トレーディン蓄光缶バッジ 単品【予約】,colleize_com,1,,identify,商品特定（撮影）,タグ・JAN・型番が写るように撮影し、点数を数えてください,タグ・JAN・型番・ブランド名を撮影、全体写真、数量,"qty!,photo!,url",,,,,,,,H
PKGI-02668613,8月,BU-01006042,箱,PKG-01061694,417,We on Fire(メンバー盤) (ランダムバージョン) + '（特典あり）(発売日: 2026年04月21日)',tower_jp,3,,variant,色・サイズ・版,現物の色・サイズ・種類を確認してください,版・種類・サイズ・色、数量・セット内容、bonus_or_purchase_benefit_presence、状態・未開封,"qty!,color!,size!,edition,condition!,set,photo",https://tower.jp/item/7973918,,,,元帳数量保持・現物,,,A
PKGI-02668842,8月,BU-01006131,箱,PKG-01080294,422,P30th 主人公アクリルスタンド（P4） 【Release Date: 2026/04/22】,store_kadokawa_co_jp,1,,variant,色・サイズ・版,現物の色・サイズ・種類を確認してください,版・種類・サイズ・色,"qty!,color!,size!,edition,photo",https://store.kadokawa.co.jp/shop/g/g4984995908960/,,,,,,,A
PKGI-02668843,8月,BU-01006131,箱,PKG-01080294,423,P30th 主人公アクリルスタンド（P3） 【Release Date: 2026/04/22】,store_kadokawa_co_jp,1,,variant,色・サイズ・版,現物の色・サイズ・種類を確認してください,版・種類・サイズ・色、bonus_or_purchase_benefit_presence、状態・未開封,"qty!,color!,size!,edition,condition!,photo",https://store.kadokawa.co.jp/shop/g/g4984995908946/,,,,,,,A
PKGI-02668847,8月,BU-01006133,箱,PKG-01080239,424,P30th 主人公アクリルスタンド（P1） 【Release Date: 2026/04/22】,store_kadokawa_co_jp,1,,variant,色・サイズ・版,現物の色・サイズ・種類を確認してください,版・種類・サイズ・色,"qty!,color!,size!,edition,photo",https://store.kadokawa.co.jp/shop/g/g4984995908915/,,,,,,,A
PKGI-02668852,8月,BU-01006135,箱,PKG-01109891,425,Juli's cats Mug(マグカップ),suzuri_jp,1,,identify,商品特定（撮影）,タグ・JAN・型番が写るように撮影し、点数を数えてください,タグ・JAN・型番・ブランド名を撮影、全体写真、数量,"qty!,photo!,url",,,,,,,,G
PKGI-02663203,8月,BU-01006145,箱,PKG-01109888,426,Juli's cats(手帳型スマホケース),suzuri_jp,1,,identify,商品特定（撮影）,タグ・JAN・型番が写るように撮影し、点数を数えてください,タグ・JAN・型番・ブランド名を撮影、全体写真、数量,"qty!,photo!,url",,,,,,,,G
PKGI-02668860,8月,BU-01006145,箱,PKG-01109888,427,Juli's cats Mug(マグカップ),suzuri_jp,1,,identify,商品特定（撮影）,タグ・JAN・型番が写るように撮影し、点数を数えてください,タグ・JAN・型番・ブランド名を撮影、全体写真、数量,"qty!,photo!,url",,,,,,,,G
PKGI-02668867,8月,BU-01006147,箱,PKG-01080243,428,P30th 主人公アクリルスタンド（P2罰） 【Release Date: 2026/04/22】,store_kadokawa_co_jp,1,,variant,色・サイズ・版,現物の色・サイズ・種類を確認してください,版・種類・サイズ・色,"qty!,color!,size!,edition,photo",https://store.kadokawa.co.jp/shop/g/g4984995908939/,,,,,,,A
PKGI-02668868,8月,BU-01006147,箱,PKG-01080243,429,P30th 主人公キーホルダー（P2罰） 【Release Date: 2026/04/22】,store_kadokawa_co_jp,1,,variant,色・サイズ・版,現物の色・サイズ・種類を確認してください,版・種類・サイズ・色,"qty!,color!,size!,edition,photo",https://store.kadokawa.co.jp/shop/g/g4984995909011/,,,,,,,A
PKGI-02669035,8月,BU-01006214,箱,PKG-01109967,430,FIGURE,eveofficialstore_com,1,,identify,商品特定（撮影）,タグ・JAN・型番が写るように撮影し、点数を数えてください,タグ・JAN・型番・ブランド名を撮影、全体写真、数量,"qty!,photo!,candidate!,url",https://www.eveofficialstore.com/view/item/000000000291,https://www.eveofficialstore.com/view/item/000000000291,,,,,,G
PKGI-02669444,8月,BU-01006373,箱,PKG-01061592,432,限定展開 TACOBELL×FREAK'S STORE 別注 ビッグシルエット バックプリント  クルーネック Tシャツ,freaksstore_com,1,,identify,商品特定（撮影）,タグ・JAN・型番が写るように撮影し、点数を数えてください,タグ・JAN・型番・ブランド名を撮影、全体写真、数量,"qty!,photo!,url",,,,,,,,G
PKGI-02669442,8月,BU-01006374,箱,PKG-01078153,433,“THIS THING OF OURS” A BOOK BY  LIVING PROOF,provtokyo_com,1,,photo_count,撮影＋点数,全体を撮影して、点数を数えてください,元帳数量保持・現物未確認,"qty!,photo!",https://provtokyo.com/items/69e443a53ffd8efec8f665a2,,,,元帳数量保持・現物,,,B
PKGI-02669468,8月,BU-01006384,箱,PKG-01109968,434,キングダム ハーツ ／ アイコニック スカート,mayla_jp,1,,variant,色・サイズ・版,現物の色・サイズ・種類を確認してください,版・種類・サイズ・色,"qty!,color!,size!,edition,photo",https://mayla.jp/SHOP/bta0028.html,,,,,,,A
PKGI-02669519,8月,BU-01006397,箱,PKG-01077705,435,P30th 校章ピンバッジセット 【Release Date: 2026/04/22】,store_kadokawa_co_jp,1,,variant,色・サイズ・版,現物の色・サイズ・種類を確認してください,版・種類・サイズ・色,"qty!,color!,size!,edition,photo",https://store.kadokawa.co.jp/shop/g/g4984995909431/,,,,,,,A
PKGI-02669520,8月,BU-01006397,箱,PKG-01077705,436,P30th 主人公アクリルスタンド（P1） 【Release Date: 2026/04/22】,store_kadokawa_co_jp,1,,variant,色・サイズ・版,現物の色・サイズ・種類を確認してください,版・種類・サイズ・色,"qty!,color!,size!,edition,photo",,,,,,,,A
PKGI-02669521,8月,BU-01006397,箱,PKG-01077705,437,P30th 主人公アクリルスタンド（P2罪） 【Release Date: 2026/04/22】,store_kadokawa_co_jp,1,,variant,色・サイズ・版,現物の色・サイズ・種類を確認してください,版・種類・サイズ・色,"qty!,color!,size!,edition,photo",https://store.kadokawa.co.jp/shop/g/g4984995908922/,,,,,,,A
PKGI-02669522,8月,BU-01006397,箱,PKG-01077705,438,P30th 主人公アクリルスタンド（P2罰） 【Release Date: 2026/04/22】,store_kadokawa_co_jp,1,,variant,色・サイズ・版,現物の色・サイズ・種類を確認してください,版・種類・サイズ・色,"qty!,color!,size!,edition,photo",,,,,,,,A
PKGI-02669523,8月,BU-01006397,箱,PKG-01077705,439,P30th 主人公アクリルスタンド（P3） 【Release Date: 2026/04/22】,store_kadokawa_co_jp,1,,variant,色・サイズ・版,現物の色・サイズ・種類を確認してください,版・種類・サイズ・色、bonus_or_purchase_benefit_presence、状態・未開封,"qty!,color!,size!,edition,condition!,photo",,,,,,,,A
PKGI-02669524,8月,BU-01006397,箱,PKG-01077705,440,P30th 主人公アクリルスタンド（P3P） 【Release Date: 2026/04/22】,store_kadokawa_co_jp,1,,variant,色・サイズ・版,現物の色・サイズ・種類を確認してください,版・種類・サイズ・色,"qty!,color!,size!,edition,photo",https://store.kadokawa.co.jp/shop/g/g4984995908953/,,,,,,,A
PKGI-02669525,8月,BU-01006397,箱,PKG-01077705,441,P30th 主人公アクリルスタンド（P4） 【Release Date: 2026/04/22】,store_kadokawa_co_jp,1,,variant,色・サイズ・版,現物の色・サイズ・種類を確認してください,版・種類・サイズ・色,"qty!,color!,size!,edition,photo",,,,,,,,A
PKGI-02669526,8月,BU-01006397,箱,PKG-01077705,442,P30th 主人公アクリルスタンド（P5） 【Release Date: 2026/04/22】,store_kadokawa_co_jp,1,,variant,色・サイズ・版,現物の色・サイズ・種類を確認してください,版・種類・サイズ・色,"qty!,color!,size!,edition,photo",https://store.kadokawa.co.jp/shop/g/g4984995908977/,,,,,,,A
PKGI-02669527,8月,BU-01006397,箱,PKG-01077705,443,P30th 主人公アクリルスタンド（P5X） 【Release Date: 2026/04/22】,store_kadokawa_co_jp,1,,variant,色・サイズ・版,現物の色・サイズ・種類を確認してください,版・種類・サイズ・色,"qty!,color!,size!,edition,photo",https://store.kadokawa.co.jp/shop/g/g4984995908984/,,,,,,,A
PKGI-02669532,8月,BU-01006400,箱,PKG-01080291,444,P30th KV Tシャツ Mサイズ 【Release Date: 2026/04/22】,store_kadokawa_co_jp,1,,variant,色・サイズ・版,現物の色・サイズ・種類を確認してください,版・種類・サイズ・色,"qty!,color!,size!,edition,photo",https://store.kadokawa.co.jp/shop/g/g4984995909196/,,,,,,,A
PKGI-02669587,8月,BU-01006430,箱,PKG-01093861,445,Hinomaru JDM 34 Skateboard,lbwk_jp,1,,variant,色・サイズ・版,現物の色・サイズ・種類を確認してください,説明文の未確認項目（サイズ・色・種類・構成など）,"qty!,color!,size!,edition,photo",https://lbwk.jp/products/sk18-34,,,,,,,C
PKGI-02669607,8月,BU-01006434,箱,PKG-01080285,447,P30th 校章ピンバッジセット 【Release Date: 2026/04/22】,store_kadokawa_co_jp,1,,variant,色・サイズ・版,現物の色・サイズ・種類を確認してください,版・種類・サイズ・色,"qty!,color!,size!,edition,photo",,,,,,,,A
PKGI-02669608,8月,BU-01006434,箱,PKG-01080285,448,P30th 主人公アクリルスタンド（P5） 【Release Date: 2026/04/22】,store_kadokawa_co_jp,1,,variant,色・サイズ・版,現物の色・サイズ・種類を確認してください,版・種類・サイズ・色,"qty!,color!,size!,edition,photo",,,,,,,,A
PKGI-02669744,8月,BU-01006471,箱,PKG-01080342,449,P30th 主人公アクリルスタンド（P3P） 【Release Date: 2026/04/22】,store_kadokawa_co_jp,1,,variant,色・サイズ・版,現物の色・サイズ・種類を確認してください,版・種類・サイズ・色,"qty!,color!,size!,edition,photo",,,,,,,,A
PKGI-02669919,8月,BU-01006529,箱,PKG-01080293,450,P30th 主人公アクリルスタンド（P4） 【Release Date: 2026/04/22】,store_kadokawa_co_jp,1,,variant,色・サイズ・版,現物の色・サイズ・種類を確認してください,版・種類・サイズ・色,"qty!,color!,size!,edition,photo",,,,,,,,A
PKGI-02669954,8月,BU-01006542,箱,PKG-01080298,451,P30th KV T-shirt L size 【Release Date: 2026/04/22】,store_kadokawa_co_jp,1,,variant,色・サイズ・版,現物の色・サイズ・種類を確認してください,版・種類・サイズ・色、bonus_or_purchase_benefit_presence、状態・未開封,"qty!,color!,size!,edition,condition!,photo",https://store.kadokawa.co.jp/shop/g/g4984995909202/,,,,,,,A
PKGI-02669966,8月,BU-01006549,箱,PKG-01080250,452,P30th モルガナカー ティッシュケース（P5） 【Release Date: 2026/04/22】,store_kadokawa_co_jp,1,,variant,色・サイズ・版,現物の色・サイズ・種類を確認してください,版・種類・サイズ・色,"qty!,color!,size!,edition,photo",https://store.kadokawa.co.jp/shop/g/g4984995909448/,,,,,,,A
PKGI-02670062,8月,BU-01006571,箱,PKG-01077885,453,P30th 主人公アクリルスタンド（P3P） 【Release Date: 2026/04/22】,store_kadokawa_co_jp,1,,variant,色・サイズ・版,現物の色・サイズ・種類を確認してください,版・種類・サイズ・色,"qty!,color!,size!,edition,photo",,,,,,,,A
PKGI-02670063,8月,BU-01006571,箱,PKG-01077885,454,P30th 主人公アクリルスタンド（P3） 【Release Date: 2026/04/22】,store_kadokawa_co_jp,1,,variant,色・サイズ・版,現物の色・サイズ・種類を確認してください,版・種類・サイズ・色、bonus_or_purchase_benefit_presence、状態・未開封,"qty!,color!,size!,edition,condition!,photo",,,,,,,,A
PKGI-02670064,8月,BU-01006571,箱,PKG-01077885,455,P30th 主人公アクリルスタンド（P2罰） 【Release Date: 2026/04/22】,store_kadokawa_co_jp,1,,variant,色・サイズ・版,現物の色・サイズ・種類を確認してください,版・種類・サイズ・色,"qty!,color!,size!,edition,photo",,,,,,,,A
PKGI-02670060,8月,BU-01006571,箱,PKG-01077885,456,P30th 主人公キーホルダー（P3） 【Release Date: 2026/04/22】,store_kadokawa_co_jp,1,,variant,色・サイズ・版,現物の色・サイズ・種類を確認してください,版・種類・サイズ・色,"qty!,color!,size!,edition,photo",https://store.kadokawa.co.jp/shop/g/g4984995909028/,,,,,,,A
PKGI-02670061,8月,BU-01006571,箱,PKG-01077885,457,P30th KV 缶バッジ（P1） 【Release Date: 2026/04/22】,store_kadokawa_co_jp,1,,variant,色・サイズ・版,現物の色・サイズ・種類を確認してください,版・種類・サイズ・色,"qty!,color!,size!,edition,photo",https://store.kadokawa.co.jp/shop/g/g4984995909257/,,,,,,,A
PKGI-02670073,8月,BU-01006580,箱,PKG-01077724,458,P30th 主人公アクリルスタンド（P3P） 【Release Date: 2026/04/22】,store_kadokawa_co_jp,1,,variant,色・サイズ・版,現物の色・サイズ・種類を確認してください,版・種類・サイズ・色,"qty!,color!,size!,edition,photo",,,,,,,,A
PKGI-02670118,8月,BU-01006592,箱,PKG-01077700,459,P30th ???? ??? 2way ???(P3) 【Release Date: 2026/04/22】,store_kadokawa_co_jp,1,,identify,商品特定（撮影）,タグ・JAN・型番が写るように撮影し、点数を数えてください,タグ・JAN・型番・ブランド名を撮影、全体写真、数量,"qty!,photo!,url",,,,,,,,G
PKGI-02670116,8月,BU-01006592,箱,PKG-01077700,460,P30th ??? ??? ???(P4) 【Release Date: 2026/04/22】,store_kadokawa_co_jp,1,,identify,商品特定（撮影）,タグ・JAN・型番が写るように撮影し、点数を数えてください,タグ・JAN・型番・ブランド名を撮影、全体写真、数量,"qty!,photo!,url",,,,,,,,G
PKGI-02471411,8月,BU-01006592,箱,PKG-01077700,461,P4G ?? ? ?? (???),store_kadokawa_co_jp,1,,identify,商品特定（撮影）,タグ・JAN・型番が写るように撮影し、点数を数えてください,タグ・JAN・型番・ブランド名を撮影、全体写真、数量,"qty!,photo!,url",,,,,,,,H
PKGI-02670119,8月,BU-01006592,箱,PKG-01077700,462,P30th ??? ??? ?? ???(P4) 【Release Date: 2026/04/22】,store_kadokawa_co_jp,1,,identify,商品特定（撮影）,タグ・JAN・型番が写るように撮影し、点数を数えてください,タグ・JAN・型番・ブランド名を撮影、全体写真、数量,"qty!,photo!,url",,,,,,,,G
PKGI-02670120,8月,BU-01006592,箱,PKG-01077700,463,P30th ??? ???(P4) 【Release Date: 2026/04/22】,store_kadokawa_co_jp,1,,identify,商品特定（撮影）,タグ・JAN・型番が写るように撮影し、点数を数えてください,タグ・JAN・型番・ブランド名を撮影、全体写真、数量,"qty!,photo!,url",,,,,,,,G
PKGI-02670117,8月,BU-01006592,箱,PKG-01077700,464,P30th KV ? ??(P4) 【Release Date: 2026/04/22】,store_kadokawa_co_jp,1,,identify,商品特定（撮影）,タグ・JAN・型番が写るように撮影し、点数を数えてください,タグ・JAN・型番・ブランド名を撮影、全体写真、数量,"qty!,photo!,url",,,,,,,,H
PKGI-02670247,8月,BU-01006631,箱,PKG-01080403,467,テクニック+1 ストッキング,shop_claudiopandiani_com,2,,variant,色・サイズ・版,現物の色・サイズ・種類を確認してください,確認数量（元リストの商品単位） / 欠品・付属品の実際の内容 / 現物のサイズ・色・左右の揃いを確認,"qty!,photo!,color!,size!,edition",https://www.soccermarket.jp/shopdetail/000000001311/,,,,,,,B
PKGI-02670249,8月,BU-01006631,箱,PKG-01080403,468,【KIDS】パイド 半袖TEE,shop_claudiopandiani_com,1,,variant,色・サイズ・版,現物の色・サイズ・種類を確認してください,版・種類・サイズ・色、数量・セット内容、状態・未開封,"qty!,color!,size!,edition,condition!,set,photo",https://cpshop.claudiopandiani.com/products/cp26a35k,,,,現物,,,A
PKGI-02670264,8月,BU-01006638,箱,PKG-01077711,470,P30th 主人公アクリルスタンド（P3P） 【Release Date: 2026/04/22】,store_kadokawa_co_jp,1,,variant,色・サイズ・版,現物の色・サイズ・種類を確認してください,版・種類・サイズ・色,"qty!,color!,size!,edition,photo",,,,,,,,A
PKGI-02670263,8月,BU-01006638,箱,PKG-01077711,471,P30th KV 缶バッジ（P3P） 【Release Date: 2026/04/22】,store_kadokawa_co_jp,1,,variant,色・サイズ・版,現物の色・サイズ・種類を確認してください,版・種類・サイズ・色,"qty!,color!,size!,edition,photo",https://store.kadokawa.co.jp/shop/g/g4984995909295/,,,,,,,A
PKGI-02670393,8月,BU-01006679,箱,PKG-01080276,472,P30th Main Character Acrylic Stand (P1) 【Release Date: 2026/04/22】,store_kadokawa_co_jp,1,,variant,色・サイズ・版,現物の色・サイズ・種類を確認してください,版・種類・サイズ・色、bonus_or_purchase_benefit_presence、状態・未開封,"qty!,color!,size!,edition,condition!,photo",https://store.kadokawa.co.jp/shop/g/g4984995908915/,,,,,,,A
PKGI-02670394,8月,BU-01006679,箱,PKG-01080276,473,P30th Main Character Acrylic Stand (P2 Sin) 【Release Date: 2026/04/22】,store_kadokawa_co_jp,1,,variant,色・サイズ・版,現物の色・サイズ・種類を確認してください,版・種類・サイズ・色、bonus_or_purchase_benefit_presence、状態・未開封,"qty!,color!,size!,edition,condition!,photo",https://store.kadokawa.co.jp/shop/g/g4984995908922/,,,,,,,A
PKGI-02670395,8月,BU-01006679,箱,PKG-01080276,474,P30th Main Character Acrylic Stand (P2 Punishment) 【Release Date: 2026/04/22】,store_kadokawa_co_jp,1,,variant,色・サイズ・版,現物の色・サイズ・種類を確認してください,版・種類・サイズ・色、bonus_or_purchase_benefit_presence、状態・未開封,"qty!,color!,size!,edition,condition!,photo",https://store.kadokawa.co.jp/shop/g/g4984995908939/,,,,,,,A
PKGI-02670396,8月,BU-01006679,箱,PKG-01080276,475,P30th Main Character Acrylic Stand (P3) 【Release Date: 2026/04/22】,store_kadokawa_co_jp,1,,variant,色・サイズ・版,現物の色・サイズ・種類を確認してください,版・種類・サイズ・色、bonus_or_purchase_benefit_presence、状態・未開封,"qty!,color!,size!,edition,condition!,photo",https://store.kadokawa.co.jp/shop/g/g4984995908946/,,,,,,,A
PKGI-02670397,8月,BU-01006679,箱,PKG-01080276,476,P30th Main Character Acrylic Stand (P3P) 【Release Date: 2026/04/22】,store_kadokawa_co_jp,1,,variant,色・サイズ・版,現物の色・サイズ・種類を確認してください,版・種類・サイズ・色、bonus_or_purchase_benefit_presence、状態・未開封,"qty!,color!,size!,edition,condition!,photo",https://store.kadokawa.co.jp/shop/g/g4984995908953/,,,,,,,A
PKGI-02670398,8月,BU-01006679,箱,PKG-01080276,477,P30th Main Character Acrylic Stand (P4) 【Release Date: 2026/04/22】,store_kadokawa_co_jp,1,,variant,色・サイズ・版,現物の色・サイズ・種類を確認してください,版・種類・サイズ・色、bonus_or_purchase_benefit_presence、状態・未開封,"qty!,color!,size!,edition,condition!,photo",https://store.kadokawa.co.jp/shop/g/g4984995908960/,,,,,,,A
PKGI-02670399,8月,BU-01006679,箱,PKG-01080276,478,P30th Main Character Acrylic Stand (P5) 【Release Date: 2026/04/22】,store_kadokawa_co_jp,1,,variant,色・サイズ・版,現物の色・サイズ・種類を確認してください,版・種類・サイズ・色、bonus_or_purchase_benefit_presence、状態・未開封,"qty!,color!,size!,edition,condition!,photo",https://store.kadokawa.co.jp/shop/g/g4984995908977/,,,,,,,A
PKGI-02670400,8月,BU-01006679,箱,PKG-01080276,479,P30th Main Character Acrylic Stand (P5X) 【Release Date: 2026/04/22】,store_kadokawa_co_jp,1,,variant,色・サイズ・版,現物の色・サイズ・種類を確認してください,版・種類・サイズ・色、bonus_or_purchase_benefit_presence、状態・未開封,"qty!,color!,size!,edition,condition!,photo",https://store.kadokawa.co.jp/shop/g/g4984995908984/,,,,,,,A
PKGI-02670439,8月,BU-01006689,箱,PKG-01061522,480,【伝説のバズりワンピ】バストフレアミニワンピース,ec-store_net,1,,variant,色・サイズ・版,現物の色・サイズ・種類を確認してください,確認数量（元リストの商品単位） / 欠品・付属品の実際の内容 / 色・サイズ・種類の現物と根拠照合 / 色・S/M・タグの素材混率を確認。柄WHTと他色の素材を混用しない,"qty!,photo!,color!,size!,edition",https://www.ec-store.net/sws/g/g13975274/,,,,,,,B
PKGI-02670642,8月,BU-01006747,箱,PKG-01077944,481,P30th パッケージアート 缶バッジ（BOX） 【Release Date: 2026/04/22】,store_kadokawa_co_jp,1,,variant,色・サイズ・版,現物の色・サイズ・種類を確認してください,版・種類・サイズ・色,"qty!,color!,size!,edition,photo",https://store.kadokawa.co.jp/shop/g/g4984995909578/,,,,,,,A
PKGI-02670641,8月,BU-01006747,箱,PKG-01077944,482,P30th 校章ピンバッジセット 【Release Date: 2026/04/22】,store_kadokawa_co_jp,1,,variant,色・サイズ・版,現物の色・サイズ・種類を確認してください,版・種類・サイズ・色,"qty!,color!,size!,edition,photo",,,,,,,,A
PKGI-02670683,8月,BU-01006758,箱,PKG-01077934,484,P30th KV オリジナルパーカー Lサイズ 【Release Date: 2026/04/22】,store_kadokawa_co_jp,1,,variant,色・サイズ・版,現物の色・サイズ・種類を確認してください,版・種類・サイズ・色,"qty!,color!,size!,edition,photo",https://store.kadokawa.co.jp/shop/g/g4984995909165/,,,,,,,A
PKGI-02670733,8月,BU-01006776,箱,PKG-01077924,485,P30th 校章ピンバッジセット 【Release Date: 2026/04/22】,store_kadokawa_co_jp,1,,variant,色・サイズ・版,現物の色・サイズ・種類を確認してください,版・種類・サイズ・色,"qty!,color!,size!,edition,photo",,,,,,,,A
PKGI-02656664,8月,BU-01006792,箱,PKG-01079575,486,【予約販売】カモフラージュ コンシーラーチーク,store_brilliage_jp,1,,variant,色・サイズ・版,現物の色・サイズ・種類を確認してください,版・種類・サイズ・色、数量・セット内容、bonus_or_purchase_benefit_presence、状態・未開封,"qty!,color!,size!,edition,condition!,set,photo",,,,,,,,A
PKGI-02668787,8月,BU-01006792,箱,PKG-01079575,487,【予約販売】ワイドフィンガーブラシ -2026年5月中旬より順次発送-,store_brilliage_jp,1,,set,セット内容,点数と、セットの中身（何が何個あるか）を確認してください,数量・セット内容、状態・未開封,"qty!,set!,condition!,photo",https://brilliage.jp/products/13399,,,,,,,D
PKGI-02670894,8月,BU-01006835,箱,PKG-01077889,488,P30th 校章ピンバッジセット 【Release Date: 2026/04/22】,store_kadokawa_co_jp,1,,variant,色・サイズ・版,現物の色・サイズ・種類を確認してください,版・種類・サイズ・色,"qty!,color!,size!,edition,photo",,,,,,,,A
PKGI-02670895,8月,BU-01006835,箱,PKG-01077889,489,P30th 主人公アクリルスタンド（P3） 【Release Date: 2026/04/22】,store_kadokawa_co_jp,1,,variant,色・サイズ・版,現物の色・サイズ・種類を確認してください,版・種類・サイズ・色、bonus_or_purchase_benefit_presence、状態・未開封,"qty!,color!,size!,edition,condition!,photo",,,,,,,,A
PKGI-02670896,8月,BU-01006835,箱,PKG-01077889,490,P30th 主人公アクリルスタンド（P4） 【Release Date: 2026/04/22】,store_kadokawa_co_jp,1,,variant,色・サイズ・版,現物の色・サイズ・種類を確認してください,版・種類・サイズ・色,"qty!,color!,size!,edition,photo",,,,,,,,A
PKGI-02670897,8月,BU-01006835,箱,PKG-01077889,491,P30th 主人公アクリルスタンド（P5） 【Release Date: 2026/04/22】,store_kadokawa_co_jp,1,,variant,色・サイズ・版,現物の色・サイズ・種類を確認してください,版・種類・サイズ・色,"qty!,color!,size!,edition,photo",,,,,,,,A
PKGI-02670946,8月,BU-01006852,箱,PKG-01061835,492,【wiggle wiggle(ウィグルウィグル)】コラボ ワイヤレスヘッドホン,dot-st_com,1,,photo_count,撮影＋点数,全体を撮影して、点数を数えてください,元帳数量保持・現物未確認,"qty!,photo!",https://www.dot-st.com/nikoand/disp/item/640289/,,,,元帳数量保持・現物,,,B
PKGI-02671017,8月,BU-01006875,箱,PKG-01080313,493,P30th KV オリジナルパーカー XLサイズ 【Release Date: 2026/04/22】,store_kadokawa_co_jp,1,,variant,色・サイズ・版,現物の色・サイズ・種類を確認してください,版・種類・サイズ・色,"qty!,color!,size!,edition,photo",https://store.kadokawa.co.jp/shop/g/g4984995909172/,,,,,,,A
PKGI-02671016,8月,BU-01006875,箱,PKG-01080313,494,P30th 校章ピンバッジセット 【Release Date: 2026/04/22】,store_kadokawa_co_jp,1,,variant,色・サイズ・版,現物の色・サイズ・種類を確認してください,版・種類・サイズ・色,"qty!,color!,size!,edition,photo",,,,,,,,A
PKGI-02671161,8月,BU-01006914,箱,PKG-01077870,495,Synthesizer V 2 AI フリモメン,ah-soft_net,1,,variant,色・サイズ・版,現物の色・サイズ・種類を確認してください,版・種類・サイズ・色、数量・セット内容、状態・未開封,"qty!,color!,size!,edition,condition!,set,photo",https://www.ah-soft.net/shopdetail/000000001821/,,,,,,,A
PKGI-02671594,8月,BU-01007061,箱,PKG-01080371,496,STRICT-G×THE KISS『機動戦士ガンダム 鉄血のオルフェンズ』三日月・オーガス　シルバーリング【発送予定：2026年4月下旬】,fanfunmarket_jp,1,,identify,商品特定（撮影）,タグ・JAN・型番が写るように撮影し、点数を数えてください,タグ・JAN・型番・ブランド名を撮影、全体写真、数量,"qty!,photo!,url",,,,,,,,H
PKGI-02671747,8月,BU-01007120,箱,PKG-01078127,497,手ぬぐい「マイコ・ロード」,eirakuya_jp,1,,identify,商品特定（撮影）,タグ・JAN・型番が写るように撮影し、点数を数えてください,タグ・JAN・型番・ブランド名を撮影、全体写真、数量,"qty!,photo!,candidate!,url",https://www.eirakuya.jp/view/item/000000002709?category_page_id=ct136,https://www.eirakuya.jp/view/item/000000002709?category_page_id=ct136,,,,,,G
PKGI-02671804,8月,BU-01007148,箱,PKG-01078042,501,CAMBIO經典葉紋提花短? (CAM26SS-011) - 預購將於四月下旬至五月初開放。,cambio_co_jp,1,,identify,商品特定（撮影）,タグ・JAN・型番が写るように撮影し、点数を数えてください,タグ・JAN・型番・ブランド名を撮影、全体写真、数量,"qty!,photo!,url",,,,,,,,H
PKGI-02671948,8月,BU-01007191,箱,PKG-01077764,502,P30th 主人公アクリルスタンド（P3P） 【Release Date: 2026/04/22】,store_kadokawa_co_jp,1,,variant,色・サイズ・版,現物の色・サイズ・種類を確認してください,版・種類・サイズ・色,"qty!,color!,size!,edition,photo",,,,,,,,A
PKGI-02671950,8月,BU-01007191,箱,PKG-01077764,503,P30th 主人公クリアマルチケース（P3P） 【Release Date: 2026/04/22】,store_kadokawa_co_jp,1,,variant,色・サイズ・版,現物の色・サイズ・種類を確認してください,版・種類・サイズ・色,"qty!,color!,size!,edition,photo",https://store.kadokawa.co.jp/shop/g/g4984995909110/,,,,,,,A
PKGI-02671949,8月,BU-01007191,箱,PKG-01077764,504,P30th 主人公キーホルダー（P3P） 【Release Date: 2026/04/22】,store_kadokawa_co_jp,1,,variant,色・サイズ・版,現物の色・サイズ・種類を確認してください,版・種類・サイズ・色,"qty!,color!,size!,edition,photo",https://store.kadokawa.co.jp/shop/g/g4984995909035/,,,,,,,A
PKGI-02671947,8月,BU-01007191,箱,PKG-01077764,505,P30th KV 缶バッジ（P3P） 【Release Date: 2026/04/22】,store_kadokawa_co_jp,1,,variant,色・サイズ・版,現物の色・サイズ・種類を確認してください,版・種類・サイズ・色,"qty!,color!,size!,edition,photo",,,,,,,,A
PKGI-02672044,8月,BU-01007226,箱,PKG-01077917,507,P30th 主人公アクリルスタンド（P2罪） 【Release Date: 2026/04/22】,store_kadokawa_co_jp,1,,variant,色・サイズ・版,現物の色・サイズ・種類を確認してください,版・種類・サイズ・色,"qty!,color!,size!,edition,photo",,,,,,,,A
PKGI-02672045,8月,BU-01007226,箱,PKG-01077917,508,P30th 主人公アクリルスタンド（P2罰） 【Release Date: 2026/04/22】,store_kadokawa_co_jp,1,,variant,色・サイズ・版,現物の色・サイズ・種類を確認してください,版・種類・サイズ・色,"qty!,color!,size!,edition,photo",,,,,,,,A
PKGI-02669323,8月,BU-01007311,箱,PKG-01080097,509,＜数量限定・どうぶつの森デザイン＞【MiteaORGANIC】セラムオイルリップスティック,cosmekitchen-webstore_jp,1,,variant,色・サイズ・版,現物の色・サイズ・種類を確認してください,版・種類・サイズ・色,"qty!,color!,size!,edition,photo",,,,,,,,A
PKGI-02672336,8月,BU-01007351,箱,PKG-01078317,510,NIKE - COTTON HOODIE TYO NPB GIANTS 読売ジャイアンツ TYO×Swoosh【IO9862-010】,homegame-tokyo_com,1,,variant,色・サイズ・版,現物の色・サイズ・種類を確認してください,版・種類・サイズ・色,"qty!,color!,size!,edition,photo",https://homegame-tokyo.com/products/314405250801,,,,,,,A
PKGI-02672673,8月,BU-01007485,箱,PKG-01078355,511,『hololive English』×「Astromeda」ゲーミングラバーマウスパッド【Myth】,shop_mining-base_co_jp,1,,photo_count,撮影＋点数,全体を撮影して、点数を数えてください,元帳数量保持・現物未確認,"qty!,photo!",https://shop.mining-base.co.jp/products/hololive-english-myth-rubber,,,,元帳数量保持・現物,,,B
PKGI-02672857,8月,BU-01007575,箱,PKG-01078248,512,【ガンバ大阪】BX-00 スターター コバルトドラグーン9-60F メタルコート：ホワイト JリーグVer,store_jleague_jp,1,,variant,色・サイズ・版,現物の色・サイズ・種類を確認してください,確認数量（元リストの商品単位） / 欠品・付属品の実際の内容 / 色・サイズ・種類の現物と根拠照合,"qty!,photo!,color!,size!,edition",https://beyblade.takaratomy.co.jp/beyblade-x/lineup/bx00-cd_white.html,,,,,,,B
PKGI-02672858,8月,BU-01007575,箱,PKG-01078248,513,【鹿島アントラーズ】BX-00 スターター コバルトドラグーン9-60F メタルコート：ホワイト JリーグVer,store_jleague_jp,1,,variant,色・サイズ・版,現物の色・サイズ・種類を確認してください,確認数量（元リストの商品単位） / 欠品・付属品の実際の内容 / 色・サイズ・種類の現物と根拠照合,"qty!,photo!,color!,size!,edition",https://beyblade.takaratomy.co.jp/beyblade-x/lineup/bx00-cd_white.html,,,,,,,B
PKGI-02672901,8月,BU-01007597,箱,PKG-01077981,514,SAKURA Key Chain (5月上旬頃より順次発送) [tonari-no-zingaro],zingaro_shop,1,,identify,商品特定（撮影）,タグ・JAN・型番が写るように撮影し、点数を数えてください,タグ・JAN・型番・ブランド名を撮影、全体写真、数量,"qty!,photo!,url",,,,,,,,H
PKGI-02672900,8月,BU-01007597,箱,PKG-01077981,515,Cherry blossom Paper Bag ? Wide (5月上旬頃より順次発送) [tonari-no-zingaro],zingaro_shop,1,,identify,商品特定（撮影）,タグ・JAN・型番が写るように撮影し、点数を数えてください,タグ・JAN・型番・ブランド名を撮影、全体写真、数量,"qty!,photo!,url",,,,,,,,H
PKGI-02588052,8月,BU-01007642,箱,PKG-01053146,516,DCE2061105A0004 【Enlude/こなれ感UP◎】スウェットライク配色クルーカーディガン《ユニセックス》,palcloset_jp,1,,variant,色・サイズ・版,現物の色・サイズ・種類を確認してください,版・種類・サイズ・色,"qty!,color!,size!,edition,photo",https://www.palcloset.jp/display/item/DCE2061105A0004/,,,,,,,A
PKGI-02635664,8月,BU-01007642,箱,PKG-01053146,517,DCZ1061304A0037 【WEB限定】シャーリングキャミソール,palcloset_jp,1,,variant,色・サイズ・版,現物の色・サイズ・種類を確認してください,版・種類・サイズ・色,"qty!,color!,size!,edition,photo",https://www.palcloset.jp/display/item/DCZ1061304A0037/,,,,,,,A
PKGI-02635663,8月,BU-01007642,箱,PKG-01053146,518,DCU1061105A0002 【umm./5色展開】アイレットフリルニットカーディガン《WEB限定カラーあり》,palcloset_jp,1,,variant,色・サイズ・版,現物の色・サイズ・種類を確認してください,版・種類・サイズ・色,"qty!,color!,size!,edition,photo",https://www.palcloset.jp/display/item/DCU1061105A0002/,,,,,,,A
PKGI-02672986,8月,BU-01007642,箱,PKG-01053146,519,DCN1061204A0002 【Noka/高見え】ヴィンテージレースキャミチュニック,palcloset_jp,1,,photo_count,撮影＋点数,全体を撮影して、点数を数えてください,元帳数量保持・現物未確認,"qty!,photo!",https://www.palcloset.jp/display/item/DCN1061204A0002/,,,,元帳数量保持・現物,,,B
PKGI-02673182,8月,BU-01007729,箱,PKG-01078592,521,【Jih Nunc(ジーヌンク)】レーヨンリネンボートネックプルオーバーシャツ(JIH-R1158),cambio_co_jp,1,,variant,色・サイズ・版,現物の色・サイズ・種類を確認してください,版・種類・サイズ・色,"qty!,color!,size!,edition,photo",https://www.cambio.co.jp/c/brand/jihnunc/ms6379,,,,,,,A
PKGI-02674019,8月,BU-01008036,箱,PKG-01094127,522,ブシロード ラバーマットコレクション V2 エクストラ Vol.167 ラブライブ！サンシャイン!!『松浦果南』ラブカ感謝祭ver.,bushiroad-store_com,1,,variant,色・サイズ・版,現物の色・サイズ・種類を確認してください,版・種類・サイズ・色、数量・セット内容、状態・未開封、画像と現物の一致,"qty!,color!,size!,edition,condition!,set,photo",https://bushiroad-store.com/products/2000277715223,,,,,,,A
PKGI-02674020,8月,BU-01008036,箱,PKG-01094127,523,ラブライブ！シリーズ　オフィシャルカードゲーム　ラブカ感謝祭　B2半裁タペストリー μ's 高坂穂乃果,bushiroad-store_com,1,,variant,色・サイズ・版,現物の色・サイズ・種類を確認してください,版・種類・サイズ・色、数量・セット内容、状態・未開封、画像と現物の一致,"qty!,color!,size!,edition,condition!,set,photo",https://bushiroad-store.com/products/2000275135863,,,,,,,A
PKGI-02674021,8月,BU-01008036,箱,PKG-01094127,524,ラブライブ！シリーズ　オフィシャルカードゲーム　ラブカ感謝祭　記念アクリルカードキーホルダー Aqours 松浦果南,bushiroad-store_com,1,,identify,商品特定（撮影）,タグ・JAN・型番が写るように撮影し、点数を数えてください,タグ・JAN・型番・ブランド名を撮影、全体写真、数量,"qty!,photo!,url",,,,,,,,G
PKGI-02674022,8月,BU-01008036,箱,PKG-01094127,525,ラブライブ！シリーズ　オフィシャルカードゲーム　ラブカ感謝祭　記念アクリルカードキーホルダー μ's 東條 希,bushiroad-store_com,1,,identify,商品特定（撮影）,タグ・JAN・型番が写るように撮影し、点数を数えてください,タグ・JAN・型番・ブランド名を撮影、全体写真、数量,"qty!,photo!,url",,,,,,,,G
PKGI-02674023,8月,BU-01008036,箱,PKG-01094127,526,ラブライブ！シリーズ　オフィシャルカードゲーム　ラブカ感謝祭　記念アクリルカードキーホルダー μ's 西木野真姫,bushiroad-store_com,1,,identify,商品特定（撮影）,タグ・JAN・型番が写るように撮影し、点数を数えてください,タグ・JAN・型番・ブランド名を撮影、全体写真、数量,"qty!,photo!,url",,,,,,,,G
PKGI-02674191,8月,BU-01008099,箱,PKG-01078966,530,Designed by Regis Altare.『RegisAltare ZipHoodie』Bonus: Includes a postcard,popcornmuseum_net,1,,identify,商品特定（撮影）,タグ・JAN・型番が写るように撮影し、点数を数えてください,タグ・JAN・型番・ブランド名を撮影、全体写真、数量,"qty!,photo!,url",,,,,,,,G
PKGI-02674192,8月,BU-01008099,箱,PKG-01078966,531,Designed by Axel Syrios.『AxelSyrios jacket』Bonus: Includes a postcard,popcornmuseum_net,1,,identify,商品特定（撮影）,タグ・JAN・型番が写るように撮影し、点数を数えてください,タグ・JAN・型番・ブランド名を撮影、全体写真、数量,"qty!,photo!,url",,,,,,,,G
PKGI-02674636,8月,BU-01008289,箱,PKG-01078986,532,Synthesizer V AI 重音テト,ah-soft_net,1,,variant,色・サイズ・版,現物の色・サイズ・種類を確認してください,版・種類・サイズ・色、数量・セット内容、状態・未開封、画像と現物の一致、箱・袋の所在,"qty!,color!,size!,edition,condition!,set,photo",,,,,,,,A
PKGI-02674655,8月,BU-01008297,箱,PKG-01078978,533,Synthesizer V 2 AI 重音テト SV1重音テト優待版,ah-soft_net,1,,variant,色・サイズ・版,現物の色・サイズ・種類を確認してください,版・種類・サイズ・色、数量・セット内容、状態・未開封、画像と現物の一致、箱・袋の所在,"qty!,color!,size!,edition,condition!,set,photo",https://www.ah-soft.net/shopdetail/000000001826/,,,,,,,A
PKGI-02676135,8月,BU-01008738,箱,PKG-01123089,535,【受注販売：4月中旬頃より順次発送】GODZILLA | HOMEGAME REVERSIBLE SOUVENIR JACKET【HG251001】,homegame-tokyo_com,1,,identify,商品特定（撮影）,タグ・JAN・型番が写るように撮影し、点数を数えてください,タグ・JAN・型番・ブランド名を撮影、全体写真、数量,"qty!,photo!,url",,,,,,,,G
PKGI-02676655,8月,BU-01008943,箱,PKG-01123212,538,おかっぱマスキングテープ,avant-gardey_shop-pro_jp,1,,identify,商品特定（撮影）,タグ・JAN・型番が写るように撮影し、点数を数えてください,タグ・JAN・型番・ブランド名を撮影、全体写真、数量,"qty!,photo!,url",,,,,,,,H
PKGI-02676267,8月,BU-01008976,箱,PKG-01062222,540,1061030050 キラキラサイドスリットストレッチフレアデニムパンツ,palcloset_jp,1,,identify,商品特定（撮影）,タグ・JAN・型番が写るように撮影し、点数を数えてください,タグ・JAN・型番・ブランド名を撮影、全体写真、数量,"qty!,photo!,url",,,,,,,,G
PKGI-02676584,8月,BU-01008976,箱,PKG-01062222,541,CPZ1061402A0001 レースフレアレイヤードフリルパンツ,palcloset_jp,1,,variant,色・サイズ・版,現物の色・サイズ・種類を確認してください,版・種類・サイズ・色,"qty!,color!,size!,edition,photo",https://www.palcloset.jp/display/item/CPZ1061402A0001/,,,,,,,A
PKGI-02676716,8月,BU-01008976,箱,PKG-01062222,542,KAZ1061204A0005 【新色追加/4色展開/2026SSカタログ】クシュクシュブラウス,palcloset_jp,1,,photo_count,撮影＋点数,全体を撮影して、点数を数えてください,元帳数量保持・現物未確認,"qty!,photo!",https://www.palcloset.jp/display/item/KAZ1061204A0005/,,,,元帳数量保持・現物,,,B
PKGI-02677337,8月,BU-01009200,箱,PKG-01080595,544,80'S LEVI'S 517-1558 CORDUROY PANTS BLK (SIZE. W32 L32),webstore_berberjin_com,1,,identify,商品特定（撮影）,タグ・JAN・型番が写るように撮影し、点数を数えてください,タグ・JAN・型番・ブランド名を撮影、全体写真、数量,"qty!,photo!,url",,,,,,,,G
PKGI-02678129,8月,BU-01009437,箱,PKG-01094308,546,バブルシガレット(パロディ_4),kingsidea_jp,2,,identify,商品特定（撮影）,タグ・JAN・型番が写るように撮影し、点数を数えてください,タグ・JAN・型番・ブランド名を撮影、全体写真、数量,"qty!,photo!,url",,,,,,,,G
PKGI-02678130,8月,BU-01009437,箱,PKG-01094308,547,バブルシガレット(パロディ_2),kingsidea_jp,2,,identify,商品特定（撮影）,タグ・JAN・型番が写るように撮影し、点数を数えてください,タグ・JAN・型番・ブランド名を撮影、全体写真、数量,"qty!,photo!,url",,,,,,,,G
PKGI-02678132,8月,BU-01009437,箱,PKG-01094308,548,バブルシガレット(パロディ_6),kingsidea_jp,2,,identify,商品特定（撮影）,タグ・JAN・型番が写るように撮影し、点数を数えてください,タグ・JAN・型番・ブランド名を撮影、全体写真、数量,"qty!,photo!,url",,,,,,,,G
PKGI-02678131,8月,BU-01009437,箱,PKG-01094308,550,バブルシガレット(パロディ_5),kingsidea_jp,1,,identify,商品特定（撮影）,タグ・JAN・型番が写るように撮影し、点数を数えてください,タグ・JAN・型番・ブランド名を撮影、全体写真、数量,"qty!,photo!,url",,,,,,,,G
PKGI-02678135,8月,BU-01009437,箱,PKG-01094308,552,バブルシガレット(パロディ_3),kingsidea_jp,1,,identify,商品特定（撮影）,タグ・JAN・型番が写るように撮影し、点数を数えてください,タグ・JAN・型番・ブランド名を撮影、全体写真、数量,"qty!,photo!,url",,,,,,,,G
PKGI-02678596,8月,BU-01009677,箱,PKG-01123252,554,福聚守,senso-ji_online,5,,identify,商品特定（撮影）,タグ・JAN・型番が写るように撮影し、点数を数えてください,タグ・JAN・型番・ブランド名を撮影、全体写真、数量,"qty!,photo!,candidate!,url",https://senso-ji.online/?pid=154405623,https://senso-ji.online/?pid=154405623,,,,,,G
PKGI-02678597,8月,BU-01009677,箱,PKG-01123252,555,金龍の鈴守,senso-ji_online,5,,identify,商品特定（撮影）,タグ・JAN・型番が写るように撮影し、点数を数えてください,タグ・JAN・型番・ブランド名を撮影、全体写真、数量,"qty!,photo!,candidate!,url",https://senso-ji.online/?pid=154404984,https://senso-ji.online/?pid=154404984,,,,,,G
PKGI-02678600,8月,BU-01009677,箱,PKG-01123252,559,学業守,senso-ji_online,2,,identify,商品特定（撮影）,タグ・JAN・型番が写るように撮影し、点数を数えてください,タグ・JAN・型番・ブランド名を撮影、全体写真、数量,"qty!,photo!,candidate!,url",https://senso-ji.online/?pid=154392004,https://senso-ji.online/?pid=154392004,,,,,,G
PKGI-02678715,8月,BU-01009728,箱,PKG-01062338,561,【HERITANOVUM】シーアイランドコットンプルオーバー (グレー),elleshop_jp,1,,identify,商品特定（撮影）,タグ・JAN・型番が写るように撮影し、点数を数えてください,タグ・JAN・型番・ブランド名を撮影、全体写真、数量,"qty!,photo!,url",,,,,,,,G
PKGI-02679249,8月,BU-01009951,箱,PKG-01110693,564,”QUOTATION” ウルトラマン60周年企画スペシャル号「ウルトラマンはじまりと現在」【予約】,books_rakuten_co_jp,1,,photo_count,撮影＋点数,全体を撮影して、点数を数えてください,確認数量（元リストの商品単位） / 欠品・付属品の実際の内容 / 現物のISBN・付属物・版を確認,"qty!,photo!",https://www.hanmoto.com/bd/isbn/9784904431993,,,,,,,B
PKGI-02679543,8月,BU-01010063,箱,PKG-01094336,565,バブルシガレット(パロディ_1),kingsidea_jp,1,,identify,商品特定（撮影）,タグ・JAN・型番が写るように撮影し、点数を数えてください,タグ・JAN・型番・ブランド名を撮影、全体写真、数量,"qty!,photo!,url",,,,,,,,G
PKGI-02679544,8月,BU-01010063,箱,PKG-01094336,566,バブルシガレット(パロディ_2),kingsidea_jp,1,,identify,商品特定（撮影）,タグ・JAN・型番が写るように撮影し、点数を数えてください,タグ・JAN・型番・ブランド名を撮影、全体写真、数量,"qty!,photo!,url",,,,,,,,G
PKGI-02667524,8月,BU-01010186,箱,PKG-01094396,567,バブりさ＆ハレーともよ(Acrylic Block),suzuri_jp,1,,identify,商品特定（撮影）,タグ・JAN・型番が写るように撮影し、点数を数えてください,タグ・JAN・型番・ブランド名を撮影、全体写真、数量,"qty!,photo!,url",,,,,,,,H
PKGI-02679943,8月,BU-01010186,箱,PKG-01094396,568,宇宙人兄弟(Acrylic Stand),suzuri_jp,1,,identify,商品特定（撮影）,タグ・JAN・型番が写るように撮影し、点数を数えてください,タグ・JAN・型番・ブランド名を撮影、全体写真、数量,"qty!,photo!,url",,,,,,,,H
PKGI-02679945,8月,BU-01010186,箱,PKG-01094396,570,奈緒子とガウ子(Acrylic Key Chain),suzuri_jp,1,,identify,商品特定（撮影）,タグ・JAN・型番が写るように撮影し、点数を数えてください,タグ・JAN・型番・ブランド名を撮影、全体写真、数量,"qty!,photo!,url",,,,,,,,G
PKGI-02679963,8月,BU-01010191,箱,PKG-01110703,571,TVアニメ「葬送のフリーレン」 ウノ　葬送のフリーレン【予約】,books_rakuten_co_jp,2,,photo_count,撮影＋点数,全体を撮影して、点数を数えてください,元帳数量保持・現物未確認,"qty!,photo!",https://frieren-anime.jp/goods/sundries/5054/,,,,元帳数量保持・現物,,,B
PKGI-02611618,8月,BU-01010366,箱,PKG-01062600,572,一秒/Rebellion ［CD+DVD］＜初回盤A＞ + '（特典あり）(発売日: 2026年03月18日)',tower_jp,1,,variant,色・サイズ・版,現物の色・サイズ・種類を確認してください,版・種類・サイズ・色、数量・セット内容、bonus_or_purchase_benefit_presence、状態・未開封,"qty!,color!,size!,edition,condition!,set,photo",https://tower.jp/item/item/7964597,,,,元帳数量保持・現物,,,A
PKGI-02680449,8月,BU-01010366,箱,PKG-01062600,573,SAVE YOUR HEART/オドロウゼ!/BANG!! ［CD+DVD］＜初回盤A＞ + '（特典あり）(発売日: 2026年04月29日)',tower_jp,1,,variant,色・サイズ・版,現物の色・サイズ・種類を確認してください,説明文の未確認項目（サイズ・色・種類・構成など）,"qty!,color!,size!,edition,photo",https://tower.jp/item/7985815,,,,,,,C
PKGI-02680727,8月,BU-01010478,箱,PKG-01062461,574,"[Direct Store Exclusive] EDiT 2026 planner , Weekly Vertical Schedule, B6 Size, Nuanced Colors, Starting March 2026",online-marks_com,1,,identify,商品特定（撮影）,タグ・JAN・型番が写るように撮影し、点数を数えてください,タグ・JAN・型番・ブランド名を撮影、全体写真、数量,"qty!,photo!,url",,,,,,,,H
PKGI-02681415,8月,BU-01010702,箱,PKG-01123942,576,マルチウェイ ドローストリングバッグ K530,kiu-online_jp,1,,variant,色・サイズ・版,現物の色・サイズ・種類を確認してください,版・種類・サイズ・色、数量・セット内容、状態・未開封,"qty!,color!,size!,edition,condition!,set,photo",https://kiu-online.jp/products/k530,,,,,,,A
PKGI-02681711,8月,BU-01010820,箱,PKG-01123917,578,カジュアルトート（トレーニング用）,tokyo42195-shopping_org,1,,identify,商品特定（撮影）,タグ・JAN・型番が写るように撮影し、点数を数えてください,タグ・JAN・型番・ブランド名を撮影、全体写真、数量,"qty!,photo!,url",,,,,,,,H
PKGI-02681715,8月,BU-01010822,箱,PKG-01110887,579,青春のエキサイトメント (カラーヴァイナル仕様/2枚組/180グラム重量盤レコード),hmv_co_jp,1,,variant,色・サイズ・版,現物の色・サイズ・種類を確認してください,説明文の未確認項目（サイズ・色・種類・構成など）,"qty!,color!,size!,edition,photo",https://tower.jp/item/7979785,,,,,,,C
PKGI-02682073,8月,BU-01010973,箱,PKG-01110826,580,LOGO T,eveofficialstore_com,1,,variant,色・サイズ・版,現物の色・サイズ・種類を確認してください,版・種類・サイズ・色、状態・未開封、画像と現物の一致,"qty!,color!,size!,edition,condition!,photo",https://www.eveofficialstore.com/view/item/000000000127,,,,,,,A
PKGI-02682475,8月,BU-01011139,箱,PKG-01110879,582,青春のエキサイトメント (カラーヴァイナル仕様/2枚組/180グラム重量盤レコード),hmv_co_jp,1,,variant,色・サイズ・版,現物の色・サイズ・種類を確認してください,説明文の未確認項目（サイズ・色・種類・構成など）,"qty!,color!,size!,edition,photo",,,,,,,,C
PKGI-02682570,8月,BU-01011168,箱,PKG-01110839,583,青春のエキサイトメント (カラーヴァイナル仕様/2枚組/180グラム重量盤レコード),hmv_co_jp,1,,variant,色・サイズ・版,現物の色・サイズ・種類を確認してください,説明文の未確認項目（サイズ・色・種類・構成など）,"qty!,color!,size!,edition,photo",,,,,,,,C
PKGI-02682615,8月,BU-01011192,箱,PKG-01124374,584,water linen shirt [men's],shop_evameva_jp,1,,variant,色・サイズ・版,現物の色・サイズ・種類を確認してください,確認数量（元リストの商品単位） / 欠品・付属品の実際の内容 / 色・サイズ・種類の現物と根拠照合 / 現物の品番・色・サイズを確認,"qty!,photo!,color!,size!,edition",https://shop.evameva.jp/view/item/000000002526,,,,,,,B
PKGI-02682694,8月,BU-01011219,箱,PKG-01110718,585,キミとボク、まわるセカイ。,hmv_co_jp,1,,photo_count,撮影＋点数,全体を撮影して、点数を数えてください,確認数量（元リストの商品単位） / 欠品・付属品の実際の内容 / 盤の品番・媒体・初回仕様/特典を確認。構造化skuを未検証JANとして転記しない,"qty!,photo!",https://tower.jp/item/3239079,,,,,,,B
PKGI-02682864,8月,BU-01011286,箱,PKG-01124372,586,Xstamper全般 顔料系補充インキ 60ml      キャップレス9を含む、Xstamper全般のインキ補充に,shachihata_jp,1,,variant,色・サイズ・版,現物の色・サイズ・種類を確認してください,版・種類・サイズ・色,"qty!,color!,size!,edition,photo",https://www.shachihata.jp/products/detail.php?product_id=4376,,,,,,,A
PKGI-02683435,8月,BU-01011530,箱,PKG-01110901,587,青春のエキサイトメント (カラーヴァイナル仕様/2枚組/180グラム重量盤レコード),hmv_co_jp,1,,variant,色・サイズ・版,現物の色・サイズ・種類を確認してください,説明文の未確認項目（サイズ・色・種類・構成など）,"qty!,color!,size!,edition,photo",,,,,,,,C
PKGI-02683465,8月,BU-01011547,箱,PKG-01062632,588,BBG5059951C0200 DO-MO CONTROLLER　コントローラー型のポーチ,palcloset_jp,1,,variant,色・サイズ・版,現物の色・サイズ・種類を確認してください,版・種類・サイズ・色,"qty!,color!,size!,edition,photo",https://www.palcloset.jp/display/item/BBG5059951C0200/,,,,,,,A
PKGI-02683822,8月,BU-01011698,箱,PKG-01149095,591,【ナイジェル・ケーボン】MAN / ジップアップフーディー - パイル / ZIP UP HOODIE - PILE,cabourn_jp,1,,identify,商品特定（撮影）,タグ・JAN・型番が写るように撮影し、点数を数えてください,タグ・JAN・型番・ブランド名を撮影、全体写真、数量,"qty!,photo!,url",,,,,,,,G
PKGI-02683944,8月,BU-01011744,箱,PKG-01061367,592,イージー ボリューム バックツイル パンツ【限定展開】,freaksstore_com,1,,variant,色・サイズ・版,現物の色・サイズ・種類を確認してください,確認数量（元リストの商品単位） / 欠品・付属品の実際の内容 / 色・サイズ・種類の現物と根拠照合,"qty!,photo!,color!,size!,edition",https://www.daytona-park.com/item/1349248900116,,,,,,,B
PKGI-02683835,8月,BU-01011744,箱,PKG-01061367,593,イージー ボリューム バックツイル パンツ【限定展開】,freaksstore_com,1,,variant,色・サイズ・版,現物の色・サイズ・種類を確認してください,確認数量（元リストの商品単位） / 欠品・付属品の実際の内容 / 色・サイズ・種類の現物と根拠照合,"qty!,photo!,color!,size!,edition",,,,,,,,B
PKGI-02666931,8月,BU-01011744,箱,PKG-01061367,594,ピグメント ロゴクロップドスウェット,freaksstore_com,1,,variant,色・サイズ・版,現物の色・サイズ・種類を確認してください,確認数量（元リストの商品単位） / 欠品・付属品の実際の内容 / 現物の品番・年版・色サイズを照合。掲載25AWの品番を個体へ自動転記しない,"qty!,photo!,color!,size!,edition",https://brandavenue.rakuten.co.jp/item/QK7827/,,,,,,,B
PKGI-02666930,8月,BU-01011744,箱,PKG-01061367,595,スナップ ボタン ニット カーディガン【限定展開】,freaksstore_com,1,,identify,商品特定（撮影）,タグ・JAN・型番が写るように撮影し、点数を数えてください,タグ・JAN・型番・ブランド名を撮影、全体写真、数量,"qty!,photo!,url",,,,,,,,G
PKGI-02684226,8月,BU-01011843,箱,PKG-01124306,596,湯屋・狼と香辛料亭 木樽ジョッキ【復刻版】200ml,urakita_ocnk_net,1,,variant,色・サイズ・版,現物の色・サイズ・種類を確認してください,確認数量（元リストの商品単位） / 欠品・付属品の実際の内容 / 金箔風/銀箔風/夏色のどれか、刻印と現物状態を確認。公表約50gを発送重量に使わない,"qty!,photo!,color!,edition,condition!",https://urakita.ashitaka-works.com/products/%E6%B9%AF%E5%B1%8B-%E7%8B%BC%E3%81%A8%E9%A6%99%E8%BE%9B%E6%96%99%E4%BA%AD-%E6%9C%A8%E6%A8%BD%E3%82%B8%E3%83%A7%E3%83%83%E3%82%AD-%E5%BE%A9%E5%88%BB%E7%89%88-200ml,,,,,,,B
PKGI-02684253,8月,BU-01011856,箱,PKG-01149302,597,"NEW FAST SPEED PUNK 2026 (7"")",diskunion_net,1,,variant,色・サイズ・版,現物の色・サイズ・種類を確認してください,確認数量（元リストの商品単位） / 欠品・付属品の実際の内容 / ジャケット赤/白・プレス版・盤の状態と数量を確認,"qty!,photo!,edition,condition!",https://shop.chic-sale.com/?pid=190803336,,,,,,,B
PKGI-02684569,8月,BU-01011970,箱,PKG-01149057,598,キッズ　Ｔシャツ（100～120cm・RYOKKUMi ）(バースデイ)【予約】,shop-shimamura_com,1,,identify,商品特定（撮影）,タグ・JAN・型番が写るように撮影し、点数を数えてください,タグ・JAN・型番・ブランド名を撮影、全体写真、数量,"qty!,photo!,url",,,,,,,,G
PKGI-02684809,8月,BU-01012042,箱,PKG-01124502,600,"[Pre-order for select sizes and colors, arriving mid- to late April] [CAMBIO] Pintucked Stretch Ponte Collarless Jacket",cambio_co_jp,1,,identify,商品特定（撮影）,タグ・JAN・型番が写るように撮影し、点数を数えてください,タグ・JAN・型番・ブランド名を撮影、全体写真、数量,"qty!,photo!,url",,,,,,,,G
PKGI-02684973,8月,BU-01012093,箱,PKG-01094745,601,バブルシガレット(パロディ_4),kingsidea_jp,1,,identify,商品特定（撮影）,タグ・JAN・型番が写るように撮影し、点数を数えてください,タグ・JAN・型番・ブランド名を撮影、全体写真、数量,"qty!,photo!,url",,,,,,,,G
PKGI-02684974,8月,BU-01012093,箱,PKG-01094745,602,バブルシガレット(パロディ_2),kingsidea_jp,1,,identify,商品特定（撮影）,タグ・JAN・型番が写るように撮影し、点数を数えてください,タグ・JAN・型番・ブランド名を撮影、全体写真、数量,"qty!,photo!,url",,,,,,,,G
PKGI-02684976,8月,BU-01012093,箱,PKG-01094745,604,バブルシガレット(パロディ_5),kingsidea_jp,1,,identify,商品特定（撮影）,タグ・JAN・型番が写るように撮影し、点数を数えてください,タグ・JAN・型番・ブランド名を撮影、全体写真、数量,"qty!,photo!,url",,,,,,,,G
PKGI-02685015,8月,BU-01012098,箱,PKG-01124398,605,Cherry Blossom Plush Mascot Keychain (5月上旬頃より順次発送) [tonari-no-zingaro],zingaro_shop,2,,identify,商品特定（撮影）,タグ・JAN・型番が写るように撮影し、点数を数えてください,タグ・JAN・型番・ブランド名を撮影、全体写真、数量,"qty!,photo!,url",,,,,,,,G
PKGI-02685013,8月,BU-01012098,箱,PKG-01124398,606,Cherry blossom Paper Bag ? Large (5月上旬頃より順次発送) [tonari-no-zingaro],zingaro_shop,4,,identify,商品特定（撮影）,タグ・JAN・型番が写るように撮影し、点数を数えてください,タグ・JAN・型番・ブランド名を撮影、全体写真、数量,"qty!,photo!,url",,,,,,,,H
PKGI-02685014,8月,BU-01012098,箱,PKG-01124398,607,Cherry blossom Paper Bag ? Wide (5月上旬頃より順次発送),zingaro_shop,2,,identify,商品特定（撮影）,タグ・JAN・型番が写るように撮影し、点数を数えてください,タグ・JAN・型番・ブランド名を撮影、全体写真、数量,"qty!,photo!,url",,,,,,,,H
PKGI-02685027,8月,BU-01012103,箱,PKG-01149069,608,キッズ　パンツ（100～120cm・RYOKKUMi ）(バースデイ)【予約】,shop-shimamura_com,1,,identify,商品特定（撮影）,タグ・JAN・型番が写るように撮影し、点数を数えてください,タグ・JAN・型番・ブランド名を撮影、全体写真、数量,"qty!,photo!,url",,,,,,,,H
PKGI-02685070,8月,BU-01012114,箱,PKG-01094730,609,バブルシガレット(パロディ_4),kingsidea_jp,2,,identify,商品特定（撮影）,タグ・JAN・型番が写るように撮影し、点数を数えてください,タグ・JAN・型番・ブランド名を撮影、全体写真、数量,"qty!,photo!,url",,,,,,,,G
PKGI-02685528,8月,BU-01012294,箱,PKG-01149164,610,SUPER WORLD REBOOT,tanocstore_net,1,,identify,商品特定（撮影）,タグ・JAN・型番が写るように撮影し、点数を数えてください,タグ・JAN・型番・ブランド名を撮影、全体写真、数量,"qty!,photo!,candidate!,url",https://tanocstore.net/shopdetail/000000004517,https://tanocstore.net/shopdetail/000000004517,SUPER WORLD REBOOT-TANO*C STORE,1.00,,,,G
PKGI-02685558,8月,BU-01012306,箱,PKG-01149265,611,キッズ　Ｔシャツ（100～120cm・RYOKKUMi ）(バースデイ)【予約】,shop-shimamura_com,1,,identify,商品特定（撮影）,タグ・JAN・型番が写るように撮影し、点数を数えてください,タグ・JAN・型番・ブランド名を撮影、全体写真、数量,"qty!,photo!,url",,,,,,,,G
PKGI-02685559,8月,BU-01012306,箱,PKG-01149265,612,キッズ　Ｔシャツ（100～120cm・RYOKKUMi ）(バースデイ)【予約】,shop-shimamura_com,1,,identify,商品特定（撮影）,タグ・JAN・型番が写るように撮影し、点数を数えてください,タグ・JAN・型番・ブランド名を撮影、全体写真、数量,"qty!,photo!,url",,,,,,,,G
PKGI-02685560,8月,BU-01012306,箱,PKG-01149265,613,キッズ　Ｔシャツ（100～120cm・RYOKKUMi ）(バースデイ)【予約】,shop-shimamura_com,1,,identify,商品特定（撮影）,タグ・JAN・型番が写るように撮影し、点数を数えてください,タグ・JAN・型番・ブランド名を撮影、全体写真、数量,"qty!,photo!,url",,,,,,,,G
PKGI-02685589,8月,BU-01012319,箱,PKG-01149224,614,キッズ　Ｔシャツ（100～120cm・RYOKKUMi ）(バースデイ)【予約】,shop-shimamura_com,1,,identify,商品特定（撮影）,タグ・JAN・型番が写るように撮影し、点数を数えてください,タグ・JAN・型番・ブランド名を撮影、全体写真、数量,"qty!,photo!,url",,,,,,,,G
PKGI-02685588,8月,BU-01012319,箱,PKG-01149224,615,キッズ　パンツ（100～120cm・RYOKKUMi ）(バースデイ)【予約】,shop-shimamura_com,1,,identify,商品特定（撮影）,タグ・JAN・型番が写るように撮影し、点数を数えてください,タグ・JAN・型番・ブランド名を撮影、全体写真、数量,"qty!,photo!,url",,,,,,,,H
PKGI-02685631,8月,BU-01012333,箱,PKG-01149258,616,ぬいぐるみチャーム（おぱんちゅうさぎ）(しまむら)【予約】,shop-shimamura_com,1,,identify,商品特定（撮影）,タグ・JAN・型番が写るように撮影し、点数を数えてください,タグ・JAN・型番・ブランド名を撮影、全体写真、数量,"qty!,photo!,url",,,,,,,,G
PKGI-02685632,8月,BU-01012333,箱,PKG-01149258,617,ぬいぐるみチャーム（おぱんちゅうさぎ）(しまむら)【予約】,shop-shimamura_com,1,,identify,商品特定（撮影）,タグ・JAN・型番が写るように撮影し、点数を数えてください,タグ・JAN・型番・ブランド名を撮影、全体写真、数量,"qty!,photo!,url",,,,,,,,G
PKGI-02685738,8月,BU-01012393,箱,PKG-01124522,618,(clownhiroko'S GALLERY) <ミニフィギュア>?ハダカカメガイ?小約2cm,minne_com,1,,identify,商品特定（撮影）,タグ・JAN・型番が写るように撮影し、点数を数えてください,タグ・JAN・型番・ブランド名を撮影、全体写真、数量,"qty!,photo!,url",,,,,,,,G
PKGI-02685739,8月,BU-01012393,箱,PKG-01124522,619,(clownhiroko'S GALLERY) <ミニフィギュア>?アオウミウシ?,minne_com,1,,identify,商品特定（撮影）,タグ・JAN・型番が写るように撮影し、点数を数えてください,タグ・JAN・型番・ブランド名を撮影、全体写真、数量,"qty!,photo!,url",,,,,,,,G
PKGI-02682148,8月,BU-01012421,箱,PKG-01124025,620,【予約販売】カモフラージュ コンシーラーチーク,store_brilliage_jp,1,,variant,色・サイズ・版,現物の色・サイズ・種類を確認してください,版・種類・サイズ・色、数量・セット内容、bonus_or_purchase_benefit_presence、状態・未開封,"qty!,color!,size!,edition,condition!,set,photo",,,,,,,,A
PKGI-02685854,8月,BU-01012444,箱,PKG-01124564,621,玄関 ブラック 網戸 カーテン 幅90cm×高210cm 防虫ネット 蚊帳 ドアカーテン 網戸ネット 開閉可 静音 マグネット 夏 エコ 取付簡単 洗濯可 リビング ベランダ 虫よけ対策【代引き不可】,irisplaza_co_jp,1,,identify,商品特定（撮影）,タグ・JAN・型番が写るように撮影し、点数を数えてください,タグ・JAN・型番・ブランド名を撮影、全体写真、数量,"qty!,photo!,url",,,,,,,,G
PKGI-02686443,8月,BU-01012681,箱,PKG-01149109,622,coppelia lily　Bordeaux,marugo-wellness_jp,1,,variant,色・サイズ・版,現物の色・サイズ・種類を確認してください,版・種類・サイズ・色,"qty!,color!,size!,edition,photo",https://marugo-wellness.jp/products/coppelia-lily-bordeaux,,,,,,,A
PKGI-02686738,8月,BU-01012782,箱,PKG-01124668,623,[Wish upon a star] Ball Cap,bmsg_shop,1,,set,セット内容,点数と、セットの中身（何が何個あるか）を確認してください,数量・セット内容、bonus_or_purchase_benefit_presence、状態・未開封,"qty!,set!,condition!,photo",https://bmsg.shop/products/wish-upon-a-star-ball-cap,,,,,,,D
PKGI-02686737,8月,BU-01012782,箱,PKG-01124668,624,"MAZZEL ""Only You"" Fur Beanie",bmsg_shop,1,,variant,色・サイズ・版,現物の色・サイズ・種類を確認してください,版・種類・サイズ・色、数量・セット内容、状態・未開封、画像と現物の一致,"qty!,color!,size!,edition,condition!,set,photo",https://bmsg.shop/en/products/mazzel-only-you-fur-beanie,,,,現物,,,A
PKGI-02686739,8月,BU-01012782,箱,PKG-01124668,625,[Wish upon a star] Souvenir Keyring,bmsg_shop,1,,variant,色・サイズ・版,現物の色・サイズ・種類を確認してください,版・種類・サイズ・色、数量・セット内容、bonus_or_purchase_benefit_presence、状態・未開封,"qty!,color!,size!,edition,condition!,set,photo",https://bmsg.shop/products/wish-upon-a-star-souvenir-keyring-black,,,,,,,A
PKGI-02687005,8月,BU-01012890,箱,PKG-01063547,627,グラデュエーション＜期間限定特別価格盤＞ (発売日: 2007年09月05日),tower_jp,1,,variant,色・サイズ・版,現物の色・サイズ・種類を確認してください,版・種類・サイズ・色、数量・セット内容、状態・未開封,"qty!,color!,size!,edition,condition!,set,photo",https://tower.jp/item/2255412,,,,元帳数量保持・現物,,,A
PKGI-02687250,8月,BU-01012984,箱,PKG-01080882,628,骸音シーエ 15th Memorial,union-creative_jp,1,,variant,色・サイズ・版,現物の色・サイズ・種類を確認してください,版・種類・サイズ・色、数量・セット内容、bonus_or_purchase_benefit_presence、状態・未開封、画像と現物の一致、箱・袋の所在,"qty!,color!,size!,edition,condition!,set,photo",https://union-creative.jp/goods/detail/?id=1209,,,,,,,A
PKGI-02687258,8月,BU-01012991,箱,PKG-01080990,629,骸音シーエ 15th Memorial,union-creative_jp,1,,variant,色・サイズ・版,現物の色・サイズ・種類を確認してください,版・種類・サイズ・色、数量・セット内容、bonus_or_purchase_benefit_presence、状態・未開封、画像と現物の一致、箱・袋の所在,"qty!,color!,size!,edition,condition!,set,photo",,,,,,,,A
PKGI-02687265,8月,BU-01012999,箱,PKG-01080883,630,骸音シーエ 15th Memorial,union-creative_jp,1,,variant,色・サイズ・版,現物の色・サイズ・種類を確認してください,版・種類・サイズ・色、数量・セット内容、bonus_or_purchase_benefit_presence、状態・未開封、画像と現物の一致、箱・袋の所在,"qty!,color!,size!,edition,condition!,set,photo",,,,,,,,A
PKGI-02687320,8月,BU-01013023,箱,PKG-01080887,631,骸音シーエ 15th Memorial,union-creative_jp,1,,variant,色・サイズ・版,現物の色・サイズ・種類を確認してください,版・種類・サイズ・色、数量・セット内容、bonus_or_purchase_benefit_presence、状態・未開封、画像と現物の一致、箱・袋の所在,"qty!,color!,size!,edition,condition!,set,photo",,,,,,,,A
PKGI-02687371,8月,BU-01013048,箱,PKG-01080894,632,骸音シーエ 15th Memorial,union-creative_jp,1,,variant,色・サイズ・版,現物の色・サイズ・種類を確認してください,版・種類・サイズ・色、数量・セット内容、bonus_or_purchase_benefit_presence、状態・未開封、画像と現物の一致、箱・袋の所在,"qty!,color!,size!,edition,condition!,set,photo",,,,,,,,A
PKGI-02687385,8月,BU-01013056,箱,PKG-01080896,633,骸音シーエ 15th Memorial,union-creative_jp,1,,variant,色・サイズ・版,現物の色・サイズ・種類を確認してください,版・種類・サイズ・色、数量・セット内容、bonus_or_purchase_benefit_presence、状態・未開封、画像と現物の一致、箱・袋の所在,"qty!,color!,size!,edition,condition!,set,photo",,,,,,,,A
PKGI-02687386,8月,BU-01013058,箱,PKG-01125081,634,S Cawaii! ME 2026 SPRING＜通常版＞【特典：南雲奨馬×濱屋拓斗 フォトカード 6種類からランダム1枚付き！】,infosquare_shop,1,,identify,商品特定（撮影）,タグ・JAN・型番が写るように撮影し、点数を数えてください,タグ・JAN・型番・ブランド名を撮影、全体写真、数量,"qty!,photo!,url",,,,,,,,G
PKGI-02687443,8月,BU-01013077,箱,PKG-01125093,636,バックリボンデニムパンツ,mark-styler_co_jp,1,,variant,色・サイズ・版,現物の色・サイズ・種類を確認してください,確認数量（元リストの商品単位） / 欠品・付属品の実際の内容 / 色・サイズ・種類の現物と根拠照合,"qty!,photo!,color!,size!,edition",https://mitsui-shopping-park.com/ec/p/1099800000920?mallColor=0709,,,,,,,B
PKGI-02687457,8月,BU-01013084,箱,PKG-01080985,637,骸音シーエ 15th Memorial,union-creative_jp,1,,variant,色・サイズ・版,現物の色・サイズ・種類を確認してください,版・種類・サイズ・色、数量・セット内容、bonus_or_purchase_benefit_presence、状態・未開封、画像と現物の一致、箱・袋の所在,"qty!,color!,size!,edition,condition!,set,photo",,,,,,,,A
PKGI-02687507,8月,BU-01013102,箱,PKG-01080984,638,骸音シーエ 15th Memorial,union-creative_jp,1,,variant,色・サイズ・版,現物の色・サイズ・種類を確認してください,版・種類・サイズ・色、数量・セット内容、bonus_or_purchase_benefit_presence、状態・未開封、画像と現物の一致、箱・袋の所在,"qty!,color!,size!,edition,condition!,set,photo",,,,,,,,A
PKGI-02687576,8月,BU-01013124,箱,PKG-01080950,639,骸音シーエ 15th Memorial,union-creative_jp,1,,variant,色・サイズ・版,現物の色・サイズ・種類を確認してください,版・種類・サイズ・色、数量・セット内容、bonus_or_purchase_benefit_presence、状態・未開封、画像と現物の一致、箱・袋の所在,"qty!,color!,size!,edition,condition!,set,photo",,,,,,,,A
PKGI-02687643,8月,BU-01013159,箱,PKG-01080861,640,骸音シーエ 15th Memorial,union-creative_jp,1,,variant,色・サイズ・版,現物の色・サイズ・種類を確認してください,版・種類・サイズ・色、数量・セット内容、bonus_or_purchase_benefit_presence、状態・未開封、画像と現物の一致、箱・袋の所在,"qty!,color!,size!,edition,condition!,set,photo",,,,,,,,A
PKGI-02687694,8月,BU-01013189,箱,PKG-01080870,641,骸音シーエ 15th Memorial,union-creative_jp,1,,variant,色・サイズ・版,現物の色・サイズ・種類を確認してください,版・種類・サイズ・色、数量・セット内容、bonus_or_purchase_benefit_presence、状態・未開封、画像と現物の一致、箱・袋の所在,"qty!,color!,size!,edition,condition!,set,photo",,,,,,,,A
PKGI-02687759,8月,BU-01013211,箱,PKG-01080873,642,骸音シーエ 15th Memorial,union-creative_jp,1,,variant,色・サイズ・版,現物の色・サイズ・種類を確認してください,版・種類・サイズ・色、数量・セット内容、bonus_or_purchase_benefit_presence、状態・未開封、画像と現物の一致、箱・袋の所在,"qty!,color!,size!,edition,condition!,set,photo",,,,,,,,A
PKGI-02687841,8月,BU-01013246,箱,PKG-01080943,644,骸音シーエ 15th Memorial,union-creative_jp,1,,variant,色・サイズ・版,現物の色・サイズ・種類を確認してください,版・種類・サイズ・色、数量・セット内容、bonus_or_purchase_benefit_presence、状態・未開封、画像と現物の一致、箱・袋の所在,"qty!,color!,size!,edition,condition!,set,photo",,,,,,,,A
PKGI-02687845,8月,BU-01013251,箱,PKG-01080952,645,骸音シーエ 15th Memorial,union-creative_jp,1,,variant,色・サイズ・版,現物の色・サイズ・種類を確認してください,版・種類・サイズ・色、数量・セット内容、bonus_or_purchase_benefit_presence、状態・未開封、画像と現物の一致、箱・袋の所在,"qty!,color!,size!,edition,condition!,set,photo",,,,,,,,A
PKGI-02687850,8月,BU-01013255,箱,PKG-01080973,646,骸音シーエ 15th Memorial,union-creative_jp,1,,variant,色・サイズ・版,現物の色・サイズ・種類を確認してください,版・種類・サイズ・色、数量・セット内容、bonus_or_purchase_benefit_presence、状態・未開封、画像と現物の一致、箱・袋の所在,"qty!,color!,size!,edition,condition!,set,photo",,,,,,,,A
PKGI-02687853,8月,BU-01013258,箱,PKG-01080964,647,骸音シーエ 15th Memorial,union-creative_jp,1,,variant,色・サイズ・版,現物の色・サイズ・種類を確認してください,版・種類・サイズ・色、数量・セット内容、bonus_or_purchase_benefit_presence、状態・未開封、画像と現物の一致、箱・袋の所在,"qty!,color!,size!,edition,condition!,set,photo",,,,,,,,A
PKGI-02687883,8月,BU-01013281,箱,PKG-01125019,649,【高校生におすすめ】ぷにぷにパッドでまるみメイク／ワイヤ―入り【ＡＦＴＥＲ　ＳＴＥＰ】ぷにきゅうブラ ジュニアブラジャー,store_wacoal_jp,1,,identify,商品特定（撮影）,タグ・JAN・型番が写るように撮影し、点数を数えてください,タグ・JAN・型番・ブランド名を撮影、全体写真、数量,"qty!,photo!,url",,,,,,,,H
PKGI-02687915,8月,BU-01013298,箱,PKG-01080931,651,骸音シーエ 15th Memorial,union-creative_jp,1,,variant,色・サイズ・版,現物の色・サイズ・種類を確認してください,版・種類・サイズ・色、数量・セット内容、bonus_or_purchase_benefit_presence、状態・未開封、画像と現物の一致、箱・袋の所在,"qty!,color!,size!,edition,condition!,set,photo",,,,,,,,A
PKGI-02687924,8月,BU-01013307,箱,PKG-01080935,652,骸音シーエ 15th Memorial,union-creative_jp,1,,variant,色・サイズ・版,現物の色・サイズ・種類を確認してください,版・種類・サイズ・色、数量・セット内容、bonus_or_purchase_benefit_presence、状態・未開封、画像と現物の一致、箱・袋の所在,"qty!,color!,size!,edition,condition!,set,photo",,,,,,,,A
PKGI-02687932,8月,BU-01013312,箱,PKG-01124789,653,完全植物完熟堆肥育ち！清らかな“泉”のように軽やか！ジョイントファーム新潟こしいぶき「泉流米（玄米）」 (軽減税率8%),meisong_shop,1,,identify,商品特定（撮影）,タグ・JAN・型番が写るように撮影し、点数を数えてください,タグ・JAN・型番・ブランド名を撮影、全体写真、数量,"qty!,photo!,url",,,,,,,,H
PKGI-02688009,8月,BU-01013334,箱,PKG-01125286,654,matsui DOGS フィギュアコレクション Vol.2,kenelestore_jp,1,,variant,色・サイズ・版,現物の色・サイズ・種類を確認してください,版・種類・サイズ・色,"qty!,color!,size!,edition,photo",https://kenelestore.jp/products/gc0707z,,,,,,,A
PKGI-02688015,8月,BU-01013338,箱,PKG-01080928,655,骸音シーエ 15th Memorial,union-creative_jp,1,,variant,色・サイズ・版,現物の色・サイズ・種類を確認してください,版・種類・サイズ・色、数量・セット内容、bonus_or_purchase_benefit_presence、状態・未開封、画像と現物の一致、箱・袋の所在,"qty!,color!,size!,edition,condition!,set,photo",,,,,,,,A
PKGI-02688500,8月,BU-01013512,箱,PKG-01149397,656,天使のたまご 4Kリマスター (4K ULTRA HD Blu-ray & Blu-ray Disc) (特装限定版)【4K ULTRA HD】,books_rakuten_co_jp,1,,identify,商品特定（撮影）,タグ・JAN・型番が写るように撮影し、点数を数えてください,タグ・JAN・型番・ブランド名を撮影、全体写真、数量,"qty!,photo!,candidate!,url",https://books.rakuten.co.jp/rb/18506845/,https://books.rakuten.co.jp/rb/18506845/,天使のたまご 4Kリマスター (4K ULTRA HD Blu-ray & Blu-ray Disc) (特装限定版)【4K ULTRA HD】,1.00,,,,H
PKGI-02688531,8月,BU-01013528,箱,PKG-01149213,657,Denki Nyan T-shirt(Regular Fit T-Shirt),suzuri_jp,1,,variant,色・サイズ・版,現物の色・サイズ・種類を確認してください,版・種類・サイズ・色,"qty!,color!,size!,edition,photo",https://suzuri.jp/muship_64/850757/t-shirt/l/black?locale=en,,,,,,,A
PKGI-02688749,8月,BU-01013590,箱,PKG-01125777,659,Synthesizer V 2 AI 重音テト,ah-soft_net,1,,condition,状態,未開封か、傷・欠品がないかを確認してください,状態・未開封,"qty!,condition!,photo",,,,,,,,F
PKGI-02688862,8月,BU-01013630,箱,PKG-01125589,661,"MARILYN MONROE TEE ""  ARROW SHOT HEART """,toys-mccoy_shop-pro_jp,1,,variant,色・サイズ・版,現物の色・サイズ・種類を確認してください,版・種類・サイズ・色、数量・セット内容、状態・未開封,"qty!,photo!,color!,size!,edition,condition!,set",,,,,,,,B
PKGI-02688934,8月,BU-01013638,箱,PKG-01149384,662,number nine BOX LINE PRINTED CLASSIC L/S T-SHIRT / ナンバーナイン ボックスライン ロゴプリント クラシック ロンT,n-nine-store_com,1,,identify,商品特定（撮影）,タグ・JAN・型番が写るように撮影し、点数を数えてください,タグ・JAN・型番・ブランド名を撮影、全体写真、数量,"qty!,photo!,url",,,,,,,,G
PKGI-02688933,8月,BU-01013640,箱,PKG-01125709,663,CAMBIO[預購：四月下旬至五月初到貨] 亞麻人造絲寬?直筒? (CAM26SS-022),cambio_co_jp,1,,variant,色・サイズ・版,現物の色・サイズ・種類を確認してください,版・種類・サイズ・色,"qty!,color!,size!,edition,photo",https://www.cambio.co.jp/c/brand/cambio/mp14684,,,,,,,A
PKGI-02689023,8月,BU-01013677,箱,PKG-01101010,664,『Obey Me!』オリジナルブロマイド / Obey Me! Character Portrait,acrpicto_com,1,,variant,色・サイズ・版,現物の色・サイズ・種類を確認してください,版・種類・サイズ・色、数量・セット内容、状態・未開封、画像と現物の一致,"qty!,color!,size!,edition,condition!,set,photo",https://www.acrpicto.com/view/item/000000000118,,,,,,,A
PKGI-02689024,8月,BU-01013677,箱,PKG-01101010,665,『Obey Me!』オリジナルブロマイド / Obey Me! Character Portrait,acrpicto_com,1,,variant,色・サイズ・版,現物の色・サイズ・種類を確認してください,版・種類・サイズ・色、数量・セット内容、状態・未開封、画像と現物の一致,"qty!,color!,size!,edition,condition!,set,photo",,,,,,,,A
PKGI-02689025,8月,BU-01013677,箱,PKG-01101010,666,『Obey Me!』オリジナルブロマイド / Obey Me! Character Portrait,acrpicto_com,1,,variant,色・サイズ・版,現物の色・サイズ・種類を確認してください,版・種類・サイズ・色、数量・セット内容、状態・未開封、画像と現物の一致,"qty!,color!,size!,edition,condition!,set,photo",,,,,,,,A
PKGI-02689026,8月,BU-01013677,箱,PKG-01101010,667,『Obey Me!』オリジナルブロマイド / Obey Me! Character Portrait,acrpicto_com,1,,variant,色・サイズ・版,現物の色・サイズ・種類を確認してください,版・種類・サイズ・色、数量・セット内容、状態・未開封、画像と現物の一致,"qty!,color!,size!,edition,condition!,set,photo",,,,,,,,A
PKGI-02689053,8月,BU-01013690,箱,PKG-01125722,668,My Beautiful Landlet Bafu Cotton 袖紐ワイドブルゾン OVIE STUDIO limited Charcoal,ovie_shop-pro_jp,1,,identify,商品特定（撮影）,タグ・JAN・型番が写るように撮影し、点数を数えてください,タグ・JAN・型番・ブランド名を撮影、全体写真、数量,"qty!,photo!,url",,,,,,,,G
PKGI-02689057,8月,BU-01013691,箱,PKG-01125543,669,Garten of Banban ぬいぐるみマスコット らくがき ビターギグル,granup_shop,1,,variant,色・サイズ・版,現物の色・サイズ・種類を確認してください,未確認,"qty!,edition,photo",https://granupshop.com/view/item/000000009123,,,,,,,C
PKGI-02689140,8月,BU-01013746,箱,PKG-01125624,670,プレイヤーナンバージップパーカー,store_jleague_jp,1,,identify,商品特定（撮影）,タグ・JAN・型番が写るように撮影し、点数を数えてください,タグ・JAN・型番・ブランド名を撮影、全体写真、数量,"qty!,photo!,url",,,,,,,,H
PKGI-02689290,8月,BU-01013819,箱,PKG-01125774,671,Synthesizer V 2 AI 重音テト,ah-soft_net,1,,condition,状態,未開封か、傷・欠品がないかを確認してください,状態・未開封,"qty!,condition!,photo",,,,,,,,F
PKGI-02685115,8月,BU-01013829,箱,PKG-01094926,673,《シリアル付き》AKINA NOTE【デラックス・エディション】(2CD)《全額内金》,hmv_co_jp,3,,identify,商品特定（撮影）,タグ・JAN・型番が写るように撮影し、点数を数えてください,タグ・JAN・型番・ブランド名を撮影、全体写真、数量,"qty!,photo!,url",,,,,,,,G
PKGI-02690755,8月,BU-01014336,箱,PKG-01126083,676,Hello My ”BESTY” vol.2 ペンライトスタンド【2026年4月下旬から順次発送予定】,bmsg_shop,1,,identify,商品特定（撮影）,タグ・JAN・型番が写るように撮影し、点数を数えてください,タグ・JAN・型番・ブランド名を撮影、全体写真、数量,"qty!,photo!,url",,,,,,,,H
PKGI-02690753,8月,BU-01014336,箱,PKG-01126083,677,Hello My ”BESTY” vol.2 ブリスターアクリルスタンド【2026年4月下旬から順次発送予定】,bmsg_shop,1,,identify,商品特定（撮影）,タグ・JAN・型番が写るように撮影し、点数を数えてください,タグ・JAN・型番・ブランド名を撮影、全体写真、数量,"qty!,photo!,url",,,,,,,,G
PKGI-02690754,8月,BU-01014336,箱,PKG-01126083,678,Hello My ”BESTY” vol.2 ブリスターアクリルスタンド【2026年4月下旬から順次発送予定】,bmsg_shop,1,,identify,商品特定（撮影）,タグ・JAN・型番が写るように撮影し、点数を数えてください,タグ・JAN・型番・ブランド名を撮影、全体写真、数量,"qty!,photo!,url",,,,,,,,G
PKGI-02691066,8月,BU-01014424,箱,PKG-01149348,680,Earthion（アーシオン） DELUXE EDITION,superdeluxegames_jp,1,,photo_count,撮影＋点数,全体を撮影して、点数を数えてください,確認数量（元リストの商品単位） / 欠品・付属品の実際の内容 / 対応機種・通常ソフトと付属品の構成を注文/現物で確認。PS5等のSKU・店舗特典は未確定,"qty!,photo!",https://superdeluxegames.jp/products/ps5-earthion-de,,,,,,,B
PKGI-02692031,8月,BU-01014712,箱,PKG-01063798,682,【ボーイフレンド シーズン2】コラボ アソートフラワーTシャツ≪追加予約≫,dot-st_com,2,,identify,商品特定（撮影）,タグ・JAN・型番が写るように撮影し、点数を数えてください,タグ・JAN・型番・ブランド名を撮影、全体写真、数量,"qty!,photo!,url",,,,,,,,G
PKGI-02692330,8月,BU-01014795,箱,PKG-01125752,683,サイドリボンティアードミニスカート,evelyn_tokyo_jp,1,,variant,色・サイズ・版,現物の色・サイズ・種類を確認してください,確認数量（元リストの商品単位） / 欠品・付属品の実際の内容 / 現物の色・品番・サイズを確認。素材は色別に異なるため選択後に反映,"qty!,photo!,color!,size!,edition",https://evelyn.tokyo.jp/item/detail/1_1_EVD-996_1/18?menu_store_id=1,,,,,,,B
PKGI-02692731,8月,BU-01014979,箱,PKG-01101135,686,【72%OFF】ショート丈カモ柄ジップパーカー/フェイクファー/迷彩,spinns_jp,1,,identify,商品特定（撮影）,タグ・JAN・型番が写るように撮影し、点数を数えてください,タグ・JAN・型番・ブランド名を撮影、全体写真、数量,"qty!,photo!,url",,,,,,,,H
PKGI-02692727,8月,BU-01014979,箱,PKG-01101135,687,≪たまごっち≫ぬいぐるみキーホルダー/マスコット/#平成女児,spinns_jp,1,,identify,商品特定（撮影）,タグ・JAN・型番が写るように撮影し、点数を数えてください,タグ・JAN・型番・ブランド名を撮影、全体写真、数量,"qty!,photo!,url",,,,,,,,G
PKGI-02692728,8月,BU-01014979,箱,PKG-01101135,689,メタルネックレス/鍵付きハート南京錠＜メール便対応＞,spinns_jp,1,,identify,商品特定（撮影）,タグ・JAN・型番が写るように撮影し、点数を数えてください,タグ・JAN・型番・ブランド名を撮影、全体写真、数量,"qty!,photo!,url",,,,,,,,G
PKGI-02692729,8月,BU-01014979,箱,PKG-01101135,690,【59%OFF】シルバーチェーンネックレス/モチーフ/クロス/ムーン＜メール便対応＞,spinns_jp,1,,identify,商品特定（撮影）,タグ・JAN・型番が写るように撮影し、点数を数えてください,タグ・JAN・型番・ブランド名を撮影、全体写真、数量,"qty!,photo!,url",,,,,,,,H
PKGI-02692730,8月,BU-01014979,箱,PKG-01101135,691,【59%OFF】シルバーチェーンネックレス/モチーフ/クロス/ムーン＜メール便対応＞,spinns_jp,1,,identify,商品特定（撮影）,タグ・JAN・型番が写るように撮影し、点数を数えてください,タグ・JAN・型番・ブランド名を撮影、全体写真、数量,"qty!,photo!,url",,,,,,,,H
PKGI-02692896,8月,BU-01015039,箱,PKG-00966867,692,ソロテックス M-65 パーカ,beams_co_jp,1,,photo_count,撮影＋点数,全体を撮影して、点数を数えてください,元帳数量保持・現物未確認,"qty!,photo!",https://www.beams.co.jp/item/beamsboy/coat/13190094120/,,,,元帳数量保持・現物,,,B
PKGI-02672552,8月,BU-01015158,箱,PKG-01061248,693,MYZ1052203A0003 【春に大活躍間違いなし！／全骨格対象】レース切替デニム,palcloset_jp,1,,identify,商品特定（撮影）,タグ・JAN・型番が写るように撮影し、点数を数えてください,タグ・JAN・型番・ブランド名を撮影、全体写真、数量,"qty!,photo!,url",,,,,,,,H
PKGI-02668541,8月,BU-01015158,箱,PKG-01061248,694,MYZ1052102A0011 【BLK再予約START！/オールシーズン対応】フリルイージーパンツ,palcloset_jp,1,,photo_count,撮影＋点数,全体を撮影して、点数を数えてください,元帳数量保持・現物未確認,"qty!,photo!",https://www.palcloset.jp/display/item/MYZ1052102A0011/,,,,元帳数量保持・現物,,,B
PKGI-02693326,8月,BU-01015158,箱,PKG-01061248,695,MYZ1061404A0007 キャップスリーブコットンレースブラウス,palcloset_jp,1,,variant,色・サイズ・版,現物の色・サイズ・種類を確認してください,版・種類・サイズ・色,"qty!,color!,size!,edition,photo",https://www.palcloset.jp/display/item/MYZ1061404A0007/,,,,,,,A
PKGI-02694008,8月,BU-01015417,箱,PKG-01101149,696,"YOU GOTTA UNDERSTAND / THINKING OF LEAVING (7"")",diskunion_net,1,,variant,色・サイズ・版,現物の色・サイズ・種類を確認してください,確認数量（元リストの商品単位） / 欠品・付属品の実際の内容 / 初回/再プレス・品番・盤状態を確認。FND002は掲載版の品番として別管理,"qty!,photo!,edition,condition!",https://acidjazz.co.uk/products/carmy-love-you-gotta-understand,,,,,,,B
PKGI-02694554,8月,BU-01015627,箱,PKG-01126428,699,【A Good Bad Influence(ア グッド バッド インフルエンス)】WHO I AM Tシャツ(AGBI-26SS-T04),cambio_co_jp,1,,identify,商品特定（撮影）,タグ・JAN・型番が写るように撮影し、点数を数えてください,タグ・JAN・型番・ブランド名を撮影、全体写真、数量,"qty!,photo!,url",,,,,,,,G
PKGI-02695004,8月,BU-01015797,箱,PKG-01101192,700,【POD】あなたの犬になりたい,books_rakuten_co_jp,1,,identify,商品特定（撮影）,タグ・JAN・型番が写るように撮影し、点数を数えてください,タグ・JAN・型番・ブランド名を撮影、全体写真、数量,"qty!,photo!,candidate!,url",https://books.rakuten.co.jp/rb/18073453/,https://books.rakuten.co.jp/rb/18073453/,【POD】あなたの犬になりたい,0.95,,,,H
PKGI-02695180,8月,BU-01015856,箱,PKG-01126673,701,N.HOOLYWOOD × Champion / REVERSIBLE DOLMAN SWEATSHIRT,n-hoolywood_com,1,,variant,色・サイズ・版,現物の色・サイズ・種類を確認してください,確認数量（元リストの商品単位） / 欠品・付属品の実際の内容 / 色・サイズ・種類の現物と根拠照合 / 現物の品番・色サイズを確認,"qty!,photo!,color!,size!,edition",https://store.jb-voice.co.jp/products/n-hoolywood-champion-reversible-dolman-sweatshirt-c8-d411-1,,,,,,,B
PKGI-02696455,8月,BU-01016299,箱,PKG-01126742,704,【oliwa】Replicate angel keyring / キーリング,sheep-shop_jp,1,,identify,商品特定（撮影）,タグ・JAN・型番が写るように撮影し、点数を数えてください,タグ・JAN・型番・ブランド名を撮影、全体写真、数量,"qty!,photo!,url",,,,,,,,G
PKGI-02662354,8月,BU-01016390,箱,PKG-01086988,706,HUNDRED LINE-最終防衛学園　ANIPLEX中国　トレーディングぬいバッジ【26年5月より入荷予定】,yotuba_shop,1,,identify,商品特定（撮影）,タグ・JAN・型番が写るように撮影し、点数を数えてください,タグ・JAN・型番・ブランド名を撮影、全体写真、数量,"qty!,photo!,url",,,,,,,,H
PKGI-02662348,8月,BU-01016390,箱,PKG-01086988,707,HUNDRED LINE-最終防衛学園　ANIPLEX中国　ぬいぐるみ【26年5月より入荷予定】,yotuba_shop,1,,identify,商品特定（撮影）,タグ・JAN・型番が写るように撮影し、点数を数えてください,タグ・JAN・型番・ブランド名を撮影、全体写真、数量,"qty!,photo!,url",,,,,,,,H
PKGI-02662349,8月,BU-01016390,箱,PKG-01086988,708,HUNDRED LINE-最終防衛学園　ANIPLEX中国　ぬいぐるみ【26年5月より入荷予定】,yotuba_shop,1,,identify,商品特定（撮影）,タグ・JAN・型番が写るように撮影し、点数を数えてください,タグ・JAN・型番・ブランド名を撮影、全体写真、数量,"qty!,photo!,url",,,,,,,,H
PKGI-02662350,8月,BU-01016390,箱,PKG-01086988,709,HUNDRED LINE-最終防衛学園　ANIPLEX中国　ぬいぐるみ【26年5月より入荷予定】,yotuba_shop,1,,identify,商品特定（撮影）,タグ・JAN・型番が写るように撮影し、点数を数えてください,タグ・JAN・型番・ブランド名を撮影、全体写真、数量,"qty!,photo!,url",,,,,,,,H
PKGI-02662351,8月,BU-01016390,箱,PKG-01086988,710,HUNDRED LINE-最終防衛学園　ANIPLEX中国　ぬいぐるみ【26年5月より入荷予定】,yotuba_shop,1,,identify,商品特定（撮影）,タグ・JAN・型番が写るように撮影し、点数を数えてください,タグ・JAN・型番・ブランド名を撮影、全体写真、数量,"qty!,photo!,url",,,,,,,,H
PKGI-02662352,8月,BU-01016390,箱,PKG-01086988,711,HUNDRED LINE-最終防衛学園　ANIPLEX中国　ぬいぐるみ【26年5月より入荷予定】,yotuba_shop,1,,identify,商品特定（撮影）,タグ・JAN・型番が写るように撮影し、点数を数えてください,タグ・JAN・型番・ブランド名を撮影、全体写真、数量,"qty!,photo!,url",,,,,,,,H
PKGI-02662353,8月,BU-01016390,箱,PKG-01086988,712,HUNDRED LINE-最終防衛学園　ANIPLEX中国　ぬいぐるみ【26年5月より入荷予定】,yotuba_shop,1,,identify,商品特定（撮影）,タグ・JAN・型番が写るように撮影し、点数を数えてください,タグ・JAN・型番・ブランド名を撮影、全体写真、数量,"qty!,photo!,url",,,,,,,,H
PKGI-02696662,8月,BU-01016390,箱,PKG-01086988,713,HUNDRED LINE-最終防衛学園　ANIPLEX中国　小高和剛缶バッジセット　2枚入【26年3月より入荷予定】,yotuba_shop,1,,identify,商品特定（撮影）,タグ・JAN・型番が写るように撮影し、点数を数えてください,タグ・JAN・型番・ブランド名を撮影、全体写真、数量,"qty!,photo!,url",,,,,,,,G
PKGI-02696745,8月,BU-01016429,箱,PKG-01083006,714,【5月上旬入荷予定】CAMブロック ホンダモンキー HONDA MONKEY 125 (527ピース),camshop_jp,1,,identify,商品特定（撮影）,タグ・JAN・型番が写るように撮影し、点数を数えてください,タグ・JAN・型番・ブランド名を撮影、全体写真、数量,"qty!,photo!,candidate!,url",https://www.amazon.co.jp/CAM%E3%83%96%E3%83%AD%E3%83%83%E3%82%AF-%E3%83%9B%E3%83%B3%E3%83%80%E3%83%A2%E3%83%B3%E3%82%AD%E3%83%BC-HONDA-MONKEY-527%E3%83%94%E3%83%BC%E3%82%B9/dp/B0GL7362KD,https://www.amazon.co.jp/CAM%E3%83%96%E3%83%AD%E3%83%83%E3%82%AF-%E3%83%9B%E3%83%B3%E3%83%80%E3%83%A2%E3%83%B3%E3%82%AD%E3%83%BC-HONDA-MONKEY-527%E3%83%94%E3%83%BC%E3%82%B9/dp/B0GL7362KD,Amazon.co.jp: CAMブロック ホンダモンキー HONDA MONKEY 125 (527ピース) 6歳以上 : おもちゃ,0.95,,,,H
PKGI-02696830,8月,BU-01016471,箱,PKG-01083128,715,エルベシャプリエ Herve Chapelier 925N(ナイロン舟型ショルダーL),shop-hervechapelierjapon_com,1,,variant,色・サイズ・版,現物の色・サイズ・種類を確認してください,確認数量（元リストの商品単位） / 欠品・付属品の実際の内容 / 色・サイズ等の現物照合,"qty!,photo!,color!,size!,edition",https://www.hervechapelier.com/uk_en/catalogsearch/result/index/?q=925n&size=4,,,,,,,B
PKGI-02697443,8月,BU-01016710,箱,PKG-01083038,717,イヨシコーラ「魔法のシロップ」THE JAPAN EDITION Mサイズ（250 ml）,shop_iyoshicola_com,1,,variant,色・サイズ・版,現物の色・サイズ・種類を確認してください,版・種類・サイズ・色,"qty!,color!,size!,edition,photo",https://shop.iyoshicola.com/products/the-japan-edition-m-250-ml,,,,,,,A
PKGI-02697635,8月,BU-01016789,箱,PKG-01124957,718,INSECT SHIELD SKIN TIGHT SUIT,mandarinebrothers_shop,1,,variant,色・サイズ・版,現物の色・サイズ・種類を確認してください,版・種類・サイズ・色、数量・セット内容、状態・未開封,"qty!,color!,size!,edition,condition!,set,photo",https://www.mandarinebrothers.shop/view/item/000000000143,,,,,,,A
PKGI-02697634,8月,BU-01016789,箱,PKG-01124957,719,INSECT SHIELD SKIN TIGHT SUIT,mandarinebrothers_shop,1,,variant,色・サイズ・版,現物の色・サイズ・種類を確認してください,版・種類・サイズ・色、数量・セット内容、状態・未開封,"qty!,color!,size!,edition,condition!,set,photo",,,,,,,,A
PKGI-02698245,8月,BU-01017009,箱,PKG-01064138,721,≪2/15～追加予約≫【ボーイフレンド シーズン2】コラボキャップ,dot-st_com,1,,identify,商品特定（撮影）,タグ・JAN・型番が写るように撮影し、点数を数えてください,タグ・JAN・型番・ブランド名を撮影、全体写真、数量,"qty!,photo!,url",,,,,,,,G
PKGI-02698436,8月,BU-01017071,箱,PKG-01083657,722,2枚組 Hanes T-SHIRTS SHIRO/KURO クルーネックTシャツ 26SS ヘインズ(HM1-D703),hanesbrandsinc_jp,1,,identify,商品特定（撮影）,タグ・JAN・型番が写るように撮影し、点数を数えてください,タグ・JAN・型番・ブランド名を撮影、全体写真、数量,"qty!,photo!,url",,,,,,,,H
PKGI-02698751,8月,BU-01017219,箱,PKG-01149560,724,LB Thorn Logo Long Embroidery Sleeve Tee Black,lbwk_jp,1,,variant,色・サイズ・版,現物の色・サイズ・種類を確認してください,版・種類・サイズ・色、数量・セット内容、状態・未開封,"qty!,color!,size!,edition,condition!,set,photo",https://lbwk.jp/products/lt56-bk,,,,元帳数量保持・現物,,,A
PKGI-02698885,8月,BU-01017259,箱,PKG-01064245,726,2524-3C7B177-00 3COINS 《掃除機でも使える》自動圧縮バッグ3枚セット,palcloset_jp,30,,variant,色・サイズ・版,現物の色・サイズ・種類を確認してください,版・種類・サイズ・色,"qty!,color!,size!,edition,photo",https://www.palcloset.jp/display/item/2524-3C7B177-00/?attributionToken=Y_BiCgsInpOT1AYQp-j4MRABGiQ2YTdkNGM4Zi0wMDAwLTJmYTktYTlmMS1mYzQxMTY5MWE5MDEqBG51bGwyDKjlqi3Usp0VwvCeFToOZGVmYXVsdF9zZWFyY2hIAVgBaAF6AnRr&b=3coins&cl=19&ss=,,,,,,,A
PKGI-02699686,8月,BU-01017460,箱,PKG-01083601,729,Synthesizer V AI 重音テト,ah-soft_net,1,,variant,色・サイズ・版,現物の色・サイズ・種類を確認してください,版・種類・サイズ・色、数量・セット内容、状態・未開封、画像と現物の一致、箱・袋の所在,"qty!,color!,size!,edition,condition!,set,photo",,,,,,,,A
PKGI-02699977,8月,BU-01017580,箱,PKG-01064274,730,EAZ1052114A0001 【ほし企画】本革スタッズフラグメントケース,palcloset_jp,1,,variant,色・サイズ・版,現物の色・サイズ・種類を確認してください,版・種類・サイズ・色,"qty!,color!,size!,edition,photo",https://www.palcloset.jp/display/item/EAZ1052114A0001/,,,,,,,A
PKGI-02700147,8月,BU-01017634,箱,PKG-01101612,731,Lightwear Headphones Hp1 Clear,km5_co_jp,1,,variant,色・サイズ・版,現物の色・サイズ・種類を確認してください,版・種類・サイズ・色、数量・セット内容、状態・未開封,"qty!,color!,size!,edition,condition!,set,photo",https://km5.co.jp/products/lightwear-headphones-hp1-clear,,,,,,,A
PKGI-02700177,8月,BU-01017653,箱,PKG-01083943,732,rekte フルート四重奏のために：侘美秀俊 [フルート4重奏],fostermusic_jp,1,,set,セット内容,点数と、セットの中身（何が何個あるか）を確認してください,数量・セット内容、状態・未開封,"qty!,set!,condition!,photo",https://fostermusic.jp/products/detail/11569,,,,現物,,,D
PKGI-02689749,8月,BU-01017672,箱,PKG-01094893,733,AKOMEYA TOKYO/ 炊き込みごはんの素 宮城県産鮭バターめし 2合炊き用,akomeya_jp,2,,expiry,賞味期限,賞味期限と保管状態を確認してください,賞味期限・保管状態、状態・未開封,"qty!,expiry!,storage!,condition!,photo",https://www.akomeya.jp/shop/g/g4905171008144/,,,,,,,E
PKGI-02689750,8月,BU-01017672,箱,PKG-01094893,734,AKOMEYA TOKYO/ Cooked rice base sea bream rice for cooking 2 cups,akomeya_jp,1,,identify,商品特定（撮影）,タグ・JAN・型番が写るように撮影し、点数を数えてください,タグ・JAN・型番・ブランド名を撮影、全体写真、数量,"qty!,photo!,url",,,,,,,,G
PKGI-02689751,8月,BU-01017672,箱,PKG-01094893,736,"AKOMEYA TOKYO / Reiwa 7th year, Tomae, Hokkaido, Rumoi Agricultural Cooperative Yumepirika (white rice, chewy) 2 go special cul",akomeya_jp,1,,identify,商品特定（撮影）,タグ・JAN・型番が写るように撮影し、点数を数えてください,タグ・JAN・型番・ブランド名を撮影、全体写真、数量,"qty!,photo!,url",,,,,,,,G
PKGI-02689752,8月,BU-01017672,箱,PKG-01094893,737,石神邑/はちみつ梅,akomeya_jp,1,,identify,商品特定（撮影）,タグ・JAN・型番が写るように撮影し、点数を数えてください,タグ・JAN・型番・ブランド名を撮影、全体写真、数量,"qty!,photo!,url",,,,,,,,H
PKGI-02689756,8月,BU-01017672,箱,PKG-01094893,738,山本海苔店　おにぎり用焼海苔3切サイズ,akomeya_jp,1,,identify,商品特定（撮影）,タグ・JAN・型番が写るように撮影し、点数を数えてください,タグ・JAN・型番・ブランド名を撮影、全体写真、数量,"qty!,photo!,candidate!,url",https://www.akomeya.jp/shop/g/g4942306409223/,https://www.akomeya.jp/shop/g/g4942306409223/,山本海苔店 おにぎり用焼海苔3切サイズ: ごはんのお供｜AKOMEYA TOKYO,1.00,,,,G
PKGI-02689754,8月,BU-01017672,箱,PKG-01094893,739,AKOMEYA TOKYO/ 銀鮭　焼きほぐし,akomeya_jp,1,,expiry,賞味期限,賞味期限と保管状態を確認してください,賞味期限・保管状態、状態・未開封,"qty!,expiry!,storage!,condition!,photo",https://www.akomeya.jp/shop/g/g4967265503133/,,,,,,,E
PKGI-02689757,8月,BU-01017672,箱,PKG-01094893,740,しお学舎のねぎ塩たれ,akomeya_jp,1,,variant,色・サイズ・版,現物の色・サイズ・種類を確認してください,確認数量（元リストの商品単位） / 欠品・付属品の実際の内容 / 容器のJAN・内容量・賞味期限・封緘と保存状態を確認。販売元の期限保証を転用しない / 賞味期限・保存履歴・包装表示（状態欄へ記録）,"qty!,photo!,edition,condition!",https://www.shiogakusha.com/?pid=169243027,,,,,,,B
PKGI-02689755,8月,BU-01017672,箱,PKG-01094893,741,AKOMEYA TOKYO/ まぜこみの素　梅白菜,akomeya_jp,1,,identify,商品特定（撮影）,タグ・JAN・型番が写るように撮影し、点数を数えてください,タグ・JAN・型番・ブランド名を撮影、全体写真、数量,"qty!,photo!,url",,,,,,,,G
PKGI-02689748,8月,BU-01017672,箱,PKG-01094893,742,AKOMEYA TOKYO/ アコメヤの万能出汁 50g（10g×5袋）　だし,akomeya_jp,1,,identify,商品特定（撮影）,タグ・JAN・型番が写るように撮影し、点数を数えてください,タグ・JAN・型番・ブランド名を撮影、全体写真、数量,"qty!,photo!,candidate!,url",https://www.akomeya.jp/shop/g/g4977930021893/,https://www.akomeya.jp/shop/g/g4977930021893/,AKOMEYA TOKYO/ アコメヤの万能出汁（だし） 50g（10g×5袋）(5袋入り 万能): だし・調味料｜AKOMEYA TOKYO,0.95,,,,G
PKGI-02693635,8月,BU-01017702,箱,PKG-01101329,743,ReFa MILK PROTEIN PINK LINE,mtgec_jp,1,,identify,商品特定（撮影）,タグ・JAN・型番が写るように撮影し、点数を数えてください,タグ・JAN・型番・ブランド名を撮影、全体写真、数量,"qty!,photo!,url",,,,,,,,G
PKGI-02700352,8月,BU-01017712,箱,PKG-01101604,745,戦場のフーガ アクリルキーホルダー しっとりコレクション,cc2store-itn_shop-pro_jp,1,,photo_count,撮影＋点数,全体を撮影して、点数を数えてください,確認数量（元リストの商品単位） / 欠品・付属品の実際の内容 / ハクス/フラム/プレッツェル/マスカット/メルローの現物種類を確認,"qty!,photo!",https://cc2store-itn.shop-pro.jp/?pid=191531185,,,,,,,B
PKGI-02700353,8月,BU-01017712,箱,PKG-01101604,746,戦場のフーガ アクリルキーホルダー しっとりコレクション,cc2store-itn_shop-pro_jp,1,,photo_count,撮影＋点数,全体を撮影して、点数を数えてください,確認数量（元リストの商品単位） / 欠品・付属品の実際の内容 / ハクス/フラム/プレッツェル/マスカット/メルローの現物種類を確認,"qty!,photo!",,,,,,,,B
PKGI-02700593,8月,BU-01017795,箱,PKG-01083541,747,こわれ素焼きおかき〔大袋〕　350g,shop_genbudo_co_jp,4,,variant,色・サイズ・版,現物の色・サイズ・種類を確認してください,確認数量（元リストの商品単位） / 欠品・付属品の実際の内容 / 現物の内容量/JAN・期限・封緘・保存状態を確認,"qty!,photo!,edition,condition!",https://store.shopping.yahoo.co.jp/genbudo/8322.html,,,,,,,B
PKGI-02700643,8月,BU-01017815,箱,PKG-01149598,748,Arcaea Sound Collection - Memories of Serenity,tanocstore_net,1,,variant,色・サイズ・版,現物の色・サイズ・種類を確認してください,版・種類・サイズ・色、数量・セット内容、状態・未開封,"qty!,color!,size!,edition,condition!,set,photo",https://www.tanocstore.net/shopdetail/000000003607/,,,,元帳数量保持・現物,,,A
PKGI-02701119,8月,BU-01017999,箱,PKG-01083602,749,Synthesizer V 2 AI 重音テト,ah-soft_net,1,,condition,状態,未開封か、傷・欠品がないかを確認してください,状態・未開封,"qty!,condition!,photo",,,,,,,,F
PKGI-02701508,8月,BU-01018114,箱,PKG-01153130,750,BRONZE 56K MADNESS HAT NAVY,provtokyo_com,1,,identify,商品特定（撮影）,タグ・JAN・型番が写るように撮影し、点数を数えてください,タグ・JAN・型番・ブランド名を撮影、全体写真、数量,"qty!,photo!,url",,,,,,,,G
PKGI-02701737,8月,BU-01018180,箱,PKG-01126749,751,エアトラベルキャリー Lサイズ ATC-870 ブラウン,irisplaza_co_jp,1,,variant,色・サイズ・版,現物の色・サイズ・種類を確認してください,版・種類・サイズ・色,"qty!,color!,size!,edition,photo",https://www.irisplaza.co.jp/index.php?KB=SHOSAI&SID=P251946&target=shohin,,,,,,,A
PKGI-02701833,8月,BU-01018229,箱,PKG-01149736,752,メンズ　ボクサーブリーフ（モンチッチ）(しまむら)【予約】,shop-shimamura_com,1,,identify,商品特定（撮影）,タグ・JAN・型番が写るように撮影し、点数を数えてください,タグ・JAN・型番・ブランド名を撮影、全体写真、数量,"qty!,photo!,url",,,,,,,,G
PKGI-02699677,8月,BU-01018490,箱,PKG-01149650,755,THE MILK TEA WALTZ COLLECTION,peonyofficial_jp,1,,identify,商品特定（撮影）,タグ・JAN・型番が写るように撮影し、点数を数えてください,タグ・JAN・型番・ブランド名を撮影、全体写真、数量,"qty!,photo!,url",,,,,,,,H
PKGI-02702542,8月,BU-01018513,箱,PKG-01126887,757,NEW陸上自衛隊　新型コンバットシャツ　難燃ＶＣリップストップＩＲ加工生地【予約販売　５月上旬予定】,tatezakura_jp,1,,identify,商品特定（撮影）,タグ・JAN・型番が写るように撮影し、点数を数えてください,タグ・JAN・型番・ブランド名を撮影、全体写真、数量,"qty!,photo!,candidate!,url",https://tatezakura.jp/SHOP/B149.html,https://tatezakura.jp/SHOP/B149.html,,,,,,G
PKGI-02702656,8月,BU-01018556,箱,PKG-01149858,758,Edo Furin,yaecaya_yaeca_com,1,,identify,商品特定（撮影）,タグ・JAN・型番が写るように撮影し、点数を数えてください,タグ・JAN・型番・ブランド名を撮影、全体写真、数量,"qty!,photo!,url",,,,,,,,H
PKGI-02702683,8月,BU-01018579,箱,PKG-01149823,759,蒼月衛人 モチーフ アウター (Black ver.) HUNDRED LINE -最終防衛学園- ハンドレッドライン,super-groupies_com,1,,variant,色・サイズ・版,現物の色・サイズ・種類を確認してください,版・種類・サイズ・色,"qty!,color!,size!,edition,photo",https://www.super-groupies.com/product/8978,,,,,,,A
PKGI-02702700,8月,BU-01018581,箱,PKG-01126934,760,HANA Moment Box 2026【2026年3月下旬発送予定】,bmsg_shop,1,,identify,商品特定（撮影）,タグ・JAN・型番が写るように撮影し、点数を数えてください,タグ・JAN・型番・ブランド名を撮影、全体写真、数量,"qty!,photo!,url",,,,,,,,H
PKGI-02702905,8月,BU-01018669,箱,PKG-01153156,761,厚底スニーカー （ブラック）,yosuke-idocorp_com,1,,variant,色・サイズ・版,現物の色・サイズ・種類を確認してください,版・種類・サイズ・色,"qty!,color!,size!,edition,photo",https://yosuke-idocorp.com/commodity/SIDO0035D/YO729BW15071/,,,,,,,A
PKGI-02703358,8月,BU-01018809,箱,PKG-01101788,762,メガネケース クロス付（おぱんちゅうさぎ）(しまむら)【予約】,shop-shimamura_com,1,,identify,商品特定（撮影）,タグ・JAN・型番が写るように撮影し、点数を数えてください,タグ・JAN・型番・ブランド名を撮影、全体写真、数量,"qty!,photo!,url",,,,,,,,H
PKGI-02703591,8月,BU-01018897,箱,PKG-01153006,764,〈残りわずか〉アシメタックホックワイドパンツ,united-tokyo_com,1,,identify,商品特定（撮影）,タグ・JAN・型番が写るように撮影し、点数を数えてください,タグ・JAN・型番・ブランド名を撮影、全体写真、数量,"qty!,photo!,url",,,,,,,,G
PKGI-02703590,8月,BU-01018897,箱,PKG-01153006,765,オープンヨークショートシャツ,united-tokyo_com,1,,variant,色・サイズ・版,現物の色・サイズ・種類を確認してください,確認数量（元リストの商品単位） / 欠品・付属品の実際の内容 / 色・サイズ・種類の現物と根拠照合,"qty!,photo!,color!,size!,edition",https://store.shopping.yahoo.co.jp/zozo/93461981.html,,,,,,,B
PKGI-02704053,8月,BU-01019053,箱,PKG-01126867,766,『ＯＮＥ　ＰＩＥＣＥ　ＨＥＲＯＩＮＥＳ&times;Ｓａｌｕｔｅ』【プッシュアップタイプ】 ワイヤーブラ（３／４カップ）,store_wacoal_jp,1,,identify,商品特定（撮影）,タグ・JAN・型番が写るように撮影し、点数を数えてください,タグ・JAN・型番・ブランド名を撮影、全体写真、数量,"qty!,photo!,url",,,,,,,,H
PKGI-02704052,8月,BU-01019053,箱,PKG-01126867,767,『ＯＮＥ　ＰＩＥＣＥ　ＨＥＲＯＩＮＥＳ&times;Ｓａｌｕｔｅ』 レディスショーツ,store_wacoal_jp,1,,identify,商品特定（撮影）,タグ・JAN・型番が写るように撮影し、点数を数えてください,タグ・JAN・型番・ブランド名を撮影、全体写真、数量,"qty!,photo!,url",,,,,,,,H
PKGI-02704190,8月,BU-01019122,箱,PKG-01153713,769,【送料無料！】噛み付けば？ REVERSE SKULL LONG ZIP パーカ,sexpot_jp,1,,identify,商品特定（撮影）,タグ・JAN・型番が写るように撮影し、点数を数えてください,タグ・JAN・型番・ブランド名を撮影、全体写真、数量,"qty!,photo!,url",,,,,,,,G
PKGI-02704192,8月,BU-01019125,箱,PKG-01153577,770,ビニールショートワイド傘,sugitakasa_com,2,,variant,色・サイズ・版,現物の色・サイズ・種類を確認してください,版・種類・サイズ・色、数量・セット内容、状態・未開封、画像と現物の一致,"qty!,color!,size!,edition,condition!,set,photo",https://www.sugitakasa.com/view/item/000000000038?category_page_id=ct6,,,,帳簿2本・現物実数,,,A
PKGI-02704410,8月,BU-01019170,箱,PKG-01153738,771,【グッズ】トレーディングアクリルピックキーホルダー(全5種)〈佐藤さと先生「666DOPES」発売記念〉,horinlovebooks_com,1,,identify,商品特定（撮影）,タグ・JAN・型番が写るように撮影し、点数を数えてください,タグ・JAN・型番・ブランド名を撮影、全体写真、数量,"qty!,photo!,url",,,,,,,,G
PKGI-02705007,8月,BU-01019395,箱,PKG-01150189,772,【楽天ブックス限定先着特典】宣誓 ?個性や自由ではみ出し10年?【Blu-ray】(クリアポスター)【予約】,books_rakuten_co_jp,1,,identify,商品特定（撮影）,タグ・JAN・型番が写るように撮影し、点数を数えてください,タグ・JAN・型番・ブランド名を撮影、全体写真、数量,"qty!,photo!,url",,,,,,,,H
PKGI-02705650,8月,BU-01019622,箱,PKG-01149917,774,映画 ギヴン 海へ アイコニック ストーリー リングオブジェ,mayla_jp,1,,variant,色・サイズ・版,現物の色・サイズ・種類を確認してください,版・種類・サイズ・色,"qty!,color!,size!,edition,photo",https://mayla.jp/SHOP/aca0354.html,,,,,,,A
PKGI-02705766,8月,BU-01019665,箱,PKG-01149828,778,キングダム ハーツ ／ アイコニック イヤオブジェ ～キーブレード～,mayla_jp,1,,photo_count,撮影＋点数,全体を撮影して、点数を数えてください,元帳数量保持・現物未確認,"qty!,photo!",https://mayla.jp/mainItem/item/aca0364/main.html,,,,元帳数量保持・現物,,,B
PKGI-02705838,8月,BU-01019677,箱,PKG-01153423,779,マスコットチャーム☆いちごちゃん(ブラウン) x ポシェット(ホワイト),curlycollection_jp,1,,identify,商品特定（撮影）,タグ・JAN・型番が写るように撮影し、点数を数えてください,タグ・JAN・型番・ブランド名を撮影、全体写真、数量,"qty!,photo!,url",,,,,,,,G
PKGI-02705839,8月,BU-01019677,箱,PKG-01153423,780,ポーチ付きエコバッグ☆ハローキティ&いちごちゃん/レッド,curlycollection_jp,1,,identify,商品特定（撮影）,タグ・JAN・型番が写るように撮影し、点数を数えてください,タグ・JAN・型番・ブランド名を撮影、全体写真、数量,"qty!,photo!,url",,,,,,,,G
PKGI-02705837,8月,BU-01019677,箱,PKG-01153423,781,ハローキティ&いちごちゃんマスコットチャーム☆カラビナ:ブラック,curlycollection_jp,1,,variant,色・サイズ・版,現物の色・サイズ・種類を確認してください,版・種類・サイズ・色、数量・セット内容、状態・未開封,"qty!,color!,size!,edition,condition!,set,photo",https://curlycollection.jp/curly/products/detail/85364,,,,現物,,,A
PKGI-02705889,8月,BU-01019699,箱,PKG-01150196,783,とんがり帽子のアトリエ　イラスト集,books_rakuten_co_jp,1,,variant,色・サイズ・版,現物の色・サイズ・種類を確認してください,確認数量（元リストの商品単位） / 欠品・付属品の実際の内容 / 現物のISBN・付属品を確認。衣類の色サイズ入力は不要,"qty!,photo!,color!,size!,edition",https://store-tsutaya.tsite.jp/search/item/sell_book/43643413/9784065438145,,,,,,,B
PKGI-02705997,8月,BU-01019740,箱,PKG-01153902,784,Shirt collar docking off shoulder rib tops,lveu_jp,1,,identify,商品特定（撮影）,タグ・JAN・型番が写るように撮影し、点数を数えてください,タグ・JAN・型番・ブランド名を撮影、全体写真、数量,"qty!,photo!,url",,,,,,,,G
PKGI-02705998,8月,BU-01019740,箱,PKG-01153902,785,Chain design tie,lveu_jp,1,,identify,商品特定（撮影）,タグ・JAN・型番が写るように撮影し、点数を数えてください,タグ・JAN・型番・ブランド名を撮影、全体写真、数量,"qty!,photo!,url",,,,,,,,H
PKGI-02706066,8月,BU-01019775,箱,PKG-01154093,786,ONE STUDS RING,deal-design_jp,1,,variant,色・サイズ・版,現物の色・サイズ・種類を確認してください,版・種類・サイズ・色,"qty!,color!,size!,edition,photo",https://deal-design.jp/products/sn-036,,,,,,,A
PKGI-02650085,8月,BU-01019794,箱,PKG-01153906,787,switchレースバルーンパンツ,mark-styler_co_jp,1,,variant,色・サイズ・版,現物の色・サイズ・種類を確認してください,確認数量（元リストの商品単位） / 欠品・付属品の実際の内容 / 色・サイズ・種類の現物と根拠照合 / 現物の色・サイズ・タグを確認,"qty!,photo!,color!,size!,edition",https://mitsui-shopping-park.com/ec/p/1099700001409?mallColor=0101,,,,,,,B
PKGI-02706113,8月,BU-01019794,箱,PKG-01153906,788,pale morning フリルメッシュスカート,mark-styler_co_jp,1,,variant,色・サイズ・版,現物の色・サイズ・種類を確認してください,確認数量（元リストの商品単位） / 欠品・付属品の実際の内容 / 現物の色サイズ・丈を確認。モデル写真と製品丈の違いがあるため画像採用は保留,"qty!,photo!,color!,size!,edition",https://mitsui-shopping-park.com/ec/p/1099700001425?mallColor=0301,,,,,,,B
PKGI-02706128,8月,BU-01019802,箱,PKG-01153868,789,タブレットスリーブ,hightide-online_jp,1,,identify,商品特定（撮影）,タグ・JAN・型番が写るように撮影し、点数を数えてください,タグ・JAN・型番・ブランド名を撮影、全体写真、数量,"qty!,photo!,url",,,,,,,,G
PKGI-02706129,8月,BU-01019802,箱,PKG-01153868,790,タブレットスリーブ,hightide-online_jp,1,,identify,商品特定（撮影）,タグ・JAN・型番が写るように撮影し、点数を数えてください,タグ・JAN・型番・ブランド名を撮影、全体写真、数量,"qty!,photo!,url",,,,,,,,G
PKGI-02706130,8月,BU-01019802,箱,PKG-01153868,791,タブレットスリーブ,hightide-online_jp,1,,identify,商品特定（撮影）,タグ・JAN・型番が写るように撮影し、点数を数えてください,タグ・JAN・型番・ブランド名を撮影、全体写真、数量,"qty!,photo!,url",,,,,,,,G
PKGI-02706315,8月,BU-01019855,箱,PKG-01154126,795,ダ・ヴィンチ リフィル 聖書サイズ ファスナーポケット,raymay-store_jp,2,,identify,商品特定（撮影）,タグ・JAN・型番が写るように撮影し、点数を数えてください,タグ・JAN・型番・ブランド名を撮影、全体写真、数量,"qty!,photo!,candidate!,url",https://www.raymay-store.jp/products/detail/112,https://www.raymay-store.jp/products/detail/112,,,,,,G
PKGI-02706368,8月,BU-01019879,箱,PKG-01153664,796,モンスターハンター デフォルメぬいぐるみ ネルギガンテ(復刻),e-capcom_com,1,,variant,色・サイズ・版,現物の色・サイズ・種類を確認してください,版・種類・サイズ・色,"qty!,color!,size!,edition,photo",https://www.e-capcom.com/shop/g/gC00008688/,,,,,,,A
PKGI-02706369,8月,BU-01019879,箱,PKG-01153664,797,モンスターハンター モンでふぉ ぬいぐるみ ヌ・エグドラ,e-capcom_com,1,,variant,色・サイズ・版,現物の色・サイズ・種類を確認してください,版・種類・サイズ・色,"qty!,color!,size!,edition,photo",https://www.e-capcom.com/shop/g/gC00009109/,,,,,,,A
PKGI-02706370,8月,BU-01019879,箱,PKG-01153664,798,モンスターハンター モンでふぉ ぬいぐるみ レ・ダウ,e-capcom_com,1,,variant,色・サイズ・版,現物の色・サイズ・種類を確認してください,版・種類・サイズ・色,"qty!,color!,size!,edition,photo",https://www.e-capcom.com/shop/g/gC00008888/,,,,,,,A
PKGI-02706419,8月,BU-01019898,箱,PKG-01064859,799,≪2/15～追加予約≫【ボーイフレンド シーズン2】コラボ クッション,dot-st_com,1,,identify,商品特定（撮影）,タグ・JAN・型番が写るように撮影し、点数を数えてください,タグ・JAN・型番・ブランド名を撮影、全体写真、数量,"qty!,photo!,url",,,,,,,,G
PKGI-02706965,8月,BU-01020121,箱,PKG-01153921,802,【HEY-SMITH】Skate Truck ロンT ※受注生産,squidarmy_com,1,,identify,商品特定（撮影）,タグ・JAN・型番が写るように撮影し、点数を数えてください,タグ・JAN・型番・ブランド名を撮影、全体写真、数量,"qty!,photo!,url",,,,,,,,H
PKGI-02707167,8月,BU-01020204,箱,PKG-01154066,803,メルクストーリア 10th Anniversary コラボカフェ ミニキャラアクリルキーホルダー A,linkstarstore_com,1,,variant,色・サイズ・版,現物の色・サイズ・種類を確認してください,版・種類・サイズ・色、数量・セット内容、状態・未開封,"qty!,color!,size!,edition,condition!,set,photo",https://linkstarstore.com/SHOP/LS-MERC-034.html,,,,,,,A
PKGI-02707168,8月,BU-01020204,箱,PKG-01154066,804,メルクストーリア 10th Anniversary コラボカフェ ミニキャラアクリルキーホルダー B,linkstarstore_com,1,,variant,色・サイズ・版,現物の色・サイズ・種類を確認してください,版・種類・サイズ・色、数量・セット内容、状態・未開封,"qty!,color!,size!,edition,condition!,set,photo",https://linkstarstore.com/SHOP/LS-MERC-035.html,,,,,,,A
PKGI-02707158,8月,BU-01020204,箱,PKG-01154066,805,【予約商品】メルクストーリア 茶々ぬい 主人公,linkstarstore_com,1,,set,セット内容,点数と、セットの中身（何が何個あるか）を確認してください,数量・セット内容、状態・未開封,"qty!,set!,condition!,photo",https://linkstarstore.com/SHOP/LS-MERC-053.html,,,,元帳数量保持・現物,,,D
PKGI-02707157,8月,BU-01020204,箱,PKG-01154066,806,【予約商品】メルクストーリア 茶々ぬい メルク,linkstarstore_com,1,,set,セット内容,点数と、セットの中身（何が何個あるか）を確認してください,数量・セット内容、状態・未開封,"qty!,set!,condition!,photo",https://linkstarstore.com/SHOP/LS-MERC-054.html,,,,元帳数量保持・現物,,,D
PKGI-02707159,8月,BU-01020204,箱,PKG-01154066,807,【予約商品】メルクストーリア 茶々ぬい モンスタートト,linkstarstore_com,1,,set,セット内容,点数と、セットの中身（何が何個あるか）を確認してください,数量・セット内容、状態・未開封,"qty!,set!,condition!,photo",https://linkstarstore.com/SHOP/LS-MERC-045.html,,,,,,,D
PKGI-02707163,8月,BU-01020204,箱,PKG-01154066,808,メルクストーリア 10th Anniversary コラボカフェ ミニキャラアクリルスタンド スティーノス＆ヒュチュカ,linkstarstore_com,1,,variant,色・サイズ・版,現物の色・サイズ・種類を確認してください,版・種類・サイズ・色、数量・セット内容,"qty!,color!,size!,edition,set,photo",https://linkstarstore.com/SHOP/LS-MERC-023.html,,,,,,,A
PKGI-02707164,8月,BU-01020204,箱,PKG-01154066,809,メルクストーリア 10th Anniversary コラボカフェ ミニキャラアクリルスタンド 主人公＆メルク＆トト,linkstarstore_com,1,,set,セット内容,点数と、セットの中身（何が何個あるか）を確認してください,数量・セット内容、状態・未開封,"qty!,set!,condition!,photo",https://linkstarstore.com/SHOP/LS-MERC-018.html,,,,,,,D
PKGI-02707165,8月,BU-01020204,箱,PKG-01154066,810,メルクストーリア 10th Anniversary コラボカフェ ミニキャラアクリルスタンド シスル,linkstarstore_com,1,,variant,色・サイズ・版,現物の色・サイズ・種類を確認してください,版・種類・サイズ・色、数量・セット内容,"qty!,color!,size!,edition,set,photo",https://linkstarstore.com/SHOP/LS-MERC-022.html,,,,,,,A
PKGI-02707160,8月,BU-01020204,箱,PKG-01154066,811,メルクストーリア 10th Anniversary コラボカフェ 【Glowlight】缶バッジ シスル,linkstarstore_com,1,,identify,商品特定（撮影）,タグ・JAN・型番が写るように撮影し、点数を数えてください,タグ・JAN・型番・ブランド名を撮影、全体写真、数量,"qty!,photo!,url",,,,,,,,G
PKGI-02707161,8月,BU-01020204,箱,PKG-01154066,812,メルクストーリア 10th Anniversary コラボカフェ 【Glowlight】缶バッジ 主人公,linkstarstore_com,1,,identify,商品特定（撮影）,タグ・JAN・型番が写るように撮影し、点数を数えてください,タグ・JAN・型番・ブランド名を撮影、全体写真、数量,"qty!,photo!,url",,,,,,,,G
PKGI-02707166,8月,BU-01020204,箱,PKG-01154066,814,メルクストーリア 10th Anniversary コラボカフェ 【Glowlight】缶バッジ トト,linkstarstore_com,1,,variant,色・サイズ・版,現物の色・サイズ・種類を確認してください,版・種類・サイズ・色、数量・セット内容、状態・未開封,"qty!,color!,size!,edition,condition!,set,photo",https://linkstarstore.com/SHOP/LS-MERC-012.html,,,,,,,A
PKGI-02707297,8月,BU-01020240,箱,PKG-01150282,815,劇場版 Free!FS アクリルスタンド【遙】【在庫品】,kyoanishop_com,1,,identify,商品特定（撮影）,タグ・JAN・型番が写るように撮影し、点数を数えてください,タグ・JAN・型番・ブランド名を撮影、全体写真、数量,"qty!,photo!,candidate!,url",https://kyoanishop.com/shopdetail/000000002606/,https://kyoanishop.com/shopdetail/000000002606/,劇場版 Free!FS アクリルスタンド【遙】【在庫品】,1.00,,,,H
PKGI-02707296,8月,BU-01020240,箱,PKG-01150282,816,劇場版 Free!FS 缶バッジコレクション －Be Free!－【在庫品】,kyoanishop_com,1,,variant,色・サイズ・版,現物の色・サイズ・種類を確認してください,版・種類・サイズ・色、数量・セット内容、状態・未開封,"qty!,color!,size!,edition,condition!,set,photo",https://kyoanishop.com/view/item/000000002899,,,,現物,,,A
PKGI-02707123,8月,BU-01020252,箱,PKG-01153968,817,Garten of Banban ベビー ぬいぐるみマスコット ナブナブ,granup_shop,1,,variant,色・サイズ・版,現物の色・サイズ・種類を確認してください,版・種類・サイズ・色、数量・セット内容、bonus_or_purchase_benefit_presence、状態・未開封,"qty!,color!,size!,edition,condition!,set,photo",https://granupshop.com/view/item/000000009349,,,,,,,A
PKGI-02707124,8月,BU-01020252,箱,PKG-01153968,818,Garten of Banban ベビー ぬいぐるみマスコット バンバン,granup_shop,1,,variant,色・サイズ・版,現物の色・サイズ・種類を確認してください,版・種類・サイズ・色、数量・セット内容、bonus_or_purchase_benefit_presence、状態・未開封,"qty!,color!,size!,edition,condition!,set,photo",https://granupshop.com/view/item/000000009348,,,,,,,A
PKGI-02707316,8月,BU-01020252,箱,PKG-01153968,819,Garten of Banban アクリルスタンドJr. ジェントルマンスタイル バンバン,granup_shop,1,,variant,色・サイズ・版,現物の色・サイズ・種類を確認してください,版・種類・サイズ・色、数量・セット内容、状態・未開封、画像と現物の一致,"qty!,color!,size!,edition,condition!,set,photo",https://granupshop.com/view/item/000000008007,,,,,,,A
PKGI-02707133,8月,BU-01020252,箱,PKG-01153968,820,Garten of Banban ぬいぐるみマスコット ぷち スティンガー・フリン,granup_shop,1,,variant,色・サイズ・版,現物の色・サイズ・種類を確認してください,版・種類・サイズ・色、数量・セット内容、bonus_or_purchase_benefit_presence、状態・未開封,"qty!,color!,size!,edition,condition!,set,photo",https://granupshop.com/view/item/000000008020,,,,,,,A
PKGI-02707134,8月,BU-01020252,箱,PKG-01153968,821,Garten of Banban ぬいぐるみマスコット ぷち ナブナブ,granup_shop,1,,variant,色・サイズ・版,現物の色・サイズ・種類を確認してください,版・種類・サイズ・色、数量・セット内容、bonus_or_purchase_benefit_presence、状態・未開封,"qty!,color!,size!,edition,condition!,set,photo",https://granupshop.com/view/item/000000008017,,,,,,,A
PKGI-02707135,8月,BU-01020252,箱,PKG-01153968,822,Garten of Banban 巾着 キャプテン・フィドルズ,granup_shop,1,,variant,色・サイズ・版,現物の色・サイズ・種類を確認してください,版・種類・サイズ・色、数量・セット内容、状態・未開封,"qty!,color!,size!,edition,condition!,set,photo",https://garten-of-banban.com/goods/detail/%E5%B7%BE%E7%9D%80-%E3%82%AD%E3%83%A3%E3%83%97%E3%83%86%E3%83%B3%E3%83%95%E3%82%A3%E3%83%89%E3%83%AB%E3%82%BA/,,,,,,,A
PKGI-02707315,8月,BU-01020252,箱,PKG-01153968,823,Garten of Banban 缶バッジ 着ぐるみ バンバン,granup_shop,1,,variant,色・サイズ・版,現物の色・サイズ・種類を確認してください,版・種類・サイズ・色、数量・セット内容、状態・未開封、画像と現物の一致,"qty!,color!,size!,edition,condition!,set,photo",https://granupshop.com/view/item/000000008244,,,,,,,A
PKGI-02707125,8月,BU-01020252,箱,PKG-01153968,824,Garten of Banban 缶バッジ らくがき バンバン,granup_shop,1,,variant,色・サイズ・版,現物の色・サイズ・種類を確認してください,確認数量（元リストの商品単位） / 欠品・付属品の実際の内容 / 現物の柄/キャラ・JAN・付属物・状態・数量を照合,"qty!,photo!,edition,condition!",https://granupshop.com/view/item/000000008638,,,,,,,B
PKGI-02707126,8月,BU-01020252,箱,PKG-01153968,825,Garten of Banban 缶バッジ らくがき ナブナブ,granup_shop,1,,variant,色・サイズ・版,現物の色・サイズ・種類を確認してください,版・種類・サイズ・色、数量・セット内容、状態・未開封、画像と現物の一致,"qty!,color!,size!,edition,condition!,set,photo",https://granupshop.com/view/item/000000008639?category_page_id=Garten-of-Banban,,,,,,,A
PKGI-02707127,8月,BU-01020252,箱,PKG-01153968,826,Garten of Banban 缶バッジ ジェントルマン バンバン,granup_shop,1,,variant,色・サイズ・版,現物の色・サイズ・種類を確認してください,版・種類・サイズ・色、数量・セット内容、状態・未開封、画像と現物の一致,"qty!,color!,size!,edition,condition!,set,photo",https://granupshop.com/view/item/000000008315?category_page_id=Garten-of-Banban,,,,,,,A
PKGI-02707128,8月,BU-01020252,箱,PKG-01153968,827,Garten of Banban 缶バッジ ジェントルマン ビターギグル,granup_shop,1,,variant,色・サイズ・版,現物の色・サイズ・種類を確認してください,版・種類・サイズ・色、数量・セット内容、状態・未開封,"qty!,color!,size!,edition,condition!,set,photo",https://granupshop.com/view/item/000000008317,,,,元帳数量保持・現物,,,A
PKGI-02707131,8月,BU-01020252,箱,PKG-01153968,828,Garten of Banban 缶バッジ 着ぐるみ ナブナブ,granup_shop,1,,variant,色・サイズ・版,現物の色・サイズ・種類を確認してください,版・種類・サイズ・色、数量・セット内容、状態・未開封、画像と現物の一致,"qty!,color!,size!,edition,condition!,set,photo",https://granupshop.com/view/item/000000008245,,,,,,,A
PKGI-02707132,8月,BU-01020252,箱,PKG-01153968,829,Garten of Banban 缶バッジ 着ぐるみ ジャンボ・ジョシュ,granup_shop,1,,variant,色・サイズ・版,現物の色・サイズ・種類を確認してください,版・種類・サイズ・色、数量・セット内容、bonus_or_purchase_benefit_presence、状態・未開封,"qty!,color!,size!,edition,condition!,set,photo",https://granupshop.com/view/item/000000008246,,,,,,,A
PKGI-02707129,8月,BU-01020252,箱,PKG-01153968,830,Garten of Banban 証明写真風ブロマイド 着ぐるみ ジャンボ・ジョシュ,granup_shop,1,,variant,色・サイズ・版,現物の色・サイズ・種類を確認してください,版・種類・サイズ・色、数量・セット内容、状態・未開封,"qty!,color!,size!,edition,condition!,set,photo",https://granupshop.com/view/item/000000008259,,,,元帳数量保持・現物,,,A
PKGI-02707130,8月,BU-01020252,箱,PKG-01153968,831,Garten of Banban 証明写真風ブロマイド 着ぐるみ ナブナブ,granup_shop,1,,variant,色・サイズ・版,現物の色・サイズ・種類を確認してください,版・種類・サイズ・色、数量・セット内容、状態・未開封、画像と現物の一致,"qty!,color!,size!,edition,condition!,set,photo",https://granupshop.com/view/item/000000008258,,,,,,,A
PKGI-02707391,8月,BU-01020258,箱,PKG-01154186,832,Synthesizer V 2 AI 重音テト,ah-soft_net,1,,condition,状態,未開封か、傷・欠品がないかを確認してください,状態・未開封,"qty!,condition!,photo",,,,,,,,F
PKGI-02707668,8月,BU-01020358,箱,PKG-01150554,833,レコードクレート Record Crate DURC-01,diskunion_net,4,,variant,色・サイズ・版,現物の色・サイズ・種類を確認してください,版・種類・サイズ・色、数量・セット内容、状態・未開封,"qty!,color!,size!,edition,condition!,set,photo",https://store.shopping.yahoo.co.jp/ds9-diskunion/4988044823655.html,,,,,,,A
PKGI-02707891,8月,BU-01020448,箱,PKG-01154219,834,星のカービィ トランジットラウンジ スーツケース 機内持ち込み 32L 36cm  50060 TRANSIT LOUNGE Kirby キャリーケース ハードキャリー かわいい キャラクター 軽量 修学旅行 旅行用 キャリーバッグ,sacsbar_com,1,,identify,商品特定（撮影）,タグ・JAN・型番が写るように撮影し、点数を数えてください,タグ・JAN・型番・ブランド名を撮影、全体写真、数量,"qty!,photo!,url",,,,,,,,H
PKGI-02708053,8月,BU-01020499,箱,PKG-01154275,835,[rebear by Johnbull] patchwork denim coverall,privatelabo_jp,1,,identify,商品特定（撮影）,タグ・JAN・型番が写るように撮影し、点数を数えてください,タグ・JAN・型番・ブランド名を撮影、全体写真、数量,"qty!,photo!,url",,,,,,,,G
PKGI-02708054,8月,BU-01020499,箱,PKG-01154275,836,[rebear by Johnbull] Patchwork Easy Pants,privatelabo_jp,1,,identify,商品特定（撮影）,タグ・JAN・型番が写るように撮影し、点数を数えてください,タグ・JAN・型番・ブランド名を撮影、全体写真、数量,"qty!,photo!,url",,,,,,,,G
PKGI-02708143,8月,BU-01020520,箱,PKG-01150163,837,TAPERED SKINNY DENIM JEANS BLACK ONE WASH / テーパード スキニー デニム ブラック ジーンズ ワンウォッシュ,n-nine-store_com,1,,identify,商品特定（撮影）,タグ・JAN・型番が写るように撮影し、点数を数えてください,タグ・JAN・型番・ブランド名を撮影、全体写真、数量,"qty!,photo!,candidate!,url",https://n-nine-store.com/item/102176533.html,https://n-nine-store.com/item/102176533.html,,,,,,G
PKGI-02708419,8月,BU-01020597,箱,PKG-01101965,839,フラッフィーシフォンノンワイヤーブラ,peachjohn_co_jp,1,,identify,商品特定（撮影）,タグ・JAN・型番が写るように撮影し、点数を数えてください,タグ・JAN・型番・ブランド名を撮影、全体写真、数量,"qty!,photo!,url",,,,,,,,G
PKGI-02708812,8月,BU-01020743,箱,PKG-01102101,841,Rifa Ale Brush (Rose Gold),mtgec_jp,1,,identify,商品特定（撮影）,タグ・JAN・型番が写るように撮影し、点数を数えてください,タグ・JAN・型番・ブランド名を撮影、全体写真、数量,"qty!,photo!,url",,,,,,,,G
PKGI-02709173,8月,BU-01020885,箱,PKG-01064941,842,FAN CASE,asmart_jp,1,,identify,商品特定（撮影）,タグ・JAN・型番が写るように撮影し、点数を数えてください,タグ・JAN・型番・ブランド名を撮影、全体写真、数量,"qty!,photo!,url",,,,,,,,G
PKGI-02709172,8月,BU-01020885,箱,PKG-01064941,843,Heart fan/HYEONGJUN,asmart_jp,1,,identify,商品特定（撮影）,タグ・JAN・型番が写るように撮影し、点数を数えてください,タグ・JAN・型番・ブランド名を撮影、全体写真、数量,"qty!,photo!,url",,,,,,,,H
PKGI-02709174,8月,BU-01020885,箱,PKG-01064941,844,Heart fan/HYEONGJUN,asmart_jp,1,,identify,商品特定（撮影）,タグ・JAN・型番が写るように撮影し、点数を数えてください,タグ・JAN・型番・ブランド名を撮影、全体写真、数量,"qty!,photo!,url",,,,,,,,H
PKGI-02709181,8月,BU-01020890,箱,PKG-01150416,845,2P SKULL WAPPEN  JERSEY STAND TRACK JACKET / スカルモチーフ ワッペン刺繍 ジャージ スタンドネック トラックジャケット,n-nine-store_com,1,,variant,色・サイズ・版,現物の色・サイズ・種類を確認してください,版・種類・サイズ・色,"qty!,color!,size!,edition,photo",,,,,,,,A
PKGI-02709324,8月,BU-01020932,箱,PKG-01084278,846,ラフスタイル選手グッズ第3弾/フェイスタオル,ec_baystars_co_jp,1,,variant,色・サイズ・版,現物の色・サイズ・種類を確認してください,版・種類・サイズ・色、数量・セット内容、状態・未開封,"qty!,color!,size!,edition,condition!,set,photo",https://ec.baystars.co.jp/items/4573676141637,,,,,,,A
PKGI-02709325,8月,BU-01020932,箱,PKG-01084278,847,ラフスタイル選手グッズ第3弾/フェイスタオル,ec_baystars_co_jp,1,,variant,色・サイズ・版,現物の色・サイズ・種類を確認してください,版・種類・サイズ・色、数量・セット内容、状態・未開封,"qty!,color!,size!,edition,condition!,set,photo",,,,,,,,A
PKGI-02709326,8月,BU-01020932,箱,PKG-01084278,848,ラフスタイル選手グッズ第3弾/フェイスタオル,ec_baystars_co_jp,1,,variant,色・サイズ・版,現物の色・サイズ・種類を確認してください,版・種類・サイズ・色、数量・セット内容、状態・未開封,"qty!,color!,size!,edition,condition!,set,photo",,,,,,,,A
PKGI-02709327,8月,BU-01020932,箱,PKG-01084278,849,ラフスタイル選手グッズ第3弾/フェイスタオル,ec_baystars_co_jp,1,,variant,色・サイズ・版,現物の色・サイズ・種類を確認してください,版・種類・サイズ・色、数量・セット内容、状態・未開封,"qty!,color!,size!,edition,condition!,set,photo",,,,,,,,A
PKGI-02709318,8月,BU-01020932,箱,PKG-01084278,850,ラフスタイル選手グッズ第3弾/アクリルスタンド/待ち合わせ風,ec_baystars_co_jp,1,,identify,商品特定（撮影）,タグ・JAN・型番が写るように撮影し、点数を数えてください,タグ・JAN・型番・ブランド名を撮影、全体写真、数量,"qty!,photo!,url",,,,,,,,G
PKGI-02709319,8月,BU-01020932,箱,PKG-01084278,851,ラフスタイル選手グッズ第3弾/アクリルスタンド/ピース,ec_baystars_co_jp,1,,variant,色・サイズ・版,現物の色・サイズ・種類を確認してください,版・種類・サイズ・色、数量・セット内容、状態・未開封,"qty!,color!,size!,edition,condition!,set,photo",https://ec.baystars.co.jp/items/ydb4573676141736,,,,,,,A
PKGI-02709320,8月,BU-01020932,箱,PKG-01084278,852,ラフスタイル選手グッズ第3弾/アクリルスタンド/ピース,ec_baystars_co_jp,1,,variant,色・サイズ・版,現物の色・サイズ・種類を確認してください,版・種類・サイズ・色、数量・セット内容、状態・未開封,"qty!,color!,size!,edition,condition!,set,photo",,,,,,,,A
PKGI-02709321,8月,BU-01020932,箱,PKG-01084278,853,ラフスタイル選手グッズ第3弾/アクリルスタンド/待ち合わせ風,ec_baystars_co_jp,1,,identify,商品特定（撮影）,タグ・JAN・型番が写るように撮影し、点数を数えてください,タグ・JAN・型番・ブランド名を撮影、全体写真、数量,"qty!,photo!,url",,,,,,,,G
PKGI-02709322,8月,BU-01020932,箱,PKG-01084278,854,ラフスタイル選手グッズ第3弾/アクリルスタンド/ピース,ec_baystars_co_jp,1,,variant,色・サイズ・版,現物の色・サイズ・種類を確認してください,版・種類・サイズ・色、数量・セット内容、状態・未開封,"qty!,color!,size!,edition,condition!,set,photo",,,,,,,,A
PKGI-02709323,8月,BU-01020932,箱,PKG-01084278,855,ラフスタイル選手グッズ第3弾/アクリルスタンド/待ち合わせ風,ec_baystars_co_jp,1,,identify,商品特定（撮影）,タグ・JAN・型番が写るように撮影し、点数を数えてください,タグ・JAN・型番・ブランド名を撮影、全体写真、数量,"qty!,photo!,url",,,,,,,,G
PKGI-02709315,8月,BU-01020932,箱,PKG-01084278,856,ラフスタイル選手グッズ第3弾/ペンライト付け替えチューブ,ec_baystars_co_jp,1,,variant,色・サイズ・版,現物の色・サイズ・種類を確認してください,版・種類・サイズ・色、数量・セット内容、状態・未開封,"qty!,color!,size!,edition,condition!,set,photo",https://ec.baystars.co.jp/items/ydb4573676142030,,,,,,,A
PKGI-02709316,8月,BU-01020932,箱,PKG-01084278,857,ラフスタイル選手グッズ第3弾/ステッカー3枚セット,ec_baystars_co_jp,1,,identify,商品特定（撮影）,タグ・JAN・型番が写るように撮影し、点数を数えてください,タグ・JAN・型番・ブランド名を撮影、全体写真、数量,"qty!,photo!,url",,,,,,,,G
PKGI-02709317,8月,BU-01020932,箱,PKG-01084278,858,ラフスタイル選手グッズ第3弾/ステッカー3枚セット,ec_baystars_co_jp,1,,identify,商品特定（撮影）,タグ・JAN・型番が写るように撮影し、点数を数えてください,タグ・JAN・型番・ブランド名を撮影、全体写真、数量,"qty!,photo!,url",,,,,,,,G
PKGI-02709468,8月,BU-01020977,箱,PKG-01084233,860,STUDS CURVE DENIM PANTS【予約】,store_candystripper_jp,1,,identify,商品特定（撮影）,タグ・JAN・型番が写るように撮影し、点数を数えてください,タグ・JAN・型番・ブランド名を撮影、全体写真、数量,"qty!,photo!,url",,,,,,,,G
PKGI-02709974,8月,BU-01021229,箱,PKG-01084269,862,デュエル(DUEL) ARMORED F+ Pro アジ・メバル150M 0.2号　★特別価格,casterhouse_co_jp,1,,variant,色・サイズ・版,現物の色・サイズ・種類を確認してください,版・種類・サイズ・色,"qty!,color!,size!,edition,photo",https://www.casterhouse.co.jp/shop/products/detail/51762,,,,,,,A
PKGI-02709975,8月,BU-01021229,箱,PKG-01084269,863,デュエル(DUEL) アーマード(ARMORED) F+ 150M 1.0号 GY ゴールデンイエロー ★特別割引品,casterhouse_co_jp,1,,identify,商品特定（撮影）,タグ・JAN・型番が写るように撮影し、点数を数えてください,タグ・JAN・型番・ブランド名を撮影、全体写真、数量,"qty!,photo!,url",,,,,,,,G
PKGI-02710163,8月,BU-01021308,箱,PKG-01150529,864,ヒプノシスマイク -Division Rap Battle-   映画「ヒプノシスマイク -Division Rap Battle-」Blu-ray,store_kingrecords_co_jp,1,,identify,商品特定（撮影）,タグ・JAN・型番が写るように撮影し、点数を数えてください,タグ・JAN・型番・ブランド名を撮影、全体写真、数量,"qty!,photo!,candidate!,url",https://store.kingrecords.co.jp/shop/g/gKIXA-1022/,https://store.kingrecords.co.jp/shop/g/gKIXA-1022/,,,,,,G
PKGI-02710307,8月,BU-01021372,箱,PKG-01102125,865,Yona_Face(Regular Fit T-Shirt),suzuri_jp,1,,identify,商品特定（撮影）,タグ・JAN・型番が写るように撮影し、点数を数えてください,タグ・JAN・型番・ブランド名を撮影、全体写真、数量,"qty!,photo!,url",,,,,,,,H
PKGI-02710308,8月,BU-01021372,箱,PKG-01102125,866,Persimmons and Yona(Regular Fit T-Shirt),suzuri_jp,1,,identify,商品特定（撮影）,タグ・JAN・型番が写るように撮影し、点数を数えてください,タグ・JAN・型番・ブランド名を撮影、全体写真、数量,"qty!,photo!,url",,,,,,,,G
PKGI-02710453,8月,BU-01021415,箱,PKG-01084203,867,[超特急]REAL？Acrylic Stand ～Adventure ver.～,store_plusmember_jp,1,,photo_count,撮影＋点数,全体を撮影して、点数を数えてください,確認数量（元リストの商品単位） / 欠品・付属品の実際の内容 / メンバー種類・現物の台座/部品・数量を確認,"qty!,photo!",https://store.plusmember.jp/stardustch/products/detail.php?product_id=104940,,,,,,,B
PKGI-02711087,8月,BU-01021679,箱,PKG-01154459,869,イヨシコーラ「魔法のシロップ」THE JAPAN EDITION Mサイズ（250 ml）,shop_iyoshicola_com,1,,variant,色・サイズ・版,現物の色・サイズ・種類を確認してください,版・種類・サイズ・色,"qty!,color!,size!,edition,photo",,,,,,,,A
PKGI-02711086,8月,BU-01021679,箱,PKG-01154459,870,イヨシコーラ「魔法のシロップ」Mサイズ（250ml）,shop_iyoshicola_com,1,,variant,色・サイズ・版,現物の色・サイズ・種類を確認してください,版・種類・サイズ・色,"qty!,color!,size!,edition,photo",https://shop.iyoshicola.com/products/%E3%82%AF%E3%83%A9%E3%83%95%E3%83%88%E3%82%B3%E3%83%BC%E3%83%A9-%E9%AD%94%E6%B3%95%E3%81%AE%E3%82%B7%E3%83%AD%E3%83%83%E3%83%97-m%E3%82%B5%E3%82%A4%E3%82%BA-250-ml,,,,,,,A
PKGI-02711576,8月,BU-01021884,箱,PKG-01084461,873,TVアニメ『ガチアクタ』 ぷちべあマスコット【予約商品：4月下旬発売予定】,eyeup_co_jp,1,,variant,色・サイズ・版,現物の色・サイズ・種類を確認してください,版・種類・サイズ・色、数量・セット内容、bonus_or_purchase_benefit_presence、状態・未開封、画像と現物の一致,"qty!,color!,size!,edition,condition!,set,photo",https://www.eyeup.co.jp/c/anime/gr548/e0650-,,,,,,,A
PKGI-02711595,8月,BU-01021896,箱,PKG-01084475,874,TVアニメ『ガチアクタ』 ぷちべあマスコット【予約商品：4月下旬発売予定】,eyeup_co_jp,1,,variant,色・サイズ・版,現物の色・サイズ・種類を確認してください,版・種類・サイズ・色、数量・セット内容、bonus_or_purchase_benefit_presence、状態・未開封、画像と現物の一致,"qty!,color!,size!,edition,condition!,set,photo",,,,,,,,A
PKGI-02711596,8月,BU-01021896,箱,PKG-01084475,875,"TV anime ""Gachiakta"" Puchifure Acrylic Keychain [Pre-order product: Scheduled to be released in early February]",eyeup_co_jp,1,,identify,商品特定（撮影）,タグ・JAN・型番が写るように撮影し、点数を数えてください,タグ・JAN・型番・ブランド名を撮影、全体写真、数量,"qty!,photo!,url",,,,,,,,H
PKGI-02711649,8月,BU-01021916,箱,PKG-01084477,876,TVアニメ『ガチアクタ』 ぷちべあマスコット【予約商品：4月下旬発売予定】,eyeup_co_jp,1,,variant,色・サイズ・版,現物の色・サイズ・種類を確認してください,版・種類・サイズ・色、数量・セット内容、bonus_or_purchase_benefit_presence、状態・未開封、画像と現物の一致,"qty!,color!,size!,edition,condition!,set,photo",,,,,,,,A
PKGI-02711650,8月,BU-01021916,箱,PKG-01084477,877,TVアニメ『ガチアクタ』 ぷちべあマスコット【予約商品：4月下旬発売予定】,eyeup_co_jp,1,,variant,色・サイズ・版,現物の色・サイズ・種類を確認してください,版・種類・サイズ・色、数量・セット内容、bonus_or_purchase_benefit_presence、状態・未開封、画像と現物の一致,"qty!,color!,size!,edition,condition!,set,photo",,,,,,,,A
PKGI-02711853,8月,BU-01021985,箱,PKG-01084476,878,TVアニメ『ガチアクタ』 ぷちべあマスコット【予約商品：4月下旬発売予定】,eyeup_co_jp,1,,variant,色・サイズ・版,現物の色・サイズ・種類を確認してください,版・種類・サイズ・色、数量・セット内容、bonus_or_purchase_benefit_presence、状態・未開封、画像と現物の一致,"qty!,color!,size!,edition,condition!,set,photo",,,,,,,,A
PKGI-02711854,8月,BU-01021985,箱,PKG-01084476,879,"TV anime ""Gachiakta"" Puchifure Acrylic Keychain [Pre-order product: Scheduled to be released in early February]",eyeup_co_jp,1,,identify,商品特定（撮影）,タグ・JAN・型番が写るように撮影し、点数を数えてください,タグ・JAN・型番・ブランド名を撮影、全体写真、数量,"qty!,photo!,url",,,,,,,,H
PKGI-02711855,8月,BU-01021985,箱,PKG-01084476,880,"TV anime ""Gachiakta"" Puchifure Acrylic Keychain [Pre-order product: Scheduled to be released in early February]",eyeup_co_jp,1,,identify,商品特定（撮影）,タグ・JAN・型番が写るように撮影し、点数を数えてください,タグ・JAN・型番・ブランド名を撮影、全体写真、数量,"qty!,photo!,url",,,,,,,,H
PKGI-02712369,8月,BU-01022178,箱,PKG-01067107,882,シアサッカー 小花柄プリント カッタウェイカラー シャツ 26SS,beams_co_jp,1,,variant,色・サイズ・版,現物の色・サイズ・種類を確認してください,確認数量（元リストの商品単位） / 欠品・付属品の実際の内容 / 色・サイズ・種類の現物と根拠照合 / 現物の色・サイズ・年版を確認。出店ページ26SS表示は個体へ転記しない,"qty!,photo!,color!,size!,edition",https://brandavenue.rakuten.co.jp/item/RP7738/,,,,,,,B
PKGI-02712494,8月,BU-01022233,箱,PKG-01102344,886,BLCD Collection[Yoiyami Sugar Cat],hmv_co_jp,1,,variant,色・サイズ・版,現物の色・サイズ・種類を確認してください,版・種類・サイズ・色、bonus_or_purchase_benefit_presence、画像と現物の一致,"qty!,color!,size!,edition,photo",https://www.cdjapan.co.jp/product/MOBL-1089,,,,,,,A
PKGI-02712493,8月,BU-01022233,箱,PKG-01102344,887,TV Anime[Sasaki To Miyano] Drama CD Vol.1,hmv_co_jp,1,,photo_count,撮影＋点数,全体を撮影して、点数を数えてください,元帳数量保持・現物未確認,"qty!,photo!",https://sasamiya.com/1st/music/dramacd.html,,,,元帳数量保持・現物,,,B
PKGI-02712533,8月,BU-01022238,箱,PKG-01150804,888,Black Shoulder Bag,eveofficialstore_com,1,,identify,商品特定（撮影）,タグ・JAN・型番が写るように撮影し、点数を数えてください,タグ・JAN・型番・ブランド名を撮影、全体写真、数量,"qty!,photo!,url",,,,,,,,G
PKGI-02712532,8月,BU-01022238,箱,PKG-01150804,890,Tobi Nui Charm,eveofficialstore_com,1,,variant,色・サイズ・版,現物の色・サイズ・種類を確認してください,版・種類・サイズ・色、状態・未開封,"qty!,color!,size!,edition,condition!,photo",https://www.eveofficialstore.com/view/item/000000000300,,,,,,,A
PKGI-02712669,8月,BU-01022297,箱,PKG-01154583,891,"STEVE McQUEEN TEE "" TURNED 30 """,toys-mccoy_shop-pro_jp,1,,variant,色・サイズ・版,現物の色・サイズ・種類を確認してください,確認数量（元リストの商品単位） / 欠品・付属品の実際の内容 / 現物の品番・色サイズを確認,"qty!,photo!,color!,size!,edition",https://earthmarket-online.com/en/products/tmc2604,,,,,,,B
PKGI-02712831,8月,BU-01022361,箱,PKG-01154658,892,舞妓はんひぃ～ひぃ～ラー油ポテトスティック,ochanokosaisai_com,6,,variant,色・サイズ・版,現物の色・サイズ・種類を確認してください,版・種類・サイズ・色、数量・セット内容、状態・未開封,"qty!,color!,size!,edition,condition!,set,photo",,,,,,,,C
PKGI-02713314,8月,BU-01022516,箱,PKG-01084692,893,ビーズストラップ付きフェイスポーチ☆いちごちゃん x ピンクベア,curlycollection_jp,1,,identify,商品特定（撮影）,タグ・JAN・型番が写るように撮影し、点数を数えてください,タグ・JAN・型番・ブランド名を撮影、全体写真、数量,"qty!,photo!,url",,,,,,,,H
PKGI-02713315,8月,BU-01022516,箱,PKG-01084692,894,ワッペンティッシュケース☆いちごちゃん/フラワーxドット,curlycollection_jp,1,,identify,商品特定（撮影）,タグ・JAN・型番が写るように撮影し、点数を数えてください,タグ・JAN・型番・ブランド名を撮影、全体写真、数量,"qty!,photo!,url",,,,,,,,G
PKGI-02713866,8月,BU-01022766,箱,PKG-01084858,896,フィニッシャーズ・フレーム,tokyo42195-shopping_org,1,,identify,商品特定（撮影）,タグ・JAN・型番が写るように撮影し、点数を数えてください,タグ・JAN・型番・ブランド名を撮影、全体写真、数量,"qty!,photo!,url",,,,,,,,G
PKGI-02713867,8月,BU-01022766,箱,PKG-01084858,897,フィニッシャーズ・メダルケース,tokyo42195-shopping_org,1,,identify,商品特定（撮影）,タグ・JAN・型番が写るように撮影し、点数を数えてください,タグ・JAN・型番・ブランド名を撮影、全体写真、数量,"qty!,photo!,url",,,,,,,,G
PKGI-02713865,8月,BU-01022766,箱,PKG-01084858,898,フィニッシャーズ・キーホルダー,tokyo42195-shopping_org,1,,identify,商品特定（撮影）,タグ・JAN・型番が写るように撮影し、点数を数えてください,タグ・JAN・型番・ブランド名を撮影、全体写真、数量,"qty!,photo!,url",,,,,,,,G
PKGI-02713914,8月,BU-01022783,箱,PKG-01154807,899,ミーティアボール,sasakisports-onlineshop_jp,1,,variant,色・サイズ・版,現物の色・サイズ・種類を確認してください,版・種類・サイズ・色、数量・セット内容、状態・未開封,"qty!,color!,size!,edition,condition!,set,photo",https://www.sasakisports-onlineshop.jp/products/m207brmf,,,,元帳数量保持・現物,,,A
PKGI-02714175,8月,BU-01022897,箱,PKG-01084715,900,フィニッシャーズ・メダルクリップ,tokyo42195-shopping_org,1,,identify,商品特定（撮影）,タグ・JAN・型番が写るように撮影し、点数を数えてください,タグ・JAN・型番・ブランド名を撮影、全体写真、数量,"qty!,photo!,url",,,,,,,,G
PKGI-02714574,8月,BU-01023059,箱,PKG-01084838,901,フィニッシャーズ・フレーム,tokyo42195-shopping_org,1,,identify,商品特定（撮影）,タグ・JAN・型番が写るように撮影し、点数を数えてください,タグ・JAN・型番・ブランド名を撮影、全体写真、数量,"qty!,photo!,url",,,,,,,,G
PKGI-02714571,8月,BU-01023059,箱,PKG-01084838,902,フィニッシャーズ・メダルクリップ,tokyo42195-shopping_org,1,,identify,商品特定（撮影）,タグ・JAN・型番が写るように撮影し、点数を数えてください,タグ・JAN・型番・ブランド名を撮影、全体写真、数量,"qty!,photo!,url",,,,,,,,G
PKGI-02714573,8月,BU-01023059,箱,PKG-01084838,903,フィニッシャーズ・メダルケース,tokyo42195-shopping_org,1,,identify,商品特定（撮影）,タグ・JAN・型番が写るように撮影し、点数を数えてください,タグ・JAN・型番・ブランド名を撮影、全体写真、数量,"qty!,photo!,url",,,,,,,,G
PKGI-02714572,8月,BU-01023059,箱,PKG-01084838,904,フィニッシャーズ・キーホルダー,tokyo42195-shopping_org,1,,identify,商品特定（撮影）,タグ・JAN・型番が写るように撮影し、点数を数えてください,タグ・JAN・型番・ブランド名を撮影、全体写真、数量,"qty!,photo!,url",,,,,,,,G
PKGI-02714623,8月,BU-01023078,箱,PKG-01084728,905,フィニッシャーズ・キーホルダー,tokyo42195-shopping_org,1,,identify,商品特定（撮影）,タグ・JAN・型番が写るように撮影し、点数を数えてください,タグ・JAN・型番・ブランド名を撮影、全体写真、数量,"qty!,photo!,url",,,,,,,,G
PKGI-02714656,8月,BU-01023095,箱,PKG-01084872,906,フィニッシャーズ・プレート,tokyo42195-shopping_org,1,,identify,商品特定（撮影）,タグ・JAN・型番が写るように撮影し、点数を数えてください,タグ・JAN・型番・ブランド名を撮影、全体写真、数量,"qty!,photo!,url",,,,,,,,G
PKGI-02714654,8月,BU-01023095,箱,PKG-01084872,907,カジュアルトート（トレーニング用）,tokyo42195-shopping_org,1,,identify,商品特定（撮影）,タグ・JAN・型番が写るように撮影し、点数を数えてください,タグ・JAN・型番・ブランド名を撮影、全体写真、数量,"qty!,photo!,url",,,,,,,,H
PKGI-02714655,8月,BU-01023095,箱,PKG-01084872,908,アームカバー,tokyo42195-shopping_org,1,,identify,商品特定（撮影）,タグ・JAN・型番が写るように撮影し、点数を数えてください,タグ・JAN・型番・ブランド名を撮影、全体写真、数量,"qty!,photo!,url",,,,,,,,G
PKGI-02715325,8月,BU-01023327,箱,PKG-01067279,911,ゴールデンカムイ_ビィズニィズ アクリルジオラマD(杉元佐一・ヴァシリ)【BACKORDER】,colleize_com,1,,identify,商品特定（撮影）,タグ・JAN・型番が写るように撮影し、点数を数えてください,タグ・JAN・型番・ブランド名を撮影、全体写真、数量,"qty!,photo!,url",,,,,,,,G
PKGI-02715460,8月,BU-01023387,箱,PKG-01102567,912,Tobi Nui Charm,eveofficialstore_com,1,,variant,色・サイズ・版,現物の色・サイズ・種類を確認してください,版・種類・サイズ・色、状態・未開封,"qty!,color!,size!,edition,condition!,photo",,,,,,,,A
PKGI-02710753,8月,BU-01023441,箱,PKG-01150614,913,ReFa MILK PROTEIN PINK LINE,mtgec_jp,1,,identify,商品特定（撮影）,タグ・JAN・型番が写るように撮影し、点数を数えてください,タグ・JAN・型番・ブランド名を撮影、全体写真、数量,"qty!,photo!,url",,,,,,,,G
PKGI-02715628,8月,BU-01023459,箱,PKG-01150721,914,【予約数集まり次第生産】カジュアル 男女兼用 ユニセックス スポーティ うさぎ リボン 購入者特典付＊Favoriteコラボ＊兎姫さんコラボグッズ　惡兎重工棒球外套(惡兎重工ジャージ)【2025年12月上旬予約開始】【生産未確定予約】商品コード:100917,favorite-one_co_jp,1,,identify,商品特定（撮影）,タグ・JAN・型番が写るように撮影し、点数を数えてください,タグ・JAN・型番・ブランド名を撮影、全体写真、数量,"qty!,photo!,url",,,,,,,,G
PKGI-02716496,8月,BU-01023667,箱,PKG-01131116,915,alpha direct f/z hoodie,mix_tokyo,1,,variant,色・サイズ・版,現物の色・サイズ・種類を確認してください,版・種類・サイズ・色,"qty!,color!,size!,edition,photo",https://mix.tokyo/products/5744241115,,,,,,,A
PKGI-02716955,8月,BU-01023830,箱,PKG-01102636,916,Re:Smile T [dark],eveofficialstore_com,1,,variant,色・サイズ・版,現物の色・サイズ・種類を確認してください,版・種類・サイズ・色、状態・未開封、画像と現物の一致,"qty!,color!,size!,edition,condition!,photo",https://www.eveofficialstore.com/view/item/000000000313,,,,,,,A
PKGI-02716954,8月,BU-01023830,箱,PKG-01102636,917,Tobi Nui Charm,eveofficialstore_com,1,,variant,色・サイズ・版,現物の色・サイズ・種類を確認してください,版・種類・サイズ・色、状態・未開封,"qty!,color!,size!,edition,condition!,photo",,,,,,,,A
PKGI-02717158,8月,BU-01023904,箱,PKG-01102576,918,Music Keychain,eveofficialstore_com,1,,variant,色・サイズ・版,現物の色・サイズ・種類を確認してください,版・種類・サイズ・色、状態・未開封、画像と現物の一致,"qty!,color!,size!,edition,condition!,photo",https://www.eveofficialstore.com/view/item/000000000297,,,,,,,A
PKGI-02717159,8月,BU-01023904,箱,PKG-01102576,919,Mochimochi Squishy,eveofficialstore_com,1,,variant,色・サイズ・版,現物の色・サイズ・種類を確認してください,版・種類・サイズ・色、状態・未開封、画像と現物の一致,"qty!,color!,size!,edition,condition!,photo",https://www.eveofficialstore.com/view/item/000000000298,,,,,,,A
PKGI-02717430,8月,BU-01024025,箱,PKG-01102592,920,Tobi Nui Charm,eveofficialstore_com,1,,variant,色・サイズ・版,現物の色・サイズ・種類を確認してください,版・種類・サイズ・色、状態・未開封,"qty!,color!,size!,edition,condition!,photo",,,,,,,,A
PKGI-02717520,8月,BU-01024056,箱,PKG-01143079,921,トートバッグ/レザー/RED/無地/G0893-12480【B】,2ndstreet_jp,1,,identify,商品特定（撮影）,タグ・JAN・型番が写るように撮影し、点数を数えてください,タグ・JAN・型番・ブランド名を撮影、全体写真、数量,"qty!,photo!,url",,,,,,,,G
PKGI-02717815,8月,BU-01024162,箱,PKG-01131416,923,さがらワッペン付きスクエアポーチ☆いちごちゃん / いちご,curlycollection_jp,1,,identify,商品特定（撮影）,タグ・JAN・型番が写るように撮影し、点数を数えてください,タグ・JAN・型番・ブランド名を撮影、全体写真、数量,"qty!,photo!,url",,,,,,,,H
PKGI-02717847,8月,BU-01024175,箱,PKG-01102860,924,Summer Outer,eveofficialstore_com,1,,photo_count,撮影＋点数,全体を撮影して、点数を数えてください,元帳数量保持・現物未確認,"qty!,photo!",https://www.eveofficialstore.com/view/item/000000000308,,,,元帳数量保持・現物,,,B
PKGI-02718436,8月,BU-01024385,箱,PKG-01102807,925,キングダム ハーツ ／ アイコニック イヤオブジェ ～コンプリートセット～,mayla_jp,1,,set,セット内容,点数と、セットの中身（何が何個あるか）を確認してください,数量・セット内容,"qty!,set!,photo",https://mayla.jp/SHOP/aca0366.html,,,,,,,D
PKGI-02718449,8月,BU-01024393,箱,PKG-01062771,927,3WAYリボンパファーバッグ【予約】,wegoec_jp,1,,variant,色・サイズ・版,現物の色・サイズ・種類を確認してください,確認数量（元リストの商品単位） / 欠品・付属品の実際の内容 / 現物の色・品番・ストラップ構成を確認,"qty!,photo!,color!,edition",https://wego.jp/products/wc26ss04-sg0002?id=wc-ranking,,,,,,,B
PKGI-02718523,8月,BU-01024423,箱,PKG-01102851,928,キングダム ハーツ ／ アイコニック イヤオブジェ ～コンプリートセット～ ～海外からご購入のお客様へ～,mayla_jp,1,,set,セット内容,点数と、セットの中身（何が何個あるか）を確認してください,数量・セット内容,"qty!,set!,photo",https://mayla.jp/SHOP/aca0366.html,,,,,,,D
PKGI-02718624,8月,BU-01024468,箱,PKG-01131497,929,"1st Album ""Excitement of Youth"" 12inch record",store_plusmember_jp,1,,identify,商品特定（撮影）,タグ・JAN・型番が写るように撮影し、点数を数えてください,タグ・JAN・型番・ブランド名を撮影、全体写真、数量,"qty!,photo!,url",,,,,,,,G
PKGI-02718625,8月,BU-01024468,箱,PKG-01131497,930,2nd Album『瞬間的シックスセンス』12inchレコード,store_plusmember_jp,1,,variant,色・サイズ・版,現物の色・サイズ・種類を確認してください,確認数量（元リストの商品単位） / 欠品・付属品の実際の内容 / 盤2枚の揃い・規格品番・付属カード・状態を確認。2枚組で1商品単位,"qty!,photo!,edition,condition!",https://store.plusmember.jp/aimyon/products/detail.php?product_id=104918,,,,,,,B
PKGI-02718747,8月,BU-01024522,箱,PKG-01115089,931,GOAT Winter 2026【予約】,books_rakuten_co_jp,1,,variant,色・サイズ・版,現物の色・サイズ・種類を確認してください,確認数量（元リストの商品単位） / 欠品・付属品の実際の内容 / 現物の号・付属物・状態を確認,"qty!,photo!,edition,condition!",https://dps.shogakukan.co.jp/goat,,,,,,,B
PKGI-02718861,8月,BU-01024576,箱,PKG-01102721,933,Polo [choco×mint],eveofficialstore_com,1,,identify,商品特定（撮影）,タグ・JAN・型番が写るように撮影し、点数を数えてください,タグ・JAN・型番・ブランド名を撮影、全体写真、数量,"qty!,photo!,candidate!,url",https://www.eveofficialstore.com/view/item/000000000309,https://www.eveofficialstore.com/view/item/000000000309,Polo [choco×mint]｜Eve(イブ) 公式通販サイト,1.00,,,,G
PKGI-02718907,8月,BU-01024597,箱,PKG-01115084,934,現実が瞬く間に好転する 浄化の力,books_rakuten_co_jp,1,,variant,色・サイズ・版,現物の色・サイズ・種類を確認してください,確認数量（元リストの商品単位） / 欠品・付属品の実際の内容 / 現物のISBN・状態・付属物を確認,"qty!,photo!,edition,condition!",https://www.hanmoto.com/bd/isbn/9784046071651,,,,,,,B
PKGI-02718906,8月,BU-01024601,箱,PKG-01067529,935,2614-NM-02-0000 3COINS EMS&温熱ケアパッド／hemle,palcloset_jp,1,,variant,色・サイズ・版,現物の色・サイズ・種類を確認してください,版・種類・サイズ・色,"qty!,color!,size!,edition,photo",https://www.palcloset.jp/display/item/2614-NM-02-0000/,,,,,,,A
PKGI-02719402,8月,BU-01024820,箱,PKG-01131568,939,秘密の間柄 Blu-ray【初回限定盤/コリタメ限定特典付き】,koretame_com,1,,identify,商品特定（撮影）,タグ・JAN・型番が写るように撮影し、点数を数えてください,タグ・JAN・型番・ブランド名を撮影、全体写真、数量,"qty!,photo!,url",,,,,,,,G
PKGI-02719415,8月,BU-01024829,箱,PKG-01115026,940,MICKEY MOUSE NN T-SHIRT,n-nine-store_com,1,,variant,色・サイズ・版,現物の色・サイズ・種類を確認してください,版・種類・サイズ・色、数量・セット内容、状態・未開封,"qty!,color!,size!,edition,condition!,set,photo",https://n-nine-store.com/item/107385846.html,,,,,,,A
PKGI-02719699,8月,BU-01024922,箱,PKG-01102701,941,Tobi Nui Charm,eveofficialstore_com,1,,variant,色・サイズ・版,現物の色・サイズ・種類を確認してください,版・種類・サイズ・色、状態・未開封,"qty!,color!,size!,edition,condition!,photo",,,,,,,,A
PKGI-02719700,8月,BU-01024922,箱,PKG-01102701,942,Mochimochi Squishy,eveofficialstore_com,1,,variant,色・サイズ・版,現物の色・サイズ・種類を確認してください,版・種類・サイズ・色、状態・未開封、画像と現物の一致,"qty!,color!,size!,edition,condition!,photo",,,,,,,,A
PKGI-02719843,8月,BU-01024976,箱,PKG-01113203,943,【楽天ブックス限定グッズ+楽天ブックス限定全巻購入特典+他】『僕のヒーローアカデミア』FINAL SEASON Blu-ray Vol.2 初回生産限定版【Blu-ray】(プラスチックドリンクボトル+A5キャラファイングラフ+アクリルスタンド+他)【予約】,books_rakuten_co_jp,1,,identify,商品特定（撮影）,タグ・JAN・型番が写るように撮影し、点数を数えてください,タグ・JAN・型番・ブランド名を撮影、全体写真、数量,"qty!,photo!,url",,,,,,,,H
PKGI-02667317,8月,BU-01024976,箱,PKG-01113203,944,【楽天ブックス限定全巻購入特典+先着特典】『僕のヒーローアカデミア』FINAL SEASON Blu-ray Vol.1 初回生産限定版【Blu-ray】(A5キャラファイングラフ+アクリルスタンド+場面写真L判ポストカード),books_rakuten_co_jp,1,,identify,商品特定（撮影）,タグ・JAN・型番が写るように撮影し、点数を数えてください,タグ・JAN・型番・ブランド名を撮影、全体写真、数量,"qty!,photo!,url",,,,,,,,H
PKGI-02719929,8月,BU-01024988,箱,PKG-01067751,945,S-EC-2525-DISH- 《WEB限定商品》ディッシュテーブル／g?teau,palcloset_jp,1,,variant,色・サイズ・版,現物の色・サイズ・種類を確認してください,版・種類・サイズ・色、数量・セット内容、状態・未開封,"qty!,color!,size!,edition,condition!,set,photo",https://www.palcloset.jp/display/item/S-EC-2525-DISH-/?b=salut&cl=01,,,,,,,A
PKGI-02719844,8月,BU-01024988,箱,PKG-01067751,946,S-EC-2525-STOOL 《WEB限定商品》Caneleスツール／g?teau,palcloset_jp,1,,variant,色・サイズ・版,現物の色・サイズ・種類を確認してください,版・種類・サイズ・色、数量・セット内容、状態・未開封,"qty!,color!,size!,edition,condition!,set,photo",https://www.palcloset.jp/display/item/S-EC-2525-STOOL/?b=salut&cl=68,,,,,,,A
PKGI-02719928,8月,BU-01024988,箱,PKG-01067751,947,S-EC-2525-BISC- 《WEB限定商品》Biscuitスツール／g?teau,palcloset_jp,1,,variant,色・サイズ・版,現物の色・サイズ・種類を確認してください,版・種類・サイズ・色、数量・セット内容、状態・未開封,"qty!,color!,size!,edition,condition!,set,photo",https://www.palcloset.jp/display/item/S-EC-2525-BISC-/?b=salut&cl=61&ss=,,,,,,,A
PKGI-02720407,8月,BU-01025149,箱,PKG-01102757,949,はむにぎり　マスコット　＊予約販売＊　５月下旬発送予定,livheart_jp,1,,identify,商品特定（撮影）,タグ・JAN・型番が写るように撮影し、点数を数えてください,タグ・JAN・型番・ブランド名を撮影、全体写真、数量,"qty!,photo!,url",,,,,,,,H
PKGI-02718200,8月,BU-01025223,箱,PKG-01102817,950,ReFa MILK PROTEIN PINK LINE,mtgec_jp,1,,identify,商品特定（撮影）,タグ・JAN・型番が写るように撮影し、点数を数えてください,タグ・JAN・型番・ブランド名を撮影、全体写真、数量,"qty!,photo!,url",,,,,,,,G
PKGI-02720922,8月,BU-01025352,箱,PKG-01131891,951,Synthesizer V 2 AI 重音テト SV1重音テト優待版,ah-soft_net,1,,variant,色・サイズ・版,現物の色・サイズ・種類を確認してください,版・種類・サイズ・色、数量・セット内容、状態・未開封、画像と現物の一致、箱・袋の所在,"qty!,color!,size!,edition,condition!,set,photo",,,,,,,,A
PKGI-02721055,8月,BU-01025434,箱,PKG-01067833,953,※予約【Mrs. GREEN APPLE × and ST】コラボ ブレスレット,dot-st_com,1,,variant,色・サイズ・版,現物の色・サイズ・種類を確認してください,確認数量（元リストの商品単位） / 欠品・付属品の実際の内容 / 現物のコラボ版・色・構成/付属物を確認,"qty!,photo!,color!,edition",https://mrsgreenapple.com/news/detail/22326,,,,,,,B
PKGI-02721092,8月,BU-01025466,箱,PKG-01131743,954,[Fight Club / weber] T shirt (Rules),weber71_stores_jp,2,,identify,商品特定（撮影）,タグ・JAN・型番が写るように撮影し、点数を数えてください,タグ・JAN・型番・ブランド名を撮影、全体写真、数量,"qty!,photo!,url",,,,,,,,H
PKGI-02721093,8月,BU-01025466,箱,PKG-01131743,955,[Fight Club / weber] T shirt,weber71_stores_jp,2,,identify,商品特定（撮影）,タグ・JAN・型番が写るように撮影し、点数を数えてください,タグ・JAN・型番・ブランド名を撮影、全体写真、数量,"qty!,photo!,candidate!,url",https://weber71.stores.jp/items/69c0e108d95230f595acd29c,https://weber71.stores.jp/items/69c0e108d95230f595acd29c,,,,,,G
PKGI-02721094,8月,BU-01025466,箱,PKG-01131743,956,[プラダを着た悪魔 / weber] T shirt (Andy),weber71_stores_jp,1,,identify,商品特定（撮影）,タグ・JAN・型番が写るように撮影し、点数を数えてください,タグ・JAN・型番・ブランド名を撮影、全体写真、数量,"qty!,photo!,candidate!,url",https://weber71.stores.jp/items/69afdf7c849bba075b6805e9,https://weber71.stores.jp/items/69afdf7c849bba075b6805e9,,,,,,G
PKGI-02721170,8月,BU-01025501,箱,PKG-01131794,957,[glamb(Gram)] [Pre-order: Mid- to Late May Arrival] Kiryu vs Mine Jacket (GB0126-LD01),cambio_co_jp,1,,variant,色・サイズ・版,現物の色・サイズ・種類を確認してください,版・種類・サイズ・色,"qty!,color!,size!,edition,photo",https://www.glamb-lodge.com/en/collections/likeadragon/products/gb0126-ld01,,,,,,,A
PKGI-02721200,8月,BU-01025521,箱,PKG-01067870,958,Dr.STONE_アクリルスタンドプレート08/石神千空(場面写イラスト)【BACKORDER】,colleize_com,1,,identify,商品特定（撮影）,タグ・JAN・型番が写るように撮影し、点数を数えてください,タグ・JAN・型番・ブランド名を撮影、全体写真、数量,"qty!,photo!,url",,,,,,,,G
PKGI-02721201,8月,BU-01025521,箱,PKG-01067870,959,Dr.STONE_アクリルスタンドプレート16/石神千空(場面写イラスト)【予約】,colleize_com,1,,identify,商品特定（撮影）,タグ・JAN・型番が写るように撮影し、点数を数えてください,タグ・JAN・型番・ブランド名を撮影、全体写真、数量,"qty!,photo!,candidate!,url",https://www.hobbystock.jp/item/view/hby-ccg-00386198,https://www.hobbystock.jp/item/view/hby-ccg-00386198,ホビーストック | Dr.STONE アクリルスタンドプレート 08 石神千空 場面写イラスト,0.82,,,,G
PKGI-02721210,8月,BU-01025533,箱,PKG-01131708,960,【COMPLETE 2.0】Check - Black,uagfb_com,1,,identify,商品特定（撮影）,タグ・JAN・型番が写るように撮影し、点数を数えてください,タグ・JAN・型番・ブランド名を撮影、全体写真、数量,"qty!,photo!,url",,,,,,,,H
PKGI-02721058,8月,BU-01025568,箱,PKG-01067858,961,レイヤード風ドットカットソー,freaksstore_com,1,,variant,色・サイズ・版,現物の色・サイズ・種類を確認してください,版・種類・サイズ・色,"qty!,color!,size!,edition,photo",https://brandavenue.rakuten.co.jp/item/RS2450/,,,,,,,A
PKGI-02721285,8月,BU-01025568,箱,PKG-01067858,962,レーストリムジャガードカットソー,freaksstore_com,1,,identify,商品特定（撮影）,タグ・JAN・型番が写るように撮影し、点数を数えてください,タグ・JAN・型番・ブランド名を撮影、全体写真、数量,"qty!,photo!,url",,,,,,,,G
PKGI-02715178,8月,BU-01025568,箱,PKG-01067858,963,別注 ヘンリーネック Tシャツ　限定展開,freaksstore_com,1,,variant,色・サイズ・版,現物の色・サイズ・種類を確認してください,確認数量（元リストの商品単位） / 欠品・付属品の実際の内容 / 色・サイズ・種類の現物と根拠照合,"qty!,photo!,color!,size!,edition",https://www.daytona-park.com/item/3223291600006,,,,,,,B
PKGI-02721518,8月,BU-01025658,箱,PKG-01113159,964,瞬間的シックスセンス【アナログ盤】【予約】,books_rakuten_co_jp,1,,identify,商品特定（撮影）,タグ・JAN・型番が写るように撮影し、点数を数えてください,タグ・JAN・型番・ブランド名を撮影、全体写真、数量,"qty!,photo!,candidate!,url",https://books.rakuten.co.jp/rb/18544591/,https://books.rakuten.co.jp/rb/18544591/,瞬間的シックスセンス【アナログ盤】,1.00,,,,H
PKGI-02721581,8月,BU-01025686,箱,PKG-01143341,966,ヒロボー HIROBO パーツ 【0412-239】 燃料タンクキャップ シャトル用（残り部材わずか）,hirobo_com,5,,variant,色・サイズ・版,現物の色・サイズ・種類を確認してください,版・種類・サイズ・色、状態・未開封、画像と現物の一致,"qty!,color!,size!,edition,condition!,photo",https://www.hirobo.com/view/item/000000000119,,,,,,,A
PKGI-02721664,8月,BU-01025701,箱,PKG-01131914,967,瑠璃の宝石 アクリルキャラスタンド 荒砥 凪 水着ver.【描き下ろし】,charaon_jp,1,,variant,色・サイズ・版,現物の色・サイズ・種類を確認してください,説明文の未確認項目（サイズ・色・種類・構成など）,"qty!,color!,size!,edition,photo",https://www.charaon.jp/SHOP/AZRNH014.html,,,,,,,C
PKGI-02721716,8月,BU-01025725,箱,PKG-01113123,970,【マイメロディ】スウェットワンピース,rlab-store_jp,1,,identify,商品特定（撮影）,タグ・JAN・型番が写るように撮影し、点数を数えてください,タグ・JAN・型番・ブランド名を撮影、全体写真、数量,"qty!,photo!,url",,,,,,,,G
PKGI-02721743,8月,BU-01025733,箱,PKG-01115271,971,Obey Me! アクリルハンガー ベルゼブブ / Obey Me! Acrylic Hanger - Beelzebub,acrpicto_com,1,,set,セット内容,点数と、セットの中身（何が何個あるか）を確認してください,数量・セット内容、状態・未開封、画像と現物の一致,"qty!,set!,condition!,photo",https://www.acrpicto.com/view/item/000000000085,,,,,,,D
PKGI-02721742,8月,BU-01025733,箱,PKG-01115271,972,『Obey Me!』「嘆きの館」鍵モチーフ2連アクリルキーホルダー / Obey Me! House of Lamentation Key & Character Keychain,acrpicto_com,1,,variant,色・サイズ・版,現物の色・サイズ・種類を確認してください,版・種類・サイズ・色、数量・セット内容、状態・未開封、画像と現物の一致,"qty!,color!,size!,edition,condition!,set,photo",https://www.acrpicto.com/view/item/000000000111,,,,,,,A
PKGI-02721826,8月,BU-01025767,箱,PKG-01113051,973,残り僅か！〈SELECT〉シルクタッチガーゼフレアスカート 4495601,sysorus_com,1,,identify,商品特定（撮影）,タグ・JAN・型番が写るように撮影し、点数を数えてください,タグ・JAN・型番・ブランド名を撮影、全体写真、数量,"qty!,photo!,url",,,,,,,,H
PKGI-02721870,8月,BU-01025783,箱,PKG-01131773,977,『New PANTY & STOCKING with GARTERBELT』ゆらゆら アクリルKH ポリウレタン,anime-store_jp,1,,identify,商品特定（撮影）,タグ・JAN・型番が写るように撮影し、点数を数えてください,タグ・JAN・型番・ブランド名を撮影、全体写真、数量,"qty!,photo!,candidate!,url",https://anime-store.jp/products/4573663691862?_pos=1&_sid=2038acd0e&_ss=r,https://anime-store.jp/products/4573663691862?_pos=1&_sid=2038acd0e&_ss=r,,,,,,G
PKGI-02721868,8月,BU-01025783,箱,PKG-01131773,978,『New PANTY & STOCKING with GARTERBELT』ポリウレタン Ani-Art clear label A3マット加工ポスター,anime-store_jp,1,,identify,商品特定（撮影）,タグ・JAN・型番が写るように撮影し、点数を数えてください,タグ・JAN・型番・ブランド名を撮影、全体写真、数量,"qty!,photo!,url",,,,,,,,G
PKGI-02721871,8月,BU-01025783,箱,PKG-01131773,979,『New PANTY & STOCKING with GARTERBELT』モーテルKH ポリウレタン,anime-store_jp,1,,identify,商品特定（撮影）,タグ・JAN・型番が写るように撮影し、点数を数えてください,タグ・JAN・型番・ブランド名を撮影、全体写真、数量,"qty!,photo!,url",,,,,,,,G
PKGI-02721893,8月,BU-01025796,箱,PKG-01131787,980,1st Album『青春のエキサイトメント』12inchレコード,store_plusmember_jp,1,,variant,色・サイズ・版,現物の色・サイズ・種類を確認してください,確認数量（元リストの商品単位） / 欠品・付属品の実際の内容 / 盤2枚の揃い・規格品番・付属カード・状態を確認。2枚組で1商品単位,"qty!,photo!,edition,condition!",https://store.plusmember.jp/aimyon/products/detail.php?product_id=104917,,,,,,,B
PKGI-02721976,8月,BU-01025843,箱,PKG-01143375,981,ショートブーツ レディース ブーツ ポインテッドトゥ 送料無料・メール便不可,antiqua_co_jp,1,,variant,色・サイズ・版,現物の色・サイズ・種類を確認してください,版・種類・サイズ・色、数量・セット内容、状態・未開封,"qty!,color!,size!,edition,condition!,set,photo",https://www.antiqua.co.jp/view/item/000000028879,,,,現物,,,A
PKGI-02721977,8月,BU-01025843,箱,PKG-01143375,982,足元で締める。サンダル レディース 厚底 ベルト バックル 歩きやすい 送料無料 ・メール便不可,antiqua_co_jp,1,,variant,色・サイズ・版,現物の色・サイズ・種類を確認してください,版・種類・サイズ・色、数量・セット内容、状態・未開封、画像と現物の一致,"qty!,color!,size!,edition,condition!,set,photo",https://www.antiqua.co.jp/view/item/000000029803?category_page_id=ct167,,,,現物,,,A
PKGI-02722798,8月,BU-01026156,箱,PKG-01132129,986,【予約特別価格】                TVアニメ ハイスクールD×D HERO マイクロファイバー 姫島朱乃 ボンテージ ver.,hobbystock_jp,1,,variant,色・サイズ・版,現物の色・サイズ・種類を確認してください,版・種類・サイズ・色、数量・セット内容、状態・未開封、画像と現物の一致,"qty!,color!,size!,edition,condition!,set,photo",https://www.hobbystock.jp/item/view/hby-ccg-00391637,,,,,,,A
PKGI-02722799,8月,BU-01026156,箱,PKG-01132129,987,【予約特別価格】                TVアニメ ハイスクールD×D HERO マイクロファイバー リアス・グレモリー ボンテージ ver.,hobbystock_jp,1,,variant,色・サイズ・版,現物の色・サイズ・種類を確認してください,版・種類・サイズ・色、数量・セット内容、状態・未開封、画像と現物の一致,"qty!,color!,size!,edition,condition!,set,photo",https://www.hobbystock.jp/item/view/hby-ccg-00391635,,,,,,,A
PKGI-02722800,8月,BU-01026156,箱,PKG-01132129,988,【予約特別価格】                TVアニメ ハイスクールD×D HERO マイクロファイバー 塔城小猫 ボンテージ ver.,hobbystock_jp,1,,variant,色・サイズ・版,現物の色・サイズ・種類を確認してください,版・種類・サイズ・色、数量・セット内容、状態・未開封、画像と現物の一致,"qty!,color!,size!,edition,condition!,set,photo",https://www.hobbystock.jp/item/view/hby-ccg-00391638,,,,,,,A
PKGI-02722801,8月,BU-01026156,箱,PKG-01132129,989,【予約特別価格】                TVアニメ ハイスクールD×D HERO マイクロファイバー アーシア・アルジェント ボンテージ ver.,hobbystock_jp,1,,variant,色・サイズ・版,現物の色・サイズ・種類を確認してください,版・種類・サイズ・色、数量・セット内容、状態・未開封、画像と現物の一致,"qty!,color!,size!,edition,condition!,set,photo",https://www.hobbystock.jp/item/view/hby-ccg-00391636,,,,,,,A
PKGI-02722802,8月,BU-01026156,箱,PKG-01132129,990,この素晴らしい世界に祝福を！ 描き下ろしミニ色紙 アクア バカンス ver.（イベント特典対象商品）,hobbystock_jp,1,,variant,色・サイズ・版,現物の色・サイズ・種類を確認してください,確認数量（元リストの商品単位） / 欠品・付属品の実際の内容 / 現物図柄・状態と特典有無を確認。イベント対象というだけで特典付きとは書かない,"qty!,photo!,edition,condition!",https://www.hobbystock.jp/item/view/hso-ccg-00014232,,,,,,,B
PKGI-02722891,8月,BU-01026190,箱,PKG-01115306,991,完全復刻版　CLAMP描きおろしクロウカードセット　（講談社キャラクターズA）,books_rakuten_co_jp,1,,variant,色・サイズ・版,現物の色・サイズ・種類を確認してください,版・種類・サイズ・色,"qty!,color!,size!,edition,photo",https://shopping.yahoo.co.jp/products/z8so3q4t73,,,,,,,A
PKGI-02722988,8月,BU-01026234,箱,PKG-01113143,992,【先着特典】Are You Red.Y? (通常盤)(オリジナルカードホルダー「りょうすけーす」)【予約】,books_rakuten_co_jp,1,,identify,商品特定（撮影）,タグ・JAN・型番が写るように撮影し、点数を数えてください,タグ・JAN・型番・ブランド名を撮影、全体写真、数量,"qty!,photo!,url",,,,,,,,H
PKGI-02723328,8月,BU-01026375,箱,PKG-01132201,993,瑠璃の宝石 マグカップ 瑠璃＆凪 水着ver.【描き下ろし】,charaon_jp,1,,variant,色・サイズ・版,現物の色・サイズ・種類を確認してください,版・種類・サイズ・色、数量・セット内容、状態・未開封,"qty!,color!,size!,edition,condition!,set,photo",https://www.charaon.jp/smp/item/AZRNH015.html,,,,,,,A
PKGI-02723801,8月,BU-01026602,箱,PKG-01113322,995,MICKEY MOUSE NN T-SHIRT / COLOR &#038; MONOCHROME,n-nine-store_com,1,,variant,色・サイズ・版,現物の色・サイズ・種類を確認してください,版・種類・サイズ・色、数量・セット内容、状態・未開封、画像と現物の一致,"qty!,color!,size!,edition,condition!,set,photo",https://n-nine-store.com/item/107385846.html,,,,,,,A
PKGI-02723918,8月,BU-01026602,箱,PKG-01113322,996,MICKEY MOUSE OS GLITTER PRINTED T-SHIRT,n-nine-store_com,1,,variant,色・サイズ・版,現物の色・サイズ・種類を確認してください,版・種類・サイズ・色、数量・セット内容、状態・未開封、画像と現物の一致,"qty!,color!,size!,edition,condition!,set,photo",https://n-nine-store.com/item/107385863.html,,,,,,,A
PKGI-02723296,8月,BU-01026602,箱,PKG-01113322,997,HAND PAINTED BASIC HEM PRINTED L/S T-SHIRT / ハンドペイント ベーシック ワンポイント ロゴプリント ロンT,n-nine-store_com,1,,variant,色・サイズ・版,現物の色・サイズ・種類を確認してください,版・種類・サイズ・色,"qty!,color!,size!,edition,photo",https://n-nine-store.com/item/111722758.html,,,,,,,A
PKGI-02723295,8月,BU-01026602,箱,PKG-01113322,998,100% FINE COTTON N(N) BOX LOGO 2 PACK RIB LINE SOCKS / ファイン コットン100% ワンポイント N(N)ボックスロゴ 2パック リブ ライン ソックス,n-nine-store_com,1,,variant,色・サイズ・版,現物の色・サイズ・種類を確認してください,説明文の未確認項目（サイズ・色・種類・構成など）,"qty!,color!,size!,edition,photo",https://n-nine-store.com/item/100222804.html,,,,,,,C
PKGI-02724081,8月,BU-01026655,箱,PKG-01132369,1002,GUITAR GIRL メッシュキャップ (予約),store_hystericglamour_jp,1,,variant,色・サイズ・版,現物の色・サイズ・種類を確認してください,版・種類・サイズ・色,"qty!,color!,size!,edition,photo",https://store.hystericglamour.jp/item/102345.html,,,,,,,A
PKGI-02724125,8月,BU-01026673,箱,PKG-01115384,1003,Jekyll and HYDE in Salzburg,hmv_co_jp,1,,identify,商品特定（撮影）,タグ・JAN・型番が写るように撮影し、点数を数えてください,タグ・JAN・型番・ブランド名を撮影、全体写真、数量,"qty!,photo!,url",,,,,,,,H
PKGI-02724277,8月,BU-01026733,箱,PKG-01115402,1004,フニオ　抱きまくらＬサイズ,livheart_jp,1,,variant,色・サイズ・版,現物の色・サイズ・種類を確認してください,版・種類・サイズ・色、数量・セット内容、状態・未開封、画像と現物の一致,"qty!,color!,size!,edition,condition!,set,photo",https://livheart.jp/shopdetail/000000000967/,,,,,,,A
PKGI-02724288,8月,BU-01026738,箱,PKG-01068104,1005,For the first time＜数量限定盤/日本語帯付/解説、歌詞対訳付＞ (発売日: 2025年12月05日),tower_jp,1,,set,セット内容,点数と、セットの中身（何が何個あるか）を確認してください,数量・セット内容、状態・未開封,"qty!,set!,condition!,photo",https://tower.jp/item/7437856,,,,元帳数量保持・現物,,,D
PKGI-02724289,8月,BU-01026738,箱,PKG-01068104,1006,Cowards＜数量限定盤/Clear Vinyl/日本語帯付き＞ (発売日: 2025年02月07日),tower_jp,1,,identify,商品特定（撮影）,タグ・JAN・型番が写るように撮影し、点数を数えてください,タグ・JAN・型番・ブランド名を撮影、全体写真、数量,"qty!,photo!,url",,,,,,,,G
PKGI-02724492,8月,BU-01026813,箱,PKG-01132202,1007,桜梅桃李,ditatokyo_jp,1,,identify,商品特定（撮影）,タグ・JAN・型番が写るように撮影し、点数を数えてください,タグ・JAN・型番・ブランド名を撮影、全体写真、数量,"qty!,photo!,url",,,,,,,,H
PKGI-02724493,8月,BU-01026813,箱,PKG-01132202,1008,【先行予約/5月中旬より順次発送予定】繚乱恋花,ditatokyo_jp,1,,identify,商品特定（撮影）,タグ・JAN・型番が写るように撮影し、点数を数えてください,タグ・JAN・型番・ブランド名を撮影、全体写真、数量,"qty!,photo!,url",,,,,,,,H
PKGI-02724495,8月,BU-01026813,箱,PKG-01132202,1009,綺麗な着こなしに必須◎,ditatokyo_jp,1,,identify,商品特定（撮影）,タグ・JAN・型番が写るように撮影し、点数を数えてください,タグ・JAN・型番・ブランド名を撮影、全体写真、数量,"qty!,photo!,url",,,,,,,,H
PKGI-02724494,8月,BU-01026813,箱,PKG-01132202,1010,夏の浴衣姿を快適に,ditatokyo_jp,1,,identify,商品特定（撮影）,タグ・JAN・型番が写るように撮影し、点数を数えてください,タグ・JAN・型番・ブランド名を撮影、全体写真、数量,"qty!,photo!,url",,,,,,,,H
PKGI-02724496,8月,BU-01026813,箱,PKG-01132202,1011,美しい着付けの必需品！,ditatokyo_jp,2,,identify,商品特定（撮影）,タグ・JAN・型番が写るように撮影し、点数を数えてください,タグ・JAN・型番・ブランド名を撮影、全体写真、数量,"qty!,photo!,url",,,,,,,,H
PKGI-02724729,8月,BU-01026877,箱,PKG-01132244,1014,メランジギフトセット（ライトピンク）(BT×1枚、FT×1枚) (セット内容物の各種サイズは別途記載),imabari-towel_jp,2,,identify,商品特定（撮影）,タグ・JAN・型番が写るように撮影し、点数を数えてください,タグ・JAN・型番・ブランド名を撮影、全体写真、数量,"qty!,photo!,url",,,,,,,,G
PKGI-02724831,8月,BU-01026913,箱,PKG-01132068,1015,Synthesizer V 2 AI 重音テト,ah-soft_net,1,,condition,状態,未開封か、傷・欠品がないかを確認してください,状態・未開封,"qty!,condition!,photo",,,,,,,,F
PKGI-02724998,8月,BU-01026966,箱,PKG-01143923,1016,GLOOMY meets 初音ミク アクリルジオラマスタンド _pre【お届け：2026年5月頃より発送予定】,premiumstore_jp,1,,variant,色・サイズ・版,現物の色・サイズ・種類を確認してください,版・種類・サイズ・色、数量・セット内容、bonus_or_purchase_benefit_presence、画像と現物の一致,"qty!,color!,size!,edition,set,photo",https://premiumstore.jp/item_Detail.php?%40DB_ID%40=7569,,,,,,,A
PKGI-02725279,8月,BU-01027094,箱,PKG-01143784,1018,GLOOMY meets 初音ミク ツインアクリルキーホルダー ミニキャラver.（全6種セット） _pre【お届け：2026年5月頃より発送予定】,premiumstore_jp,1,,variant,色・サイズ・版,現物の色・サイズ・種類を確認してください,版・種類・サイズ・色、数量・セット内容、bonus_or_purchase_benefit_presence、画像と現物の一致,"qty!,color!,size!,edition,set,photo",https://premiumstore.jp/item_Detail.php?%40DB_ID%40=7573,,,,,,,A
PKGI-02725308,8月,BU-01027109,箱,PKG-01068248,1019,※予約【Mrs. GREEN APPLE × and ST】コラボ ブレスレット,dot-st_com,1,,variant,色・サイズ・版,現物の色・サイズ・種類を確認してください,確認数量（元リストの商品単位） / 欠品・付属品の実際の内容 / 現物のコラボ版・色・構成/付属物を確認,"qty!,photo!,color!,edition",,,,,,,,B
PKGI-02725419,8月,BU-01027152,箱,PKG-01068181,1020,※予約【Mrs. GREEN APPLE × and ST】コラボ ブレスレット,dot-st_com,1,,variant,色・サイズ・版,現物の色・サイズ・種類を確認してください,確認数量（元リストの商品単位） / 欠品・付属品の実際の内容 / 現物のコラボ版・色・構成/付属物を確認,"qty!,photo!,color!,edition",,,,,,,,B
PKGI-02725467,8月,BU-01027177,箱,PKG-01143692,1021,HYSTERIC TIMES シアーハイソックス,store_hystericglamour_jp,2,,variant,色・サイズ・版,現物の色・サイズ・種類を確認してください,確認数量（元リストの商品単位） / 欠品・付属品の実際の内容 / 現物の左右の揃い・色・品番を確認,"qty!,photo!,color!,edition",https://brandavenue.rakuten.co.jp/item/NZ3762/?product_color_cd=01&s-id=brn_coordinate_item,,,,,,,B
PKGI-02725486,8月,BU-01027184,箱,PKG-01143833,1022,[殺し屋１×weber] Acrylic Key chain,weber71_stores_jp,1,,identify,商品特定（撮影）,タグ・JAN・型番が写るように撮影し、点数を数えてください,タグ・JAN・型番・ブランド名を撮影、全体写真、数量,"qty!,photo!,candidate!,url",https://weber71.stores.jp/items/69ef04d0d90e54184599a877,https://weber71.stores.jp/items/69ef04d0d90e54184599a877,[殺し屋１×weber] Acrylic Key chain,1.00,,,,G
PKGI-02725487,8月,BU-01027184,箱,PKG-01143833,1023,[殺し屋１× weber] Coin Case with Tongue Keychain,weber71_stores_jp,1,,identify,商品特定（撮影）,タグ・JAN・型番が写るように撮影し、点数を数えてください,タグ・JAN・型番・ブランド名を撮影、全体写真、数量,"qty!,photo!,candidate!,url",https://weber71.stores.jp/items/69ef0c4b5d2d4e55e1788678,https://weber71.stores.jp/items/69ef0c4b5d2d4e55e1788678,[殺し屋１× weber] Coin Case with Tongue Keychain,1.00,,,,G
PKGI-02725488,8月,BU-01027184,箱,PKG-01143833,1024,[殺し屋１×weber] Acrylic Key chain (いちばん悪い奴),weber71_stores_jp,1,,identify,商品特定（撮影）,タグ・JAN・型番が写るように撮影し、点数を数えてください,タグ・JAN・型番・ブランド名を撮影、全体写真、数量,"qty!,photo!,candidate!,url",https://weber71.stores.jp/items/69ef065207ebb53043888cd2,https://weber71.stores.jp/items/69ef065207ebb53043888cd2,[殺し屋１×weber] Acrylic Key chain (いちばん悪い奴),1.00,,,,G
PKGI-02725717,8月,BU-01027255,箱,PKG-01068235,1025,Tote bag【Shipped by late May 2026】,asmart_jp,1,,identify,商品特定（撮影）,タグ・JAN・型番が写るように撮影し、点数を数えてください,タグ・JAN・型番・ブランド名を撮影、全体写真、数量,"qty!,photo!,url",,,,,,,,G
PKGI-02725718,8月,BU-01027255,箱,PKG-01068235,1026,Fan / JOOHONEY【Shipped by late May 2026】,asmart_jp,1,,identify,商品特定（撮影）,タグ・JAN・型番が写るように撮影し、点数を数えてください,タグ・JAN・型番・ブランド名を撮影、全体写真、数量,"qty!,photo!,url",,,,,,,,G
PKGI-02725725,8月,BU-01027260,箱,PKG-01113542,1027,Mudras 忍印(Regular Fit T-Shirt),suzuri_jp,1,,identify,商品特定（撮影）,タグ・JAN・型番が写るように撮影し、点数を数えてください,タグ・JAN・型番・ブランド名を撮影、全体写真、数量,"qty!,photo!,url",,,,,,,,G
PKGI-02725832,8月,BU-01027309,箱,PKG-01143887,1028,GLOOMY meets 初音ミク アクリルジオラマスタンド _pre【お届け：2026年5月頃より発送予定】,premiumstore_jp,1,,variant,色・サイズ・版,現物の色・サイズ・種類を確認してください,版・種類・サイズ・色、数量・セット内容、bonus_or_purchase_benefit_presence、画像と現物の一致,"qty!,color!,size!,edition,set,photo",,,,,,,,A
PKGI-02726021,8月,BU-01027394,箱,PKG-01065075,1029,gelato pique(ジェラートピケ) Tシャツ・カットソー パーカー(商品コード:レディース45cm),ragtag_jp,1,,identify,商品特定（撮影）,タグ・JAN・型番が写るように撮影し、点数を数えてください,タグ・JAN・型番・ブランド名を撮影、全体写真、数量,"qty!,photo!,url",,,,,,,,G
PKGI-02726062,8月,BU-01027407,箱,PKG-01113536,1030,ねこがーる(iPhone Smartphone Case),suzuri_jp,1,,identify,商品特定（撮影）,タグ・JAN・型番が写るように撮影し、点数を数えてください,タグ・JAN・型番・ブランド名を撮影、全体写真、数量,"qty!,photo!,url",,,,,,,,H
PKGI-02726261,8月,BU-01027498,箱,PKG-01143926,1031,GLOOMY meets 初音ミク アクリルジオラマスタンド _pre【お届け：2026年5月頃より発送予定】,premiumstore_jp,1,,variant,色・サイズ・版,現物の色・サイズ・種類を確認してください,版・種類・サイズ・色、数量・セット内容、bonus_or_purchase_benefit_presence、画像と現物の一致,"qty!,color!,size!,edition,set,photo",,,,,,,,A
PKGI-02726527,8月,BU-01027606,箱,PKG-01143937,1033,GLOOMY meets 初音ミク BIGオーロラアクリルスタンド 初音ミク _pre【お届け：2026年5月頃より発送予定】,premiumstore_jp,1,,variant,色・サイズ・版,現物の色・サイズ・種類を確認してください,版・種類・サイズ・色、数量・セット内容、bonus_or_purchase_benefit_presence、画像と現物の一致,"qty!,color!,size!,edition,set,photo",https://premiumstore.jp/item_Detail.php?%40DB_ID%40=7570,,,,,,,A
PKGI-02726578,8月,BU-01027626,箱,PKG-01143895,1034,GLOOMY meets 初音ミク BIGオーロラアクリルスタンド 初音ミク _pre【お届け：2026年5月頃より発送予定】,premiumstore_jp,1,,variant,色・サイズ・版,現物の色・サイズ・種類を確認してください,版・種類・サイズ・色、数量・セット内容、bonus_or_purchase_benefit_presence、画像と現物の一致,"qty!,color!,size!,edition,set,photo",,,,,,,,A
PKGI-02726587,8月,BU-01027631,箱,PKG-01143896,1035,GLOOMY meets 初音ミク BIGオーロラアクリルスタンド 初音ミク _pre【お届け：2026年5月頃より発送予定】,premiumstore_jp,1,,variant,色・サイズ・版,現物の色・サイズ・種類を確認してください,版・種類・サイズ・色、数量・セット内容、bonus_or_purchase_benefit_presence、画像と現物の一致,"qty!,color!,size!,edition,set,photo",,,,,,,,A
PKGI-02726588,8月,BU-01027631,箱,PKG-01143896,1036,GLOOMY meets 初音ミク ツインアクリルキーホルダー ミニキャラver.（全6種） _pre【お届け：2026年5月頃より発送予定】,premiumstore_jp,1,,variant,色・サイズ・版,現物の色・サイズ・種類を確認してください,版・種類・サイズ・色、数量・セット内容、bonus_or_purchase_benefit_presence、画像と現物の一致,"qty!,color!,size!,edition,set,photo",https://premiumstore.jp/item_Detail.php?%40DB_ID%40=7574,,,,,,,A
PKGI-02726680,8月,BU-01027657,箱,PKG-01143858,1037,【Jih Nunc(ジーヌンク)】【予約販売サイズ・カラーにより納期異なる】ストレッチワイドバルーンパンツ(JIH-R1178),cambio_co_jp,1,,variant,色・サイズ・版,現物の色・サイズ・種類を確認してください,版・種類・サイズ・色,"qty!,color!,size!,edition,photo",https://www.cambio.co.jp/c/brand/jihnunc/mp14620,,,,,,,A
PKGI-02726679,8月,BU-01027657,箱,PKG-01143858,1038,【Jih Nunc(ジーヌンク)】【予約販売サイズ・カラーにより納期異なる】トロピカルスタンドカラープルオーバーシャツ(JIH-R1154),cambio_co_jp,1,,variant,色・サイズ・版,現物の色・サイズ・種類を確認してください,版・種類・サイズ・色,"qty!,color!,size!,edition,photo",https://www.cambio.co.jp/c/brand/jihnunc/ms6374,,,,,,,A
PKGI-02726671,8月,BU-01027671,箱,PKG-01143880,1039,作家　亀井紀子　紅彩　レリーフ　七寸鉢,otonayaki_com,2,,identify,商品特定（撮影）,タグ・JAN・型番が写るように撮影し、点数を数えてください,タグ・JAN・型番・ブランド名を撮影、全体写真、数量,"qty!,photo!,candidate!,url",https://otonayaki.com/products/ki02409,https://otonayaki.com/products/ki02409,作家　亀井紀子　紅彩　レリーフ　七寸鉢,1.00,,,,G
PKGI-02726672,8月,BU-01027671,箱,PKG-01143880,1040,作家　亀井紀子　紅彩　七寸鉢,otonayaki_com,2,,variant,色・サイズ・版,現物の色・サイズ・種類を確認してください,版・種類・サイズ・色、数量・セット内容、状態・未開封,"qty!,color!,size!,edition,condition!,set,photo",https://otonayaki.com/products/k00678a,,,,元帳数量保持・現物,,,A
PKGI-02726963,8月,BU-01027770,箱,PKG-01132666,1041,GUILTY GEAR -STRIVE- トリアンバカ缶バッジ  ヴェノム 【Release Date: 2026/05/10】,store_kadokawa_co_jp,1,,identify,商品特定（撮影）,タグ・JAN・型番が写るように撮影し、点数を数えてください,タグ・JAN・型番・ブランド名を撮影、全体写真、数量,"qty!,photo!,url",,,,,,,,G
PKGI-02726964,8月,BU-01027770,箱,PKG-01132666,1042,GUILTY GEAR -STRIVE- トリアンバカ缶バッジ  メイ 【Release Date: 2026/05/10】,store_kadokawa_co_jp,1,,identify,商品特定（撮影）,タグ・JAN・型番が写るように撮影し、点数を数えてください,タグ・JAN・型番・ブランド名を撮影、全体写真、数量,"qty!,photo!,url",,,,,,,,G
PKGI-02726965,8月,BU-01027770,箱,PKG-01132666,1043,GUILTY GEAR -STRIVE- トリアンバカ缶バッジ  ファウスト 【Release Date: 2026/05/10】,store_kadokawa_co_jp,1,,identify,商品特定（撮影）,タグ・JAN・型番が写るように撮影し、点数を数えてください,タグ・JAN・型番・ブランド名を撮影、全体写真、数量,"qty!,photo!,url",,,,,,,,G
PKGI-02726966,8月,BU-01027770,箱,PKG-01132666,1044,GUILTY GEAR -STRIVE- トリアンバカ缶バッジ  ベッドマン？ 【Release Date: 2026/05/10】,store_kadokawa_co_jp,1,,identify,商品特定（撮影）,タグ・JAN・型番が写るように撮影し、点数を数えてください,タグ・JAN・型番・ブランド名を撮影、全体写真、数量,"qty!,photo!,url",,,,,,,,G
PKGI-02727156,8月,BU-01027834,箱,PKG-01132598,1045,成人加長腿裙,mycolor_jp,1,,identify,商品特定（撮影）,タグ・JAN・型番が写るように撮影し、点数を数えてください,タグ・JAN・型番・ブランド名を撮影、全体写真、数量,"qty!,photo!,url",,,,,,,,H
PKGI-02727157,8月,BU-01027834,箱,PKG-01132598,1046,收腰美腿裙,mycolor_jp,1,,identify,商品特定（撮影）,タグ・JAN・型番が写るように撮影し、点数を数えてください,タグ・JAN・型番・ブランド名を撮影、全体写真、数量,"qty!,photo!,url",,,,,,,,H
PKGI-02727350,8月,BU-01027924,箱,PKG-01132872,1047,GLOOMY meets 初音ミク ツインアクリルキーホルダー ミニキャラver.（全6種セット） _pre【お届け：2026年5月頃より発送予定】,premiumstore_jp,1,,variant,色・サイズ・版,現物の色・サイズ・種類を確認してください,版・種類・サイズ・色、数量・セット内容、bonus_or_purchase_benefit_presence、画像と現物の一致,"qty!,color!,size!,edition,set,photo",,,,,,,,A
PKGI-02727353,8月,BU-01027924,箱,PKG-01132872,1048,GLOOMY meets 初音ミク アクリルジオラマスタンド _pre【お届け：2026年5月頃より発送予定】,premiumstore_jp,1,,variant,色・サイズ・版,現物の色・サイズ・種類を確認してください,版・種類・サイズ・色、数量・セット内容、bonus_or_purchase_benefit_presence、画像と現物の一致,"qty!,color!,size!,edition,set,photo",,,,,,,,A
PKGI-02727352,8月,BU-01027924,箱,PKG-01132872,1049,GLOOMY meets 初音ミク BIGオーロラアクリルスタンド 初音ミク _pre【お届け：2026年5月頃より発送予定】,premiumstore_jp,1,,variant,色・サイズ・版,現物の色・サイズ・種類を確認してください,版・種類・サイズ・色、数量・セット内容、bonus_or_purchase_benefit_presence、画像と現物の一致,"qty!,color!,size!,edition,set,photo",,,,,,,,A
PKGI-02727351,8月,BU-01027924,箱,PKG-01132872,1050,GLOOMY meets 初音ミク 缶バッジ 3個セット _pre【お届け：2026年5月頃より発送予定】,premiumstore_jp,1,,variant,色・サイズ・版,現物の色・サイズ・種類を確認してください,版・種類・サイズ・色、数量・セット内容、bonus_or_purchase_benefit_presence、画像と現物の一致,"qty!,color!,size!,edition,set,photo",https://premiumstore.jp/item_Detail.php?%40DB_ID%40=7572,,,,,,,A
PKGI-02727355,8月,BU-01027924,箱,PKG-01132872,1051,GLOOMY meets 初音ミク ステッカーシート 等身&ミニキャラver. _pre【お届け：2026年5月頃より発送予定】,premiumstore_jp,2,,variant,色・サイズ・版,現物の色・サイズ・種類を確認してください,版・種類・サイズ・色、数量・セット内容、bonus_or_purchase_benefit_presence、画像と現物の一致,"qty!,color!,size!,edition,set,photo",https://premiumstore.jp/item_Detail.php?%40DB_ID%40=7562,,,,,,,A
PKGI-02727357,8月,BU-01027924,箱,PKG-01132872,1052,黒子のバスケ×サンリオキャラクターズ BIG缶バッジ ストバスver.【お届け：2026年1月上旬頃より順次発送予定】,premiumstore_jp,1,,variant,色・サイズ・版,現物の色・サイズ・種類を確認してください,版・種類・サイズ・色、数量・セット内容、bonus_or_purchase_benefit_presence、状態・未開封、画像と現物の一致,"qty!,color!,size!,edition,condition!,set,photo",https://premiumstore.jp/item_Detail.php?%40DB_ID%40=7285,,,,,,,A
PKGI-02727359,8月,BU-01027924,箱,PKG-01132872,1053,黒子のバスケ×サンリオキャラクターズ B2ポスター ストバスver.【お届け：2026年1月上旬頃より順次発送予定】,premiumstore_jp,1,,variant,色・サイズ・版,現物の色・サイズ・種類を確認してください,版・種類・サイズ・色、数量・セット内容、bonus_or_purchase_benefit_presence、状態・未開封、画像と現物の一致,"qty!,color!,size!,edition,condition!,set,photo",https://premiumstore.jp/item_Detail.php?%40DB_ID%40=7274,,,,,,,A
PKGI-02727358,8月,BU-01027924,箱,PKG-01132872,1054,黒子のバスケ×サンリオキャラクターズ アクリルキーホルダー ストバスver.（全10種）【お届け：2026年1月上旬頃より順次発送予定】,premiumstore_jp,1,,variant,色・サイズ・版,現物の色・サイズ・種類を確認してください,版・種類・サイズ・色、数量・セット内容、bonus_or_purchase_benefit_presence、状態・未開封、画像と現物の一致,"qty!,color!,size!,edition,condition!,set,photo",https://premiumstore.jp/item_Detail.php?%40DB_ID%40=7300,,,,,,,A
PKGI-02727354,8月,BU-01027924,箱,PKG-01132872,1055,GLOOMY meets 初音ミク クリアファイル 等身&ミニキャラver. _pre【お届け：2026年5月頃より発送予定】,premiumstore_jp,1,,presence,現物の有無,現物の有無と、ある場合は点数を確認してください,現物の有無と点数,"presence!,qty!",https://premiumstore.jp/item_Detail.php?%40DB_ID%40=7563,,,,,PD77PZLNRFRB,,I
PKGI-02727356,8月,BU-01027924,箱,PKG-01132872,1056,黒子のバスケ×サンリオキャラクターズ 缶バッジ ストバスver.（全10種）【お届け：2026年1月上旬頃より順次発送予定】,premiumstore_jp,1,,variant,色・サイズ・版,現物の色・サイズ・種類を確認してください,版・種類・サイズ・色、数量・セット内容、bonus_or_purchase_benefit_presence、状態・未開封、画像と現物の一致,"qty!,color!,size!,edition,condition!,set,photo",https://premiumstore.jp/item_Detail.php?%40DB_ID%40=7302,,,,,,,A
PKGI-02727360,8月,BU-01027924,箱,PKG-01132872,1057,サンリオキャラクターズ×魔法少女まどか☆マギカ 缶バッジ ミニキャラver.（全5種＋シークレット5種）,premiumstore_jp,1,,variant,色・サイズ・版,現物の色・サイズ・種類を確認してください,版・種類・サイズ・色、数量・セット内容、bonus_or_purchase_benefit_presence、状態・未開封、画像と現物の一致,"qty!,color!,size!,edition,condition!,set,photo",https://premiumstore.jp/item_Detail.php?%40DB_ID%40=7263,,,,,,,A
PKGI-02727408,8月,BU-01027933,箱,PKG-01132729,1058,お福分けセット,ochanokosaisai_com,1,,expiry,賞味期限,賞味期限と保管状態を確認してください,賞味期限・保管状態、版・種類・サイズ・色、数量・セット内容、状態・未開封、画像と現物の一致,"qty!,expiry!,storage!,color!,size!,condition!,set,photo",https://www.ochanokosaisai.com/c/all/kyodashi-fuku3set,,,,,,,E
PKGI-02727405,8月,BU-01027933,箱,PKG-01132729,1060,京の旨辛辣油ギフト,ochanokosaisai_com,1,,expiry,賞味期限,賞味期限と保管状態を確認してください,賞味期限・保管状態、版・種類・サイズ・色、数量・セット内容、状態・未開封、画像と現物の一致,"qty!,expiry!,storage!,color!,size!,condition!,set,photo",https://www.ochanokosaisai.com/c/gift/rayu01-gift,,,,,,,E
PKGI-02727407,8月,BU-01027933,箱,PKG-01132729,1061,京の赤七味　缶,ochanokosaisai_com,1,,expiry,賞味期限,賞味期限と保管状態を確認してください,賞味期限・保存状態・数量,"qty!,expiry!,storage!,condition!,photo",https://www.ochanokosaisai.com/c/kyoshichimi/SRY-SCM-02-2,,,,,,,C
PKGI-02728221,8月,BU-01028269,箱,PKG-01132522,1062,ROARK REVIVAL ロアーク/SECOND WIND/RJJ907/ABランク/85【中古】,worldshopping_global,1,,variant,色・サイズ・版,現物の色・サイズ・種類を確認してください,確認数量（元リストの商品単位） / 欠品・付属品の実際の内容 / 元名と保存本文に中古/汚れ有。基本新品未使用の宣言から自動除外し、現物状態を個別確認。サイズや中古出品者の実寸を公表標準としない,"qty!,photo!,size!,edition,condition!",https://store.shopping.yahoo.co.jp/wonderrex-ec/9265610062560.html,,,,,,,B
PKGI-02728243,8月,BU-01028276,箱,PKG-01113612,1063,ジョジョの奇妙な冒険 黄金の風 アイコニック シューズ オブジェ パンプス ～ オン バージョン ～,mayla_jp,1,,variant,色・サイズ・版,現物の色・サイズ・種類を確認してください,版・種類・サイズ・色,"qty!,color!,size!,edition,photo",https://mayla.jp/SHOP/sha2488.html,,,,,,,A
PKGI-02728392,8月,BU-01028311,箱,PKG-01113725,1064,来ない犬(Stickable Poster),suzuri_jp,1,,identify,商品特定（撮影）,タグ・JAN・型番が写るように撮影し、点数を数えてください,タグ・JAN・型番・ブランド名を撮影、全体写真、数量,"qty!,photo!,url",,,,,,,,G
PKGI-02728456,8月,BU-01028324,箱,PKG-01132846,1065,161663：額縁わんちゃんベロアテープ付きTシャツ,scolar_jp,1,,identify,商品特定（撮影）,タグ・JAN・型番が写るように撮影し、点数を数えてください,タグ・JAN・型番・ブランド名を撮影、全体写真、数量,"qty!,photo!,url",,,,,,,,H
PKGI-02728529,8月,BU-01028352,箱,PKG-01113614,1066,ジョジョの奇妙な冒険 黄金の風 アイコニック シューズ オブジェ パンプス ～ オン バージョン ～,mayla_jp,1,,variant,色・サイズ・版,現物の色・サイズ・種類を確認してください,版・種類・サイズ・色,"qty!,color!,size!,edition,photo",,,,,,,,A
PKGI-02729110,8月,BU-01028469,箱,PKG-01068408,1067,ナイロン クライミング カーゴショーツ 【限定展開】,freaksstore_com,1,,identify,商品特定（撮影）,タグ・JAN・型番が写るように撮影し、点数を数えてください,タグ・JAN・型番・ブランド名を撮影、全体写真、数量,"qty!,photo!,url",,,,,,,,G
PKGI-02729469,8月,BU-01028552,箱,PKG-01068488,1068,【新色予約受付中 SET UP対応】プリーツレイヤードパンツ,dot-st_com,1,,variant,色・サイズ・版,現物の色・サイズ・種類を確認してください,確認数量（元リストの商品単位） / 欠品・付属品の実際の内容 / 色・サイズ・種類の現物と根拠照合 / 色・サイズの現物照合,"qty!,photo!,color!,size!,edition",https://www.dot-st.com/hare/disp/item/643497/,,,,,,,B
PKGI-02730143,8月,BU-01028829,箱,PKG-01068511,1069,THE DOG /  バンド風 Tシャツ　限定展開,freaksstore_com,1,,identify,商品特定（撮影）,タグ・JAN・型番が写るように撮影し、点数を数えてください,タグ・JAN・型番・ブランド名を撮影、全体写真、数量,"qty!,photo!,url",,,,,,,,G
PKGI-02730215,8月,BU-01028867,箱,PKG-01113690,1070,ジョジョの奇妙な冒険 黄金の風 アイコニック シューズ オブジェ パンプス ～ オン バージョン ～,mayla_jp,1,,variant,色・サイズ・版,現物の色・サイズ・種類を確認してください,版・種類・サイズ・色,"qty!,color!,size!,edition,photo",,,,,,,,A
PKGI-02730272,8月,BU-01028885,箱,PKG-01115688,1071,モーツァルト:ピアノ協奏曲第20&27番 / シューベルト:楽興の時(LP),diskunion_net,1,,identify,商品特定（撮影）,タグ・JAN・型番が写るように撮影し、点数を数えてください,タグ・JAN・型番・ブランド名を撮影、全体写真、数量,"qty!,photo!,url",,,,,,,,G
PKGI-02725788,8月,BU-01028979,箱,PKG-01068501,1073,ワイドシルエット ミリタリーサーカスパンツ/スノーパンツ【限定展開】,freaksstore_com,1,,identify,商品特定（撮影）,タグ・JAN・型番が写るように撮影し、点数を数えてください,タグ・JAN・型番・ブランド名を撮影、全体写真、数量,"qty!,photo!,url",,,,,,,,G
PKGI-02730516,8月,BU-01028979,箱,PKG-01068501,1074,ワイドシルエット アンクルタック シェフパンツ / イージーパンツ 【限定展開】,freaksstore_com,1,,photo_count,撮影＋点数,全体を撮影して、点数を数えてください,元帳数量保持・現物未確認,"qty!,photo!",https://www.daytona-park.com/item/1243248900576,,,,元帳数量保持・現物,,,B
PKGI-02730619,8月,BU-01029012,箱,PKG-01068484,1075,【マイドームおおさかイベント応募シリアル対象】ROUTE ZERO : The ORA: 7th Mini Album (TRICKY ver.)＜オンライン限定/限定特典対象＞ + '（特典あり）(発売日: 2026年05月20日)',tower_jp,10,,identify,商品特定（撮影）,タグ・JAN・型番が写るように撮影し、点数を数えてください,タグ・JAN・型番・ブランド名を撮影、全体写真、数量,"qty!,photo!,url",,,,,,,,G
PKGI-02729820,8月,BU-01029132,箱,PKG-01113776,1076,ベビー　2点セット(80～95cm・mirror bae.)(バースデイ)【予約】,shop-shimamura_com,1,,identify,商品特定（撮影）,タグ・JAN・型番が写るように撮影し、点数を数えてください,タグ・JAN・型番・ブランド名を撮影、全体写真、数量,"qty!,photo!,url",,,,,,,,G
PKGI-02729821,8月,BU-01029132,箱,PKG-01113776,1077,ベビー　2点セット(80～95cm・mirror bae.)(バースデイ)【予約】,shop-shimamura_com,1,,identify,商品特定（撮影）,タグ・JAN・型番が写るように撮影し、点数を数えてください,タグ・JAN・型番・ブランド名を撮影、全体写真、数量,"qty!,photo!,url",,,,,,,,G
PKGI-02730928,8月,BU-01029132,箱,PKG-01113776,1078,ベビー　プルオーバー(80～95cm･mirror bae.)(バースデイ)【予約】,shop-shimamura_com,1,,identify,商品特定（撮影）,タグ・JAN・型番が写るように撮影し、点数を数えてください,タグ・JAN・型番・ブランド名を撮影、全体写真、数量,"qty!,photo!,url",,,,,,,,G
PKGI-02730929,8月,BU-01029132,箱,PKG-01113776,1079,ベビー　プルオーバー(80～95cm･mirror bae.)(バースデイ)【予約】,shop-shimamura_com,1,,identify,商品特定（撮影）,タグ・JAN・型番が写るように撮影し、点数を数えてください,タグ・JAN・型番・ブランド名を撮影、全体写真、数量,"qty!,photo!,url",,,,,,,,G
PKGI-02731081,8月,BU-01029199,箱,PKG-01144316,1080,NEW ERA/59FIFTY/オーセンティックキャップ/HOME,ec_baystars_co_jp,1,,variant,色・サイズ・版,現物の色・サイズ・種類を確認してください,版・種類・サイズ・色、数量・セット内容、状態・未開封,"qty!,color!,size!,edition,condition!,set,photo",https://ec.baystars.co.jp/items/ydb4550665918968,,,,現物,,,A
PKGI-02731303,8月,BU-01029303,箱,PKG-01159009,1082,神聖かまってちゃん／ラバーバンド（2025 summer）,dspmstore_com,1,,variant,色・サイズ・版,現物の色・サイズ・種類を確認してください,版・種類・サイズ・色、数量・セット内容、状態・未開封,"qty!,color!,size!,edition,condition!,set,photo",https://dspmstore.com/shopdetail/000000009919/,,,,,,,A
PKGI-02731304,8月,BU-01029303,箱,PKG-01159009,1083,神聖かまってちゃん／ラバーバンド（2025 summer）,dspmstore_com,1,,variant,色・サイズ・版,現物の色・サイズ・種類を確認してください,版・種類・サイズ・色、数量・セット内容、状態・未開封,"qty!,color!,size!,edition,condition!,set,photo",,,,,,,,A
PKGI-02731382,8月,BU-01029335,箱,PKG-01144376,1084,Honey drink Yuzu 350ml (Hungarian Phacelia),shop_labeille_jp,1,,expiry,賞味期限,賞味期限と保管状態を確認してください,賞味期限・保管状態、数量・セット内容、状態・未開封,"qty!,expiry!,storage!,condition!,set,photo",https://shop.labeille.jp/en/products/5531511,,,,元帳数量保持・現物,,,E
PKGI-02731383,8月,BU-01029335,箱,PKG-01144376,1085,Honey drink lemon 350ml (Hungarian phacelia),shop_labeille_jp,1,,expiry,賞味期限,賞味期限と保管状態を確認してください,賞味期限・保管状態、数量・セット内容、状態・未開封,"qty!,expiry!,storage!,condition!,set,photo",https://shop.labeille.jp/en/products/5530511,,,,元帳数量保持・現物,,,E
PKGI-02731384,8月,BU-01029335,箱,PKG-01144376,1086,＜Limited Quantity＞Honey Drink Elderflower 350ml (Hungarian Phacelia),shop_labeille_jp,1,,identify,商品特定（撮影）,タグ・JAN・型番が写るように撮影し、点数を数えてください,タグ・JAN・型番・ブランド名を撮影、全体写真、数量,"qty!,photo!,url",,,,,,,,G
PKGI-02731385,8月,BU-01029335,箱,PKG-01144376,1087,Honey drink ginger 350ml (Hungarian phacelia),shop_labeille_jp,1,,expiry,賞味期限,賞味期限と保管状態を確認してください,賞味期限・保管状態、数量・セット内容、状態・未開封,"qty!,expiry!,storage!,condition!,set,photo",https://shop.labeille.jp/en/products/5529511,,,,元帳数量保持・現物,,,E
PKGI-02731511,8月,BU-01029385,箱,PKG-01115626,1088,kota scale model / archive book,books_rakuten_co_jp,1,,variant,色・サイズ・版,現物の色・サイズ・種類を確認してください,版・種類・サイズ・色、数量・セット内容、画像と現物の一致,"qty!,color!,size!,edition,set,photo",https://www.cdjapan.co.jp/product/NEOBK-3021868,,,,,,,A
PKGI-02731537,8月,BU-01029396,箱,PKG-01144535,1089,[申込期間：2026年4月5日迄]アクリルスタンド：A,manga10_com,1,,identify,商品特定（撮影）,タグ・JAN・型番が写るように撮影し、点数を数えてください,タグ・JAN・型番・ブランド名を撮影、全体写真、数量,"qty!,photo!,url",,,,,,,,G
PKGI-02731538,8月,BU-01029396,箱,PKG-01144535,1090,[申込期間：2026年4月5日迄]学生証風カード／湊,manga10_com,1,,identify,商品特定（撮影）,タグ・JAN・型番が写るように撮影し、点数を数えてください,タグ・JAN・型番・ブランド名を撮影、全体写真、数量,"qty!,photo!,url",,,,,,,,H
PKGI-02731536,8月,BU-01029396,箱,PKG-01144535,1091,[申込期間：2026年4月5日迄]平成プリ風シール,manga10_com,1,,identify,商品特定（撮影）,タグ・JAN・型番が写るように撮影し、点数を数えてください,タグ・JAN・型番・ブランド名を撮影、全体写真、数量,"qty!,photo!,url",,,,,,,,H
PKGI-02731656,8月,BU-01029450,箱,PKG-01065601,1092,囀る鳥は羽ばたかない_F3号キャンバスボード vol.4 ver.A【予約】,colleize_com,1,,identify,商品特定（撮影）,タグ・JAN・型番が写るように撮影し、点数を数えてください,タグ・JAN・型番・ブランド名を撮影、全体写真、数量,"qty!,photo!,url",,,,,,,,G
PKGI-02718790,8月,BU-01029465,箱,PKG-01067545,1093,2614-3C7L392-00 3COINS コーヒーテーブル／COLORFUL DAYS,palcloset_jp,1,,variant,色・サイズ・版,現物の色・サイズ・種類を確認してください,版・種類・サイズ・色,"qty!,color!,size!,edition,photo",https://www.palcloset.jp/display/item/2614-3C7L392-00/,,,,,,,A
PKGI-02731657,8月,BU-01029465,箱,PKG-01067545,1094,2614-3C7F397-00 3COINS 置き時計／COLORFUL DAYS,palcloset_jp,1,,variant,色・サイズ・版,現物の色・サイズ・種類を確認してください,版・種類・サイズ・色,"qty!,color!,size!,edition,photo",https://www.palcloset.jp/display/item/2614-3C7F397-00/,,,,,,,A
PKGI-02718788,8月,BU-01029465,箱,PKG-01067545,1095,2614-3C7L390-00 3COINS アイアンティッシュケース／COLORFUL DAYS,palcloset_jp,1,,variant,色・サイズ・版,現物の色・サイズ・種類を確認してください,版・種類・サイズ・色,"qty!,color!,size!,edition,photo",https://www.palcloset.jp/display/item/2614-3C7L390-00/,,,,,,,A
PKGI-02718789,8月,BU-01029465,箱,PKG-01067545,1096,2614-3C7L387-00 3COINS アイアンバスケット／COLORFUL DAYS,palcloset_jp,1,,variant,色・サイズ・版,現物の色・サイズ・種類を確認してください,版・種類・サイズ・色,"qty!,color!,size!,edition,photo",https://www.palcloset.jp/display/item/2614-3C7L387-00/?b=3coins&cl=36&ss=,,,,,,,A
PKGI-02731958,8月,BU-01029567,箱,PKG-01159191,1097,Micro Clip Bracelet,deal-design_jp,1,,identify,商品特定（撮影）,タグ・JAN・型番が写るように撮影し、点数を数えてください,タグ・JAN・型番・ブランド名を撮影、全体写真、数量,"qty!,photo!,candidate!,url",https://deopuz.com/products/micro-clip-bracelet-gl?variant=47863316611225,https://deopuz.com/products/micro-clip-bracelet-gl?variant=47863316611225,Micro Clip Bracelet GL,1.00,,,,G
PKGI-02731963,8月,BU-01029570,箱,PKG-01065622,1098,CPZ1042414A0001 【GRAIN/グレイン】二つ折りバイカラーウォレット,palcloset_jp,1,,variant,色・サイズ・版,現物の色・サイズ・種類を確認してください,版・種類・サイズ・色,"qty!,color!,size!,edition,photo",https://www.palcloset.jp/display/item/CPZ1042414A0001/?b=ciaopanic&cl=0991,,,,,,,A
PKGI-02732217,8月,BU-01029649,箱,PKG-01113857,1099,MICKEY MOUSE NN T-SHIRT / COLOR &#038; MONOCHROME,n-nine-store_com,1,,variant,色・サイズ・版,現物の色・サイズ・種類を確認してください,版・種類・サイズ・色、数量・セット内容、状態・未開封、画像と現物の一致,"qty!,color!,size!,edition,condition!,set,photo",,,,,,,,A
PKGI-02732299,8月,BU-01029688,箱,PKG-01113963,1100,ニーア オートマタ Ver1.1a アイコニック イヤオブジェ【予約】,mayla_jp,1,,variant,色・サイズ・版,現物の色・サイズ・種類を確認してください,版・種類・サイズ・色,"qty!,color!,size!,edition,photo",https://mayla.jp/SHOP/aca0329.html,,,,,,,A
PKGI-02732342,8月,BU-01029703,箱,PKG-01144392,1101,イヨシコーラ缶 (250ml) 6本セット【送料無料】【ギフト・熨斗対応可】,shop_iyoshicola_com,1,,expiry,賞味期限,賞味期限と保管状態を確認してください,賞味期限・保管状態、状態・未開封,"qty!,expiry!,storage!,condition!,photo",,,,,現物6本・期限・保管状態,,,E
PKGI-02732343,8月,BU-01029703,箱,PKG-01144392,1102,イヨシコーラ「魔法のシロップ」Mサイズ（250ml）,shop_iyoshicola_com,1,,variant,色・サイズ・版,現物の色・サイズ・種類を確認してください,版・種類・サイズ・色,"qty!,color!,size!,edition,photo",,,,,,,,A
PKGI-02732620,8月,BU-01029815,箱,PKG-01113658,1103,MASAKO NOZAWA  STUDIO パーカー Black,favolc_com,1,,identify,商品特定（撮影）,タグ・JAN・型番が写るように撮影し、点数を数えてください,タグ・JAN・型番・ブランド名を撮影、全体写真、数量,"qty!,photo!,candidate!,url",https://www.favolc.com/view/item/000000000039,https://www.favolc.com/view/item/000000000039,MASAKO NOZAWA STUDIO パーカー Black | すべての商品 | FAVOLC,1.00,,,,H
PKGI-02732765,8月,BU-01029889,箱,PKG-01159128,1104,TACOMA FUJI RECORDS 15th Anniversary POSTER artwork by Jerry UKAI,tacomafuji_shop-pro_jp,1,,variant,色・サイズ・版,現物の色・サイズ・種類を確認してください,版・種類・サイズ・色、数量・セット内容、bonus_or_purchase_benefit_presence、状態・未開封,"qty!,color!,size!,edition,condition!,set,photo",https://tacomafuji.shop-pro.jp/?pid=182669234,,,,,,,A
PKGI-02732879,8月,BU-01029921,箱,PKG-01113889,1105,"less talk, more action.(Acrylic Key Chain)",suzuri_jp,1,,identify,商品特定（撮影）,タグ・JAN・型番が写るように撮影し、点数を数えてください,タグ・JAN・型番・ブランド名を撮影、全体写真、数量,"qty!,photo!,url",,,,,,,,G
PKGI-02733209,8月,BU-01030022,箱,PKG-01144563,1108,INGNI(イング)【5／27 2時までの限定価格】【WEB限定】ウエストドロストマウンテンパーカー,ingni-store_com,1,,identify,商品特定（撮影）,タグ・JAN・型番が写るように撮影し、点数を数えてください,タグ・JAN・型番・ブランド名を撮影、全体写真、数量,"qty!,photo!,url",,,,,,,,G
PKGI-02733297,8月,BU-01030048,箱,PKG-01113980,1109,LUCID DREAM 【?? ?? ???】,hmv_co_jp,1,,identify,商品特定（撮影）,タグ・JAN・型番が写るように撮影し、点数を数えてください,タグ・JAN・型番・ブランド名を撮影、全体写真、数量,"qty!,photo!,url",,,,,,,,H
PKGI-02733298,8月,BU-01030048,箱,PKG-01113980,1110,LUCID DREAM,hmv_co_jp,1,,identify,商品特定（撮影）,タグ・JAN・型番が写るように撮影し、点数を数えてください,タグ・JAN・型番・ブランド名を撮影、全体写真、数量,"qty!,photo!,url",,,,,,,,H
PKGI-02733299,8月,BU-01030048,箱,PKG-01113980,1111,LUCID DREAM 【?? ?? ?? ? (LEESEO ver.)】,hmv_co_jp,1,,identify,商品特定（撮影）,タグ・JAN・型番が写るように撮影し、点数を数えてください,タグ・JAN・型番・ブランド名を撮影、全体写真、数量,"qty!,photo!,candidate!,url",https://contents.oricon.co.jp/prof/884442/products/1567048/1/,https://contents.oricon.co.jp/prof/884442/products/1567048/1/,LUCID DREAM(メンバーソロジャケット盤/LEESEO ver.) | IVE,0.95,,,,G
PKGI-02734010,8月,BU-01030283,箱,PKG-01065653,1116,咲き誇る時を待つのは ［CD+セルカフォトカード A ver.］＜初回限定盤A＞ + '（特典あり）(発売日: 2026年05月27日)',tower_jp,1,,identify,商品特定（撮影）,タグ・JAN・型番が写るように撮影し、点数を数えてください,タグ・JAN・型番・ブランド名を撮影、全体写真、数量,"qty!,photo!,url",,,,,,,,G
PKGI-02734012,8月,BU-01030283,箱,PKG-01065653,1118,咲き誇る時を待つのは ［CD+セルカフォトカード C ver.］＜初回限定盤C＞ + '（特典あり）(発売日: 2026年05月27日)',tower_jp,1,,variant,色・サイズ・版,現物の色・サイズ・種類を確認してください,説明文の未確認項目（サイズ・色・種類・構成など）,"qty!,color!,size!,edition,photo",https://tower.jp/item/8006227,,,,,,,C
PKGI-02734013,8月,BU-01030283,箱,PKG-01065653,1119,咲き誇る時を待つのは ［CD+セルカフォトカード D ver.］＜初回限定盤D＞ + '（特典あり）(発売日: 2026年05月27日)',tower_jp,1,,variant,色・サイズ・版,現物の色・サイズ・種類を確認してください,説明文の未確認項目（サイズ・色・種類・構成など）,"qty!,color!,size!,edition,photo",https://tower.jp/item/item/8006228,,,,,,,C
PKGI-02734067,8月,BU-01030304,箱,PKG-01065654,1121,咲き誇る時を待つのは ［CD+セルカフォトカード B ver.］＜初回限定盤B＞ (発売日: 2026年05月27日) + '（特典あり)',tower_jp,1,,variant,色・サイズ・版,現物の色・サイズ・種類を確認してください,説明文の未確認項目（サイズ・色・種類・構成など）,"qty!,color!,size!,edition,photo",https://tower.jp/item/8006226,,,,,,,C
PKGI-02734068,8月,BU-01030304,箱,PKG-01065654,1122,咲き誇る時を待つのは ［CD+セルカフォトカード D ver.］＜初回限定盤D＞ (発売日: 2026年05月27日) + '（特典あり)',tower_jp,1,,variant,色・サイズ・版,現物の色・サイズ・種類を確認してください,説明文の未確認項目（サイズ・色・種類・構成など）,"qty!,color!,size!,edition,photo",,,,,,,,C
PKGI-02734069,8月,BU-01030304,箱,PKG-01065654,1123,咲き誇る時を待つのは ［CD+セルカフォトカード C ver.］＜初回限定盤C＞ (発売日: 2026年05月27日) + '（特典あり)',tower_jp,1,,variant,色・サイズ・版,現物の色・サイズ・種類を確認してください,説明文の未確認項目（サイズ・色・種類・構成など）,"qty!,color!,size!,edition,photo",,,,,,,,C
PKGI-02734070,8月,BU-01030304,箱,PKG-01065654,1124,咲き誇る時を待つのは ［CD+セルカフォトカード A ver.］＜初回限定盤A＞ (発売日: 2026年05月27日) + '（特典あり)',tower_jp,1,,identify,商品特定（撮影）,タグ・JAN・型番が写るように撮影し、点数を数えてください,タグ・JAN・型番・ブランド名を撮影、全体写真、数量,"qty!,photo!,url",,,,,,,,G
PKGI-02734066,8月,BU-01030304,箱,PKG-01065654,1125,咲き誇る時を待つのは ［CD+セルカフォトカード 通常盤 ver.］＜通常盤＞ (発売日: 2026年05月27日) + '（特典あり)',tower_jp,1,,variant,色・サイズ・版,現物の色・サイズ・種類を確認してください,説明文の未確認項目（サイズ・色・種類・構成など）,"qty!,color!,size!,edition,photo",https://tower.jp/item/8006230,,,,,,,C
PKGI-02734228,8月,BU-01030357,箱,PKG-01068811,1126,2026 RIIZE CONCERT TOUR [RIIZING LOUD] Special Edition in TOKYO DOME ［Blu-ray Disc+フォトブック+グッズ］＜通常盤初回プレス＞ + '（特典あり）(発売日: 2026年05月27日)',tower_jp,1,,variant,色・サイズ・版,現物の色・サイズ・種類を確認してください,説明文の未確認項目（サイズ・色・種類・構成など）,"qty!,color!,size!,edition,photo",https://tower.jp/item/7998008,,,,,,,C
PKGI-02735059,8月,BU-01030657,箱,PKG-01068840,1128,LUCID DREAM ［CD+ソロ仕様ブックレット］＜メンバーソロジャケット盤(LEESEO ver.)＞ (発売日: 2026年05月27日) + '（特典あり)',tower_jp,1,,variant,色・サイズ・版,現物の色・サイズ・種類を確認してください,版・種類・サイズ・色,"qty!,color!,size!,edition,photo",https://tower.jp/item/8003541,,,,,,,A
PKGI-02735216,8月,BU-01030744,箱,PKG-01144628,1129,Synthesizer V 2 AI 重音テト,ah-soft_net,1,,condition,状態,未開封か、傷・欠品がないかを確認してください,状態・未開封,"qty!,condition!,photo",,,,,,,,F
PKGI-02735260,8月,BU-01030756,箱,PKG-01068852,1131,フーズ・ザット・ガール(オリジナル・サウンドトラック) (発売日: 2026年05月27日),tower_jp,1,,set,セット内容,点数と、セットの中身（何が何個あるか）を確認してください,数量・セット内容、状態・未開封,"qty!,set!,condition!,photo",https://tower.jp/item/7997512,,,,元帳数量保持・現物,,,D
PKGI-02735261,8月,BU-01030756,箱,PKG-01068852,1132,ライク・ア・プレイヤー (発売日: 2026年05月27日),tower_jp,1,,identify,商品特定（撮影）,タグ・JAN・型番が写るように撮影し、点数を数えてください,タグ・JAN・型番・ブランド名を撮影、全体写真、数量,"qty!,photo!,url",,,,,,,,H
PKGI-02735262,8月,BU-01030756,箱,PKG-01068852,1133,レイ・オブ・ライト (発売日: 2026年05月27日),tower_jp,1,,identify,商品特定（撮影）,タグ・JAN・型番が写るように撮影し、点数を数えてください,タグ・JAN・型番・ブランド名を撮影、全体写真、数量,"qty!,photo!,url",,,,,,,,H
PKGI-02735263,8月,BU-01030756,箱,PKG-01068852,1134,アイム・ブレスレス (発売日: 2026年05月27日),tower_jp,1,,variant,色・サイズ・版,現物の色・サイズ・種類を確認してください,版・種類・サイズ・色、数量・セット内容、状態・未開封,"qty!,color!,size!,edition,condition!,set,photo",https://tower.jp/item/7997514,,,,元帳数量保持・現物,,,A
PKGI-02735582,8月,BU-01030883,箱,PKG-01144630,1135,Synthesizer V 2 AI 重音テト,ah-soft_net,1,,condition,状態,未開封か、傷・欠品がないかを確認してください,状態・未開封,"qty!,condition!,photo",,,,,,,,F
PKGI-02735820,8月,BU-01030970,箱,PKG-01114122,1136,予約 INART 1/12 『ダークナイト ライジング』 バットマン 専用 アクセサリーパック Batman The Dark Knight Rises Accessory Pack,mogandou_com,2,,set,セット内容,点数と、セットの中身（何が何個あるか）を確認してください,数量・セット内容,"qty!,set!,photo",https://www.mogandou.com/view/item/000000002319,,,,,,,D
PKGI-02735908,8月,BU-01030996,箱,PKG-01114157,1137,予約 INART 1/12 『ダークナイト ライジング』 バットマン 専用 アクセサリーパック Batman The Dark Knight Rises Accessory Pack,mogandou_com,2,,set,セット内容,点数と、セットの中身（何が何個あるか）を確認してください,数量・セット内容,"qty!,set!,photo",,,,,,,,D
PKGI-02736144,8月,BU-01031088,箱,PKG-01068919,1139,Brighton & Hove Albion FC - SEAGULLS UNIFORM GRAPHIC TEE,freaksstore_com,1,,identify,商品特定（撮影）,タグ・JAN・型番が写るように撮影し、点数を数えてください,タグ・JAN・型番・ブランド名を撮影、全体写真、数量,"qty!,photo!,url",,,,,,,,G
PKGI-02736008,8月,BU-01031112,箱,PKG-01159297,1140,バーバリー/ノバチェック/トートバッグ/PVC/ベージュ/チェック/汚れ有/擦れ有【C】,2ndstreet_jp,1,,identify,商品特定（撮影）,タグ・JAN・型番が写るように撮影し、点数を数えてください,タグ・JAN・型番・ブランド名を撮影、全体写真、数量,"qty!,photo!,url",,,,,,,,G
PKGI-02732614,8月,BU-01031112,箱,PKG-01159297,1141,コート/38/ナイロン/CRM//【C】,2ndstreet_jp,1,,identify,商品特定（撮影）,タグ・JAN・型番が写るように撮影し、点数を数えてください,タグ・JAN・型番・ブランド名を撮影、全体写真、数量,"qty!,photo!,url",,,,,,,,G
PKGI-02736181,8月,BU-01031112,箱,PKG-01159297,1142,Bifold Wallet/Leather/Pink/Ladies【C】,2ndstreet_jp,1,,identify,商品特定（撮影）,タグ・JAN・型番が写るように撮影し、点数を数えてください,タグ・JAN・型番・ブランド名を撮影、全体写真、数量,"qty!,photo!,url",,,,,,,,G
PKGI-02736457,8月,BU-01031213,箱,PKG-01115728,1143,LUCID DREAM,hmv_co_jp,1,,identify,商品特定（撮影）,タグ・JAN・型番が写るように撮影し、点数を数えてください,タグ・JAN・型番・ブランド名を撮影、全体写真、数量,"qty!,photo!,url",,,,,,,,H
PKGI-02736622,8月,BU-01031240,箱,PKG-01115838,1144,タッチペンで音が聞ける！はじめてずかん1000 英語つき,books_rakuten_co_jp,1,,identify,商品特定（撮影）,タグ・JAN・型番が写るように撮影し、点数を数えてください,タグ・JAN・型番・ブランド名を撮影、全体写真、数量,"qty!,photo!,candidate!,url",https://books.rakuten.co.jp/rb/16353156/,https://books.rakuten.co.jp/rb/16353156/,タッチペンで音が聞ける！はじめてずかん1000 英語つき,1.00,,,,H
PKGI-02736840,8月,BU-01031321,箱,PKG-01114044,1145,【楽天ブックス限定特典】すしらーめん りく1st写真集　さいごのふたり(限定カバー)【予約】,books_rakuten_co_jp,1,,identify,商品特定（撮影）,タグ・JAN・型番が写るように撮影し、点数を数えてください,タグ・JAN・型番・ブランド名を撮影、全体写真、数量,"qty!,photo!,candidate!,url",https://books.rakuten.co.jp/rb/18580094/,https://books.rakuten.co.jp/rb/18580094/,【楽天ブックス限定特典】すしらーめん りく1st写真集 さいごのふたり(限定カバー),0.95,,,,H
PKGI-02736966,8月,BU-01031373,箱,PKG-01115835,1146,たのしい両面折り紙　折り紙インサイドアウト プレミアム【予約】,books_rakuten_co_jp,1,,identify,商品特定（撮影）,タグ・JAN・型番が写るように撮影し、点数を数えてください,タグ・JAN・型番・ブランド名を撮影、全体写真、数量,"qty!,photo!,url",,,,,,,,G
PKGI-02736982,8月,BU-01031379,箱,PKG-01141435,1147,【東京Meet&Greet応募用シリアルコード対象】咲き誇る時を待つのは [CD+セルカフォトカード 通常盤 ver.]＜通常盤＞ + '（特典あり）(発売日: 2026年05月27日)',tower_jp,2,,identify,商品特定（撮影）,タグ・JAN・型番が写るように撮影し、点数を数えてください,タグ・JAN・型番・ブランド名を撮影、全体写真、数量,"qty!,photo!,url",,,,,,,,G
PKGI-02737398,8月,BU-01031511,箱,PKG-01114366,1149,ヴァイオレット・エヴァーガーデン アイコニック スカート,mayla_jp,1,,variant,色・サイズ・版,現物の色・サイズ・種類を確認してください,版・種類・サイズ・色,"qty!,color!,size!,edition,photo",https://mayla.jp/SHOP/bta0016.html,,,,,,,A
PKGI-02737412,8月,BU-01031515,箱,PKG-01114368,1151,ヴァイオレット・エヴァーガーデン アイコニック スカート,mayla_jp,1,,variant,色・サイズ・版,現物の色・サイズ・種類を確認してください,版・種類・サイズ・色,"qty!,color!,size!,edition,photo",,,,,,,,A
PKGI-02737711,8月,BU-01031618,箱,PKG-01114409,1152,幅0.15mm　BMCタガネ,sujibori-do_ocnk_net,1,,identify,商品特定（撮影）,タグ・JAN・型番が写るように撮影し、点数を数えてください,タグ・JAN・型番・ブランド名を撮影、全体写真、数量,"qty!,photo!,candidate!,url",https://www.sootang.jp/products/4560399122876,https://www.sootang.jp/products/4560399122876,量産型 BMCタガネ 幅0.15mm,0.95,,,,G
PKGI-02737745,8月,BU-01031628,箱,PKG-01141163,1153,JR東日本 みどりの駅時計BOOK,tkj_jp,1,,photo_count,撮影＋点数,全体を撮影して、点数を数えてください,確認数量（元リストの商品単位） / 欠品・付属品の実際の内容 / 冊子と時計の揃い・BOOK初版/BOOK2の区別・電池/動作/現物数量を確認,"qty!,photo!",https://store.tkj.jp/shopdetail/000000021095/,,,,,,,B
PKGI-02737751,8月,BU-01031632,箱,PKG-01141164,1154,JR東日本 みどりの駅時計BOOK,tkj_jp,1,,photo_count,撮影＋点数,全体を撮影して、点数を数えてください,確認数量（元リストの商品単位） / 欠品・付属品の実際の内容 / 冊子と時計の揃い・BOOK初版/BOOK2の区別・電池/動作/現物数量を確認,"qty!,photo!",,,,,,,,B
PKGI-02737797,8月,BU-01031655,箱,PKG-01159429,1155,【直営SHOP限定厚底スニーカー】 （ブラック）,yosuke-idocorp_com,1,,variant,色・サイズ・版,現物の色・サイズ・種類を確認してください,版・種類・サイズ・色、数量・セット内容、状態・未開封,"qty!,color!,size!,edition,condition!,set,photo",https://yosuke-idocorp.com/commodity/SIDO0035D/YO729BW20005/,,,,,,,A
PKGI-02737867,8月,BU-01031684,箱,PKG-01114429,1156,ベビー　Tシャツ（80～95cm・Perky Zippy）(バースデイ)【予約】,shop-shimamura_com,1,,identify,商品特定（撮影）,タグ・JAN・型番が写るように撮影し、点数を数えてください,タグ・JAN・型番・ブランド名を撮影、全体写真、数量,"qty!,photo!,url",,,,,,,,H
PKGI-02737950,8月,BU-01031715,箱,PKG-01159559,1157,beco+81 フィギュアマスコット 第2弾,kenelestore_jp,2,,variant,色・サイズ・版,現物の色・サイズ・種類を確認してください,版・種類・サイズ・色,"qty!,color!,size!,edition,photo",https://kenelestore.jp/products/gc0722c,,,,,,,A
PKGI-02738059,8月,BU-01031749,箱,PKG-01159326,1159,<tc>T-shirt　Pumpkin / Black × Green</tc>,yayoikusamastore_jp,1,,variant,色・サイズ・版,現物の色・サイズ・種類を確認してください,版・種類・サイズ・色,"qty!,color!,size!,edition,photo",https://yayoikusamastore.com/en/products/e-tspubkgr,,,,,,,A
PKGI-02738060,8月,BU-01031749,箱,PKG-01159326,1160,<tc>T-shirt　Pumpkin / Black × Blue</tc>,yayoikusamastore_jp,1,,variant,色・サイズ・版,現物の色・サイズ・種類を確認してください,版・種類・サイズ・色,"qty!,color!,size!,edition,photo",https://yayoikusamastore.com/en/products/e-tspubkbl,,,,,,,A
PKGI-02738122,8月,BU-01031775,箱,PKG-01115956,1161,ビリティス シューズ オブジェ パンプス,mayla_jp,1,,identify,商品特定（撮影）,タグ・JAN・型番が写るように撮影し、点数を数えてください,タグ・JAN・型番・ブランド名を撮影、全体写真、数量,"qty!,photo!,url",,,,,,,,G
PKGI-02738162,8月,BU-01031789,箱,PKG-01159636,1162,ハートクロススニーカー,ailand-store_jp,1,,variant,色・サイズ・版,現物の色・サイズ・種類を確認してください,確認数量（元リストの商品単位） / 欠品・付属品の実際の内容 / 色・サイズ・種類の現物と根拠照合,"qty!,photo!,color!,size!,edition",https://wear.jp/item/92373505/,,,,,,,B
PKGI-02647285,8月,BU-01031867,箱,PKG-01082301,1165,カプコンフィギュアビルダー　クリエイターズモデル 黒蝕竜 ゴア・マガラ【復刻版】,e-capcom_com,1,,variant,色・サイズ・版,現物の色・サイズ・種類を確認してください,版・種類・サイズ・色、数量・セット内容、状態・未開封、画像と現物の一致,"qty!,color!,size!,edition,condition!,set,photo",https://www.e-capcom.com/shop/g/gC00008778/,,,,,,,A
PKGI-02738115,8月,BU-01031867,箱,PKG-01159445,1164,カプコンフィギュアビルダー　クリエイターズモデル 迅竜　ナルガクルガ,e-capcom_com,1,,variant,色・サイズ・版,現物の色・サイズ・種類を確認してください,版・種類・サイズ・色,"qty!,color!,size!,edition,photo",https://www.e-capcom.com/shop/g/gC00009341/,,,,,,,A
PKGI-02738678,8月,BU-01031971,箱,PKG-01116013,1166,バブルシガレット(パロディ_5),kingsidea_jp,1,,identify,商品特定（撮影）,タグ・JAN・型番が写るように撮影し、点数を数えてください,タグ・JAN・型番・ブランド名を撮影、全体写真、数量,"qty!,photo!,url",,,,,,,,G
PKGI-02738680,8月,BU-01031971,箱,PKG-01116013,1168,バブルシガレット(パロディ_6),kingsidea_jp,1,,identify,商品特定（撮影）,タグ・JAN・型番が写るように撮影し、点数を数えてください,タグ・JAN・型番・ブランド名を撮影、全体写真、数量,"qty!,photo!,url",,,,,,,,G
PKGI-02739039,8月,BU-01032116,箱,PKG-01151240,1172,ギャラック ONE PIECE シャンクスモデル / HUC-OP-BD11-S,world-wide-watch_jp,1,,variant,色・サイズ・版,現物の色・サイズ・種類を確認してください,版・種類・サイズ・色、数量・セット内容、状態・未開封,"qty!,color!,size!,edition,condition!,set,photo",https://world-wide-watch.jp/c/brand/gar/onepiece/gar-hucopbd11s,,,,元帳数量保持・現物,,,A
PKGI-02739109,8月,BU-01032155,箱,PKG-01115976,1174,名探偵コナン アイコニック シューズ オブジェ パンプス ～海外からご購入のお客様へ～,mayla_jp,1,,variant,色・サイズ・版,現物の色・サイズ・種類を確認してください,説明文の未確認項目（サイズ・色・種類・構成など）,"qty!,color!,size!,edition,photo",,,,,,,,C
PKGI-02739581,8月,BU-01032382,箱,PKG-01151348,1176,honey2 シノビマスター 閃乱カグラ NEW LINK 1/6 飛鳥 水着 Ver.,hobbystock_jp,1,,variant,色・サイズ・版,現物の色・サイズ・種類を確認してください,確認数量（元リストの商品単位） / 欠品・付属品の実際の内容 / 色・サイズ等の現物照合,"qty!,photo!,color!,size!,edition",https://www.goodsmile.com/ja/news/6851,,,,,,,B
PKGI-02739652,8月,BU-01032396,箱,PKG-01151288,1177,ルーズストレートパンツ,store_hystericglamour_jp,1,,identify,商品特定（撮影）,タグ・JAN・型番が写るように撮影し、点数を数えてください,タグ・JAN・型番・ブランド名を撮影、全体写真、数量,"qty!,photo!,url",,,,,,,,H
PKGI-02739653,8月,BU-01032396,箱,PKG-01151288,1178,ルーズストレートパンツ,store_hystericglamour_jp,1,,identify,商品特定（撮影）,タグ・JAN・型番が写るように撮影し、点数を数えてください,タグ・JAN・型番・ブランド名を撮影、全体写真、数量,"qty!,photo!,url",,,,,,,,H
PKGI-02739654,8月,BU-01032396,箱,PKG-01151288,1179,HYSロゴ手編 ホルターネック,store_hystericglamour_jp,1,,identify,商品特定（撮影）,タグ・JAN・型番が写るように撮影し、点数を数えてください,タグ・JAN・型番・ブランド名を撮影、全体写真、数量,"qty!,photo!,url",,,,,,,,G
PKGI-02739764,8月,BU-01032436,箱,PKG-01159869,1180,【予約商品】[Windows] 狂った果実 Windows版 有償特典付きBEEP限定版,beep-shop_com,1,,identify,商品特定（撮影）,タグ・JAN・型番が写るように撮影し、点数を数えてください,タグ・JAN・型番・ブランド名を撮影、全体写真、数量,"qty!,photo!,candidate!,url",https://channel.beep-shop.com/products/detail/83771,https://channel.beep-shop.com/products/detail/83771,【BEEP限定版】 狂った果実 Windows版 有償特典付き,0.95,,,,G
PKGI-02735515,8月,BU-01032462,箱,PKG-01113992,1182,ReFa MILK PROTEIN PINK LINE,mtgec_jp,1,,identify,商品特定（撮影）,タグ・JAN・型番が写るように撮影し、点数を数えてください,タグ・JAN・型番・ブランド名を撮影、全体写真、数量,"qty!,photo!,url",,,,,,,,G
PKGI-02740481,8月,BU-01032714,箱,PKG-01116031,1183,PalVerse　BanG Dream! Poppin'Party【BOX】,bushiroad-store_com,1,,condition,状態,未開封か、傷・欠品がないかを確認してください,状態・未開封,"qty!,condition!,photo",https://bushiroad-store.com/collections/palverse-bang-dream/products/2000265299759,,,,,,,F
PKGI-02740678,8月,BU-01032755,箱,PKG-01151278,1185,HG AFFAIR Tシャツ,store_hystericglamour_jp,1,,variant,色・サイズ・版,現物の色・サイズ・種類を確認してください,版・種類・サイズ・色,"qty!,color!,size!,edition,photo",https://store.hystericglamour.jp/item/104179.html,,,,,,,A
PKGI-02741082,8月,BU-01032966,箱,PKG-01114483,1189,[Cale] Cotton Silk Denim Trucker,jadore-jun_jp,1,,identify,商品特定（撮影）,タグ・JAN・型番が写るように撮影し、点数を数えてください,タグ・JAN・型番・ブランド名を撮影、全体写真、数量,"qty!,photo!,url",,,,,,,,G
PKGI-02741120,8月,BU-01032994,箱,PKG-01159678,1190,CROP&CROP 黒ごまリキュール 720ml,sake-kagiya_com,1,,expiry,賞味期限,賞味期限と保管状態を確認してください,賞味期限・保管状態、数量・セット内容、状態・未開封,"qty!,expiry!,storage!,condition!,set,photo",https://www.sake-kagiya.com/view/item/000000003603,,,,元帳数量保持・現物,,,E
PKGI-02741425,8月,BU-01033112,箱,PKG-01159689,1191,エンブロイダリーレース・サックドレス,doclasse_com,1,,variant,色・サイズ・版,現物の色・サイズ・種類を確認してください,版・種類・サイズ・色、数量・セット内容、状態・未開封,"qty!,color!,size!,edition,condition!,set,photo",https://www.doclasse.com/item/detail/1_1_30965,,,,,,,A
PKGI-02741557,8月,BU-01033151,箱,PKG-01151766,1192,ガチアクタ　ひねくれたやつら ※ 2026年5月下旬 発送予定,maxlimited-online_com,1,,identify,商品特定（撮影）,タグ・JAN・型番が写るように撮影し、点数を数えてください,タグ・JAN・型番・ブランド名を撮影、全体写真、数量,"qty!,photo!,url",,,,,,,,H
PKGI-02741694,8月,BU-01033193,箱,PKG-01114617,1194,少女☆歌劇 レヴュースタァライト -Re LIVE- ビジュアルブック,books_rakuten_co_jp,1,,variant,色・サイズ・版,現物の色・サイズ・種類を確認してください,説明文の未確認項目（サイズ・色・種類・構成など）,"qty!,color!,size!,edition,photo",https://store.kadokawa.co.jp/shop/g/g302007000513/,,,,,,,C
PKGI-02741693,8月,BU-01033193,箱,PKG-01114617,1195,「少女☆歌劇 レヴュースタァライト ロンド・ロンド・ロンド」主題歌CD「再生讃美曲」 (豪華ブックレット付初回限定盤 CD＋ブックレット),books_rakuten_co_jp,1,,identify,商品特定（撮影）,タグ・JAN・型番が写るように撮影し、点数を数えてください,タグ・JAN・型番・ブランド名を撮影、全体写真、数量,"qty!,photo!,candidate!,url",https://books.rakuten.co.jp/rb/16284181/,https://books.rakuten.co.jp/rb/16284181/,「少女☆歌劇 レヴュースタァライト ロンド・ロンド・ロンド」主題歌CD「再生讃美曲」 (豪華ブックレット付初回限定盤 CD＋ブックレット),1.00,,,,H
PKGI-02741691,8月,BU-01033193,箱,PKG-01114617,1196,【楽天ブックス限定先着特典】「少女☆歌劇 レヴュースタァライト -The MUSICAL- 遙かなるエルドラド」テーマソングCD「Gilded Dreams」【Sal ver.】(特製L判ブロマイド　富田麻帆【Sal ver.】),books_rakuten_co_jp,1,,identify,商品特定（撮影）,タグ・JAN・型番が写るように撮影し、点数を数えてください,タグ・JAN・型番・ブランド名を撮影、全体写真、数量,"qty!,photo!,url",,,,,,,,H
PKGI-02741692,8月,BU-01033193,箱,PKG-01114617,1197,【楽天ブックス限定先着特典】「少女☆歌劇 レヴュースタァライト -The MUSICAL- 遙かなるエルドラド」テーマソングCD「Gilded Dreams」【Ale ver.】(特製L判ブロマイド　富田麻帆【Ale ver.】),books_rakuten_co_jp,1,,identify,商品特定（撮影）,タグ・JAN・型番が写るように撮影し、点数を数えてください,タグ・JAN・型番・ブランド名を撮影、全体写真、数量,"qty!,photo!,url",,,,,,,,H
PKGI-02741702,8月,BU-01033195,箱,PKG-01159961,1198,beco+81 figure mascot 2nd edition,kenelestore_jp,1,,variant,色・サイズ・版,現物の色・サイズ・種類を確認してください,版・種類・サイズ・色,"qty!,color!,size!,edition,photo",https://kenelestore.jp/en/products/gc0722c-en,,,,,,,A
PKGI-02742413,8月,BU-01033463,箱,PKG-01160023,1202,スーパーダンガンロンパ2　パーティー準備　アクリルスタンド　16.辺古山ペコ 【Release Date: 2026/05/31】,store_kadokawa_co_jp,1,,set,セット内容,点数と、セットの中身（何が何個あるか）を確認してください,数量・セット内容、bonus_or_purchase_benefit_presence、状態・未開封,"qty!,set!,condition!,photo",https://store.kadokawa.co.jp/shop/g/g4940261521363/,,,,元帳数量保持・現物,,,D
PKGI-02743278,8月,BU-01033770,箱,PKG-01151788,1204,京らー油,ochanokosaisai_com,2,,expiry,賞味期限,賞味期限と保管状態を確認してください,賞味期限・保存状態・数量,"qty!,expiry!,storage!,condition!,photo",https://www.ochanokosaisai.com/c/all/RAU-01-1,,,,,,,C
PKGI-02743449,8月,BU-01033847,箱,PKG-01151880,1206,ポケモンベースボールフェスタ2026/ツインバット/ピカチュウ,ec_baystars_co_jp,1,,variant,色・サイズ・版,現物の色・サイズ・種類を確認してください,版・種類・サイズ・色、状態・未開封,"qty!,color!,size!,edition,condition!,photo",https://ec.baystars.co.jp/items/ydb4573676030597,,,,,,,A
PKGI-02743975,8月,BU-01034038,箱,PKG-01116336,1208,抱き枕 だいふく山,sumall_sumo_or_jp,2,,variant,色・サイズ・版,現物の色・サイズ・種類を確認してください,版・種類・サイズ・色,"qty!,color!,size!,edition,photo",https://sumall.sumo.or.jp/products/4571588950743,,,,,,,A
PKGI-02744293,8月,BU-01034138,箱,PKG-01151998,1209,ケストース（国内製造） 150ｇ 北海道産ビート糖（Non-GMO）使用 酪酸菌のエサになる [02] NICHIGA(ニチガ) 理想的な腸内フローラのバランスに,nichiga_net,1,,expiry,賞味期限,賞味期限と保管状態を確認してください,賞味期限・保管状態、数量・セット内容、状態・未開封,"qty!,expiry!,storage!,condition!,set,photo",https://www.nichiga.net/shopdetail/000000001602/,,,,現物,,,E
PKGI-02744447,8月,BU-01034194,箱,PKG-01114648,1210,ベビー　Tシャツ（80～95cm・Perky Zippy）(バースデイ)【予約】,shop-shimamura_com,1,,identify,商品特定（撮影）,タグ・JAN・型番が写るように撮影し、点数を数えてください,タグ・JAN・型番・ブランド名を撮影、全体写真、数量,"qty!,photo!,url",,,,,,,,H
PKGI-02744448,8月,BU-01034194,箱,PKG-01114648,1211,ベビー　Tシャツ（80～95cm・Perky Zippy）(バースデイ)【予約】,shop-shimamura_com,1,,identify,商品特定（撮影）,タグ・JAN・型番が写るように撮影し、点数を数えてください,タグ・JAN・型番・ブランド名を撮影、全体写真、数量,"qty!,photo!,url",,,,,,,,H
PKGI-02744513,8月,BU-01034214,箱,PKG-01152084,1212,半幅帯　FH26031601,store_gofukuyasan_com,1,,variant,色・サイズ・版,現物の色・サイズ・種類を確認してください,版・種類・サイズ・色,"qty!,color!,size!,edition,photo",https://store.gofukuyasan.com/view/item/000000006881,,,,,,,A
PKGI-02744782,8月,BU-01034321,箱,PKG-01151828,1214,京の一味３缶セット,ochanokosaisai_com,1,,expiry,賞味期限,賞味期限と保管状態を確認してください,賞味期限・保管状態、版・種類・サイズ・色、数量・セット内容、状態・未開封、画像と現物の一致,"qty!,expiry!,storage!,color!,size!,condition!,set,photo",https://www.ochanokosaisai.com/c/kyoichimi/set-1mi3can,,,,,,,E
PKGI-02744781,8月,BU-01034321,箱,PKG-01151828,1215,京の黒一味　缶,ochanokosaisai_com,1,,expiry,賞味期限,賞味期限と保管状態を確認してください,賞味期限・保存状態・数量,"qty!,expiry!,storage!,condition!,photo",https://www.ochanokosaisai.com/c/kyoichimi/SRY-ICM-01-2,,,,,,,C
PKGI-02744903,8月,BU-01034358,箱,PKG-01152042,1216,『ハイキュー！！』アクリルフィギュア 孤爪研磨 （ジャンプGIGA 2024 AUTUMN 描き下ろしイラスト） BE3,store_hpplus_jp,1,,variant,色・サイズ・版,現物の色・サイズ・種類を確認してください,版・種類・サイズ・色、数量・セット内容、状態・未開封,"qty!,color!,size!,edition,condition!,set,photo",https://jumpshop-benelic.com/products/18068675,,,,元帳数量保持・現物,,,A
PKGI-02744975,8月,BU-01034378,箱,PKG-01116459,1217,いつでもジャストマリアージュブラ,peachjohn_co_jp,1,,variant,色・サイズ・版,現物の色・サイズ・種類を確認してください,版・種類・サイズ・色、数量・セット内容、状態・未開封,"qty!,color!,size!,edition,condition!,set,photo",https://www.peachjohn.co.jp/shop/g/g10254600102/,,,,現物,,,A
PKGI-02745182,8月,BU-01034446,箱,PKG-01152001,1219,ケストース（国内製造） 150ｇ 北海道産ビート糖（Non-GMO）使用 酪酸菌のエサになる [02] NICHIGA(ニチガ) 理想的な腸内フローラのバランスに,nichiga_net,1,,expiry,賞味期限,賞味期限と保管状態を確認してください,賞味期限・保管状態、数量・セット内容、状態・未開封,"qty!,expiry!,storage!,condition!,set,photo",,,,,現物,,,E
PKGI-02745476,8月,BU-01034541,箱,PKG-01152033,1220,『ハイキュー！！』アクリルフィギュア 孤爪研磨 （ジャンプGIGA 2024 AUTUMN 描き下ろしイラスト） BE3,store_hpplus_jp,1,,variant,色・サイズ・版,現物の色・サイズ・種類を確認してください,版・種類・サイズ・色、数量・セット内容、状態・未開封,"qty!,color!,size!,edition,condition!,set,photo",,,,,,,,A
PKGI-02746833,8月,BU-01035029,箱,PKG-01114829,1222,城　（白水Uブックス）,books_rakuten_co_jp,1,,identify,商品特定（撮影）,タグ・JAN・型番が写るように撮影し、点数を数えてください,タグ・JAN・型番・ブランド名を撮影、全体写真、数量,"qty!,photo!,url",,,,,,,,H
PKGI-02746836,8月,BU-01035031,箱,PKG-01116656,1223,カードファイト!! ヴァンガード Divinez トレーディング缶バッジ vol.1【PACK】,bushiroad-store_com,9,,variant,色・サイズ・版,現物の色・サイズ・種類を確認してください,版・種類・サイズ・色、数量・セット内容、状態・未開封、画像と現物の一致、箱・袋の所在,"qty!,color!,size!,edition,condition!,set,photo",https://bushiroad-store.com/products/2000220609791,,,,,,,A
PKGI-02746880,8月,BU-01035049,箱,PKG-01116626,1224,【V.W.P】ランダム缶バッジ New Year Illustration ver.（全5種）／4th ONE-MAN LIVE「現象Ⅳ -反転運命-」OFFICIAL GOODS 第二弾,findmestore_thinkr_jp,1,,identify,商品特定（撮影）,タグ・JAN・型番が写るように撮影し、点数を数えてください,タグ・JAN・型番・ブランド名を撮影、全体写真、数量,"qty!,photo!,candidate!,url",https://findmestore.thinkr.jp/products/vwp-300-0460,https://findmestore.thinkr.jp/products/vwp-300-0460,【V.W.P】ランダム缶バッジ New Year Illustration ver.（全5種）／4th ONE-MAN LIVE「現象Ⅳ -反転運命-」OFFICIAL GOODS 第二弾,0.95,,,,G
PKGI-02746904,8月,BU-01035061,箱,PKG-01114839,1225,リコーダー　スタジオジブリ・メロディーズ 100,books_rakuten_co_jp,1,,set,セット内容,点数と、セットの中身（何が何個あるか）を確認してください,数量・セット内容,"qty!,set!,photo",https://www.ymm.co.jp/p/detail.php?code=GTW01100662,,,,元帳数量保持・現物,,,D
PKGI-02747202,8月,BU-01035202,箱,PKG-01142089,1227,ディサイド (発売日: 2026年06月03日),tower_jp,1,,variant,色・サイズ・版,現物の色・サイズ・種類を確認してください,版・種類・サイズ・色、数量・セット内容、状態・未開封,"qty!,color!,size!,edition,condition!,set,photo",https://tower.jp/item/8017980,,,,元帳数量保持・現物,,,A
PKGI-02747348,8月,BU-01035273,箱,PKG-01116596,1228,Cuban Mixtape -Presented By Dj KOCO【2026 RECORD STORE DAY 限定盤】(カセットテープ),hmv_co_jp,1,,identify,商品特定（撮影）,タグ・JAN・型番が写るように撮影し、点数を数えてください,タグ・JAN・型番・ブランド名を撮影、全体写真、数量,"qty!,photo!,url",,,,,,,,G
PKGI-02747350,8月,BU-01035273,箱,PKG-01116596,1229,ARTISAN 【完全生産限定】(カセットテープ),hmv_co_jp,1,,identify,商品特定（撮影）,タグ・JAN・型番が写るように撮影し、点数を数えてください,タグ・JAN・型番・ブランド名を撮影、全体写真、数量,"qty!,photo!,url",,,,,,,,G
PKGI-02747351,8月,BU-01035273,箱,PKG-01116596,1230,POCKET MUSIC 【完全生産限定】(カセットテープ),hmv_co_jp,1,,identify,商品特定（撮影）,タグ・JAN・型番が写るように撮影し、点数を数えてください,タグ・JAN・型番・ブランド名を撮影、全体写真、数量,"qty!,photo!,url",,,,,,,,G
PKGI-02747352,8月,BU-01035273,箱,PKG-01116596,1232,GREATEST HITS! OF TATSURO YAMASHITA 【完全生産限定盤】(カセットテープ),hmv_co_jp,1,,identify,商品特定（撮影）,タグ・JAN・型番が写るように撮影し、点数を数えてください,タグ・JAN・型番・ブランド名を撮影、全体写真、数量,"qty!,photo!,candidate!,url",https://www.amazon.co.jp/-/en/%E5%B1%B1%E4%B8%8B%E9%81%94%E9%83%8E/dp/B0BQW36PSK,https://www.amazon.co.jp/-/en/%E5%B1%B1%E4%B8%8B%E9%81%94%E9%83%8E/dp/B0BQW36PSK,Amazon.co.jp: GREATEST HITS! OF TATSURO YAMASHITA (完全生産限定盤) (カセット) - 山下達郎: Music,0.90,,,,H
PKGI-02747354,8月,BU-01035273,箱,PKG-01116596,1233,samurai champloo music record  “impresson” ／ Nujabes / FORCE OF NATURE / fat jon (カセットテープ),hmv_co_jp,1,,identify,商品特定（撮影）,タグ・JAN・型番が写るように撮影し、点数を数えてください,タグ・JAN・型番・ブランド名を撮影、全体写真、数量,"qty!,photo!,url",,,,,,,,G
PKGI-02747346,8月,BU-01035273,箱,PKG-01116596,1234,Modal Soul (カセットテープ),hmv_co_jp,1,,identify,商品特定（撮影）,タグ・JAN・型番が写るように撮影し、点数を数えてください,タグ・JAN・型番・ブランド名を撮影、全体写真、数量,"qty!,photo!,url",,,,,,,,G
PKGI-02747349,8月,BU-01035273,箱,PKG-01116596,1235,ローファイ・ジブリ3 (カセットテープ),hmv_co_jp,1,,identify,商品特定（撮影）,タグ・JAN・型番が写るように撮影し、点数を数えてください,タグ・JAN・型番・ブランド名を撮影、全体写真、数量,"qty!,photo!,url",,,,,,,,H
PKGI-02747344,8月,BU-01035273,箱,PKG-01116596,1237,『少女☆歌劇 レヴュースタァライト -The MUSICAL-遙かなるエルドラド』テーマソングCD「Gilded Dreams」【Ale ver.】,hmv_co_jp,1,,identify,商品特定（撮影）,タグ・JAN・型番が写るように撮影し、点数を数えてください,タグ・JAN・型番・ブランド名を撮影、全体写真、数量,"qty!,photo!,url",,,,,,,,G
PKGI-02747345,8月,BU-01035273,箱,PKG-01116596,1238,『少女☆歌劇 レヴュースタァライト -The MUSICAL-遙かなるエルドラド』テーマソングCD「Gilded Dreams」【Sal ver.】,hmv_co_jp,1,,identify,商品特定（撮影）,タグ・JAN・型番が写るように撮影し、点数を数えてください,タグ・JAN・型番・ブランド名を撮影、全体写真、数量,"qty!,photo!,candidate!,url",https://bushiroad-store.com/collections/all/products/2000282383790,https://bushiroad-store.com/collections/all/products/2000282383790,「少女☆歌劇 レヴュースタァライト -The MUSICAL- 遙かなるエルドラド」テーマソングCD「Gilded Dreams」【Sal ver.】,1.00,,,,G
PKGI-02747508,8月,BU-01035336,箱,PKG-01160135,1241,beco+81 フィギュアマスコット 第2弾,kenelestore_jp,2,,variant,色・サイズ・版,現物の色・サイズ・種類を確認してください,版・種類・サイズ・色,"qty!,color!,size!,edition,photo",,,,,,,,A
PKGI-02747532,8月,BU-01035350,箱,PKG-01160177,1242,HOTDOG VINTAGE LOGO Tee designed by Hiroshi Iguchi,tacomafuji_shop-pro_jp,1,,identify,商品特定（撮影）,タグ・JAN・型番が写るように撮影し、点数を数えてください,タグ・JAN・型番・ブランド名を撮影、全体写真、数量,"qty!,photo!,url",,,,,,,,G
PKGI-02747613,8月,BU-01035384,箱,PKG-01142269,1243,1st Mini Album [Sequence 01: Curiosity] (Unnatural ver.)＜限定特典対象＞ (?布日期: 2026年05月31日) + '（特典あり)',tower_jp,4,,identify,商品特定（撮影）,タグ・JAN・型番が写るように撮影し、点数を数えてください,タグ・JAN・型番・ブランド名を撮影、全体写真、数量,"qty!,photo!,url",,,,,,,,H
PKGI-02747773,8月,BU-01035444,箱,PKG-01152231,1244,和遊アソート 四季の香,shop_oribe-minoyaki_com,2,,identify,商品特定（撮影）,タグ・JAN・型番が写るように撮影し、点数を数えてください,タグ・JAN・型番・ブランド名を撮影、全体写真、数量,"qty!,photo!,url",,,,,,,,H
PKGI-02746222,8月,BU-01035444,箱,PKG-01152231,1245,和遊アソート 四季の香,shop_oribe-minoyaki_com,1,,identify,商品特定（撮影）,タグ・JAN・型番が写るように撮影し、点数を数えてください,タグ・JAN・型番・ブランド名を撮影、全体写真、数量,"qty!,photo!,url",,,,,,,,H
PKGI-02747821,8月,BU-01035459,箱,PKG-01116621,1246,VS TAPALES T-SHIRT,monster-naoyainoue_com,1,,variant,色・サイズ・版,現物の色・サイズ・種類を確認してください,版・種類・サイズ・色,"qty!,color!,size!,edition,photo",https://monster-naoyainoue.com/products/4550452693351,,,,,,,A
PKGI-02747813,8月,BU-01035462,箱,PKG-01152402,1247,星のカービィ トランジットラウンジ スーツケース 機内持ち込み 32L 36cm  50060 TRANSIT LOUNGE Kirby キャリーケース ハードキャリー かわいい キャラクター 軽量 修学旅行 旅行用 キャリーバッグ,sacsbar_com,1,,identify,商品特定（撮影）,タグ・JAN・型番が写るように撮影し、点数を数えてください,タグ・JAN・型番・ブランド名を撮影、全体写真、数量,"qty!,photo!,url",,,,,,,,H
PKGI-02747982,8月,BU-01035499,箱,PKG-01152273,1248,イヨシコーラ飲み比べセット（ギフトボックス入り）【送料無料】【ギフト・熨斗対応可】,shop_iyoshicola_com,1,,expiry,賞味期限,賞味期限と保管状態を確認してください,賞味期限・保管状態、数量・セット内容、状態・未開封,"qty!,expiry!,storage!,condition!,set,photo",https://shop.iyoshicola.com/products/flight_gift,,,,現物,,,E
PKGI-02709222,8月,BU-01035552,箱,PKG-01116672,1249,メンズ　Tシャツ（ちいかわ&ハチワレ）(アベイル)【予約】,shop-shimamura_com,1,,identify,商品特定（撮影）,タグ・JAN・型番が写るように撮影し、点数を数えてください,タグ・JAN・型番・ブランド名を撮影、全体写真、数量,"qty!,photo!,url",,,,,,,,G
PKGI-02748151,8月,BU-01035552,箱,PKG-01116672,1250,腰当てクッション（ちいかわ）(アベイル)【予約】,shop-shimamura_com,1,,identify,商品特定（撮影）,タグ・JAN・型番が写るように撮影し、点数を数えてください,タグ・JAN・型番・ブランド名を撮影、全体写真、数量,"qty!,photo!,url",,,,,,,,H
PKGI-02748654,8月,BU-01035715,箱,PKG-01116708,1251,「キリンの蒼角」オブジェ シルバーレビュー,u-treasure-onlineshop_jp,1,,identify,商品特定（撮影）,タグ・JAN・型番が写るように撮影し、点数を数えてください,タグ・JAN・型番・ブランド名を撮影、全体写真、数量,"qty!,photo!,url",,,,,,,,G
PKGI-02748892,8月,BU-01035792,箱,PKG-01116591,1254,「少女☆歌劇 レヴュースタァライト -The LIVE-#4 Climax」パンフレット,bushiroad-store_com,1,,identify,商品特定（撮影）,タグ・JAN・型番が写るように撮影し、点数を数えてください,タグ・JAN・型番・ブランド名を撮影、全体写真、数量,"qty!,photo!,url",,,,,,,,G
PKGI-02748887,8月,BU-01035792,箱,PKG-01116591,1256,少女☆歌劇 レヴュースタァライト　ジオラマアクリルスタンド 西條クロディーヌ -?clat de Prince-,bushiroad-store_com,1,,variant,色・サイズ・版,現物の色・サイズ・種類を確認してください,版・種類・サイズ・色、数量・セット内容、状態・未開封、画像と現物の一致,"qty!,color!,size!,edition,condition!,set,photo",https://bushiroad-store.com/products/2000261004142,,,,,,,A
PKGI-02748888,8月,BU-01035792,箱,PKG-01116591,1257,少女☆歌劇 レヴュースタァライト　ジオラマアクリルスタンド 天堂真矢 -?clat de Prince-,bushiroad-store_com,1,,variant,色・サイズ・版,現物の色・サイズ・種類を確認してください,版・種類・サイズ・色、数量・セット内容、状態・未開封、画像と現物の一致,"qty!,color!,size!,edition,condition!,set,photo",https://bushiroad-store.com/products/2000261004104,,,,,,,A
PKGI-02748886,8月,BU-01035792,箱,PKG-01116591,1258,少女☆歌劇 レヴュースタァライト　マルチリボン 西條クロディーヌ -?clat de Prince-,bushiroad-store_com,1,,variant,色・サイズ・版,現物の色・サイズ・種類を確認してください,版・種類・サイズ・色、数量・セット内容、状態・未開封、画像と現物の一致,"qty!,color!,size!,edition,condition!,set,photo",https://bushiroad-store.com/products/2000261004258,,,,,,,A
PKGI-02748966,8月,BU-01035827,箱,PKG-01152202,1263,casanet L（本体・蓋　各4枚入）,wasara-shop_jp,1,,identify,商品特定（撮影）,タグ・JAN・型番が写るように撮影し、点数を数えてください,タグ・JAN・型番・ブランド名を撮影、全体写真、数量,"qty!,photo!,url",,,,,,,,G
PKGI-02748968,8月,BU-01035827,箱,PKG-01152202,1264,casanet M（本体・蓋　各5枚入）,wasara-shop_jp,1,,identify,商品特定（撮影）,タグ・JAN・型番が写るように撮影し、点数を数えてください,タグ・JAN・型番・ブランド名を撮影、全体写真、数量,"qty!,photo!,url",,,,,,,,G
PKGI-02748967,8月,BU-01035827,箱,PKG-01152202,1265,casanet S（本体・蓋　各5枚入）,wasara-shop_jp,1,,identify,商品特定（撮影）,タグ・JAN・型番が写るように撮影し、点数を数えてください,タグ・JAN・型番・ブランド名を撮影、全体写真、数量,"qty!,photo!,url",,,,,,,,G
PKGI-02749075,8月,BU-01035859,箱,PKG-01152792,1266,HAZBIN HOTEL Acrylic Stand,blackballoon_market,1,,variant,色・サイズ・版,現物の色・サイズ・種類を確認してください,版・種類・サイズ・色、数量・セット内容、状態・未開封、画像と現物の一致,"qty!,color!,size!,edition,condition!,set,photo",,,,,,,,A
PKGI-02749076,8月,BU-01035859,箱,PKG-01152792,1267,HAZBIN HOTEL Acrylic Keychain,blackballoon_market,1,,variant,色・サイズ・版,現物の色・サイズ・種類を確認してください,版・種類・サイズ・色,"qty!,color!,size!,edition,photo",https://blackballoon.market/en/products/z8564ht,,,,,,,A
PKGI-02749332,8月,BU-01035922,箱,PKG-01066046,1268,推し選手コンプリートセット（全7種）,oshiga_shop,1,,identify,商品特定（撮影）,タグ・JAN・型番が写るように撮影し、点数を数えてください,タグ・JAN・型番・ブランド名を撮影、全体写真、数量,"qty!,photo!,url",,,,,,,,G
PKGI-02749630,8月,BU-01036020,箱,PKG-01116858,1270,トランスフォーマーごー！　ごー！　大冒険編,books_rakuten_co_jp,1,,photo_count,撮影＋点数,全体を撮影して、点数を数えてください,元帳数量保持・現物未確認,"qty!,photo!",https://books.rakuten.co.jp/rb/18400715/,,,,元帳数量保持・現物,,,B
PKGI-02749694,8月,BU-01036042,箱,PKG-01114974,1271,ReFa MILK PROTEIN RPYAL LINE,mtgec_jp,1,,identify,商品特定（撮影）,タグ・JAN・型番が写るように撮影し、点数を数えてください,タグ・JAN・型番・ブランド名を撮影、全体写真、数量,"qty!,photo!,url",,,,,,,,H
PKGI-02749693,8月,BU-01036043,箱,PKG-01152868,1272,Minimal Wide Denim / Blue,resunce_tokyo,1,,identify,商品特定（撮影）,タグ・JAN・型番が写るように撮影し、点数を数えてください,タグ・JAN・型番・ブランド名を撮影、全体写真、数量,"qty!,photo!,url",,,,,,,,G
PKGI-02750055,8月,BU-01036162,箱,PKG-01116860,1275,"Tchaikovsky Symphony No.6 (1951), Mozart Symphony No.39 (1942 / 43): Wilhelm Furtwangler / Berlin Philharmonic -Transfers & Pro",hmv_co_jp,1,,photo_count,撮影＋点数,全体を撮影して、点数を数えてください,確認数量（元リストの商品単位） / 欠品・付属品の実際の内容 / 現物のJAN・規格品番・輸入版仕様を確認,"qty!,photo!",https://cdsvinyljapan.com/en-id/products/4909346312326,,,,,,,B
PKGI-02750066,8月,BU-01036175,箱,PKG-01152927,1276,Always With You 3-Way AKUMA Mascot,store_plusmember_jp,1,,identify,商品特定（撮影）,タグ・JAN・型番が写るように撮影し、点数を数えてください,タグ・JAN・型番・ブランド名を撮影、全体写真、数量,"qty!,photo!,url",,,,,,,,H
PKGI-02750065,8月,BU-01036175,箱,PKG-01152927,1277,βカロテン タオル,store_plusmember_jp,1,,identify,商品特定（撮影）,タグ・JAN・型番が写るように撮影し、点数を数えてください,タグ・JAN・型番・ブランド名を撮影、全体写真、数量,"qty!,photo!,candidate!,url",https://store.plusmember.jp/aimyon/products/detail.php?lang=en&product_id=108303,https://store.plusmember.jp/aimyon/products/detail.php?lang=en&product_id=108303,,,,,,G
PKGI-02750069,8月,BU-01036176,箱,PKG-01152291,1278,恋と深空　マヒル・終極兵器X-02シリーズ　スカーフ【レターパックプラス1点まで、2点からヤマト宅急便お選びください】【230日前後入荷予定】,yotuba_shop,1,,identify,商品特定（撮影）,タグ・JAN・型番が写るように撮影し、点数を数えてください,タグ・JAN・型番・ブランド名を撮影、全体写真、数量,"qty!,photo!,url",,,,,,,,G
PKGI-02750169,8月,BU-01036212,箱,PKG-01116862,1279,こまどりは今際の目醒め（上）　（ディアプラス・コミックス）,books_rakuten_co_jp,1,,variant,色・サイズ・版,現物の色・サイズ・種類を確認してください,確認数量（元リストの商品単位） / 欠品・付属品の実際の内容 / 現物の上巻ISBN・特典/付属物・状態を確認,"qty!,photo!,edition,condition!",https://www.shinshokan.co.jp/book/b664738.html,,,,,,,B
PKGI-02750170,8月,BU-01036212,箱,PKG-01116862,1280,こまどりは今際の目醒め（下）　（ディアプラス・コミックス）,books_rakuten_co_jp,1,,identify,商品特定（撮影）,タグ・JAN・型番が写るように撮影し、点数を数えてください,タグ・JAN・型番・ブランド名を撮影、全体写真、数量,"qty!,photo!,candidate!,url",https://alert.shop-bell.com/products/4403669999/,https://alert.shop-bell.com/products/4403669999/,こまどりは今際の目醒め（上） (ディアプラス・コミックス)【ベルアラート】,0.95,,,,G
PKGI-02750210,8月,BU-01036232,箱,PKG-01142327,1281,【5/17(日)開催メンバー個別サイン会抽選対象】ReDeFINE: 8th EP (Re VER.)＜オンライン限定/イベント対象商品＞ (発売日: 2026年06月上旬) + '（特典あり)',tower_jp,1,,identify,商品特定（撮影）,タグ・JAN・型番が写るように撮影し、点数を数えてください,タグ・JAN・型番・ブランド名を撮影、全体写真、数量,"qty!,photo!,url",,,,,,,,G
PKGI-02750679,8月,BU-01036390,箱,PKG-01152752,1282,ＳｈｕｐａｔｔｏコンパクトバッグＳ・タイ,ito-ya_co_jp,1,,photo_count,撮影＋点数,全体を撮影して、点数を数えてください,元帳数量保持・現物未確認,"qty!,photo!",https://www.ito-ya.co.jp/item/49963857148081.html,,,,元帳数量保持・現物,,,B
PKGI-02750680,8月,BU-01036390,箱,PKG-01152752,1283,ＳｈｕｐａｔｔｏコンパクトバッグＳ・フグ,ito-ya_co_jp,1,,variant,色・サイズ・版,現物の色・サイズ・種類を確認してください,確認数量（元リストの商品単位） / 欠品・付属品の実際の内容 / 現物のフグ柄・Sサイズ・品番を確認,"qty!,photo!,size!,edition",https://www.ito-ya.co.jp/item/49963857148221.html,,,,,,,B
PKGI-02750766,8月,BU-01036421,箱,PKG-01152538,1284,<tc>T-shirt　Pumpkin / Black × Pink</tc>,yayoikusamastore_jp,1,,variant,色・サイズ・版,現物の色・サイズ・種類を確認してください,版・種類・サイズ・色,"qty!,color!,size!,edition,photo",https://yayoikusamastore.com/en/products/e-tspubkpk,,,,,,,A
PKGI-02750779,8月,BU-01036423,箱,PKG-01116894,1286,Bonsai Hinomaru ER34 Tee White,lbwk_jp,1,,variant,色・サイズ・版,現物の色・サイズ・種類を確認してください,版・種類・サイズ・色、数量・セット内容、状態・未開封,"qty!,color!,size!,edition,condition!,set,photo",https://lbwk.jp/products/t355-34wh,,,,元帳数量保持・現物,,,A
PKGI-02751056,8月,BU-01036528,箱,PKG-01152635,1287,図録：大阪市立東洋陶磁美術館　コレクション選(館蔵品図録),moco-ms_shop,1,,identify,商品特定（撮影）,タグ・JAN・型番が写るように撮影し、点数を数えてください,タグ・JAN・型番・ブランド名を撮影、全体写真、数量,"qty!,photo!,candidate!,url",https://moco-ms.shop/view/item/000000000095,https://moco-ms.shop/view/item/000000000095,,,,,,G
PKGI-02751057,8月,BU-01036528,箱,PKG-01152635,1288,関連書籍：CELADON―東アジアの青磁のきらめき,moco-ms_shop,1,,identify,商品特定（撮影）,タグ・JAN・型番が写るように撮影し、点数を数えてください,タグ・JAN・型番・ブランド名を撮影、全体写真、数量,"qty!,photo!,candidate!,url",https://moco-ms.shop/view/item/000000000125,https://moco-ms.shop/view/item/000000000125,,,,,,G
PKGI-02751054,8月,BU-01036528,箱,PKG-01152635,1289,図録：大阪市立東洋陶磁美術館所蔵 堀尾幹雄コレクション「濱田庄司」,moco-ms_shop,1,,photo_count,撮影＋点数,全体を撮影して、点数を数えてください,元帳数量保持・現物未確認,"qty!,photo!",https://moco-ms.shop/view/item/000000000108,,,,元帳数量保持・現物,,,B
PKGI-02751055,8月,BU-01036528,箱,PKG-01152635,1290,図録：宋磁の美,moco-ms_shop,1,,identify,商品特定（撮影）,タグ・JAN・型番が写るように撮影し、点数を数えてください,タグ・JAN・型番・ブランド名を撮影、全体写真、数量,"qty!,photo!,candidate!,url",https://moco-ms.shop/view/item/000000000103,https://moco-ms.shop/view/item/000000000103,,,,,,G
PKGI-02751192,8月,BU-01036576,箱,PKG-01137165,1291,ベビー　甚平（80～95cm　wigle wigle）(バースデイ)【予約】,shop-shimamura_com,1,,identify,商品特定（撮影）,タグ・JAN・型番が写るように撮影し、点数を数えてください,タグ・JAN・型番・ブランド名を撮影、全体写真、数量,"qty!,photo!,url",,,,,,,,G
PKGI-02616770,8月,BU-01036576,箱,PKG-01137165,1292,ベビー　ショートパンツ（80～95cm・wiggle wiggle）(バースデイ)【予約】,shop-shimamura_com,1,,identify,商品特定（撮影）,タグ・JAN・型番が写るように撮影し、点数を数えてください,タグ・JAN・型番・ブランド名を撮影、全体写真、数量,"qty!,photo!,url",,,,,,,,G
PKGI-02616771,8月,BU-01036576,箱,PKG-01137165,1293,ヘアアクセサリー（wiggle wiggle)(バースデイ)【予約】,shop-shimamura_com,1,,identify,商品特定（撮影）,タグ・JAN・型番が写るように撮影し、点数を数えてください,タグ・JAN・型番・ブランド名を撮影、全体写真、数量,"qty!,photo!,url",,,,,,,,G
PKGI-02751282,8月,BU-01036609,箱,PKG-01152481,1295,【4月7日(火)12:00? 受注予約開始】2WAY5分袖シアーニット｜2WAY HALF SLEEVE SHEER KNIT,regleam_net,1,,identify,商品特定（撮影）,タグ・JAN・型番が写るように撮影し、点数を数えてください,タグ・JAN・型番・ブランド名を撮影、全体写真、数量,"qty!,photo!,url",,,,,,,,G
PKGI-02751344,8月,BU-01036622,箱,PKG-01116883,1296,Belt Shoes Suede,yaecaya_yaeca_com,1,,variant,色・サイズ・版,現物の色・サイズ・種類を確認してください,版・種類・サイズ・色、数量・セット内容、状態・未開封、画像と現物の一致,"qty!,color!,size!,edition,condition!,set,photo",https://yaecaya.yaeca.com/products/belt-shoes-suede,,,,現物,,,A
PKGI-02751345,8月,BU-01036622,箱,PKG-01116883,1297,Belt Shoes CORDURA,yaecaya_yaeca_com,1,,variant,色・サイズ・版,現物の色・サイズ・種類を確認してください,版・種類・サイズ・色、数量・セット内容、状態・未開封、画像と現物の一致,"qty!,color!,size!,edition,condition!,set,photo",https://yaecaya.yaeca.com/products/belt-shoes,,,,現物,,,A
PKGI-02751517,8月,BU-01036677,箱,PKG-01152990,1298,【原神】ヌヴィレットイメージシリーズ ガウン （アイマスク付き） Genshin 2026年6月仮予約,shop_fantasy-village_com,1,,identify,商品特定（撮影）,タグ・JAN・型番が写るように撮影し、点数を数えてください,タグ・JAN・型番・ブランド名を撮影、全体写真、数量,"qty!,photo!,url",,,,,,,,H
PKGI-02751756,8月,BU-01036762,箱,PKG-01152744,1299,"受注販売/お届けまで約一ヶ月半/Nina【二ホンアマガエルのリング(L) ""Dryophytes japonicus""】",nina2014_com,1,,identify,商品特定（撮影）,タグ・JAN・型番が写るように撮影し、点数を数えてください,タグ・JAN・型番・ブランド名を撮影、全体写真、数量,"qty!,photo!,url",,,,,,,,G
PKGI-02751866,8月,BU-01036805,箱,PKG-01137011,1300,Tobi Nui Charm,eveofficialstore_com,1,,variant,色・サイズ・版,現物の色・サイズ・種類を確認してください,版・種類・サイズ・色、状態・未開封,"qty!,color!,size!,edition,condition!,photo",,,,,,,,A
PKGI-02752018,8月,BU-01036874,箱,PKG-01137110,1301,［Mona Kimura］MONA WORLD T-Shirt,holyshit-store_com,1,,identify,商品特定（撮影）,タグ・JAN・型番が写るように撮影し、点数を数えてください,タグ・JAN・型番・ブランド名を撮影、全体写真、数量,"qty!,photo!,candidate!,url",https://holyshit-store.com/items/6a0a7b3e9d8327120ffa1a94,https://holyshit-store.com/items/6a0a7b3e9d8327120ffa1a94,［Mona Kimura］MONA WORLD T-Shirt,1.00,,,,H
PKGI-02752006,8月,BU-01036886,箱,PKG-01152581,1302,Japanese black tea｜30 sachets,shop_goencha_com,1,,expiry,賞味期限,賞味期限と保管状態を確認してください,賞味期限・保管状態、数量・セット内容、状態・未開封,"qty!,expiry!,storage!,condition!,set,photo",https://shop.goencha.com/en/products/20043930,,,,元帳数量保持・現物,,,E
PKGI-02752004,8月,BU-01036886,箱,PKG-01152581,1303,Sencha Genmaicha with Matcha | 15 sachets,shop_goencha_com,1,,expiry,賞味期限,賞味期限と保管状態を確認してください,賞味期限・保管状態、数量・セット内容、状態・未開封,"qty!,expiry!,storage!,condition!,set,photo",https://shop.goencha.com/en/products/8832497,,,,現物,,,E
PKGI-02752005,8月,BU-01036886,箱,PKG-01152581,1304,Genmaicha | Leaf type | 100g,shop_goencha_com,1,,identify,商品特定（撮影）,タグ・JAN・型番が写るように撮影し、点数を数えてください,タグ・JAN・型番・ブランド名を撮影、全体写真、数量,"qty!,photo!,url",,,,,,,,G
PKGI-02752107,8月,BU-01036926,箱,PKG-01142524,1306,ディサイド (発売日: 2026年06月03日) + '（特典あり)',tower_jp,1,,identify,商品特定（撮影）,タグ・JAN・型番が写るように撮影し、点数を数えてください,タグ・JAN・型番・ブランド名を撮影、全体写真、数量,"qty!,photo!,url",,,,,,,,H
PKGI-02752111,8月,BU-01036931,箱,PKG-01137124,1307,Tobi Nui Charm,eveofficialstore_com,1,,variant,色・サイズ・版,現物の色・サイズ・種類を確認してください,版・種類・サイズ・色、状態・未開封,"qty!,color!,size!,edition,condition!,photo",,,,,,,,A
PKGI-02752112,8月,BU-01036931,箱,PKG-01137124,1308,Figure [red raison],eveofficialstore_com,1,,identify,商品特定（撮影）,タグ・JAN・型番が写るように撮影し、点数を数えてください,タグ・JAN・型番・ブランド名を撮影、全体写真、数量,"qty!,photo!,candidate!,url",https://www.eveofficialstore.com/view/item/000000000299,https://www.eveofficialstore.com/view/item/000000000299,Figure [red raison]｜Eve(イブ) 公式通販サイト,1.00,,,,H
PKGI-02752164,8月,BU-01036941,箱,PKG-01152981,1309,トイ・ストーリー ピザタワーゲーム,eyeup_co_jp,2,,identify,商品特定（撮影）,タグ・JAN・型番が写るように撮影し、点数を数えてください,タグ・JAN・型番・ブランド名を撮影、全体写真、数量,"qty!,photo!,candidate!,url",https://store.disney.co.jp/goods/4546598016659.html,https://store.disney.co.jp/goods/4546598016659.html,【公式】ディズニーストア.jp | トイ・ストーリー ピザタワーゲーム,1.00,,,,G
PKGI-02724851,8月,BU-01037003,箱,PKG-01160416,1313,【当日発送】水光ネイルイエローブルーグラデーションマグネットリボンアートストーンオーバルネイルチップ,moda-jp_com,1,,identify,商品特定（撮影）,タグ・JAN・型番が写るように撮影し、点数を数えてください,タグ・JAN・型番・ブランド名を撮影、全体写真、数量,"qty!,photo!,url",,,,,,,,G
PKGI-02724852,8月,BU-01037003,箱,PKG-01160416,1314,【当日発送】水光ネイルピンクシンプルワンカラーマグネットショートラウンドネイルチップ,moda-jp_com,1,,variant,色・サイズ・版,現物の色・サイズ・種類を確認してください,確認数量（元リストの商品単位） / 欠品・付属品の実際の内容 / 現物サイズ・チップ枚数・接着用品等の構成を確認。掲載SのSKUを全行に適用しない,"qty!,photo!,size!,edition",https://anail.jp/products/ljnt423998,,,,,,,B
PKGI-02752562,8月,BU-01037089,箱,PKG-01142482,1316,ディサイド (発売日: 2026年06月03日) + '（特典あり)',tower_jp,1,,identify,商品特定（撮影）,タグ・JAN・型番が写るように撮影し、点数を数えてください,タグ・JAN・型番・ブランド名を撮影、全体写真、数量,"qty!,photo!,url",,,,,,,,H
PKGI-02752604,8月,BU-01037114,箱,PKG-01142504,1317,ディサイド (発売日: 2026年06月03日) + '（特典あり)',tower_jp,1,,identify,商品特定（撮影）,タグ・JAN・型番が写るように撮影し、点数を数えてください,タグ・JAN・型番・ブランド名を撮影、全体写真、数量,"qty!,photo!,url",,,,,,,,H
PKGI-02752666,8月,BU-01037139,箱,PKG-01137061,1319,天官賜福 貮 アイコニック シューズ オブジェ パンプス ～海外からご購入のお客様へ～,mayla_jp,1,,variant,色・サイズ・版,現物の色・サイズ・種類を確認してください,説明文の未確認項目（サイズ・色・種類・構成など）,"qty!,color!,size!,edition,photo",,,,,,,,C
PKGI-02752777,8月,BU-01037199,箱,PKG-01142488,1320,ディサイド (発売日: 2026年06月03日) + '（特典あり)',tower_jp,1,,identify,商品特定（撮影）,タグ・JAN・型番が写るように撮影し、点数を数えてください,タグ・JAN・型番・ブランド名を撮影、全体写真、数量,"qty!,photo!,url",,,,,,,,H
PKGI-02752007,8月,BU-01037215,箱,PKG-01137226,1321,ベビー　甚平（80～95cm　wigle wigle）(バースデイ)【予約】,shop-shimamura_com,1,,identify,商品特定（撮影）,タグ・JAN・型番が写るように撮影し、点数を数えてください,タグ・JAN・型番・ブランド名を撮影、全体写真、数量,"qty!,photo!,url",,,,,,,,G
PKGI-02752862,8月,BU-01037243,箱,PKG-01160499,1322,.hack//G.U. 20th Anniv. マルチマット,cc2store-itn_shop-pro_jp,1,,identify,商品特定（撮影）,タグ・JAN・型番が写るように撮影し、点数を数えてください,タグ・JAN・型番・ブランド名を撮影、全体写真、数量,"qty!,photo!,candidate!,url",https://cc2store-itn.shop-pro.jp/?pid=191760103,https://cc2store-itn.shop-pro.jp/?pid=191760103,.hack//G.U. 20th Anniv. マルチマット - CC2STORE International,0.95,,,,H
PKGI-02753525,8月,BU-01037467,箱,PKG-01160368,1324,京のふりかけ食べ比べセット,ochanokosaisai_com,1,,expiry,賞味期限,賞味期限と保管状態を確認してください,賞味期限・保管状態、版・種類・サイズ・色、数量・セット内容、状態・未開封、画像と現物の一致,"qty!,expiry!,storage!,color!,size!,condition!,set,photo",https://www.ochanokosaisai.com/c/furikake/furikake_ss/furikake-kurabe-set,,,,,,,E
PKGI-02753526,8月,BU-01037467,箱,PKG-01160368,1325,【送料無料】舞妓はんひぃ～ひぃ～セットＡ,ochanokosaisai_com,1,,expiry,賞味期限,賞味期限と保管状態を確認してください,賞味期限・保管状態、版・種類・サイズ・色、数量・セット内容、状態・未開封、画像と現物の一致,"qty!,expiry!,storage!,color!,size!,condition!,set,photo",https://www.ochanokosaisai.com/c/maiko/m_rayu/maiko-set-A,,,,,,,E
PKGI-02754536,8月,BU-01037846,箱,PKG-01142548,1327,2614-KIDSCHAIR- 3COINS 豆イス,palcloset_jp,2,,photo_count,撮影＋点数,全体を撮影して、点数を数えてください,元帳数量保持・現物未確認,"qty!,photo!",https://www.palcloset.jp/display/item/2614-KIDSCHAIR-/,,,,元帳数量保持・現物,,,B
PKGI-02754535,8月,BU-01037846,箱,PKG-01142548,1328,2614-KIDSTABLE- 3COINS 豆イス用テーブル,palcloset_jp,2,,photo_count,撮影＋点数,全体を撮影して、点数を数えてください,元帳数量保持・現物未確認,"qty!,photo!",https://www.palcloset.jp/display/item/2614-KIDSTABLE-/,,,,元帳数量保持・現物,,,B
PKGI-02751121,8月,BU-01037864,箱,PKG-01142331,1329,MYZ1061306A0012 【一枚で完成する/5色展開】レースドッキングオフショル半袖Tシャツ,palcloset_jp,1,,photo_count,撮影＋点数,全体を撮影して、点数を数えてください,元帳数量保持・現物未確認,"qty!,photo!",https://www.palcloset.jp/display/item/MYZ1061306A0012/,,,,元帳数量保持・現物,,,B
PKGI-02751120,8月,BU-01037864,箱,PKG-01142331,1330,0361041070 アシメデザインパフスリーブブラウス,palcloset_jp,1,,identify,商品特定（撮影）,タグ・JAN・型番が写るように撮影し、点数を数えてください,タグ・JAN・型番・ブランド名を撮影、全体写真、数量,"qty!,photo!,url",,,,,,,,G
PKGI-02751122,8月,BU-01037864,箱,PKG-01142331,1331,KAZ1061406A0009 【無地&ドット&ボーダー】ギャザーテレコ半袖カーディガン,palcloset_jp,1,,variant,色・サイズ・版,現物の色・サイズ・種類を確認してください,版・種類・サイズ・色,"qty!,color!,size!,edition,photo",https://www.palcloset.jp/display/item/KAZ1061406A0009/,,,,,,,A
PKGI-02754732,8月,BU-01037864,箱,PKG-01142331,1332,0361040870 チューリップスリーブスカラップネックブラウス,palcloset_jp,1,,identify,商品特定（撮影）,タグ・JAN・型番が写るように撮影し、点数を数えてください,タグ・JAN・型番・ブランド名を撮影、全体写真、数量,"qty!,photo!,url",,,,,,,,G
PKGI-02754906,8月,BU-01037909,箱,PKG-01137374,1333,PHONE CASE,shop-smtown_jp,1,,identify,商品特定（撮影）,タグ・JAN・型番が写るように撮影し、点数を数えてください,タグ・JAN・型番・ブランド名を撮影、全体写真、数量,"qty!,photo!,url",,,,,,,,H
PKGI-02755821,8月,BU-01038185,箱,PKG-01119168,1335,adidas Adizero RS15 Pro SG /ルシッドレッド/IH2759,rugbygoods_com,1,,variant,色・サイズ・版,現物の色・サイズ・種類を確認してください,確認数量（元リストの商品単位） / 欠品・付属品の実際の内容 / 色・サイズ等の現物照合,"qty!,photo!,color!,size!,edition",https://www.adidas.co.nz/adizero-rs15-pro-soft-ground-rugby-boots/IH2759.html,,,,,,,B
PKGI-02755935,8月,BU-01038232,箱,PKG-01142976,1338,松本怜生カレンダー 2026.04-2027.03 (發?日期: 2026年03月06日),tower_jp,1,,identify,商品特定（撮影）,タグ・JAN・型番が写るように撮影し、点数を数えてください,タグ・JAN・型番・ブランド名を撮影、全体写真、数量,"qty!,photo!,url",,,,,,,,H
PKGI-02755936,8月,BU-01038232,箱,PKG-01142976,1339,松本怜生1st写真集 Re : O (発売日: 2025年04月25日),tower_jp,1,,set,セット内容,点数と、セットの中身（何が何個あるか）を確認してください,数量・セット内容、bonus_or_purchase_benefit_presence,"qty!,set!,photo",https://cdfront.tower.jp/item/6785422,,,,,,,D
PKGI-02756104,8月,BU-01038291,箱,PKG-01142912,1340,ガジェットケース スケボーキーホルダー付き 綺々羅々ヴィヴィ (???: 2026? 03? 24?),tower_jp,1,,identify,商品特定（撮影）,タグ・JAN・型番が写るように撮影し、点数を数えてください,タグ・JAN・型番・ブランド名を撮影、全体写真、数量,"qty!,photo!,url",,,,,,,,G
PKGI-02756102,8月,BU-01038291,箱,PKG-01142912,1341,等身アクリルスタンド カフェver. 綺々羅々ヴィヴィ (???: 2026? 03? 12?),tower_jp,1,,identify,商品特定（撮影）,タグ・JAN・型番が写るように撮影し、点数を数えてください,タグ・JAN・型番・ブランド名を撮影、全体写真、数量,"qty!,photo!,url",,,,,,,,G
PKGI-02756103,8月,BU-01038291,箱,PKG-01142912,1342,等身アクリルスタンド 春コーデver.綺々羅々ヴィヴィ (???: 2026? 03? 24?),tower_jp,1,,photo_count,撮影＋点数,全体を撮影して、点数を数えてください,元帳数量保持・現物未確認,"qty!,photo!",https://tower.jp/item/7992834,,,,元帳数量保持・現物,,,B
PKGI-02756191,8月,BU-01038329,箱,PKG-01137450,1343,【楽天ブックス限定特典】知英サード写真集（仮）(複製サイン・メッセージ入りポストカード)【予約】,books_rakuten_co_jp,1,,identify,商品特定（撮影）,タグ・JAN・型番が写るように撮影し、点数を数えてください,タグ・JAN・型番・ブランド名を撮影、全体写真、数量,"qty!,photo!,url",,,,,,,,H
PKGI-02756450,8月,BU-01038434,箱,PKG-01137513,1344,ソラ モデル アウター 「キングダム ハーツ」シリーズ,super-groupies_com,1,,variant,色・サイズ・版,現物の色・サイズ・種類を確認してください,版・種類・サイズ・色,"qty!,color!,size!,edition,photo",https://www.super-groupies.com/product/8906,,,,,,,A
PKGI-02756651,8月,BU-01038504,箱,PKG-01142986,1346,ディサイド (発売日: 2026年06月03日) + '（特典あり)',tower_jp,1,,identify,商品特定（撮影）,タグ・JAN・型番が写るように撮影し、点数を数えてください,タグ・JAN・型番・ブランド名を撮影、全体写真、数量,"qty!,photo!,url",,,,,,,,H
PKGI-02756878,8月,BU-01038575,箱,PKG-01142905,1347,フリルチュールミニキャミワンピース,dot-st_com,1,,variant,色・サイズ・版,現物の色・サイズ・種類を確認してください,版・種類・サイズ・色,"qty!,color!,size!,edition,photo",https://www.dot-st.com/kutir/disp/item/876558/?COLOR_CD=05,,,,,,,A
PKGI-02757487,8月,BU-01038788,箱,PKG-01142787,1348,クロスコード バレエ スニーカー/メリージェーン スニーカー[23.0-24.5cm]　限定展開,freaksstore_com,1,,variant,色・サイズ・版,現物の色・サイズ・種類を確認してください,確認数量（元リストの商品単位） / 欠品・付属品の実際の内容 / 色・サイズ・種類の現物と根拠照合,"qty!,photo!,color!,size!,edition",https://www.daytona-park.com/item/3270375300002/,,,,,,,B
PKGI-02757168,8月,BU-01038832,箱,PKG-01120335,1349,サイドゴアブーツ （ブラックエナメル）,yosuke-idocorp_com,1,,variant,色・サイズ・版,現物の色・サイズ・種類を確認してください,確認数量（元リストの商品単位） / 欠品・付属品の実際の内容 / 現物の品番・靴サイズ・左右の揃いを確認,"qty!,photo!,size!,edition",https://www.magaseek.com/commodity/SIDO0035D/YO729BW021003/,,,,,,,B
PKGI-02757816,8月,BU-01038898,箱,PKG-01120250,1350,勇者刑に処す 懲罰勇者9004隊刑務記録 クリアファイル キービジュアル,charaon_jp,10,,variant,色・サイズ・版,現物の色・サイズ・種類を確認してください,版・種類・サイズ・色、数量・セット内容、状態・未開封,"qty!,color!,size!,edition,condition!,set,photo",https://www.charaon.jp/SHOP/AZYSK006.html,,,,,,,A
PKGI-02757814,8月,BU-01038898,箱,PKG-01120250,1351,勇者刑に処す 懲罰勇者9004隊刑務記録 Tシャツ Lサイズ,charaon_jp,1,,variant,色・サイズ・版,現物の色・サイズ・種類を確認してください,版・種類・サイズ・色、数量・セット内容、状態・未開封,"qty!,color!,size!,edition,condition!,set,photo",https://www.hobbystock.jp/item/view/hby-apr-00019736,,,,,,,A
PKGI-02757815,8月,BU-01038898,箱,PKG-01120250,1352,勇者刑に処す 懲罰勇者9004隊刑務記録 アクリルキャラスタンド キービジュアル,charaon_jp,1,,variant,色・サイズ・版,現物の色・サイズ・種類を確認してください,確認数量（元リストの商品単位） / 欠品・付属品の実際の内容 / 現物図柄・JAN・状態・数量を照合,"qty!,photo!,edition,condition!",https://www.amiami.jp/top/detail/review?page=&scode=GOODS-04789638,,,,,,,B
PKGI-02757813,8月,BU-01038898,箱,PKG-01120250,1353,勇者刑に処す 懲罰勇者9004隊刑務記録 マグカップ,charaon_jp,1,,variant,色・サイズ・版,現物の色・サイズ・種類を確認してください,版・種類・サイズ・色、数量・セット内容、状態・未開封,"qty!,color!,size!,edition,condition!,set,photo",https://www.charaon.jp/SHOP/AZYSK010.html,,,,,,,A
PKGI-02758526,8月,BU-01039175,箱,PKG-01137522,1354,ソラ モデル アウター 「キングダム ハーツ」シリーズ,super-groupies_com,1,,variant,色・サイズ・版,現物の色・サイズ・種類を確認してください,版・種類・サイズ・色,"qty!,color!,size!,edition,photo",,,,,,,,A
PKGI-02758806,8月,BU-01039272,箱,PKG-01120413,1357,「Monster Hunter」シリーズ 武器アイコン【チャージアックス】木樽ジョッキ380ml,urakita_ocnk_net,1,,identify,商品特定（撮影）,タグ・JAN・型番が写るように撮影し、点数を数えてください,タグ・JAN・型番・ブランド名を撮影、全体写真、数量,"qty!,photo!,url",,,,,,,,G
PKGI-02758961,8月,BU-01039338,箱,PKG-01111011,1358,【受注生産】【特典つき】ディスプレイモデル カービィ号3線セット(神戸線・宝塚線・京都線)大阪方先頭1両,hankyudensha-shop_com,1,,identify,商品特定（撮影）,タグ・JAN・型番が写るように撮影し、点数を数えてください,タグ・JAN・型番・ブランド名を撮影、全体写真、数量,"qty!,photo!,url",,,,,,,,H
PKGI-02759000,8月,BU-01039358,箱,PKG-01111009,1359,【受注生産】【特典つき】ディスプレイモデル カービィ号3線セット(神戸線・宝塚線・京都線)大阪方先頭1両,hankyudensha-shop_com,1,,identify,商品特定（撮影）,タグ・JAN・型番が写るように撮影し、点数を数えてください,タグ・JAN・型番・ブランド名を撮影、全体写真、数量,"qty!,photo!,url",,,,,,,,H
PKGI-02759814,8月,BU-01039695,箱,PKG-01066132,1360,〈WOMEN〉バイザーロゴ キャップ,beams_co_jp,1,,photo_count,撮影＋点数,全体を撮影して、点数を数えてください,元帳数量保持・現物未確認,"qty!,photo!",https://www.beams.co.jp/item/beamsgolf/hat/81411287444/,,,,元帳数量保持・現物,,,B
PKGI-02760029,8月,BU-01039800,箱,PKG-01137779,1361,Polo [navy×sakura],eveofficialstore_com,1,,variant,色・サイズ・版,現物の色・サイズ・種類を確認してください,版・種類・サイズ・色、状態・未開封、画像と現物の一致,"qty!,color!,size!,edition,condition!,photo",https://www.eveofficialstore.com/view/item/000000000310,,,,,,,A
PKGI-02760028,8月,BU-01039800,箱,PKG-01137779,1362,Tobi Nui Charm,eveofficialstore_com,1,,variant,色・サイズ・版,現物の色・サイズ・種類を確認してください,版・種類・サイズ・色、状態・未開封,"qty!,color!,size!,edition,condition!,photo",,,,,,,,A
PKGI-02760027,8月,BU-01039800,箱,PKG-01137779,1363,Rubber Band,eveofficialstore_com,1,,variant,色・サイズ・版,現物の色・サイズ・種類を確認してください,版・種類・サイズ・色、状態・未開封、画像と現物の一致,"qty!,color!,size!,edition,condition!,photo",https://www.eveofficialstore.com/view/item/000000000296,,,,,,,A
PKGI-02760159,8月,BU-01039864,箱,PKG-01120678,1364,ANREALAGE×HERALBONY BALL SHIRT,anrealage_com,1,,variant,色・サイズ・版,現物の色・サイズ・種類を確認してください,確認数量（元リストの商品単位） / 欠品・付属品の実際の内容 / 色・サイズ・種類の現物と根拠照合,"qty!,photo!,color!,size!,edition",https://www.anrealage.com/item/detail/1_1_AZ261CW1044_A_1/221,,,,,,,B
PKGI-02760172,8月,BU-01039871,箱,PKG-01120771,1365,FLOWER GO WALK / Red (Body Color: Black) Card set,zingaro_shop,1,,variant,色・サイズ・版,現物の色・サイズ・種類を確認してください,版・種類・サイズ・色、数量・セット内容、状態・未開封、画像と現物の一致,"qty!,color!,size!,edition,condition!,set,photo",https://zingaro.shop/products/flower-go-walk-red-card-set,,,,現物とカード封入,,,A
PKGI-02760164,8月,BU-01039872,箱,PKG-01137885,1366,【MIMI】「10th Anniversary Album」／MIMI 10th Anniversary Album & OFFICIAL GOODS,findmestore_thinkr_jp,1,,set,セット内容,点数と、セットの中身（何が何個あるか）を確認してください,数量・セット内容,"qty!,set!,photo",https://findmestore.thinkr.jp/products/5sr-000-0106,,,,,,,D
PKGI-02760467,8月,BU-01039969,箱,PKG-01120739,1368,受注制【Never mind the XU】mesh zip damage hoodie (2color),pressingwebshop_com,1,,variant,色・サイズ・版,現物の色・サイズ・種類を確認してください,確認数量（元リストの商品単位） / 欠品・付属品の実際の内容 / 色・サイズ・種類の現物と根拠照合 / 現物の色・サイズ・品番を確認。掲載SKUをJANとみなさない,"qty!,photo!,color!,size!,edition",https://pressingwebshop.com/products/15390,,,,,,,B
PKGI-02760468,8月,BU-01039969,箱,PKG-01120739,1369,大阪店WEB限定受注制【Chikashitsu +】leather studs shoulder bag,pressingwebshop_com,1,,variant,色・サイズ・版,現物の色・サイズ・種類を確認してください,確認数量（元リストの商品単位） / 欠品・付属品の実際の内容 / 現物の色・タグ・付属品を確認。leatherを本革と表記しない,"qty!,photo!,color!,edition",https://pressingwebshop.com/products/19384,,,,,,,B
PKGI-02682577,8月,BU-01039969,箱,PKG-01120739,1370,名古屋店WEB限定【nmtc+】one shoulder hoodie (2color),pressingwebshop_com,1,,identify,商品特定（撮影）,タグ・JAN・型番が写るように撮影し、点数を数えてください,タグ・JAN・型番・ブランド名を撮影、全体写真、数量,"qty!,photo!,candidate!,url",https://pressingwebshop.com/products/20351?_pos=1&_sid=586e5a5a7&_ss=r,https://pressingwebshop.com/products/20351?_pos=1&_sid=586e5a5a7&_ss=r,名古屋店WEB限定【nmtc+】one shoulder hoodie (2color),1.00,,,,G
PKGI-02761092,8月,BU-01040173,箱,PKG-01137771,1372,【花譜】「深愛」Special Box／5th ALBUM「深愛」,findmestore_thinkr_jp,1,,variant,色・サイズ・版,現物の色・サイズ・種類を確認してください,版・種類・サイズ・色、数量・セット内容、状態・未開封,"qty!,color!,size!,edition,condition!,set,photo",https://findmestore.thinkr.jp/products/avzd-000-63878,,,,,,,A
PKGI-02761091,8月,BU-01040173,箱,PKG-01137771,1373,【MIMI】「10th Anniversary Album」／MIMI 10th Anniversary Album & OFFICIAL GOODS,findmestore_thinkr_jp,1,,set,セット内容,点数と、セットの中身（何が何個あるか）を確認してください,数量・セット内容,"qty!,set!,photo",,,,,,,,D
PKGI-02761090,8月,BU-01040173,箱,PKG-01137771,1374,【花譜】「深愛β」／5th ALBUM「深愛」,findmestore_thinkr_jp,1,,set,セット内容,点数と、セットの中身（何が何個あるか）を確認してください,数量・セット内容,"qty!,set!,photo",https://findmestore.thinkr.jp/products/avzd-000-63880,,,,,,,D
PKGI-02761173,8月,BU-01040204,箱,PKG-01111233,1375,ギャルがオタクの家に入り浸ってエッチに沼るアンソロジーコミック　（REXコミックス）,books_rakuten_co_jp,1,,photo_count,撮影＋点数,全体を撮影して、点数を数えてください,元帳数量保持・現物未確認,"qty!,photo!",https://books.rakuten.co.jp/rb/17880196/,,,,元帳数量保持・現物,,,B
PKGI-02761434,8月,BU-01040304,箱,PKG-01111369,1376,【韓国盤】TREASURE 4th MINI ALBUM [NEW WAV] RAW VER.(メンバー別10種) ※選択可**種類を選択した後に表示されます 6月上旬以降順次出荷  6月上旬以降順次出荷  6月上旬以降順次出荷  6月上旬以降順次出荷  6月上旬以降順次出荷  6月上旬以降順次出荷  6月上旬以降順次出荷  6月上旬以降順次出荷  6月上旬以降順次出荷  6月上旬以降順次出荷,shop_mu-mo_net,1,,identify,商品特定（撮影）,タグ・JAN・型番が写るように撮影し、点数を数えてください,タグ・JAN・型番・ブランド名を撮影、全体写真、数量,"qty!,photo!,url",,,,,,,,G
PKGI-02761799,8月,BU-01040453,箱,PKG-01137818,1377,【MIMI】「10th Anniversary Album」／MIMI 10th Anniversary Album & OFFICIAL GOODS,findmestore_thinkr_jp,1,,set,セット内容,点数と、セットの中身（何が何個あるか）を確認してください,数量・セット内容,"qty!,set!,photo",,,,,,,,D
PKGI-02761803,8月,BU-01040453,箱,PKG-01137818,1378,【MIMI】ランダムアクリルキーホルダー／MIMI 10th Anniversary Album & OFFICIAL GOODS,findmestore_thinkr_jp,2,,variant,色・サイズ・版,現物の色・サイズ・種類を確認してください,版・種類・サイズ・色,"qty!,color!,size!,edition,photo",https://findmestore.thinkr.jp/products/mim-300-0018,,,,,,,A
PKGI-02761801,8月,BU-01040453,箱,PKG-01137818,1380,【MIMI】ランダムステッカー2枚セット／MIMI 10th Anniversary Album & OFFICIAL GOODS,findmestore_thinkr_jp,1,,variant,色・サイズ・版,現物の色・サイズ・種類を確認してください,版・種類・サイズ・色、数量・セット内容,"qty!,color!,size!,edition,set,photo",https://findmestore.thinkr.jp/products/mim-300-0029,,,,,,,A
PKGI-02761802,8月,BU-01040453,箱,PKG-01137818,1381,【MIMI】ランダムクリアカード／MIMI 10th Anniversary Album & OFFICIAL GOODS,findmestore_thinkr_jp,1,,variant,色・サイズ・版,現物の色・サイズ・種類を確認してください,版・種類・サイズ・色、数量・セット内容,"qty!,color!,size!,edition,set,photo",https://findmestore.thinkr.jp/products/mim-300-0017,,,,,,,A
PKGI-02761925,8月,BU-01040501,箱,PKG-01111408,1382,【シリコン型・モールド】 組み合わせて作る♪ヒモに通せるビーズ シリコンモールド アルファベット 英字 英語 数字 記号 文字 レジン型 パラコード 立体 3d GreenOceanオリジナル♪,shop-green-ocean_com,2,,identify,商品特定（撮影）,タグ・JAN・型番が写るように撮影し、点数を数えてください,タグ・JAN・型番・ブランド名を撮影、全体写真、数量,"qty!,photo!,url",,,,,,,,G
PKGI-02761988,8月,BU-01040521,箱,PKG-01138037,1383,攻殻機動隊2　（KCデラックス）,books_rakuten_co_jp,1,,photo_count,撮影＋点数,全体を撮影して、点数を数えてください,確認数量（元リストの商品単位） / 欠品・付属品の実際の内容 / 現物ISBNと紙版を確認。電子版識別子や別シリーズ第2巻と混ぜない,"qty!,photo!",https://www.kodansha.co.jp/comic/products/0000008029,,,,,,,B
PKGI-02762119,8月,BU-01040565,箱,PKG-01120952,1384,予約2/28〆【6月発売】【特典なし】魔法少女ノ魔女裁判 ぬいぴ～す 沢渡 ココ,granup_shop,1,,identify,商品特定（撮影）,タグ・JAN・型番が写るように撮影し、点数を数えてください,タグ・JAN・型番・ブランド名を撮影、全体写真、数量,"qty!,photo!,url",,,,,,,,G
PKGI-02762439,8月,BU-01040695,箱,PKG-01120950,1385,予約2/28〆【6月発売】【特典なし】魔法少女ノ魔女裁判 ぬいぴ～す 二階堂 ヒロ,granup_shop,1,,identify,商品特定（撮影）,タグ・JAN・型番が写るように撮影し、点数を数えてください,タグ・JAN・型番・ブランド名を撮影、全体写真、数量,"qty!,photo!,url",,,,,,,,G
PKGI-02762440,8月,BU-01040695,箱,PKG-01120950,1386,予約2/28〆【6月発売】【特典なし】魔法少女ノ魔女裁判 ぬいぴ～す 蓮見 レイア,granup_shop,1,,identify,商品特定（撮影）,タグ・JAN・型番が写るように撮影し、点数を数えてください,タグ・JAN・型番・ブランド名を撮影、全体写真、数量,"qty!,photo!,url",,,,,,,,G
PKGI-02762500,8月,BU-01040724,箱,PKG-01120964,1387,予約2/28〆【6月発売】【特典なし】魔法少女ノ魔女裁判 ぬいぴ～す 二階堂 ヒロ,granup_shop,1,,identify,商品特定（撮影）,タグ・JAN・型番が写るように撮影し、点数を数えてください,タグ・JAN・型番・ブランド名を撮影、全体写真、数量,"qty!,photo!,url",,,,,,,,G
PKGI-02762787,8月,BU-01040848,箱,PKG-01120934,1389,カーゴパンツ/L/コットン/マルチカラー//【A】,2ndstreet_jp,1,,identify,商品特定（撮影）,タグ・JAN・型番が写るように撮影し、点数を数えてください,タグ・JAN・型番・ブランド名を撮影、全体写真、数量,"qty!,photo!,url",,,,,,,,G
PKGI-02763433,8月,BU-01041109,箱,PKG-01160600,1392,予約2/28〆【6月発売】【特典なし】魔法少女ノ魔女裁判 ぬいぴ～す 氷上 メルル,granup_shop,2,,identify,商品特定（撮影）,タグ・JAN・型番が写るように撮影し、点数を数えてください,タグ・JAN・型番・ブランド名を撮影、全体写真、数量,"qty!,photo!,url",,,,,,,,G
PKGI-02763434,8月,BU-01041109,箱,PKG-01160600,1393,予約2/28〆【6月発売】【特典なし】魔法少女ノ魔女裁判 ぬいぴ～す 桜羽 エマ,granup_shop,2,,identify,商品特定（撮影）,タグ・JAN・型番が写るように撮影し、点数を数えてください,タグ・JAN・型番・ブランド名を撮影、全体写真、数量,"qty!,photo!,url",,,,,,,,G
PKGI-02763435,8月,BU-01041109,箱,PKG-01160600,1394,予約2/28〆【6月発売】【特典なし】魔法少女ノ魔女裁判 ぬいぴ～す 遠野 ハンナ,granup_shop,1,,identify,商品特定（撮影）,タグ・JAN・型番が写るように撮影し、点数を数えてください,タグ・JAN・型番・ブランド名を撮影、全体写真、数量,"qty!,photo!,url",,,,,,,,G
PKGI-02763436,8月,BU-01041109,箱,PKG-01160600,1395,予約2/28〆【6月発売】【特典なし】魔法少女ノ魔女裁判 ぬいぴ～す 橘 シェリー,granup_shop,1,,identify,商品特定（撮影）,タグ・JAN・型番が写るように撮影し、点数を数えてください,タグ・JAN・型番・ブランド名を撮影、全体写真、数量,"qty!,photo!,url",,,,,,,,G
PKGI-02763437,8月,BU-01041109,箱,PKG-01160600,1396,予約2/28〆【6月発売】【特典なし】魔法少女ノ魔女裁判 ぬいぴ～す 二階堂 ヒロ,granup_shop,1,,identify,商品特定（撮影）,タグ・JAN・型番が写るように撮影し、点数を数えてください,タグ・JAN・型番・ブランド名を撮影、全体写真、数量,"qty!,photo!,url",,,,,,,,G
PKGI-02763754,8月,BU-01041223,箱,PKG-01137999,1397,ロクサス モデル バッグチャーム 「キングダム ハーツ」シリーズ,super-groupies_com,2,,identify,商品特定（撮影）,タグ・JAN・型番が写るように撮影し、点数を数えてください,タグ・JAN・型番・ブランド名を撮影、全体写真、数量,"qty!,photo!,url",,,,,,,,G
PKGI-02763777,8月,BU-01041240,箱,PKG-01111528,1398,持ち運びシーズー(Crew Neck Sweatshirt),suzuri_jp,1,,identify,商品特定（撮影）,タグ・JAN・型番が写るように撮影し、点数を数えてください,タグ・JAN・型番・ブランド名を撮影、全体写真、数量,"qty!,photo!,url",,,,,,,,G
PKGI-02763778,8月,BU-01041240,箱,PKG-01111528,1399,寝癖のボサボサシーズー(Regular Fit T-Shirt),suzuri_jp,1,,identify,商品特定（撮影）,タグ・JAN・型番が写るように撮影し、点数を数えてください,タグ・JAN・型番・ブランド名を撮影、全体写真、数量,"qty!,photo!,url",,,,,,,,G
PKGI-02764275,8月,BU-01041441,箱,PKG-01111605,1400,TANO*C 手袋,tanocstore_net,1,,identify,商品特定（撮影）,タグ・JAN・型番が写るように撮影し、点数を数えてください,タグ・JAN・型番・ブランド名を撮影、全体写真、数量,"qty!,photo!,candidate!,url",https://www.tanocstore.net/shopdetail/000000003179,https://www.tanocstore.net/shopdetail/000000003179,,,,,,G
PKGI-02764646,8月,BU-01041572,箱,PKG-01138284,1402,バブルシガレット(パロディ_2),kingsidea_jp,1,,identify,商品特定（撮影）,タグ・JAN・型番が写るように撮影し、点数を数えてください,タグ・JAN・型番・ブランド名を撮影、全体写真、数量,"qty!,photo!,url",,,,,,,,G
PKGI-02764647,8月,BU-01041572,箱,PKG-01138284,1403,マイホームキャット ブラインドBOX,kingsidea_jp,1,,photo_count,撮影＋点数,全体を撮影して、点数を数えてください,確認数量（元リストの商品単位） / 欠品・付属品の実際の内容 / 封入種類・現物との根拠照合,"qty!,photo!",https://fluffyhouse.theshop.jp/items/29259961,,,,,,,B
PKGI-02764713,8月,BU-01041611,箱,PKG-01066405,1404,【第3回ラッキードロー対象】1st Mini Album [Sequence 01: Curiosity] (Gazed ver.)＜オンライン限定/限定特典対象＞ (発売日: 2026年06月10日) + '（特典あり)',tower_jp,2,,identify,商品特定（撮影）,タグ・JAN・型番が写るように撮影し、点数を数えてください,タグ・JAN・型番・ブランド名を撮影、全体写真、数量,"qty!,photo!,url",,,,,,,,G
PKGI-02764949,8月,BU-01041674,箱,PKG-01066465,1405,サンクチュアリ(デラックス・エディション) ［Blu-spec CD2+Blu-ray Disc］＜完全生産限定盤/デラックス・エディション＞ (発売日: 2026年06月05日) + '（特典あり)',tower_jp,1,,set,セット内容,点数と、セットの中身（何が何個あるか）を確認してください,数量・セット内容、bonus_or_purchase_benefit_presence、状態・未開封,"qty!,set!,condition!,photo",https://tower.jp/item/7997460,,,,元帳数量保持・現物,,,D
PKGI-02764952,8月,BU-01041674,箱,PKG-01066465,1408,K-Scope＜初回限定盤＞ (発売日: 2024年11月01日),tower_jp,1,,identify,商品特定（撮影）,タグ・JAN・型番が写るように撮影し、点数を数えてください,タグ・JAN・型番・ブランド名を撮影、全体写真、数量,"qty!,photo!,url",,,,,,,,H
PKGI-02764953,8月,BU-01041674,箱,PKG-01066465,1409,Listen Now＜初回限定盤＞ (発売日: 2024年11月01日),tower_jp,1,,identify,商品特定（撮影）,タグ・JAN・型番が写るように撮影し、点数を数えてください,タグ・JAN・型番・ブランド名を撮影、全体写真、数量,"qty!,photo!,url",,,,,,,,H
PKGI-02764954,8月,BU-01041674,箱,PKG-01066465,1410,The Ghost Of Santiago＜初回限定盤＞ (発売日: 2022年07月29日),tower_jp,1,,identify,商品特定（撮影）,タグ・JAN・型番が写るように撮影し、点数を数えてください,タグ・JAN・型番・ブランド名を撮影、全体写真、数量,"qty!,photo!,url",,,,,,,,H
PKGI-02765065,8月,BU-01041723,箱,PKG-01145061,1411,予約2/28〆【6月発売】【特典なし】魔法少女ノ魔女裁判 ぬいぴ～す 蓮見 レイア,granup_shop,1,,identify,商品特定（撮影）,タグ・JAN・型番が写るように撮影し、点数を数えてください,タグ・JAN・型番・ブランド名を撮影、全体写真、数量,"qty!,photo!,url",,,,,,,,G
PKGI-02765072,8月,BU-01041727,箱,PKG-01066466,1412,anan2499号増刊 スペシャルエディション 2026年 6/17号 [雑誌] (発売日: 2026年06月10日),tower_jp,1,,set,セット内容,点数と、セットの中身（何が何個あるか）を確認してください,数量・セット内容、状態・未開封,"qty!,set!,condition!,photo",https://tower.jp/item/8043711,,,,元帳数量保持・現物,,,D
PKGI-02765185,8月,BU-01041770,箱,PKG-01145142,1413,SOUND EXPERIENCE バンダナ,store_hystericglamour_jp,1,,variant,色・サイズ・版,現物の色・サイズ・種類を確認してください,版・種類・サイズ・色,"qty!,color!,size!,edition,photo",https://brandavenue.rakuten.co.jp/item/RC1860/,,,,,,,A
PKGI-02765186,8月,BU-01041770,箱,PKG-01145142,1414,SOUND EXPERIENCE バンダナ,store_hystericglamour_jp,1,,variant,色・サイズ・版,現物の色・サイズ・種類を確認してください,版・種類・サイズ・色,"qty!,color!,size!,edition,photo",,,,,,,,A
PKGI-02765305,8月,BU-01041799,箱,PKG-01145063,1415,予約2/28〆【6月発売】【特典なし】魔法少女ノ魔女裁判 ぬいぴ～す 橘 シェリー,granup_shop,2,,identify,商品特定（撮影）,タグ・JAN・型番が写るように撮影し、点数を数えてください,タグ・JAN・型番・ブランド名を撮影、全体写真、数量,"qty!,photo!,url",,,,,,,,G
PKGI-02765306,8月,BU-01041799,箱,PKG-01145063,1416,予約2/28〆【6月発売】【特典なし】魔法少女ノ魔女裁判 ぬいぴ～す 二階堂 ヒロ,granup_shop,1,,identify,商品特定（撮影）,タグ・JAN・型番が写るように撮影し、点数を数えてください,タグ・JAN・型番・ブランド名を撮影、全体写真、数量,"qty!,photo!,url",,,,,,,,G
PKGI-02765307,8月,BU-01041799,箱,PKG-01145063,1417,予約2/28〆【6月発売】【特典なし】魔法少女ノ魔女裁判 ぬいぴ～す 桜羽 エマ,granup_shop,1,,identify,商品特定（撮影）,タグ・JAN・型番が写るように撮影し、点数を数えてください,タグ・JAN・型番・ブランド名を撮影、全体写真、数量,"qty!,photo!,url",,,,,,,,G
PKGI-02765308,8月,BU-01041799,箱,PKG-01145063,1418,予約2/28〆【6月発売】【特典なし】魔法少女ノ魔女裁判 ぬいぴ～す 夏目 アンアン,granup_shop,1,,identify,商品特定（撮影）,タグ・JAN・型番が写るように撮影し、点数を数えてください,タグ・JAN・型番・ブランド名を撮影、全体写真、数量,"qty!,photo!,url",,,,,,,,G
PKGI-02765309,8月,BU-01041799,箱,PKG-01145063,1419,予約2/28〆【6月発売】【特典なし】魔法少女ノ魔女裁判 ぬいぴ～す 城ケ崎 ノア,granup_shop,1,,identify,商品特定（撮影）,タグ・JAN・型番が写るように撮影し、点数を数えてください,タグ・JAN・型番・ブランド名を撮影、全体写真、数量,"qty!,photo!,url",,,,,,,,G
PKGI-02765711,8月,BU-01041941,箱,PKG-01145290,1421,◆DDDナール 60粒,sundrug-online_com,1,,variant,色・サイズ・版,現物の色・サイズ・種類を確認してください,確認数量（元リストの商品単位） / 欠品・付属品の実際の内容 / 現物の未開封状態・期限・ロット/商品表示、モール取扱条件を確認。効能・効果を保証する広告は作らない / 賞味期限・保存履歴・包装表示（状態欄へ記録）,"qty!,photo!,edition,condition!",https://www.seims.co.jp/shop/g/g4580226840247/,,,,,,,B
PKGI-02765763,8月,BU-01041960,箱,PKG-01145079,1422,予約2/28〆【6月発売】【特典なし】魔法少女ノ魔女裁判 ぬいぴ～す 二階堂 ヒロ,granup_shop,1,,identify,商品特定（撮影）,タグ・JAN・型番が写るように撮影し、点数を数えてください,タグ・JAN・型番・ブランド名を撮影、全体写真、数量,"qty!,photo!,url",,,,,,,,G
PKGI-02765764,8月,BU-01041960,箱,PKG-01145079,1423,予約2/28〆【6月発売】【特典なし】魔法少女ノ魔女裁判 ぬいぴ～す 蓮見 レイア,granup_shop,1,,identify,商品特定（撮影）,タグ・JAN・型番が写るように撮影し、点数を数えてください,タグ・JAN・型番・ブランド名を撮影、全体写真、数量,"qty!,photo!,url",,,,,,,,G
PKGI-02765821,8月,BU-01041982,箱,PKG-01145281,1424,リネンライクワイドパンツ,titivate_jp,1,,variant,色・サイズ・版,現物の色・サイズ・種類を確認してください,確認数量（元リストの商品単位） / 欠品・付属品の実際の内容 / 現物の色・サイズ・AHXN2382タグを確認,"qty!,photo!,color!,size!,edition",https://titivate.jp/c/all/ahxn2382,,,,,,,B
PKGI-02765820,8月,BU-01041982,箱,PKG-01145281,1425,リネンライクペプラムトップス,titivate_jp,1,,variant,色・サイズ・版,現物の色・サイズ・種類を確認してください,確認数量（元リストの商品単位） / 欠品・付属品の実際の内容 / 現物の色・サイズ・AHXN2378タグを確認,"qty!,photo!,color!,size!,edition",https://titivate.jp/c/all/ahxn2378,,,,,,,B
PKGI-02765949,8月,BU-01042030,箱,PKG-01145308,1426,Synthesizer V AI 重音テト,ah-soft_net,1,,variant,色・サイズ・版,現物の色・サイズ・種類を確認してください,版・種類・サイズ・色、数量・セット内容、状態・未開封、画像と現物の一致、箱・袋の所在,"qty!,color!,size!,edition,condition!,set,photo",,,,,,,,A
PKGI-02766145,8月,BU-01042102,箱,PKG-01160944,1427,れっしゃだいこうしん2025 キッズバージョン【DVD】,vicom_jp,2,,set,セット内容,点数と、セットの中身（何が何個あるか）を確認してください,数量・セット内容、状態・未開封,"qty!,set!,condition!,photo",https://vicom.jp/view/item/000000001740?category_page_id=daikoushin-dvd,,,,現物,,,D
PKGI-02766305,8月,BU-01042145,箱,PKG-01145504,1428,予約2/28〆【6月発売】【特典なし】魔法少女ノ魔女裁判 ぬいぴ～す 夏目 アンアン,granup_shop,1,,identify,商品特定（撮影）,タグ・JAN・型番が写るように撮影し、点数を数えてください,タグ・JAN・型番・ブランド名を撮影、全体写真、数量,"qty!,photo!,url",,,,,,,,G
PKGI-02766678,8月,BU-01042281,箱,PKG-01145287,1429,Ito Chinese medicine high concentration autumn turmeric extract 300 grains,sundrug-online_com,1,,expiry,賞味期限,賞味期限と保管状態を確認してください,賞味期限・保管状態、数量・セット内容、状態・未開封,"qty!,expiry!,storage!,condition!,set,photo",https://www.itohkampo.co.jp/products/1149182.html,,,,現物,,,E
PKGI-02766932,8月,BU-01042369,箱,PKG-01145421,1430,マツケンサンバII（金管8重奏(+打楽器)）,winds-score_com,1,,variant,色・サイズ・版,現物の色・サイズ・種類を確認してください,版・種類・サイズ・色、数量・セット内容、状態・未開封,"qty!,color!,size!,edition,condition!,set,photo",https://winds-score.com/products/wseb-00064,,,,現物,,,A
PKGI-02767205,8月,BU-01042469,箱,PKG-01145749,1431,APEX LEGENDS? Rampart Fancy Seeing You Here T-Shirt,blackballoon_market,1,,variant,色・サイズ・版,現物の色・サイズ・種類を確認してください,版・種類・サイズ・色、数量・セット内容、状態・未開封、画像と現物の一致,"qty!,color!,size!,edition,condition!,set,photo",https://blackballoon.market/products/z5533atn0,,,,,,,A
PKGI-02767206,8月,BU-01042469,箱,PKG-01145749,1432,DEAD BY DAYLIGHT Logo T-shirt (White),blackballoon_market,1,,variant,色・サイズ・版,現物の色・サイズ・種類を確認してください,版・種類・サイズ・色,"qty!,color!,size!,edition,photo",https://blackballoon.market/products/z5630ltn0,,,,,,,A
PKGI-02767743,8月,BU-01042673,箱,PKG-01138350,1434,【ナイジェル・ケーボン】MAN / アーミーカーゴパンツ - リップストップピグメント / ARMY CARGO PANT - RIPSTOP PIGMENT,cabourn_jp,1,,identify,商品特定（撮影）,タグ・JAN・型番が写るように撮影し、点数を数えてください,タグ・JAN・型番・ブランド名を撮影、全体写真、数量,"qty!,photo!,url",,,,,,,,G
PKGI-02767751,8月,BU-01042675,箱,PKG-01138311,1435,【予約商品】『都市伝説解体センター』×Favoriteコラボ＊イルミナカードアシメシャツ【2026年2月下旬予約開始】【新作予約：納期後日決定】商品コード:100903,favorite-one_co_jp,1,,identify,商品特定（撮影）,タグ・JAN・型番が写るように撮影し、点数を数えてください,タグ・JAN・型番・ブランド名を撮影、全体写真、数量,"qty!,photo!,url",,,,,,,,G
PKGI-02767794,8月,BU-01042693,箱,PKG-01138304,1437,【予約数集まり次第生産】ネクタイ ネイビー シンプル カジュアル 男女兼用 ユニセックス＊Favoriteコラボ＊庫路路さんコラボ KU★TIE【2025年12月中旬予約開始】【生産未確定予約】商品コード:101013,favorite-one_co_jp,1,,identify,商品特定（撮影）,タグ・JAN・型番が写るように撮影し、点数を数えてください,タグ・JAN・型番・ブランド名を撮影、全体写真、数量,"qty!,photo!,url",,,,,,,,H
PKGI-02767881,8月,BU-01042720,箱,PKG-01145471,1438,ペルソナ5 ザ・ロイヤル P5R　TAPIOCA　ケープたぴぬい【26年3月下旬入荷予定】,yotuba_shop,1,,identify,商品特定（撮影）,タグ・JAN・型番が写るように撮影し、点数を数えてください,タグ・JAN・型番・ブランド名を撮影、全体写真、数量,"qty!,photo!,url",,,,,,,,G
PKGI-02767882,8月,BU-01042720,箱,PKG-01145471,1439,ペルソナ5 ザ・ロイヤル P5R　TAPIOCA　ケープたぴぬい【26年3月下旬入荷予定】,yotuba_shop,1,,identify,商品特定（撮影）,タグ・JAN・型番が写るように撮影し、点数を数えてください,タグ・JAN・型番・ブランド名を撮影、全体写真、数量,"qty!,photo!,url",,,,,,,,G
PKGI-02767883,8月,BU-01042720,箱,PKG-01145471,1440,ペルソナ5 ザ・ロイヤル P5R　TAPIOCA　ケープたぴぬい【26年3月下旬入荷予定】,yotuba_shop,1,,identify,商品特定（撮影）,タグ・JAN・型番が写るように撮影し、点数を数えてください,タグ・JAN・型番・ブランド名を撮影、全体写真、数量,"qty!,photo!,url",,,,,,,,G
PKGI-02768515,8月,BU-01042938,箱,PKG-01145992,1442,デニムショートコンビネゾン,mark-styler_co_jp,1,,variant,色・サイズ・版,現物の色・サイズ・種類を確認してください,版・種類・サイズ・色、数量・セット内容、状態・未開封,"qty!,color!,size!,edition,condition!,set,photo",https://runway-webstore.com/ap/item/i/m/1126303402,,,,,,,A
PKGI-02660865,8月,BU-01042938,箱,PKG-01145992,1443,バックレースアップ透かし編みニット,mark-styler_co_jp,1,,variant,色・サイズ・版,現物の色・サイズ・種類を確認してください,確認数量（元リストの商品単位） / 欠品・付属品の実際の内容 / 色・サイズ・種類の現物と根拠照合,"qty!,photo!,color!,size!,edition",https://runway-webstore.com/ap/item/i/m/1126226427,,,,,,,B
PKGI-02697814,8月,BU-01042938,箱,PKG-01145992,1444,バックレースアップ透かし編みニット,mark-styler_co_jp,1,,variant,色・サイズ・版,現物の色・サイズ・種類を確認してください,確認数量（元リストの商品単位） / 欠品・付属品の実際の内容 / 色・サイズ・種類の現物と根拠照合,"qty!,photo!,color!,size!,edition",,,,,,,,B
PKGI-02768622,8月,BU-01042989,箱,PKG-01145549,1445,■BxH x FU&#220;DOBRAIN SKULL-KUN【30th ver. GREEN】■,fuudobrain_shop-pro_jp,1,,variant,色・サイズ・版,現物の色・サイズ・種類を確認してください,版・種類・サイズ・色、数量・セット内容、状態・未開封,"qty!,color!,size!,edition,condition!,set,photo",https://fuudobrain.shop-pro.jp/?pid=192147906,,,,,,,A
PKGI-02769018,8月,BU-01043144,箱,PKG-01146273,1447,Peluche esponjoso Blue Lock 2.? edici?n: Rin Ito,hobbystock_jp,1,,identify,商品特定（撮影）,タグ・JAN・型番が写るように撮影し、点数を数えてください,タグ・JAN・型番・ブランド名を撮影、全体写真、数量,"qty!,photo!,url",,,,,,,,G
PKGI-02769103,8月,BU-01043177,箱,PKG-01146288,1448,nejicommu MATTER-BEARFOOT SLIPPER natural,ovie_shop-pro_jp,1,,identify,商品特定（撮影）,タグ・JAN・型番が写るように撮影し、点数を数えてください,タグ・JAN・型番・ブランド名を撮影、全体写真、数量,"qty!,photo!,url",,,,,,,,H
PKGI-02769891,8月,BU-01043399,箱,PKG-01146253,1457,『サクラノ詩-櫻の森の上を舞う-』ヴォーカルCD,keromakura_shop,1,,variant,色・サイズ・版,現物の色・サイズ・種類を確認してください,版・種類・サイズ・色、bonus_or_purchase_benefit_presence、画像と現物の一致,"qty!,color!,size!,edition,photo",https://keromakura.shop/?pid=145309944,,,,,,,A
PKGI-02769935,8月,BU-01043412,箱,PKG-01138421,1458,ポメラニアンカレンダー(いろんな色)(Desk Calendar),suzuri_jp,1,,variant,色・サイズ・版,現物の色・サイズ・種類を確認してください,版・種類・サイズ・色,"qty!,color!,size!,edition,photo",https://suzuri.jp/Ripo/18976605/desk-calendar/2026/white?locale=zh-TW,,,,,,,A
PKGI-02770196,8月,BU-01043497,箱,PKG-01111814,1461,天官賜福 貮 アイコニック シューズ オブジェ パンプス,mayla_jp,1,,variant,色・サイズ・版,現物の色・サイズ・種類を確認してください,版・種類・サイズ・色,"qty!,color!,size!,edition,photo",https://mayla.jp/SHOP/sha2524.html,,,,,,,A
PKGI-02770483,8月,BU-01043572,箱,PKG-01146377,1464,スター・ウォーズ ぬいコロン キーホルダー【予約商品：6月中旬発売予定】,eyeup_co_jp,1,,identify,商品特定（撮影）,タグ・JAN・型番が写るように撮影し、点数を数えてください,タグ・JAN・型番・ブランド名を撮影、全体写真、数量,"qty!,photo!,candidate!,url",https://www.hlj.co.jp/product/EYP56072,https://www.hlj.co.jp/product/EYP56072,スター・ウォーズ: ぬいコロン キーホルダー (グローグー) | HLJ.co.jp,0.95,,,,H
PKGI-02770933,8月,BU-01043712,箱,PKG-01155208,1465,REACH YOU: 4th Mini Album (Jewel Case Ver.) + '（特典あり）(発売日: 2026年06月13日)',tower_jp,2,,identify,商品特定（撮影）,タグ・JAN・型番が写るように撮影し、点数を数えてください,タグ・JAN・型番・ブランド名を撮影、全体写真、数量,"qty!,photo!,url",,,,,,,,H
PKGI-02769236,8月,BU-01043790,箱,PKG-01066747,1466,Dickies（R） L／W TUCK HALF パンツ,ec-store_net,1,,variant,色・サイズ・版,現物の色・サイズ・種類を確認してください,確認数量（元リストの商品単位） / 欠品・付属品の実際の内容 / 色・サイズ・種類の現物と根拠照合 / 現物の色・サイズ・品番を確認,"qty!,photo!,color!,size!,edition",https://www.ec-store.net/sws/g/g13422128/,,,,,,,B
PKGI-02771342,8月,BU-01043885,箱,PKG-01138700,1467,天官賜福 貮 アイコニック シューズ オブジェ パンプス ～海外からご購入のお客様へ～,mayla_jp,1,,variant,色・サイズ・版,現物の色・サイズ・種類を確認してください,説明文の未確認項目（サイズ・色・種類・構成など）,"qty!,color!,size!,edition,photo",,,,,,,,C
PKGI-02771527,8月,BU-01043954,箱,PKG-01146153,1469,舞妓はんひぃ～ひぃ～ラー油,ochanokosaisai_com,2,,expiry,賞味期限,賞味期限と保管状態を確認してください,賞味期限・保存状態・数量,"qty!,expiry!,storage!,condition!,photo",https://www.ochanokosaisai.com/c/all/MIK-01-4,,,,,,,C
PKGI-02771528,8月,BU-01043954,箱,PKG-01146153,1470,京の麻辣醤（マーラージャン）,ochanokosaisai_com,2,,expiry,賞味期限,賞味期限と保管状態を確認してください,賞味期限・保存状態・数量,"qty!,expiry!,storage!,condition!,photo",https://www.ochanokosaisai.com/c/choice_dish/choice_dish_men/malajyan,,,,,,,C
PKGI-02771529,8月,BU-01043954,箱,PKG-01146153,1471,京のコチュジャン,ochanokosaisai_com,2,,expiry,賞味期限,賞味期限と保管状態を確認してください,賞味期限・保存状態・数量,"qty!,expiry!,storage!,condition!,photo",https://www.ochanokosaisai.com/c/all/gochujang,,,,,,,C
PKGI-02771530,8月,BU-01043954,箱,PKG-01146153,1472,京らー油,ochanokosaisai_com,2,,expiry,賞味期限,賞味期限と保管状態を確認してください,賞味期限・保存状態・数量,"qty!,expiry!,storage!,condition!,photo",,,,,,,,C
PKGI-02771656,8月,BU-01043982,箱,PKG-01175045,1473,スカラップレース Vネック ブラウス FX26S366【Fano Studios】【2026SS】,chuclla_com,1,,identify,商品特定（撮影）,タグ・JAN・型番が写るように撮影し、点数を数えてください,タグ・JAN・型番・ブランド名を撮影、全体写真、数量,"qty!,photo!,url",,,,,,,,G
PKGI-02771873,8月,BU-01044051,箱,PKG-01138698,1474,天官賜福 貮 アイコニック シューズ オブジェ パンプス【予約】,mayla_jp,1,,variant,色・サイズ・版,現物の色・サイズ・種類を確認してください,版・種類・サイズ・色,"qty!,color!,size!,edition,photo",https://mayla.jp/SHOP/sha2524.html,,,,,,,A
PKGI-02772214,8月,BU-01044146,箱,PKG-01111895,1475,ポーチ付ショッピングバッグ（シュガーバニーズ）(アベイル)【予約】,shop-shimamura_com,1,,identify,商品特定（撮影）,タグ・JAN・型番が写るように撮影し、点数を数えてください,タグ・JAN・型番・ブランド名を撮影、全体写真、数量,"qty!,photo!,url",,,,,,,,H
PKGI-02772215,8月,BU-01044146,箱,PKG-01111895,1476,ポーチ付ショッピングバッグ（シュガーバニーズ）(アベイル)【予約】,shop-shimamura_com,1,,identify,商品特定（撮影）,タグ・JAN・型番が写るように撮影し、点数を数えてください,タグ・JAN・型番・ブランド名を撮影、全体写真、数量,"qty!,photo!,url",,,,,,,,H
PKGI-02772213,8月,BU-01044146,箱,PKG-01111895,1477,ダイカット巾着（シュガーバニーズ）(アベイル)【予約】,shop-shimamura_com,1,,identify,商品特定（撮影）,タグ・JAN・型番が写るように撮影し、点数を数えてください,タグ・JAN・型番・ブランド名を撮影、全体写真、数量,"qty!,photo!,url",,,,,,,,H
PKGI-02772323,8月,BU-01044166,箱,PKG-01111857,1479,LB Simple Embroidery Tee White,lbwk_jp,1,,identify,商品特定（撮影）,タグ・JAN・型番が写るように撮影し、点数を数えてください,タグ・JAN・型番・ブランド名を撮影、全体写真、数量,"qty!,photo!,url",,,,,,,,H
PKGI-02772324,8月,BU-01044166,箱,PKG-01111857,1480,LB Thorn Logo Embroidery Tee White,lbwk_jp,1,,variant,色・サイズ・版,現物の色・サイズ・種類を確認してください,版・種類・サイズ・色、数量・セット内容、状態・未開封,"qty!,color!,size!,edition,condition!,set,photo",https://lbwk.jp/products/t408-wh,,,,元帳数量保持・現物,,,A
PKGI-02772373,8月,BU-01044191,箱,PKG-01112014,1481,【ナイジェル・ケーボン】MAN / ベースボールキャップ - コットンツイル / BASEBALL CAP COTTON TWILL,cabourn_jp,1,,identify,商品特定（撮影）,タグ・JAN・型番が写るように撮影し、点数を数えてください,タグ・JAN・型番・ブランド名を撮影、全体写真、数量,"qty!,photo!,url",,,,,,,,G
PKGI-02773102,8月,BU-01044443,箱,PKG-01175326,1482,クール・スタジアム07｜C-STADIUM07（R-GRY）,patrick_jp,1,,variant,色・サイズ・版,現物の色・サイズ・種類を確認してください,版・種類・サイズ・色,"qty!,color!,size!,edition,photo",https://patrick.jp/products/507594,,,,,,,A
PKGI-02773201,8月,BU-01044489,箱,PKG-01138753,1486,前を歩く犬(Stickable Poster),suzuri_jp,1,,identify,商品特定（撮影）,タグ・JAN・型番が写るように撮影し、点数を数えてください,タグ・JAN・型番・ブランド名を撮影、全体写真、数量,"qty!,photo!,url",,,,,,,,G
PKGI-02769931,8月,BU-01044489,箱,PKG-01138753,1487,色んな犬のシンプル線画カレンダー(Desk Calendar),suzuri_jp,1,,variant,色・サイズ・版,現物の色・サイズ・種類を確認してください,版・種類・サイズ・色,"qty!,color!,size!,edition,photo",https://suzuri.jp/Ripo/18964133/desk-calendar/2027/white?locale=en,,,,,,,A
PKGI-02773229,8月,BU-01044498,箱,PKG-01111811,1488,Tobi Nui Charm,eveofficialstore_com,1,,variant,色・サイズ・版,現物の色・サイズ・種類を確認してください,版・種類・サイズ・色、状態・未開封,"qty!,color!,size!,edition,condition!,photo",,,,,,,,A
PKGI-02773228,8月,BU-01044498,箱,PKG-01111811,1489,Figure [red raison],eveofficialstore_com,1,,identify,商品特定（撮影）,タグ・JAN・型番が写るように撮影し、点数を数えてください,タグ・JAN・型番・ブランド名を撮影、全体写真、数量,"qty!,photo!,url",,,,,,,,H
PKGI-02773230,8月,BU-01044498,箱,PKG-01111811,1490,FIGURE,eveofficialstore_com,1,,identify,商品特定（撮影）,タグ・JAN・型番が写るように撮影し、点数を数えてください,タグ・JAN・型番・ブランド名を撮影、全体写真、数量,"qty!,photo!,url",,,,,,,,G
PKGI-02773691,8月,BU-01044643,箱,PKG-01155417,1491,BABYMETAL - LIVE AT INTUIT DOME＜完全生産限定盤＞ (発売日: 2026年06月17日) + '（特典あり)',tower_jp,1,,identify,商品特定（撮影）,タグ・JAN・型番が写るように撮影し、点数を数えてください,タグ・JAN・型番・ブランド名を撮影、全体写真、数量,"qty!,photo!,url",,,,,,,,H
PKGI-02773938,8月,BU-01044727,箱,PKG-01175558,1492,TVアニメ 魔都精兵のスレイブ2 アクリルキーホルダー 03 描き下ろしイラスト 5個入り1BOX,hobbystock_jp,1,,variant,色・サイズ・版,現物の色・サイズ・種類を確認してください,確認数量（元リストの商品単位） / 欠品・付属品の実際の内容 / 現物BOX内の個数・種類・未開封を確認。全種コンプリートは保証しない,"qty!,photo!,edition,condition!",https://www.hobbystock.jp/item/view/hby-ccg-00397935,,,,,,,B
PKGI-02773936,8月,BU-01044727,箱,PKG-01175558,1493,魔都精兵のスレイブ2 アクリルスタンド 山城 恋 警官ver,hobbystock_jp,1,,variant,色・サイズ・版,現物の色・サイズ・種類を確認してください,確認数量（元リストの商品単位） / 欠品・付属品の実際の内容 / 現物の図柄・版・部材/数量・状態を確認,"qty!,photo!,edition,condition!",https://www.hobbystock.jp/item/view/hby-ccg-00398408,,,,,,,B
PKGI-02773937,8月,BU-01044727,箱,PKG-01175558,1494,魔都精兵のスレイブ2 ダイカットステッカー 山城 恋 警官ver,hobbystock_jp,1,,variant,色・サイズ・版,現物の色・サイズ・種類を確認してください,確認数量（元リストの商品単位） / 欠品・付属品の実際の内容 / 現物の図柄・版・部材/数量・状態を確認,"qty!,photo!,edition,condition!",https://www.hobbystock.jp/item/view/hby-ccg-00398428,,,,,,,B
PKGI-02773990,8月,BU-01044749,箱,PKG-01138486,1495,【予約数集まり次第生産】アニマル 肉球 カジュアル 牙 羽根 尻尾 男女兼用 ユニセックス ＊Favoriteコラボ＊イチヒ(Ichihi)さんコラボ ゲーミングちひパーカー【2026年1月上旬予約開始】【生産未確定予約】商品コード:101021,favorite-one_co_jp,1,,variant,色・サイズ・版,現物の色・サイズ・種類を確認してください,確認数量（元リストの商品単位） / 欠品・付属品の実際の内容 / 色・サイズ・種類の現物と根拠照合 / 色・サイズ等の現物照合,"qty!,photo!,color!,size!,edition",https://store.shopping.yahoo.co.jp/favorite1/101021.html,,,,,,,B
PKGI-02774108,8月,BU-01044776,箱,PKG-01111935,1497,【ナイジェル・ケーボン】WOMAN / フィッシングベスト  - ピグメントダイ / FISHING VEST - PIGMENT DYE,cabourn_jp,1,,identify,商品特定（撮影）,タグ・JAN・型番が写るように撮影し、点数を数えてください,タグ・JAN・型番・ブランド名を撮影、全体写真、数量,"qty!,photo!,url",,,,,,,,G
PKGI-02774215,8月,BU-01044813,箱,PKG-01138508,1498,【ネコポス発送可能】LIBERTY FABRICS リバティプリント 国産タナローン生地(エターナル)カットクロスセット4枚入り＜Hollyhocks＞(ホリーホックス)L-Hollyhocks,merci-fabric_co_jp,5,,identify,商品特定（撮影）,タグ・JAN・型番が写るように撮影し、点数を数えてください,タグ・JAN・型番・ブランド名を撮影、全体写真、数量,"qty!,photo!,url",,,,,,,,H
PKGI-02774216,8月,BU-01044813,箱,PKG-01138508,1499,【2025年新エターナル】LIBERTY FABRICS リバティプリント 国産タナローン生地(エターナル)＜Hollyhocks＞(ホリーホックス)【ピンク】363J6804WE,merci-fabric_co_jp,5,,identify,商品特定（撮影）,タグ・JAN・型番が写るように撮影し、点数を数えてください,タグ・JAN・型番・ブランド名を撮影、全体写真、数量,"qty!,photo!,url",,,,,,,,H
PKGI-02775037,8月,BU-01045119,箱,PKG-01175604,1501,A3フリルデザイン痛バッグ用トートバッグ5周年ver,zakka-mart_com,1,,variant,色・サイズ・版,現物の色・サイズ・種類を確認してください,版・種類・サイズ・色、数量・セット内容、状態・未開封,"qty!,color!,size!,edition,condition!,set,photo",https://zakka-mart.com/?pid=155643696,,,,,,,A
PKGI-02775281,8月,BU-01045203,箱,PKG-01138458,1502,はむにぎり　マスコット　＊ 受注生産販売 ＊　６月中旬発送予定,livheart_jp,1,,identify,商品特定（撮影）,タグ・JAN・型番が写るように撮影し、点数を数えてください,タグ・JAN・型番・ブランド名を撮影、全体写真、数量,"qty!,photo!,url",,,,,,,,G
PKGI-02775298,8月,BU-01045211,箱,PKG-01155341,1503,"BABYMETAL - LIVE AT INTUIT DOME【Shipped by June 17, 2026】",asmart_jp,1,,identify,商品特定（撮影）,タグ・JAN・型番が写るように撮影し、点数を数えてください,タグ・JAN・型番・ブランド名を撮影、全体写真、数量,"qty!,photo!,url",,,,,,,,H
PKGI-02775454,8月,BU-01045271,箱,PKG-01175711,1504,＜ONE PIECE＞No.002 RORONOA ZORO/ロロノア・ゾロ ワンピース アンダーパンツ メンズ/レディース/ユニセックス ポリエステルタイプ ボクサーパンツ,hipshop_jp,1,,variant,色・サイズ・版,現物の色・サイズ・種類を確認してください,版・種類・サイズ・色、数量・セット内容、状態・未開封,"qty!,color!,size!,edition,condition!,set,photo",https://hipshop.jp/products/hf0241a167-1bb,,,,,,,A
PKGI-02775461,8月,BU-01045274,箱,PKG-01138520,1505,CHICKEN BOY(TRUSS 8.1oz USA Cotton T-Shirt),suzuri_jp,1,,identify,商品特定（撮影）,タグ・JAN・型番が写るように撮影し、点数を数えてください,タグ・JAN・型番・ブランド名を撮影、全体写真、数量,"qty!,photo!,url",,,,,,,,H
PKGI-02775478,8月,BU-01045280,箱,PKG-01138519,1507,ダンシングうに(Organic Cotton T-Shirt),suzuri_jp,1,,identify,商品特定（撮影）,タグ・JAN・型番が写るように撮影し、点数を数えてください,タグ・JAN・型番・ブランド名を撮影、全体写真、数量,"qty!,photo!,url",,,,,,,,H
PKGI-02776139,8月,BU-01045471,箱,PKG-01112128,1509,Sweatpants [deep blue denim],eveofficialstore_com,1,,variant,色・サイズ・版,現物の色・サイズ・種類を確認してください,版・種類・サイズ・色、状態・未開封、画像と現物の一致,"qty!,color!,size!,edition,condition!,photo",https://www.eveofficialstore.com/view/item/000000000305,,,,,,,A
PKGI-02776142,8月,BU-01045471,箱,PKG-01112128,1510,Polo [choco×mint],eveofficialstore_com,1,,identify,商品特定（撮影）,タグ・JAN・型番が写るように撮影し、点数を数えてください,タグ・JAN・型番・ブランド名を撮影、全体写真、数量,"qty!,photo!,url",,,,,,,,G
PKGI-02776140,8月,BU-01045471,箱,PKG-01112128,1511,Long T [kokoroyoho],eveofficialstore_com,1,,variant,色・サイズ・版,現物の色・サイズ・種類を確認してください,版・種類・サイズ・色、状態・未開封、画像と現物の一致,"qty!,color!,size!,edition,condition!,photo",https://www.eveofficialstore.com/view/item/000000000311,,,,,,,A
PKGI-02776141,8月,BU-01045471,箱,PKG-01112128,1512,Denim T,eveofficialstore_com,1,,variant,色・サイズ・版,現物の色・サイズ・種類を確認してください,版・種類・サイズ・色、状態・未開封、画像と現物の一致,"qty!,color!,size!,edition,condition!,photo",https://www.eveofficialstore.com/view/item/000000000306,,,,,,,A
PKGI-02776408,8月,BU-01045565,箱,PKG-01146531,1513,アンチェ ブラジャー (D-F) ＜Sweet Rich（スウィートリッチ）＞,store_world_co_jp,1,,variant,色・サイズ・版,現物の色・サイズ・種類を確認してください,確認数量（元リストの商品単位） / 欠品・付属品の実際の内容 / 現物のカップ/アンダーサイズ・色・パッドの有無と衛生状態を確認,"qty!,photo!,color!,size!,edition,condition!",https://mitsui-shopping-park.com/ec/p/1602600003500,,,,,,,B
PKGI-02776474,8月,BU-01045593,箱,PKG-01146644,1514,おだしがおいしいお味噌汁詰合せ箱（21食入）,kubara_jp,2,,identify,商品特定（撮影）,タグ・JAN・型番が写るように撮影し、点数を数えてください,タグ・JAN・型番・ブランド名を撮影、全体写真、数量,"qty!,photo!,candidate!,url",https://www.kubara.jp/kayanoya/gift/4000yen/297500/,https://www.kubara.jp/kayanoya/gift/4000yen/297500/,おだしがおいしいお味噌汁詰合せ箱（21食入）｜茅乃舎(かやのや)｜久原本家通販サイト（公式）,1.00,,,,G
PKGI-02776526,8月,BU-01045614,箱,PKG-01138802,1515,世界遺産はどう決まる？　今こそ知りたい世界遺産のしくみ！【予約】,books_rakuten_co_jp,1,,identify,商品特定（撮影）,タグ・JAN・型番が写るように撮影し、点数を数えてください,タグ・JAN・型番・ブランド名を撮影、全体写真、数量,"qty!,photo!,url",,,,,,,,H
PKGI-02672738,8月,BU-01045614,箱,PKG-01138802,1516,ドラえもん社会ワールドspecial みんなのための世界遺産入門　（ビッグ・コロタン）,books_rakuten_co_jp,1,,variant,色・サイズ・版,現物の色・サイズ・種類を確認してください,確認数量（元リストの商品単位） / 欠品・付属品の実際の内容 / 現物の紙版ISBN・状態・付属物を確認,"qty!,photo!,edition,condition!",https://www.hanmoto.com/bd/isbn/9784092592377,,,,,,,B
PKGI-02776620,8月,BU-01045653,箱,PKG-01111957,1517,【ナイジェル・ケーボン】WOMAN / 6オンス プリントTシャツ / 6oz PRINT T-SHIRT,cabourn_jp,1,,identify,商品特定（撮影）,タグ・JAN・型番が写るように撮影し、点数を数えてください,タグ・JAN・型番・ブランド名を撮影、全体写真、数量,"qty!,photo!,url",,,,,,,,H
PKGI-02776937,8月,BU-01045770,箱,PKG-01138974,1519,【楽天ブックス限定先着特典】milet Live at Nippon Budokan “Ray of Water”(完全生産限定盤)【Blu-ray】(クリアマルチポーチ)【予約】,books_rakuten_co_jp,1,,identify,商品特定（撮影）,タグ・JAN・型番が写るように撮影し、点数を数えてください,タグ・JAN・型番・ブランド名を撮影、全体写真、数量,"qty!,photo!,url",,,,,,,,H
PKGI-02777070,8月,BU-01045822,箱,PKG-01155693,1520,Zombie Loves Matcha (???: 2026? 06? 10?) + '（特典あり)',tower_jp,1,,identify,商品特定（撮影）,タグ・JAN・型番が写るように撮影し、点数を数えてください,タグ・JAN・型番・ブランド名を撮影、全体写真、数量,"qty!,photo!,url",,,,,,,,H
PKGI-02777080,8月,BU-01045832,箱,PKG-01155615,1521,Ave Musica ［CD+Blu-ray Disc+グッズ］＜数量限定生産特装盤＞ (発売日: 2026年06月17日) + '（特典あり)',tower_jp,1,,identify,商品特定（撮影）,タグ・JAN・型番が写るように撮影し、点数を数えてください,タグ・JAN・型番・ブランド名を撮影、全体写真、数量,"qty!,photo!,candidate!,url",https://tower.jp/item/7982734?wovn=ko,https://tower.jp/item/7982734?wovn=ko,Ave Musica ［CD+Blu-ray Disc+グッズ］＜数量限定生産特装盤＞/Ave Mujica | 商品詳細,0.73,,,,G
PKGI-02777160,8月,BU-01045862,箱,PKG-01146309,1522,Mannan Life Crash Type Konnyaku Batake Light Grape 150g,sundrug-online_com,2,,expiry,賞味期限,賞味期限と保管状態を確認してください,賞味期限・保管状態、数量・セット内容、状態・未開封,"qty!,expiry!,storage!,condition!,set,photo",https://sundrug-online.com/en/products/4902738501025,,,,元数量保持。現物販売単位・版/期限,,,E
PKGI-02777504,8月,BU-01045975,箱,PKG-01112198,1523,レディース　アームカバー付Tシャツ（ハローキティ×アスカ）(アベイル)【予約】,shop-shimamura_com,1,,identify,商品特定（撮影）,タグ・JAN・型番が写るように撮影し、点数を数えてください,タグ・JAN・型番・ブランド名を撮影、全体写真、数量,"qty!,photo!,url",,,,,,,,G
PKGI-02777580,8月,BU-01045993,箱,PKG-01146762,1524,"【6/25 以降順次発送】HAZBIN HOTEL 【ハズビンホテル】エンジェル ""ROYAL FLUSH"" Tシャツ",blackballoon_market,1,,variant,色・サイズ・版,現物の色・サイズ・種類を確認してください,版・種類・サイズ・色、数量・セット内容、状態・未開封、画像と現物の一致,"qty!,color!,size!,edition,condition!,set,photo",https://blackballoon.market/products/z5633ht,,,,,,,A
PKGI-02777582,8月,BU-01045993,箱,PKG-01146762,1525,HAZBIN HOTEL Acrylic Stand,blackballoon_market,1,,variant,色・サイズ・版,現物の色・サイズ・種類を確認してください,版・種類・サイズ・色、数量・セット内容、状態・未開封、画像と現物の一致,"qty!,color!,size!,edition,condition!,set,photo",,,,,,,,A
PKGI-02777581,8月,BU-01045993,箱,PKG-01146762,1526,HAZBIN HOTEL Smartphone Design Sticker,blackballoon_market,1,,variant,色・サイズ・版,現物の色・サイズ・種類を確認してください,版・種類・サイズ・色,"qty!,color!,size!,edition,photo",https://blackballoon.market/en/products/z8637ht,,,,,,,A
PKGI-02777609,8月,BU-01046003,箱,PKG-01146763,1527,"HAZBIN HOTEL ""Pendleton"" Acrylic Stand",blackballoon_market,1,,photo_count,撮影＋点数,全体を撮影して、点数を数えてください,確認数量（元リストの商品単位） / 欠品・付属品の実際の内容 / 現物のペンドルトン絵柄・台座/部品・数量を確認,"qty!,photo!",https://blackballoon.market/products/z863dhtj,,,,,,,B
PKGI-02777962,8月,BU-01046137,箱,PKG-01112247,1530,4周年ぽてちゃグッズ(Sticker),suzuri_jp,1,,identify,商品特定（撮影）,タグ・JAN・型番が写るように撮影し、点数を数えてください,タグ・JAN・型番・ブランド名を撮影、全体写真、数量,"qty!,photo!,url",,,,,,,,H
PKGI-02778011,8月,BU-01046174,箱,PKG-01146840,1531,サクラノ刻  グッズセット　if ~師匠が入学を見届けに,keromakura_shop,1,,photo_count,撮影＋点数,全体を撮影して、点数を数えてください,確認数量（元リストの商品単位） / 欠品・付属品の実際の内容 / 各構成品の数量・絵柄と赤紐の有無を確認。セット1組を現物1点に換算しない,"qty!,photo!,set",https://keromakura.shop/?pid=179166483,,,,,,,B
PKGI-02778009,8月,BU-01046174,箱,PKG-01146840,1532,【受注生産】素晴らしき日々　A4アクリルパネルD,keromakura_shop,1,,identify,商品特定（撮影）,タグ・JAN・型番が写るように撮影し、点数を数えてください,タグ・JAN・型番・ブランド名を撮影、全体写真、数量,"qty!,photo!,url",,,,,,,,G
PKGI-02778010,8月,BU-01046174,箱,PKG-01146840,1533,【受注生産】素晴らしき日々　キャラクター眼鏡スタンド　希実香,keromakura_shop,1,,identify,商品特定（撮影）,タグ・JAN・型番が写るように撮影し、点数を数えてください,タグ・JAN・型番・ブランド名を撮影、全体写真、数量,"qty!,photo!,url",,,,,,,,G
PKGI-02720047,8月,BU-01046289,箱,PKG-01068359,1535,POCKET TWILL CARGO パンツ,ec-store_net,1,,variant,色・サイズ・版,現物の色・サイズ・種類を確認してください,確認数量（元リストの商品単位） / 欠品・付属品の実際の内容 / 色・サイズ・種類の現物と根拠照合 / 現物の色・サイズ・タグを確認,"qty!,photo!,color!,size!,edition",https://mitsui-shopping-park.com/ec/p/1250200010233,,,,,,,B
PKGI-02728003,8月,BU-01046289,箱,PKG-01068359,1536,LAYER TANK トップス,ec-store_net,1,,variant,色・サイズ・版,現物の色・サイズ・種類を確認してください,確認数量（元リストの商品単位） / 欠品・付属品の実際の内容 / 2枚の現物構成・色・サイズとタグを確認,"qty!,photo!,color!,size!,edition",https://www.ec-store.net/sws/g/g14020528/,,,,,,,B
PKGI-02778819,8月,BU-01046469,箱,PKG-01135237,1537,ANTHOLOGY COLLECTION (12LP),diskunion_net,1,,identify,商品特定（撮影）,タグ・JAN・型番が写るように撮影し、点数を数えてください,タグ・JAN・型番・ブランド名を撮影、全体写真、数量,"qty!,photo!,candidate!,url",https://www.universal-music.co.jp/the-beatles/products/758-4043/,https://www.universal-music.co.jp/the-beatles/products/758-4043/,Anthology Collection [輸入盤][12LP][アナログ] - ザ・ビートルズ - UNIVERSAL MUSIC JAPAN,0.95,,,,G
PKGI-02778823,8月,BU-01046472,箱,PKG-01157141,1538,BENICOTOY 人物吉祥物,kenelestore_jp,1,,identify,商品特定（撮影）,タグ・JAN・型番が写るように撮影し、点数を数えてください,タグ・JAN・型番・ブランド名を撮影、全体写真、数量,"qty!,photo!,url",,,,,,,,H
PKGI-02778928,8月,BU-01046519,箱,PKG-01146973,1539,ファントムシータアクリルスタンド【凛花】,mycolor_jp,1,,identify,商品特定（撮影）,タグ・JAN・型番が写るように撮影し、点数を数えてください,タグ・JAN・型番・ブランド名を撮影、全体写真、数量,"qty!,photo!,url",,,,,,,,G
PKGI-02779309,8月,BU-01046667,箱,PKG-01146947,1542,モンスターハンター モンでふぉ ぬいぐるみ リオレウス,e-capcom_com,1,,variant,色・サイズ・版,現物の色・サイズ・種類を確認してください,版・種類・サイズ・色,"qty!,color!,size!,edition,photo",https://www.e-capcom.com/shop/g/gC00009250/,,,,,,,A
PKGI-02779310,8月,BU-01046667,箱,PKG-01146947,1543,モンスターハンター モンでふぉ ぬいぐるみ ラギアクルス,e-capcom_com,1,,variant,色・サイズ・版,現物の色・サイズ・種類を確認してください,版・種類・サイズ・色,"qty!,color!,size!,edition,photo",https://www.e-capcom.com/shop/g/gC00009110/,,,,,,,A
PKGI-02779345,8月,BU-01046678,箱,PKG-01157069,1544,カプコンフィギュアビルダー フィンガーパペット ストリートファイター6 Vol.1 BOX（1BOX/8個入り）,e-capcom_com,1,,variant,色・サイズ・版,現物の色・サイズ・種類を確認してください,版・種類・サイズ・色,"qty!,color!,size!,edition,photo",https://www.e-capcom.com/shop/g/gC00009331/,,,,,,,A
PKGI-02779576,8月,BU-01046769,箱,PKG-01157036,1545,【夏限定】水出し琥珀ほうじ茶　7g×7個,tsubakisozen_com,1,,identify,商品特定（撮影）,タグ・JAN・型番が写るように撮影し、点数を数えてください,タグ・JAN・型番・ブランド名を撮影、全体写真、数量,"qty!,photo!,url",,,,,,,,H
PKGI-02779577,8月,BU-01046769,箱,PKG-01157036,1546,抹茶ラテ 15g×6本,tsubakisozen_com,1,,expiry,賞味期限,賞味期限と保管状態を確認してください,賞味期限・保管状態、数量・セット内容、状態・未開封,"qty!,expiry!,storage!,condition!,set,photo",https://tsubakisozen.com/shopdetail/000000000019,,,,元リスト1商品組。6本封入/期限/状態は,,,E
PKGI-02779627,8月,BU-01046786,箱,PKG-01138950,1547,ダイアログノート（3冊パック）｜DN001（方眼）DNレザーノートカバー（ダブルオイルアンティークヌメ革・ブラック）DNC003DNレザーノートカバー（ダブルオイルアンティークヌメ革・メープル）DNC004DNレザーノートカバー（ダブルオイルアンティーク,dialog-notebook_stores_jp,1,,identify,商品特定（撮影）,タグ・JAN・型番が写るように撮影し、点数を数えてください,タグ・JAN・型番・ブランド名を撮影、全体写真、数量,"qty!,photo!,url",,,,,,,,G
PKGI-02779626,8月,BU-01046786,箱,PKG-01138950,1548,DNビニールカバー,dialog-notebook_stores_jp,1,,photo_count,撮影＋点数,全体を撮影して、点数を数えてください,元帳数量保持・現物未確認,"qty!,photo!",https://dialog-notebook.stores.jp/items/5defa5057f16475289a202c0,,,,元帳数量保持・現物,,,B
PKGI-02779749,8月,BU-01046837,箱,PKG-01135073,1551,OMG-T,eveofficialstore_com,1,,identify,商品特定（撮影）,タグ・JAN・型番が写るように撮影し、点数を数えてください,タグ・JAN・型番・ブランド名を撮影、全体写真、数量,"qty!,photo!,candidate!,url",https://www.eveofficialstore.com/view/item/000000000218?category_page_id=all_items,https://www.eveofficialstore.com/view/item/000000000218?category_page_id=all_items,,,,,,G
PKGI-02779747,8月,BU-01046837,箱,PKG-01135073,1552,Re:Smile T [bright],eveofficialstore_com,1,,variant,色・サイズ・版,現物の色・サイズ・種類を確認してください,版・種類・サイズ・色、状態・未開封、画像と現物の一致,"qty!,color!,size!,edition,condition!,photo",https://www.eveofficialstore.com/view/item/000000000312,,,,,,,A
PKGI-02780110,8月,BU-01047022,箱,PKG-01157284,1556,小麦粉なし！油脂なし！11種のスパイスだけで本格カレー！有機JAS認定 エヌ・ハーベストの有機カレースパイス 甘口／辛口 50g (軽減税率8%),meisong_shop,2,,identify,商品特定（撮影）,タグ・JAN・型番が写るように撮影し、点数を数えてください,タグ・JAN・型番・ブランド名を撮影、全体写真、数量,"qty!,photo!,url",,,,,,,,G
PKGI-02780112,8月,BU-01047022,箱,PKG-01157284,1557,晩酌のお供に！ダイエット中の口寂しさに！お子様の顎の訓練に！素焼 あたりめ 24g (軽減税率8%),meisong_shop,3,,identify,商品特定（撮影）,タグ・JAN・型番が写るように撮影し、点数を数えてください,タグ・JAN・型番・ブランド名を撮影、全体写真、数量,"qty!,photo!,url",,,,,,,,G
PKGI-02780109,8月,BU-01047022,箱,PKG-01157284,1558,昆布と味噌のやさしい旨みがクセになる！植物油・化学調味料不使用！光食品　有機麻婆の素　100g (軽減税率8%),meisong_shop,2,,identify,商品特定（撮影）,タグ・JAN・型番が写るように撮影し、点数を数えてください,タグ・JAN・型番・ブランド名を撮影、全体写真、数量,"qty!,photo!,url",,,,,,,,H
PKGI-02780111,8月,BU-01047022,箱,PKG-01157284,1559,日本海の栄養が凝縮した！噛めば噛むほど旨味が溢れ出す！焙りほたるいか 12g (軽減税率8%),meisong_shop,1,,identify,商品特定（撮影）,タグ・JAN・型番が写るように撮影し、点数を数えてください,タグ・JAN・型番・ブランド名を撮影、全体写真、数量,"qty!,photo!,url",,,,,,,,H
PKGI-02780212,8月,BU-01047064,箱,PKG-01157314,1560,WAKAYAMA | Birding issue,store_papersky_jp,1,,variant,色・サイズ・版,現物の色・サイズ・種類を確認してください,版・種類・サイズ・色、数量・セット内容、状態・未開封,"qty!,color!,size!,edition,condition!,set,photo",https://store.papersky.jp/products/wakayama-birding-issue,,,,元帳数量保持・現物,,,A
PKGI-02780460,8月,BU-01047148,箱,PKG-01135335,1561,レコードクレート Record Crate オリーブグリーン,diskunion_net,1,,identify,商品特定（撮影）,タグ・JAN・型番が写るように撮影し、点数を数えてください,タグ・JAN・型番・ブランド名を撮影、全体写真、数量,"qty!,photo!,url",,,,,,,,G
PKGI-02780671,8月,BU-01047209,箱,PKG-01135169,1564,葬送のフリーレン アイコニック ストーリー リングオブジェ,mayla_jp,1,,variant,色・サイズ・版,現物の色・サイズ・種類を確認してください,版・種類・サイズ・色,"qty!,color!,size!,edition,photo",https://mayla.jp/SHOP/aca0352.html,,,,,,,A
PKGI-02780883,8月,BU-01047285,箱,PKG-01175789,1565,「テイルズ オブ ジ アビス」20周年記念 腕時計,animecollection_jp,1,,identify,商品特定（撮影）,タグ・JAN・型番が写るように撮影し、点数を数えてください,タグ・JAN・型番・ブランド名を撮影、全体写真、数量,"qty!,photo!,url",,,,,,,,H
PKGI-02781122,8月,BU-01047396,箱,PKG-01135254,1566,しゅざんしきあんざん練習問題集　７級　 【1～２桁の見取り暗算　かけ暗算・わり暗算の基礎　解説若干あり】,genkisoroban_com,1,,photo_count,撮影＋点数,全体を撮影して、点数を数えてください,確認数量（元リストの商品単位） / 欠品・付属品の実際の内容 / 現物の7級・書き込み/欠頁と数量を確認,"qty!,photo!",https://www.genkisoroban.com/view/item/000000000288?category_page_id=ct19,,,,,,,B
PKGI-02781214,8月,BU-01047432,箱,PKG-01112367,1568,Barbie Point Tail 3-Piece Set,peachjohn_co_jp,1,,variant,色・サイズ・版,現物の色・サイズ・種類を確認してください,版・種類・サイズ・色、状態・未開封,"qty!,color!,size!,edition,condition!,photo",https://www.peachjohn.co.jp/shop/g/g10330400125/,,,,,,,A
PKGI-02781213,8月,BU-01047432,箱,PKG-01112367,1569,Ｂａｒｂｉｅ　ポインテールワンピース（カップ付き）,peachjohn_co_jp,1,,variant,色・サイズ・版,現物の色・サイズ・種類を確認してください,版・種類・サイズ・色,"qty!,color!,size!,edition,photo",https://www.peachjohn.co.jp/shop/g/g10330300125/,,,,,,,A
PKGI-02781327,8月,BU-01047478,箱,PKG-01157372,1570,「テイルズ オブ ジ アビス」20周年記念 腕時計,animecollection_jp,1,,identify,商品特定（撮影）,タグ・JAN・型番が写るように撮影し、点数を数えてください,タグ・JAN・型番・ブランド名を撮影、全体写真、数量,"qty!,photo!,url",,,,,,,,H
PKGI-02781329,8月,BU-01047480,箱,PKG-01112353,1571,おはよう寿ゞ謡(Regular Fit T-Shirt),suzuri_jp,1,,identify,商品特定（撮影）,タグ・JAN・型番が写るように撮影し、点数を数えてください,タグ・JAN・型番・ブランド名を撮影、全体写真、数量,"qty!,photo!,url",,,,,,,,H
PKGI-02781488,8月,BU-01047559,箱,PKG-01156007,1574,Acrylic stand/WONYOUNG【Shipping will be from late April to mid-June 2026.】,asmart_jp,1,,identify,商品特定（撮影）,タグ・JAN・型番が写るように撮影し、点数を数えてください,タグ・JAN・型番・ブランド名を撮影、全体写真、数量,"qty!,photo!,url",,,,,,,,G
PKGI-02781619,8月,BU-01047618,箱,PKG-01112364,1575,Drymix 海猫 TEE (MENS/WOMENS),sanko-bazaar_jp,1,,variant,色・サイズ・版,現物の色・サイズ・種類を確認してください,版・種類・サイズ・色,"qty!,color!,size!,edition,photo",https://brandavenue.rakuten.co.jp/item/SB2597/?product_color_cd=02&s-id=brn_search_list,,,,,,,A
PKGI-02781624,8月,BU-01047624,箱,PKG-01175850,1576,塊魂 王子ヌイグルミキーホルダー,store_natalie_mu,1,,set,セット内容,点数と、セットの中身（何が何個あるか）を確認してください,数量・セット内容、状態・未開封,"qty!,set!,condition!,photo",https://store.natalie.mu/shopdetail/000000005043/,,,,現物,,,D
PKGI-02781653,8月,BU-01047641,箱,PKG-01135368,1577,【韓国盤】The 1st Album 'Ode to Love'【Big SMini Ver.(2種ランダム)】**1～4営業日で出荷,shop_mu-mo_net,1,,identify,商品特定（撮影）,タグ・JAN・型番が写るように撮影し、点数を数えてください,タグ・JAN・型番・ブランド名を撮影、全体写真、数量,"qty!,photo!,url",,,,,,,,H
PKGI-02781938,8月,BU-01047752,箱,PKG-01135359,1579,抹茶のおやつ100,books_rakuten_co_jp,1,,variant,色・サイズ・版,現物の色・サイズ・種類を確認してください,確認数量（元リストの商品単位） / 欠品・付属品の実際の内容 / 現物ISBNと紙版・状態/数量を確認,"qty!,photo!,edition,condition!",https://www.maruzenjunkudo.co.jp/products/9784334953300,,,,,,,B
PKGI-02782515,8月,BU-01047957,箱,PKG-01157753,1581,トゥーカッター　専用バイザー　マットブラック,ttandco_com,1,,identify,商品特定（撮影）,タグ・JAN・型番が写るように撮影し、点数を数えてください,タグ・JAN・型番・ブランド名を撮影、全体写真、数量,"qty!,photo!,candidate!,url",https://www.amazon.co.jp/TT-CO-%E3%83%88%E3%82%A5%E3%83%BC%E3%82%AB%E3%83%83%E3%82%BF%E3%83%BC-%E3%83%9E%E3%83%83%E3%83%88%E3%83%96%E3%83%A9%E3%83%83%E3%82%AF-%E3%82%B8%E3%82%A7%E3%83%83%E3%83%88%E3%83%98%E3%83%AB%E3%83%A1%E3%83%83%E3%83%88/dp/B0CMQJQ6TW,https://www.amazon.co.jp/TT-CO-%E3%83%88%E3%82%A5%E3%83%BC%E3%82%AB%E3%83%83%E3%82%BF%E3%83%BC-%E3%83%9E%E3%83%83%E3%83%88%E3%83%96%E3%83%A9%E3%83%83%E3%82%AF-%E3%82%B8%E3%82%A7%E3%83%83%E3%83%88%E3%83%98%E3%83%AB%E3%83%A1%E3%83%83%E3%83%88/dp/B0CMQJQ6TW,Amazon.co.jp: TT&CO. バイク ヘルメット トゥーカッター 専用バイザー マットブラック ジェットヘルメット フルフェイス ビンテージ : 車＆バイク,0.95,,,,H
PKGI-02782537,8月,BU-01047970,箱,PKG-01157688,1582,STRAWBERRY FREAK チビTシャツ,store_hystericglamour_jp,1,,variant,色・サイズ・版,現物の色・サイズ・種類を確認してください,版・種類・サイズ・色,"qty!,color!,size!,edition,photo",https://brandavenue.rakuten.co.jp/item/RX5273/,,,,,,,A
PKGI-02782538,8月,BU-01047970,箱,PKG-01157688,1583,STRIPE LOGO テープベルト,store_hystericglamour_jp,1,,variant,色・サイズ・版,現物の色・サイズ・種類を確認してください,版・種類・サイズ・色,"qty!,color!,size!,edition,photo",https://store.hystericglamour.jp/item/103973.html,,,,,,,A
PKGI-02782849,8月,BU-01048113,箱,PKG-01157728,1584,京らー油,ochanokosaisai_com,5,,expiry,賞味期限,賞味期限と保管状態を確認してください,賞味期限・保存状態・数量,"qty!,expiry!,storage!,condition!,photo",,,,,,,,C
PKGI-02782850,8月,BU-01048113,箱,PKG-01157728,1585,舞妓はんひぃ～ひぃ～ラー油,ochanokosaisai_com,5,,expiry,賞味期限,賞味期限と保管状態を確認してください,賞味期限・保存状態・数量,"qty!,expiry!,storage!,condition!,photo",,,,,,,,C
PKGI-01053466,8月,PKG-00456038,PKG(箱なし),PKG-00456038,1747,RECYCLE W/PL  2×2 BEANIE,rototo_jp,1,,identify,商品特定（撮影）,タグ・JAN・型番が写るように撮影し、点数を数えてください,タグ・JAN・型番・ブランド名を撮影、全体写真、数量,"qty!,photo!,candidate!,url",https://www.bloodorangestore.com/products/recycle-w-pl-2x2-beanie-beige,https://www.bloodorangestore.com/products/recycle-w-pl-2x2-beanie-beige,RECYCLE W/PL 2x2 BEANIE - BEIGE,0.95,,,,H
PKGI-01552058,8月,PKG-00638973,PKG(箱なし),PKG-00638973,1615,SCHOOL OF VISUAL COMEDY STAND TRACK JACKET / スカルモチーフ サークルロゴ プリント スタンドネック スウェット トラックジャケット【予約】,n-nine-store_com,1,,identify,商品特定（撮影）,タグ・JAN・型番が写るように撮影し、点数を数えてください,タグ・JAN・型番・ブランド名を撮影、全体写真、数量,"qty!,photo!,url",,,,,,,,G
PKGI-01702190,8月,PKG-00700162,PKG(箱なし),PKG-00700162,1607,レザー型押しミックス 二つ折財布,samantha_co_jp,1,,identify,商品特定（撮影）,タグ・JAN・型番が写るように撮影し、点数を数えてください,タグ・JAN・型番・ブランド名を撮影、全体写真、数量,"qty!,photo!,url",,,,,,,,H
PKGI-01647439,8月,PKG-00705237,PKG(箱なし),PKG-00705237,1799,FRUIT OF THE LOOM × NUMBER (N)INE “PACK BOXER SHORT” / フルーツオブザルーム × ナンバーナイン ウエストゴムロゴ パック ボクサーパンツ,n-nine-store_com,2,,variant,色・サイズ・版,現物の色・サイズ・種類を確認してください,確認数量（元リストの商品単位） / 欠品・付属品の実際の内容 / 色・サイズ・種類の現物と根拠照合 / 箱番号・実所在 / 箱番号・所在,"qty!,photo!,color!,size!,edition",https://www.n-nine-store.com/item/88631395.html,,,,,,,B
PKGI-02054471,8月,PKG-00733913,PKG(箱なし),PKG-00733913,1810,ちいかわ ちいかわベーカリー 木蓋付き保冷・保温タンブラー（サンド）,chiikawa-market_jp,1,,variant,色・サイズ・版,現物の色・サイズ・種類を確認してください,版・種類・サイズ・色,"qty!,color!,size!,edition,photo",https://chiikawamarket.jp/products/4582662952911,,,,,,,A
PKGI-02054469,8月,PKG-00733913,PKG(箱なし),PKG-00733913,1939,ちいかわ 木製コースター（ちいかわ）,chiikawa-market_jp,1,,identify,商品特定（撮影）,タグ・JAN・型番が写るように撮影し、点数を数えてください,タグ・JAN・型番・ブランド名を撮影、全体写真、数量,"qty!,photo!,url",,,,,,,,G
PKGI-02054464,8月,PKG-00733913,PKG(箱なし),PKG-00733913,1947,ちいかわ メッシュスニーカー丈ソックス（ちいかわ・アロハ）メンズ用,chiikawa-market_jp,1,,identify,商品特定（撮影）,タグ・JAN・型番が写るように撮影し、点数を数えてください,タグ・JAN・型番・ブランド名を撮影、全体写真、数量,"qty!,photo!,candidate!,url",https://chiikawamarket.jp/collections/apparel/products/4550311133691?_fid=8caf71038&_pos=147&_ss=c,https://chiikawamarket.jp/collections/apparel/products/4550311133691?_fid=8caf71038&_pos=147&_ss=c,ちいかわ メッシュスニーカー丈ソックス（ちいかわ・アロハ）,1.00,,,,G
PKGI-02054156,8月,PKG-00734026,PKG(箱なし),PKG-00734026,1592,バックCHプラスプリントタンクトップ,rinkan-online_com,1,,identify,商品特定（撮影）,タグ・JAN・型番が写るように撮影し、点数を数えてください,タグ・JAN・型番・ブランド名を撮影、全体写真、数量,"qty!,photo!,url",,,,,,,,G
PKGI-02054157,8月,PKG-00734026,PKG(箱なし),PKG-00734026,1602,スタープリントVネックTシャツ,rinkan-online_com,1,,identify,商品特定（撮影）,タグ・JAN・型番が写るように撮影し、点数を数えてください,タグ・JAN・型番・ブランド名を撮影、全体写真、数量,"qty!,photo!,url",,,,,,,,G
PKGI-02136040,8月,PKG-00739726,PKG(箱なし),PKG-00739726,1875,P5R アクリルスタンド(主人公),ebten_jp,1,,variant,色・サイズ・版,現物の色・サイズ・種類を確認してください,版・種類・サイズ・色、数量・セット内容、bonus_or_purchase_benefit_presence、状態・未開封,"qty!,color!,size!,edition,condition!,set,photo",https://store.kadokawa.co.jp/shop/g/g4984995908083/,,,,台座・本体・特典の現物確認待ち,,,A
PKGI-02136041,8月,PKG-00739726,PKG(箱なし),PKG-00739726,1876,P5R アクリルスタンド(明智吾郎),ebten_jp,1,,variant,色・サイズ・版,現物の色・サイズ・種類を確認してください,版・種類・サイズ・色、数量・セット内容、bonus_or_purchase_benefit_presence、状態・未開封、箱・袋の所在,"qty!,color!,size!,edition,condition!,set,photo",https://store.kadokawa.co.jp/shop/g/g4984995908168/,,,,台座・本体・特典の現物確認待ち,,,A
PKGI-02136042,8月,PKG-00739726,PKG(箱なし),PKG-00739726,1877,P5R アクリルスタンド(芳澤かすみ),ebten_jp,1,,variant,色・サイズ・版,現物の色・サイズ・種類を確認してください,版・種類・サイズ・色、数量・セット内容、bonus_or_purchase_benefit_presence、状態・未開封,"qty!,color!,size!,edition,condition!,set,photo",https://store.kadokawa.co.jp/shop/g/g4984995908175/,,,,台座・本体・特典の現物確認待ち,,,A
PKGI-01814505,8月,PKG-00752702,PKG(箱なし),PKG-00752702,1845,Echoes of Life OFFICIAL PAMPHLET（オフィシャルパンフレット）,axelstore_net,1,,set,セット内容,点数と、セットの中身（何が何個あるか）を確認してください,数量・セット内容、状態・未開封,"qty!,set!,condition!,photo",https://axelstore.net/products/echoesoflife_officialgoods-112,,,,現物,,,D
PKGI-02140699,8月,PKG-00771315,PKG(箱なし),PKG-00771315,1820,ヴィンテージウォッシュデニムハーフパンツ,wegoec_jp,1,,variant,色・サイズ・版,現物の色・サイズ・種類を確認してください,版・種類・サイズ・色,"qty!,color!,size!,edition,photo",https://wego.jp/products/we25ss03-l0001,,,,,,,A
PKGI-02151366,8月,PKG-00777786,PKG(箱なし),PKG-00777786,1614,【LADIES】MIXチェックランダムスカート,dot-st_com,1,,identify,商品特定（撮影）,タグ・JAN・型番が写るように撮影し、点数を数えてください,タグ・JAN・型番・ブランド名を撮影、全体写真、数量,"qty!,photo!,url",,,,,,,,G
PKGI-02110070,8月,PKG-00777786,PKG(箱なし),PKG-00777786,1637,【新色予約開始 LADIES】シアーレイヤープリーツスカート,dot-st_com,1,,identify,商品特定（撮影）,タグ・JAN・型番が写るように撮影し、点数を数えてください,タグ・JAN・型番・ブランド名を撮影、全体写真、数量,"qty!,photo!,url",,,,,,,,G
PKGI-02098002,8月,PKG-00777786,PKG(箱なし),PKG-00777786,1644,ショルダーベルトデニムワンピース,dot-st_com,1,,identify,商品特定（撮影）,タグ・JAN・型番が写るように撮影し、点数を数えてください,タグ・JAN・型番・ブランド名を撮影、全体写真、数量,"qty!,photo!,url",,,,,,,,G
PKGI-02097997,8月,PKG-00777786,PKG(箱なし),PKG-00777786,1711,メタルボタンスカシアミカーディガン,dot-st_com,1,,identify,商品特定（撮影）,タグ・JAN・型番が写るように撮影し、点数を数えてください,タグ・JAN・型番・ブランド名を撮影、全体写真、数量,"qty!,photo!,url",,,,,,,,G
PKGI-02097998,8月,PKG-00777786,PKG(箱なし),PKG-00777786,1712,メタルボタンスカシアミカーディガン,dot-st_com,1,,identify,商品特定（撮影）,タグ・JAN・型番が写るように撮影し、点数を数えてください,タグ・JAN・型番・ブランド名を撮影、全体写真、数量,"qty!,photo!,url",,,,,,,,G
PKGI-02097999,8月,PKG-00777786,PKG(箱なし),PKG-00777786,1713,メタルボタンスカシアミカーディガン,dot-st_com,1,,identify,商品特定（撮影）,タグ・JAN・型番が写るように撮影し、点数を数えてください,タグ・JAN・型番・ブランド名を撮影、全体写真、数量,"qty!,photo!,url",,,,,,,,G
PKGI-02098001,8月,PKG-00777786,PKG(箱なし),PKG-00777786,1744,【新色予約開始 LADIES】2WAYスクエアラメニットタンクトップ,dot-st_com,1,,identify,商品特定（撮影）,タグ・JAN・型番が写るように撮影し、点数を数えてください,タグ・JAN・型番・ブランド名を撮影、全体写真、数量,"qty!,photo!,url",,,,,,,,G
PKGI-02165287,8月,PKG-00783907,PKG(箱なし),PKG-00783907,1904,ちいかわ もちっとぷちミニマスコット（うさぎ）,chiikawa-market_jp,1,,variant,色・サイズ・版,現物の色・サイズ・種類を確認してください,確認数量（元リストの商品単位） / 欠品・付属品の実際の内容 / 現物のJANタグ・キャラ・状態と数量を確認。掲載中古品の状態は転用しない / 箱番号・実所在 / 箱番号・所在,"qty!,photo!,edition,condition!",https://www.amiami.jp/top/detail/detail?gcode=GOODS-04360467-R,,,,,,,B
PKGI-02165288,8月,PKG-00783907,PKG(箱なし),PKG-00783907,1905,ちいかわ もちっとぷちミニマスコット（ちいかわ）,chiikawa-market_jp,1,,variant,色・サイズ・版,現物の色・サイズ・種類を確認してください,確認数量（元リストの商品単位） / 欠品・付属品の実際の内容 / 現物のJANタグ・キャラ・状態と数量を確認。掲載中古品の状態は転用しない / 箱番号・実所在 / 箱番号・所在,"qty!,photo!,edition,condition!",https://www.amiami.jp/top/detail/detail?gcode=GOODS-04360465-R,,,,,,,B
PKGI-02206088,8月,PKG-00786945,PKG(箱なし),PKG-00786945,1878,マスコットチャーム（ハローキティ）(アベイル)【予約】,shop-shimamura_com,1,,identify,商品特定（撮影）,タグ・JAN・型番が写るように撮影し、点数を数えてください,タグ・JAN・型番・ブランド名を撮影、全体写真、数量,"qty!,photo!,url",,,,,,,,G
PKGI-02206086,8月,PKG-00786945,PKG(箱なし),PKG-00786945,1889,マスコットチャーム（ハローキティ）(アベイル)【予約】,shop-shimamura_com,1,,identify,商品特定（撮影）,タグ・JAN・型番が写るように撮影し、点数を数えてください,タグ・JAN・型番・ブランド名を撮影、全体写真、数量,"qty!,photo!,url",,,,,,,,G
PKGI-02206087,8月,PKG-00786945,PKG(箱なし),PKG-00786945,1890,マスコットチャーム（ハローキティ）(アベイル)【予約】,shop-shimamura_com,1,,identify,商品特定（撮影）,タグ・JAN・型番が写るように撮影し、点数を数えてください,タグ・JAN・型番・ブランド名を撮影、全体写真、数量,"qty!,photo!,url",,,,,,,,G
PKGI-02206089,8月,PKG-00786945,PKG(箱なし),PKG-00786945,1891,マスコットチャーム（ハローキティ）(アベイル)【予約】,shop-shimamura_com,1,,identify,商品特定（撮影）,タグ・JAN・型番が写るように撮影し、点数を数えてください,タグ・JAN・型番・ブランド名を撮影、全体写真、数量,"qty!,photo!,url",,,,,,,,G
PKGI-01956338,8月,PKG-00807599,PKG(箱なし),PKG-00807599,1674,【MyGO!!!!!(1)-(3)】MyGO!!!!!×トゲナシトゲアリ「Avoid Note」　Tシャツ XLサイズ,bushiroad-store_com,2,,variant,色・サイズ・版,現物の色・サイズ・種類を確認してください,版・種類・サイズ・色,"qty!,color!,size!,edition,photo",https://bushiroad-store.com/products/2000200080169,,,,,,,A
PKGI-02097176,8月,PKG-00823045,PKG(箱なし),PKG-00823045,1869,TV LIFE(テレビライフ)首都圏版 2025年 7月 11日号【表紙：櫻井翔＆比嘉愛未】,hmv_co_jp,4,,variant,色・サイズ・版,現物の色・サイズ・種類を確認してください,版・種類・サイズ・色、数量・セット内容、状態・未開封、箱・袋の所在,"qty!,color!,size!,edition,condition!,set,photo",https://www.neowing.co.jp/product/NEOBK-3106466,,,,元数量保持。現物販売単位・版/期限,,,A
PKGI-02057872,8月,PKG-00836434,PKG(箱なし),PKG-00836434,1666,使いかたいろいろ「キャンディ スマート がま口ポシェット」使いかたいろいろ「キャンディ スマート がま口ポシェット」,kanmi_jp,1,,identify,商品特定（撮影）,タグ・JAN・型番が写るように撮影し、点数を数えてください,タグ・JAN・型番・ブランド名を撮影、全体写真、数量,"qty!,photo!,url",,,,,,,,H
PKGI-02360617,8月,PKG-00843189,PKG(箱なし),PKG-00843189,1879,ベビーロンパス（70-80cm・mamaraku）(バースデイ)【予約】,shop-shimamura_com,1,,presence,現物の有無,現物の有無と、ある場合は点数を確認してください,現物の有無と点数,"presence!,qty!",,,,,,PD9KPI7T5V04;PDR6MBQNHJX4,,I
PKGI-01934362,8月,PKG-00853472,PKG(箱なし),PKG-00853472,1609,Gamchu【ガムチュ】[ノベルティー対象商品]いっぱい転んだけど無問題！加工スカルパーカー/全2色,acrotokyo_com,1,,identify,商品特定（撮影）,タグ・JAN・型番が写るように撮影し、点数を数えてください,タグ・JAN・型番・ブランド名を撮影、全体写真、数量,"qty!,photo!,url",,,,,,,,H
PKGI-01977453,8月,PKG-00855821,PKG(箱なし),PKG-00855821,1770,『フランケンシュタインの怪獣 サンダ対ガイラ』サンダ（日本アルプス・サンドカーキ）,core-choco_shop-pro_jp,1,,variant,色・サイズ・版,現物の色・サイズ・種類を確認してください,確認数量（元リストの商品単位） / 欠品・付属品の実際の内容 / 現物サイズ・型番タグ・色と状態を確認 / 箱番号・実所在 / 箱番号・所在,"qty!,photo!,color!,size!,edition,condition!",https://core-choco.shop-pro.jp/?pid=175200956,,,,,,,B
PKGI-01977454,8月,PKG-00855821,PKG(箱なし),PKG-00855821,1771,バルタン星人（ダイオード・アシッドブルー）,core-choco_shop-pro_jp,1,,variant,色・サイズ・版,現物の色・サイズ・種類を確認してください,確認数量（元リストの商品単位） / 欠品・付属品の実際の内容 / 現物サイズ・型番タグ・色と状態を確認 / 箱番号・実所在 / 箱番号・所在,"qty!,photo!,color!,size!,edition,condition!",https://core-choco.shop-pro.jp/?pid=179494408,,,,,,,B
PKGI-02301986,8月,PKG-00869220,PKG(箱なし),PKG-00869220,1786,パラノイドランデブー ［CD+Blu-ray Disc+ブックレット+ユニットトレカ+グループトレカ+ステッカー］＜初回限定盤＞ (発売日: 2025年10月15日) + '（特典あり)',tower_jp,1,,variant,色・サイズ・版,現物の色・サイズ・種類を確認してください,版・種類・サイズ・色,"qty!,color!,size!,edition,photo",https://tower.jp/item/6929512,,,,,,,A
PKGI-02340541,8月,PKG-00873706,PKG(箱なし),PKG-00873706,1701,天才秀才クールな学生カーディガン,wegoec_jp,1,,variant,色・サイズ・版,現物の色・サイズ・種類を確認してください,版・種類・サイズ・色,"qty!,color!,size!,edition,photo",https://wego.jp/products/wh25sp02-l0003,,,,,,,A
PKGI-02220782,8月,PKG-00881482,PKG(箱なし),PKG-00881482,1690,NEW ERA×LBWK 9FIFTY Logo Cap Black,lbwk_jp,1,,photo_count,撮影＋点数,全体を撮影して、点数を数えてください,元帳数量保持・現物未確認,"qty!,photo!",https://en.lbwk.jp/product/ht34-bk-2/,,,,元帳数量保持・現物,,,B
PKGI-02212904,8月,PKG-00883511,PKG(箱なし),PKG-00883511,1855,A Matter of Time,hmv_co_jp,1,,identify,商品特定（撮影）,タグ・JAN・型番が写るように撮影し、点数を数えてください,タグ・JAN・型番・ブランド名を撮影、全体写真、数量,"qty!,photo!,url",,,,,,,,H
PKGI-02162911,8月,PKG-00893667,PKG(箱なし),PKG-00893667,1817,ウェディングブーケアクリルフレーム パープル【お届け予定：1～2営業日以内出荷予定（休業日を除く）】,shop_fancy-fukuya_co_jp,1,,identify,商品特定（撮影）,タグ・JAN・型番が写るように撮影し、点数を数えてください,タグ・JAN・型番・ブランド名を撮影、全体写真、数量,"qty!,photo!,url",,,,,,,,G
PKGI-02162912,8月,PKG-00893667,PKG(箱なし),PKG-00893667,1861,缶バッジアクリルフレーム　アニマル　ハリネズミ【お届け予定：1～2営業日以内出荷予定（休業日を除く）】,shop_fancy-fukuya_co_jp,1,,identify,商品特定（撮影）,タグ・JAN・型番が写るように撮影し、点数を数えてください,タグ・JAN・型番・ブランド名を撮影、全体写真、数量,"qty!,photo!,url",,,,,,,,G
PKGI-02184520,8月,PKG-00898177,PKG(箱なし),PKG-00898177,1688,Takashi Murakami + MLB World Tour Tokyo Series 2025 Dodgers Tote Bag (8月中旬頃より順次発送) [tonari-no-zingaro],zingaro_shop,1,,identify,商品特定（撮影）,タグ・JAN・型番が写るように撮影し、点数を数えてください,タグ・JAN・型番・ブランド名を撮影、全体写真、数量,"qty!,photo!,url",,,,,,,,G
PKGI-02131272,8月,PKG-00903425,PKG(箱なし),PKG-00903425,1894,【JP】[汎用] 色鮮やかな力線/Prismatic Leyline (黄)「M」〔MST193〕,tokyofab_com,2,,variant,色・サイズ・版,現物の色・サイズ・種類を確認してください,版・種類・サイズ・色、数量・セット内容、状態・未開封,"qty!,color!,size!,edition,condition!,set,photo",https://www.tokyofab.com/view/item/000000009744,,,,,,,A
PKGI-02244619,8月,PKG-00913218,PKG(箱なし),PKG-00913218,1900,ちいかわ Chiikawa Baby マスコット（ラッコ）,chiikawa-market_jp,1,,identify,商品特定（撮影）,タグ・JAN・型番が写るように撮影し、点数を数えてください,タグ・JAN・型番・ブランド名を撮影、全体写真、数量,"qty!,photo!,url",,,,,,,,G
PKGI-02336637,8月,PKG-00918985,PKG(箱なし),PKG-00918985,1852,【10月下旬以降配送予定】 Arcaea Next Stage: Crossing Collection (Normal Edition),tanocstore_net,1,,condition,状態,未開封か、傷・欠品がないかを確認してください,状態・未開封,"qty!,condition!,photo",https://www.tanocstore.net/shopdetail/000000004229,,,,,,,F
PKGI-02316284,8月,PKG-00922524,PKG(箱なし),PKG-00922524,1787,"「藤本壮介の建築：原初・未来・森」展覧会カタログ｜Exhibition Catalogue ""The Architecture of Sou Fujimoto: Primordial Future Forest""",shop_mori_art_museum,1,,variant,色・サイズ・版,現物の色・サイズ・種類を確認してください,未確認,"qty!,edition,photo",,,,,,,,C
PKGI-02234753,8月,PKG-00925914,PKG(箱なし),PKG-00925914,1892,スパにゃん コンビネーションレンチ 10ｍｍ,ktcos_jp,1,,variant,色・サイズ・版,現物の色・サイズ・種類を確認してください,確認数量（元リストの商品単位） / 欠品・付属品の実際の内容 / 現物品番・図柄・状態を確認。42gは製品重量で発送重量ではない / 箱番号・実所在 / 箱番号・所在,"qty!,photo!,edition,condition!",https://ktcos.jp/products/yg-ms2-10.html,,,,,,,B
PKGI-02246264,8月,PKG-00926278,PKG(箱なし),PKG-00926278,1634,Amiligeロゴ変形タ?メーシ?ニット,a-am-studio_jp,1,,identify,商品特定（撮影）,タグ・JAN・型番が写るように撮影し、点数を数えてください,タグ・JAN・型番・ブランド名を撮影、全体写真、数量,"qty!,photo!,candidate!,url",https://a-am-studio.jp/collections/knit/products/82482263002,https://a-am-studio.jp/collections/knit/products/82482263002,Amiligeロゴ変形ダメージニット,0.76,,,,G
PKGI-02409821,8月,PKG-00932919,PKG(箱なし),PKG-00932919,1611,1/7スケール完成品フィギュア 式波・アスカ・ラングレー Ver.RADIO EVA Part.3 (限定オリジナルカラー版),radio-eva_jp,1,,identify,商品特定（撮影）,タグ・JAN・型番が写るように撮影し、点数を数えてください,タグ・JAN・型番・ブランド名を撮影、全体写真、数量,"qty!,photo!,url",,,,,,,,G
PKGI-02370266,8月,PKG-00934333,PKG(箱なし),PKG-00934333,1793,Dear Jubilee -RADWIMPS TRIBUTE- (発売日: 2025年11月19日),tower_jp,1,,set,セット内容,点数と、セットの中身（何が何個あるか）を確認してください,数量・セット内容、状態・未開封,"qty!,set!,condition!,photo",https://tower.jp/item/7256550,,,,元帳数量保持・現物,,,D
PKGI-02453915,8月,PKG-00935195,PKG(箱なし),PKG-00935195,1773,YELLOW MAGAZINE 2019-2020,asmart_jp,1,,set,セット内容,点数と、セットの中身（何が何個あるか）を確認してください,数量・セット内容、状態・未開封,"qty!,set!,condition!,photo",https://www.asmart.jp/shop/hoshino_gen/product/10023219,,,,,,,D
PKGI-02453916,8月,PKG-00935195,PKG(箱なし),PKG-00935195,1781,YELLOW MAGAZINE 2018-2019,asmart_jp,1,,set,セット内容,点数と、セットの中身（何が何個あるか）を確認してください,数量・セット内容、状態・未開封,"qty!,set!,condition!,photo",https://www.asmart.jp/en/shop/hoshino_gen/product/10019488,,,,元帳数量保持・現物,,,D
PKGI-02453912,8月,PKG-00935195,PKG(箱なし),PKG-00935195,1813,YELLOW MAGAZINE ISSUE08 2023-2024,asmart_jp,1,,set,セット内容,点数と、セットの中身（何が何個あるか）を確認してください,数量・セット内容、状態・未開封,"qty!,set!,condition!,photo",https://www.hoshinogen.com/merch/detail/?id=30,,,,元帳数量保持・現物,,,D
PKGI-02453911,8月,PKG-00935195,PKG(箱なし),PKG-00935195,1860,MAYONAKA Mug,asmart_jp,1,,identify,商品特定（撮影）,タグ・JAN・型番が写るように撮影し、点数を数えてください,タグ・JAN・型番・ブランド名を撮影、全体写真、数量,"qty!,photo!,url",,,,,,,,G
PKGI-02453913,8月,PKG-00935195,PKG(箱なし),PKG-00935195,1865,YM Mug (Green),asmart_jp,1,,identify,商品特定（撮影）,タグ・JAN・型番が写るように撮影し、点数を数えてください,タグ・JAN・型番・ブランド名を撮影、全体写真、数量,"qty!,photo!,url",,,,,,,,G
PKGI-02311628,8月,PKG-00939173,PKG(箱なし),PKG-00939173,1818,MIN GT 1/64 Nissan LB-Super Silhouette S15 SILVIA / LB Blister Packaging,lbwk_jp,1,,identify,商品特定（撮影）,タグ・JAN・型番が写るように撮影し、点数を数えてください,タグ・JAN・型番・ブランド名を撮影、全体写真、数量,"qty!,photo!,candidate!,url",https://lbwk.jp/product/mc141-whni/,https://lbwk.jp/product/mc141-whni/,MIN GT 1/64 Nissan LB-Super Silhouette S15 SILVIA / LB Blister Packaging - LB-ONLINE STORE,0.95,,,,G
PKGI-02311697,8月,PKG-00939336,PKG(箱なし),PKG-00939336,1819,MIN GT 1/64 Nissan LB-Super Silhouette S15 SILVIA / LB Blister Packaging,lbwk_jp,1,,identify,商品特定（撮影）,タグ・JAN・型番が写るように撮影し、点数を数えてください,タグ・JAN・型番・ブランド名を撮影、全体写真、数量,"qty!,photo!,url",,,,,,,,G
PKGI-02263854,8月,PKG-00955003,PKG(箱なし),PKG-00955003,1638,光沢 ストレッチ体操服 ハーフ丈ジャージ〈ネイビー袖×白ライン〉,predatorrat_com,1,,identify,商品特定（撮影）,タグ・JAN・型番が写るように撮影し、点数を数えてください,タグ・JAN・型番・ブランド名を撮影、全体写真、数量,"qty!,photo!,url",,,,,,,,H
PKGI-02263850,8月,PKG-00955003,PKG(箱なし),PKG-00955003,1645,プレデターラットスタイルロゴスポーツブラ&プレデターラットスタイルロゴスポーツハーフバックパンツ〈黒〉セット,predatorrat_com,1,,identify,商品特定（撮影）,タグ・JAN・型番が写るように撮影し、点数を数えてください,タグ・JAN・型番・ブランド名を撮影、全体写真、数量,"qty!,photo!,url",,,,,,,,H
PKGI-02263849,8月,PKG-00955003,PKG(箱なし),PKG-00955003,1679,メイドブラ〈黒×ブラックリボン〉 & 超ローライズ メイドパンツ〈黒×ブラックリボン〉セット,predatorrat_com,1,,identify,商品特定（撮影）,タグ・JAN・型番が写るように撮影し、点数を数えてください,タグ・JAN・型番・ブランド名を撮影、全体写真、数量,"qty!,photo!,url",,,,,,,,H
PKGI-02263853,8月,PKG-00955003,PKG(箱なし),PKG-00955003,1680,ハイレグ競泳水着Tバック〈ネイビー×白ライン〉,predatorrat_com,1,,identify,商品特定（撮影）,タグ・JAN・型番が写るように撮影し、点数を数えてください,タグ・JAN・型番・ブランド名を撮影、全体写真、数量,"qty!,photo!,url",,,,,,,,H
PKGI-02263856,8月,PKG-00955003,PKG(箱なし),PKG-00955003,1681,グラビアのハイレグ競泳水着Tバック（裏地なし）〈光沢ネイビー×白ライン〉,predatorrat_com,1,,identify,商品特定（撮影）,タグ・JAN・型番が写るように撮影し、点数を数えてください,タグ・JAN・型番・ブランド名を撮影、全体写真、数量,"qty!,photo!,url",,,,,,,,H
PKGI-02263851,8月,PKG-00955003,PKG(箱なし),PKG-00955003,1685,グラビアの眼帯ブラ〈グレー〉 & 超ローライズ 紐パンツ〈グレー〉,predatorrat_com,1,,identify,商品特定（撮影）,タグ・JAN・型番が写るように撮影し、点数を数えてください,タグ・JAN・型番・ブランド名を撮影、全体写真、数量,"qty!,photo!,url",,,,,,,,H
PKGI-02263847,8月,PKG-00955003,PKG(箱なし),PKG-00955003,1746,超ローライズ ラインホットパンツ ストレッチデニム素材〈デニム×白ライン〉,predatorrat_com,1,,identify,商品特定（撮影）,タグ・JAN・型番が写るように撮影し、点数を数えてください,タグ・JAN・型番・ブランド名を撮影、全体写真、数量,"qty!,photo!,url",,,,,,,,H
PKGI-02263855,8月,PKG-00955003,PKG(箱なし),PKG-00955003,1779,光沢 超ローライズ ライン ブルマ〈ネイビー×白ライン〉,predatorrat_com,1,,identify,商品特定（撮影）,タグ・JAN・型番が写るように撮影し、点数を数えてください,タグ・JAN・型番・ブランド名を撮影、全体写真、数量,"qty!,photo!,url",,,,,,,,H
PKGI-02263852,8月,PKG-00955003,PKG(箱なし),PKG-00955003,1792,超超ローライズ ストレッチホットパンツ〈黒〉,predatorrat_com,1,,identify,商品特定（撮影）,タグ・JAN・型番が写るように撮影し、点数を数えてください,タグ・JAN・型番・ブランド名を撮影、全体写真、数量,"qty!,photo!,url",,,,,,,,H
PKGI-02263848,8月,PKG-00955003,PKG(箱なし),PKG-00955003,1800,超ローライズ ラインホットパンツ〈グレー×白ライン〉,predatorrat_com,1,,identify,商品特定（撮影）,タグ・JAN・型番が写るように撮影し、点数を数えてください,タグ・JAN・型番・ブランド名を撮影、全体写真、数量,"qty!,photo!,url",,,,,,,,G
PKGI-02272625,8月,PKG-00956004,PKG(箱なし),PKG-00956004,1593,Wooting 60HE+ RGB Keyboard Black,fumo-collection_com,1,,photo_count,撮影＋点数,全体を撮影して、点数を数えてください,確認数量（元リストの商品単位） / 欠品・付属品の実際の内容 / ANSI／ISO配列 / 箱番号・実所在 / 箱番号・所在,"qty!,photo!",https://wooting.io/post/the-difference-between-the-60he-and-the-60he-v2,,,,,,,B
PKGI-02271587,8月,PKG-00956191,PKG(箱なし),PKG-00956191,1687,KiU Standard rain poncho 2nd K404,kiu-online_jp,1,,variant,色・サイズ・版,現物の色・サイズ・種類を確認してください,版・種類・サイズ・色、数量・セット内容、bonus_or_purchase_benefit_presence、状態・未開封,"qty!,color!,size!,edition,condition!,set,photo",https://kiu-online.jp/en/products/pre-order-chius-standard-rain-poncho-2nd-k404-1,,,,,,,A
PKGI-02334685,8月,PKG-00958868,PKG(箱なし),PKG-00958868,1675,オーガニックエアープレミアムギフトセット,ikeuchi_org,1,,identify,商品特定（撮影）,タグ・JAN・型番が写るように撮影し、点数を数えてください,タグ・JAN・型番・ブランド名を撮影、全体写真、数量,"qty!,photo!,url",,,,,,,,H
PKGI-02334682,8月,PKG-00958868,PKG(箱なし),PKG-00958868,1754,バンブー540 シャワータオル,ikeuchi_org,1,,identify,商品特定（撮影）,タグ・JAN・型番が写るように撮影し、点数を数えてください,タグ・JAN・型番・ブランド名を撮影、全体写真、数量,"qty!,photo!,url",,,,,,,,H
PKGI-02334681,8月,PKG-00958868,PKG(箱なし),PKG-00958868,1809,オーガニック330 シャワータオル,ikeuchi_org,1,,identify,商品特定（撮影）,タグ・JAN・型番が写るように撮影し、点数を数えてください,タグ・JAN・型番・ブランド名を撮影、全体写真、数量,"qty!,photo!,url",,,,,,,,H
PKGI-02334683,8月,PKG-00958868,PKG(箱なし),PKG-00958868,1919,シーズン刺繍タオルハンカチ　どんぐり,ikeuchi_org,1,,identify,商品特定（撮影）,タグ・JAN・型番が写るように撮影し、点数を数えてください,タグ・JAN・型番・ブランド名を撮影、全体写真、数量,"qty!,photo!,url",,,,,,,,H
PKGI-02334684,8月,PKG-00958868,PKG(箱なし),PKG-00958868,1920,ハロウィン限定タオルハンカチ,ikeuchi_org,1,,identify,商品特定（撮影）,タグ・JAN・型番が写るように撮影し、点数を数えてください,タグ・JAN・型番・ブランド名を撮影、全体写真、数量,"qty!,photo!,url",,,,,,,,G
PKGI-02297856,8月,PKG-00960343,PKG(箱なし),PKG-00960343,1613,フリル袖編み上げワンピース：黒×白レース,marble-02_com,1,,identify,商品特定（撮影）,タグ・JAN・型番が写るように撮影し、点数を数えてください,タグ・JAN・型番・ブランド名を撮影、全体写真、数量,"qty!,photo!,url",,,,,,,,G
PKGI-02592846,8月,PKG-00968554,PKG(箱なし),PKG-00968554,1655,Angels & Ghosts＜完全生産限定盤＞ (発売日: 2015年12月18日),tower_jp,3,,identify,商品特定（撮影）,タグ・JAN・型番が写るように撮影し、点数を数えてください,タグ・JAN・型番・ブランド名を撮影、全体写真、数量,"qty!,photo!,url",,,,,,,,H
PKGI-02592847,8月,PKG-00968554,PKG(箱なし),PKG-00968554,1692,Fate Of Nations (発売日: 2019年08月27日),tower_jp,2,,identify,商品特定（撮影）,タグ・JAN・型番が写るように撮影し、点数を数えてください,タグ・JAN・型番・ブランド名を撮影、全体写真、数量,"qty!,photo!,url",,,,,,,,H
PKGI-02734082,8月,PKG-00972917,PKG(箱なし),PKG-00972917,1758,オベイミー! アイコニック トレーディング 缶バッジ ～コンプリートセット～ ～海外からご購入のお客様へ～,mayla_jp,2,,variant,色・サイズ・版,現物の色・サイズ・種類を確認してください,版・種類・サイズ・色、数量・セット内容、状態・未開封、画像と現物の一致、箱・袋の所在,"qty!,color!,size!,edition,condition!,set,photo",https://mayla.jp/SHOP/gda1619.html,,,,,,,A
PKGI-02723392,8月,PKG-00972920,PKG(箱なし),PKG-00972920,1830,【買取】アイスミント ボディスクラブ,shiro-shiro_jp,1,,identify,商品特定（撮影）,タグ・JAN・型番が写るように撮影し、点数を数えてください,タグ・JAN・型番・ブランド名を撮影、全体写真、数量,"qty!,photo!,url",,,,,,,,G
PKGI-02716289,8月,PKG-00972923,PKG(箱なし),PKG-00972923,1683,【買取】HANA Moment Box 2026【2026年3月下旬発送予定】,bmsg_shop,1,,identify,商品特定（撮影）,タグ・JAN・型番が写るように撮影し、点数を数えてください,タグ・JAN・型番・ブランド名を撮影、全体写真、数量,"qty!,photo!,url",,,,,,,,H
PKGI-02898411,8月,PKG-00972939,PKG(箱なし),PKG-00972939,1956,【買取】DAYPACK MULTI,ocean-ground-online_jp,1,,identify,商品特定（撮影）,タグ・JAN・型番が写るように撮影し、点数を数えてください,タグ・JAN・型番・ブランド名を撮影、全体写真、数量,"qty!,photo!,candidate!,url",https://hauhau.net/view/item/000000002109?category_page_id=ct309,https://hauhau.net/view/item/000000002109?category_page_id=ct309,DAYPACK MULTI,1.00,,,,G
PKGI-02846632,8月,PKG-00972957,PKG(箱なし),PKG-00972957,1843,【買取】Lion Look Bath Antimold Fumigation Floral 5g,sundrug-online_com,5,,identify,商品特定（撮影）,タグ・JAN・型番が写るように撮影し、点数を数えてください,タグ・JAN・型番・ブランド名を撮影、全体写真、数量,"qty!,photo!,url",,,,,,,,G
PKGI-02843290,8月,PKG-00972959,PKG(箱なし),PKG-00972959,1695,【買取】書生シャツ ブラック,misamaru04_base_shop,1,,identify,商品特定（撮影）,タグ・JAN・型番が写るように撮影し、点数を数えてください,タグ・JAN・型番・ブランド名を撮影、全体写真、数量,"qty!,photo!,url",,,,,,,,H
PKGI-02828577,8月,PKG-00972960,PKG(箱なし),PKG-00972960,1816,【買取】【SNIDEL BEAUTY】フラッフィー ブラッシュ［01～04］＜2025 AW Collection＞,cosmekitchen-webstore_jp,1,,identify,商品特定（撮影）,タグ・JAN・型番が写るように撮影し、点数を数えてください,タグ・JAN・型番・ブランド名を撮影、全体写真、数量,"qty!,photo!,candidate!,url",https://snidelbeauty.com/Form/Product/ProductDetail.aspx?pid=4573623430838,https://snidelbeauty.com/Form/Product/ProductDetail.aspx?pid=4573623430838,【SNIDEL BEAUTY】フラッフィー ブラッシュ［01～04］＜2025 AW Collection＞,1.00,,,,G
PKGI-02828576,8月,PKG-00972960,PKG(箱なし),PKG-00972960,1833,【買取】【to/one】ルミナス グロウ リキッド［01～03］,cosmekitchen-webstore_jp,1,,identify,商品特定（撮影）,タグ・JAN・型番が写るように撮影し、点数を数えてください,タグ・JAN・型番・ブランド名を撮影、全体写真、数量,"qty!,photo!,url",,,,,,,,G
PKGI-02820364,8月,PKG-00972981,PKG(箱なし),PKG-00972981,1932,【買取】HAZBIN HOTEL Smartphone Design Sticker,blackballoon_market,1,,variant,色・サイズ・版,現物の色・サイズ・種類を確認してください,版・種類・サイズ・色、数量・セット内容、状態・未開封、画像と現物の一致,"qty!,color!,size!,edition,condition!,set,photo",https://blackballoon.market/en/products/z8637ht,,,,,,,A
PKGI-02784956,8月,PKG-00972985,PKG(箱なし),PKG-00972985,1848,【買取】【Celvoke】クーリング ロールオン　Dawn Forest 〈夜明けの森の香り〉,cosmekitchen-webstore_jp,1,,identify,商品特定（撮影）,タグ・JAN・型番が写るように撮影し、点数を数えてください,タグ・JAN・型番・ブランド名を撮影、全体写真、数量,"qty!,photo!,url",,,,,,,,G
PKGI-02487304,8月,PKG-00978292,PKG(箱なし),PKG-00978292,1910,"AGENDA MARK'S 2026, bloc mensuel, format B5, d?but janvier 2026, carnet calendrier, format moyen",online-marks_com,1,,identify,商品特定（撮影）,タグ・JAN・型番が写るように撮影し、点数を数えてください,タグ・JAN・型番・ブランド名を撮影、全体写真、数量,"qty!,photo!,url",,,,,,,,G
PKGI-02487307,8月,PKG-00978292,PKG(箱なし),PKG-00978292,1913,PILOT iro-utsushi <Iro-utsushi> Stylo plongeur M (moyen),online-marks_com,1,,identify,商品特定（撮影）,タグ・JAN・型番が写るように撮影し、点数を数えてください,タグ・JAN・型番・ブランド名を撮影、全体写真、数量,"qty!,photo!,url",,,,,,,,G
PKGI-02487306,8月,PKG-00978292,PKG(箱なし),PKG-00978292,1921,"mast? MARK'S Masking tape inscriptible avec un stylo ? eau, perfor?, feuille/ mast? <Cream Soda>",online-marks_com,1,,identify,商品特定（撮影）,タグ・JAN・型番が写るように撮影し、点数を数えてください,タグ・JAN・型番・ブランド名を撮影、全体写真、数量,"qty!,photo!,url",,,,,,,,H
PKGI-02487308,8月,PKG-00978292,PKG(箱なし),PKG-00978292,1934,"mast? Masking tape inscriptible au stylo ? eau MARK'S , perfor?, fin, 2 volumes <Carreaux vichy rose>",online-marks_com,1,,identify,商品特定（撮影）,タグ・JAN・型番が写るように撮影し、点数を数えてください,タグ・JAN・型番・ブランド名を撮影、全体写真、数量,"qty!,photo!,url",,,,,,,,H
PKGI-02487305,8月,PKG-00978292,PKG(箱なし),PKG-00978292,1949,"PILOT FRIXON SYNERGY KNOCK 0,3 mm ＜Gelato＞",online-marks_com,1,,identify,商品特定（撮影）,タグ・JAN・型番が写るように撮影し、点数を数えてください,タグ・JAN・型番・ブランド名を撮影、全体写真、数量,"qty!,photo!,url",,,,,,,,H
PKGI-02492163,8月,PKG-00978823,PKG(箱なし),PKG-00978823,1630,WWZ1052207A0001 【お気に入りNO.1】2WAY REVERSIBLE FUR BLOUSON,palcloset_jp,1,,photo_count,撮影＋点数,全体を撮影して、点数を数えてください,元帳数量保持・現物未確認,"qty!,photo!",https://www.palcloset.jp/display/item/WWZ1052207A0001/,,,,元帳数量保持・現物,,,B
PKGI-02492165,8月,PKG-00978823,PKG(箱なし),PKG-00978823,1756,WWZ1042302A0001 【SLOPPY】 RIBBED SHORTS/リブショートパンツ,palcloset_jp,1,,photo_count,撮影＋点数,全体を撮影して、点数を数えてください,元帳数量保持・現物未確認,"qty!,photo!",https://www.palcloset.jp/display/item/WWZ1042302A0001/,,,,元帳数量保持・現物,,,B
PKGI-02492166,8月,PKG-00978823,PKG(箱なし),PKG-00978823,1757,WWZ1042302A0001 【SLOPPY】 RIBBED SHORTS/リブショートパンツ,palcloset_jp,1,,photo_count,撮影＋点数,全体を撮影して、点数を数えてください,元帳数量保持・現物未確認,"qty!,photo!",,,,,元帳数量保持・現物,,,B
PKGI-02492164,8月,PKG-00978823,PKG(箱なし),PKG-00978823,1780,WWZ1052307A0005e 【WHO'S WHO gallery】プードルファージャケット,palcloset_jp,1,,variant,色・サイズ・版,現物の色・サイズ・種類を確認してください,版・種類・サイズ・色,"qty!,color!,size!,edition,photo",https://www.palcloset.jp/display/item/WWZ1052307A0005/,,,,,,,A
PKGI-02423677,8月,PKG-00982777,PKG(箱なし),PKG-00982777,1944,【SEXPOT TOKYO 限定】 ガチャガチャ,sexpot_jp,1,,variant,色・サイズ・版,現物の色・サイズ・種類を確認してください,版・種類・サイズ・色、bonus_or_purchase_benefit_presence,"qty!,color!,size!,edition,photo",https://www.sexpot.jp/item/sd01000-0001/,,,,,,,A
PKGI-02382915,8月,PKG-00988007,PKG(箱なし),PKG-00988007,1696,2025年11月末頃より順次発送予定　『映画 ギヴン 海へ』 チケットデザイン パーカー ギヴン ブラック,noitamina-apparel_com,1,,identify,商品特定（撮影）,タグ・JAN・型番が写るように撮影し、点数を数えてください,タグ・JAN・型番・ブランド名を撮影、全体写真、数量,"qty!,photo!,url",,,,,,,,H
PKGI-02441248,8月,PKG-00994125,PKG(箱なし),PKG-00994125,1896,座りヨーキー(アクリルパネル),suzuri_jp,1,,identify,商品特定（撮影）,タグ・JAN・型番が写るように撮影し、点数を数えてください,タグ・JAN・型番・ブランド名を撮影、全体写真、数量,"qty!,photo!,url",,,,,,,,H
PKGI-02454373,8月,PKG-00994914,PKG(箱なし),PKG-00994914,1663,『ディズニー ツイステッドワンダーランド』アイコニック イヤオブジェ ～寮章～ ～海外からご購入のお客様へ～,mayla_jp,1,,variant,色・サイズ・版,現物の色・サイズ・種類を確認してください,説明文の未確認項目（サイズ・色・種類・構成など）,"qty!,color!,size!,edition,photo",https://mayla.jp/SHOP/aca0305.html,,,,,,,C
PKGI-02340403,8月,PKG-00997716,PKG(箱なし),PKG-00997716,1591,【セットアップ】バイアスカットフレアジレ,united-tokyo_com,1,,identify,商品特定（撮影）,タグ・JAN・型番が写るように撮影し、点数を数えてください,タグ・JAN・型番・ブランド名を撮影、全体写真、数量,"qty!,photo!,url",,,,,,,,H
PKGI-02340402,8月,PKG-00997716,PKG(箱なし),PKG-00997716,1601,シャーリングビスチェSETシャツ,united-tokyo_com,1,,identify,商品特定（撮影）,タグ・JAN・型番が写るように撮影し、点数を数えてください,タグ・JAN・型番・ブランド名を撮影、全体写真、数量,"qty!,photo!,url",,,,,,,,G
PKGI-02382743,8月,PKG-00999674,PKG(箱なし),PKG-00999674,1619,【2点セット】花魁 ミニ 純白花魁 花柄シフォン 花魁コスチューム 和柄 本格和装 着物 花魁ドレス vcsot-231015-2,vanityme_link,1,,identify,商品特定（撮影）,タグ・JAN・型番が写るように撮影し、点数を数えてください,タグ・JAN・型番・ブランド名を撮影、全体写真、数量,"qty!,photo!,url",,,,,,,,H
PKGI-02383514,8月,PKG-00999859,PKG(箱なし),PKG-00999859,1646,SEE THROUGH STRIPED SUMMER KNIT PULLOVER / シースルー シャドウボーダー ニットプルオーバー,n-nine-store_com,1,,variant,色・サイズ・版,現物の色・サイズ・種類を確認してください,確認数量（元リストの商品単位） / 欠品・付属品の実際の内容 / 色・サイズ・種類の現物と根拠照合 / 箱番号・実所在 / 箱番号・所在,"qty!,photo!,color!,size!,edition",https://wear.jp/item/77291792/,,,,,,,B
PKGI-02383515,8月,PKG-00999859,PKG(箱なし),PKG-00999859,1647,SEE THROUGH STRIPED SUMMER KNIT PULLOVER / シースルー シャドウボーダー ニットプルオーバー,n-nine-store_com,1,,variant,色・サイズ・版,現物の色・サイズ・種類を確認してください,確認数量（元リストの商品単位） / 欠品・付属品の実際の内容 / 色・サイズ・種類の現物と根拠照合 / 箱番号・実所在 / 箱番号・所在,"qty!,photo!,color!,size!,edition",,,,,,,,B
PKGI-02374827,8月,PKG-01002055,PKG(箱なし),PKG-01002055,1880,ちいかわ ちいかわベーカリー スタッフさんなマスコット（うさぎ）,chiikawa-market_jp,1,,identify,商品特定（撮影）,タグ・JAN・型番が写るように撮影し、点数を数えてください,タグ・JAN・型番・ブランド名を撮影、全体写真、数量,"qty!,photo!,url",,,,,,,,G
PKGI-02374831,8月,PKG-01002055,PKG(箱なし),PKG-01002055,1915,ちいかわ トレーディングカードホルダー（うさぎ）,chiikawa-market_jp,1,,variant,色・サイズ・版,現物の色・サイズ・種類を確認してください,版・種類・サイズ・色、数量・セット内容、状態・未開封、箱・袋の所在,"qty!,color!,size!,edition,condition!,set,photo",https://chiikawamarket.jp/products/4582662952362,,,,,,,A
PKGI-02374830,8月,PKG-01002055,PKG(箱なし),PKG-01002055,1954,ちいかわ スマホに貼れるサイズのステッカー（あんまんホカッ）,chiikawa-market_jp,1,,variant,色・サイズ・版,現物の色・サイズ・種類を確認してください,未確認,"qty!,edition,photo",https://chiikawamarket.jp/products/4571609350873,,,,,,,C
PKGI-02363536,8月,PKG-01003073,PKG(箱なし),PKG-01003073,1740,コンポート 50個入,wasara-shop_jp,1,,identify,商品特定（撮影）,タグ・JAN・型番が写るように撮影し、点数を数えてください,タグ・JAN・型番・ブランド名を撮影、全体写真、数量,"qty!,photo!,url",,,,,,,,G
PKGI-02411728,8月,PKG-01007302,PKG(箱なし),PKG-01007302,1599,ALPOS ALUMINUM CONTAINER / with Stacking Corner - M (73L),pfsonline_jp,6,,variant,色・サイズ・版,現物の色・サイズ・種類を確認してください,版・種類・サイズ・色,"qty!,color!,size!,edition,photo",https://www.pfsonline.jp/shopdetail/000000001212/,,,,,,,A
PKGI-02581998,8月,PKG-01015063,PKG(箱なし),PKG-01015063,1870,"Симфония №2: Ютака Садо / Виенски тонкунстлер оркестър, Фали, Кулман (2CD)",hmv_co_jp,1,,identify,商品特定（撮影）,タグ・JAN・型番が写るように撮影し、点数を数えてください,タグ・JAN・型番・ブランド名を撮影、全体写真、数量,"qty!,photo!,url",,,,,,,,H
PKGI-02515506,8月,PKG-01018190,PKG(箱なし),PKG-01018190,1729,"TV anime ""Tokyo Ghoul"" Kirishima Touka long T-shirt",blackballoon_market,1,,variant,色・サイズ・版,現物の色・サイズ・種類を確認してください,版・種類・サイズ・色,"qty!,color!,size!,edition,photo",https://blackballoon.market/en/products/z552cwtn9,,,,,,,A
PKGI-02536670,8月,PKG-01020265,PKG(箱なし),PKG-01020265,1658,奈良美智　あおもり犬スノードーム,aomori-museum_shop,2,,identify,商品特定（撮影）,タグ・JAN・型番が写るように撮影し、点数を数えてください,タグ・JAN・型番・ブランド名を撮影、全体写真、数量,"qty!,photo!,url",,,,,,,,G
PKGI-02536671,8月,PKG-01020265,PKG(箱なし),PKG-01020265,1707,青森県立美術館限定 奈良美智「あおもり犬貯金箱」,aomori-museum_shop,1,,variant,色・サイズ・版,現物の色・サイズ・種類を確認してください,確認数量（元リストの商品単位） / 欠品・付属品の実際の内容 / 現物の色・頭部/本体・傷/状態を確認 / 箱番号・実所在 / 箱番号・所在,"qty!,photo!,color!,edition,condition!",https://www.aomori-museum.shop/view/item/000000000049?category_page_id=all_items,,,,,,,B
PKGI-02536672,8月,PKG-01020265,PKG(箱なし),PKG-01020265,1708,青森県立美術館限定 奈良美智「あおもり犬貯金箱」,aomori-museum_shop,1,,variant,色・サイズ・版,現物の色・サイズ・種類を確認してください,確認数量（元リストの商品単位） / 欠品・付属品の実際の内容 / 現物の色・頭部/本体・傷/状態を確認 / 箱番号・実所在 / 箱番号・所在,"qty!,photo!,color!,edition,condition!",,,,,,,,B
PKGI-02536673,8月,PKG-01020265,PKG(箱なし),PKG-01020265,1709,青森県立美術館限定 奈良美智「あおもり犬貯金箱」,aomori-museum_shop,1,,variant,色・サイズ・版,現物の色・サイズ・種類を確認してください,確認数量（元リストの商品単位） / 欠品・付属品の実際の内容 / 現物の色・頭部/本体・傷/状態を確認 / 箱番号・実所在 / 箱番号・所在,"qty!,photo!,color!,edition,condition!",,,,,,,,B
PKGI-02520031,8月,PKG-01024713,PKG(箱なし),PKG-01024713,1871,げんきリアルMOOK　ホンモノそっくり！　しゃべる！　リアルサウンドAED,books_rakuten_co_jp,1,,set,セット内容,点数と、セットの中身（何が何個あるか）を確認してください,数量・セット内容、状態・未開封、箱・袋の所在,"qty!,set!,condition!,photo",https://www.kodansha.co.jp/book/products/0000417529,,,,,,,D
PKGI-02456837,8月,PKG-01025338,PKG(箱なし),PKG-01025338,1730,らいずしぬいぐるみ,shop-smtown_jp,1,,variant,色・サイズ・版,現物の色・サイズ・種類を確認してください,版・種類・サイズ・色、数量・セット内容、bonus_or_purchase_benefit_presence、状態・未開封、画像と現物の一致,"qty!,color!,size!,edition,condition!,set,photo",https://shop-smtown.jp/product/detail/SMEJRP-250056-61,,,,,,,A
PKGI-02456838,8月,PKG-01025338,PKG(箱なし),PKG-01025338,1731,らいずしぬいぐるみ,shop-smtown_jp,1,,variant,色・サイズ・版,現物の色・サイズ・種類を確認してください,版・種類・サイズ・色、数量・セット内容、bonus_or_purchase_benefit_presence、状態・未開封、画像と現物の一致,"qty!,color!,size!,edition,condition!,set,photo",,,,,,,,A
PKGI-02456839,8月,PKG-01025338,PKG(箱なし),PKG-01025338,1732,らいずしぬいぐるみ,shop-smtown_jp,1,,variant,色・サイズ・版,現物の色・サイズ・種類を確認してください,版・種類・サイズ・色、数量・セット内容、bonus_or_purchase_benefit_presence、状態・未開封、画像と現物の一致,"qty!,color!,size!,edition,condition!,set,photo",,,,,,,,A
PKGI-02456840,8月,PKG-01025338,PKG(箱なし),PKG-01025338,1733,らいずしぬいぐるみ,shop-smtown_jp,1,,variant,色・サイズ・版,現物の色・サイズ・種類を確認してください,版・種類・サイズ・色、数量・セット内容、bonus_or_purchase_benefit_presence、状態・未開封、画像と現物の一致,"qty!,color!,size!,edition,condition!,set,photo",,,,,,,,A
PKGI-02456841,8月,PKG-01025338,PKG(箱なし),PKG-01025338,1734,らいずしぬいぐるみ,shop-smtown_jp,1,,variant,色・サイズ・版,現物の色・サイズ・種類を確認してください,版・種類・サイズ・色、数量・セット内容、bonus_or_purchase_benefit_presence、状態・未開封、画像と現物の一致,"qty!,color!,size!,edition,condition!,set,photo",,,,,,,,A
PKGI-02456842,8月,PKG-01025338,PKG(箱なし),PKG-01025338,1735,らいずしぬいぐるみ,shop-smtown_jp,1,,variant,色・サイズ・版,現物の色・サイズ・種類を確認してください,版・種類・サイズ・色、数量・セット内容、bonus_or_purchase_benefit_presence、状態・未開封、画像と現物の一致,"qty!,color!,size!,edition,condition!,set,photo",,,,,,,,A
PKGI-02459529,8月,PKG-01025355,PKG(箱なし),PKG-01025355,1728,"Cello Suites Nos.3, 5, 6 -Live in Havana 1962 Stereo : Daniil Shafran(Vc)",hmv_co_jp,2,,identify,商品特定（撮影）,タグ・JAN・型番が写るように撮影し、点数を数えてください,タグ・JAN・型番・ブランド名を撮影、全体写真、数量,"qty!,photo!,url",,,,,,,,H
PKGI-02465002,8月,PKG-01025763,PKG(箱なし),PKG-01025763,1670,笑う柴犬 IMPACT ジャガードニットセーター (MENS/WOMENS),sanko-bazaar_jp,1,,identify,商品特定（撮影）,タグ・JAN・型番が写るように撮影し、点数を数えてください,タグ・JAN・型番・ブランド名を撮影、全体写真、数量,"qty!,photo!,url",,,,,,,,G
PKGI-02574964,8月,PKG-01032071,PKG(箱なし),PKG-01032071,1625,【福袋】【SNIDEL】2026年 HAPPY BOX,usagi-online_com,1,,variant,色・サイズ・版,現物の色・サイズ・種類を確認してください,版・種類・サイズ・色、数量・セット内容、状態・未開封,"qty!,photo!,color!,size!,edition,condition!,set",,,,,,,,B
PKGI-02573245,8月,PKG-01032141,PKG(箱なし),PKG-01032141,1652,【即日発送】スリーピーベアギンガムメイド《ハロウィンコスプレ8点セット》【Malymoon/マリームーン】【9998】,malymoon-costume_com,1,,variant,色・サイズ・版,現物の色・サイズ・種類を確認してください,版・種類・サイズ・色、数量・セット内容、状態・未開封,"qty!,color!,size!,edition,condition!,set,photo",https://www.malymoon-costume.com/view/item/000000004303,,,,,,,A
PKGI-02574107,8月,PKG-01032160,PKG(箱なし),PKG-01032160,1636,【即日発送】ロマンティック織姫キャット《オリジナルコスプレ11点セット》【Malymoon/マリームーン】【10334】,malymoon-costume_com,1,,variant,色・サイズ・版,現物の色・サイズ・種類を確認してください,版・種類・サイズ・色,"qty!,color!,size!,edition,photo",https://www.malymoon-costume.com/view/item/000000004572,,,,,,,A
PKGI-02574106,8月,PKG-01032160,PKG(箱なし),PKG-01032160,1691,【即日発送】犬のおまわりさん《ハロウィンコスプレ10点セット》【Malymoon/マリームーン】【9521】,malymoon-costume_com,1,,identify,商品特定（撮影）,タグ・JAN・型番が写るように撮影し、点数を数えてください,タグ・JAN・型番・ブランド名を撮影、全体写真、数量,"qty!,photo!,url",,,,,,,,G
PKGI-02560181,8月,PKG-01033567,PKG(箱なし),PKG-01033567,1811,AIZO (期間生産限定盤),books_rakuten_co_jp,1,,variant,色・サイズ・版,現物の色・サイズ・種類を確認してください,説明文の未確認項目（サイズ・色・種類・構成など）,"qty!,color!,size!,edition,photo",https://tower.jp/item/item/7921602,,,,,,,C
PKGI-02559861,8月,PKG-01033569,PKG(箱なし),PKG-01033569,1776,レコードクレート Record Crate DURC-01,diskunion_net,1,,variant,色・サイズ・版,現物の色・サイズ・種類を確認してください,版・種類・サイズ・色、数量・セット内容、状態・未開封,"qty!,color!,size!,edition,condition!,set,photo",,,,,,,,A
PKGI-02541475,8月,PKG-01043819,PKG(箱なし),PKG-01043819,1795,(nanna) 刺繍がま口ペンケース　フランネルフラワー　生成り,minne_com,1,,identify,商品特定（撮影）,タグ・JAN・型番が写るように撮影し、点数を数えてください,タグ・JAN・型番・ブランド名を撮影、全体写真、数量,"qty!,photo!,url",,,,,,,,G
PKGI-02543768,8月,PKG-01044209,PKG(箱なし),PKG-01044209,1594,Archive/Original Tag/Gilet Vest/0/Leather/BRW//【B】,2ndstreet_jp,1,,identify,商品特定（撮影）,タグ・JAN・型番が写るように撮影し、点数を数えてください,タグ・JAN・型番・ブランド名を撮影、全体写真、数量,"qty!,photo!,url",,,,,,,,G
PKGI-02544227,8月,PKG-01044209,PKG(箱なし),PKG-01044209,1777,Knit Cap/--/BLK/Plain/Men's【C】,2ndstreet_jp,1,,identify,商品特定（撮影）,タグ・JAN・型番が写るように撮影し、点数を数えてください,タグ・JAN・型番・ブランド名を撮影、全体写真、数量,"qty!,photo!,url",,,,,,,,G
PKGI-02550072,8月,PKG-01045473,PKG(箱なし),PKG-01045473,1743,【SNIDEL BEAUTY】メルティング カラー バーム リミテッド キット T＜2026 TEN collaboration＞,snidelbeauty_com,1,,identify,商品特定（撮影）,タグ・JAN・型番が写るように撮影し、点数を数えてください,タグ・JAN・型番・ブランド名を撮影、全体写真、数量,"qty!,photo!,url",,,,,,,,G
PKGI-02555517,8月,PKG-01046963,PKG(箱なし),PKG-01046963,1627,Our Diary sweat zip parker,pammpamm_store,1,,variant,色・サイズ・版,現物の色・サイズ・種類を確認してください,版・種類・サイズ・色、数量・セット内容、状態・未開封、箱・袋の所在,"qty!,color!,size!,edition,condition!,set,photo",https://pammpamm.store/collections/tops/products/our-diary-sweat-zip-parker-pm1548,,,,現物,,,A
PKGI-02779253,8月,PKG-01051527,PKG(箱なし),PKG-01051527,1686,【買取】Josee The Tiger & The Fish＜限定盤＞ (発売日: 2026年01月30日),tower_jp,1,,identify,商品特定（撮影）,タグ・JAN・型番が写るように撮影し、点数を数えてください,タグ・JAN・型番・ブランド名を撮影、全体写真、数量,"qty!,photo!,candidate!,url",https://tower.jp/item/5501052,https://tower.jp/item/5501052,Josee The Tiger & The Fish＜限定盤＞ | 商品詳細,0.90,,,,H
PKGI-02613462,8月,PKG-01057447,PKG(箱なし),PKG-01057447,1881,ViVi (Vivi) Suppl?ment de mai Num?ro de mai 2026 [Magazine] <Couverture : TREASURE Annexe : TREASURE Sticker> (Date de sortie: 23 mars 2026) + '（特典あり)',tower_jp,2,,identify,商品特定（撮影）,タグ・JAN・型番が写るように撮影し、点数を数えてください,タグ・JAN・型番・ブランド名を撮影、全体写真、数量,"qty!,photo!,url",,,,,,,,H
PKGI-02631980,8月,PKG-01058214,PKG(箱なし),PKG-01058214,1812,アクリルジオラマ,asmart_jp,1,,identify,商品特定（撮影）,タグ・JAN・型番が写るように撮影し、点数を数えてください,タグ・JAN・型番・ブランド名を撮影、全体写真、数量,"qty!,photo!,url",,,,,,,,G
PKGI-02631981,8月,PKG-01058214,PKG(箱なし),PKG-01058214,1835,ランダムフォトカード（全30種）,asmart_jp,10,,photo_count,撮影＋点数,全体を撮影して、点数を数えてください,確認数量（元リストの商品単位） / 欠品・付属品の実際の内容 / 封入種類・現物との根拠照合 / 箱番号・実所在 / 箱番号・所在,"qty!,photo!",https://shop-smtown.jp/product/detail/SMEJN1-250049,,,,,,,B
PKGI-02707071,8月,PKG-01064878,PKG(箱なし),PKG-01064878,1715,田中きずな #6 マリーゴールド 背番号 Tシャツ (M/L/XL/XXL),bigblue_co_jp,1,,identify,商品特定（撮影）,タグ・JAN・型番が写るように撮影し、点数を数えてください,タグ・JAN・型番・ブランド名を撮影、全体写真、数量,"qty!,photo!,url",,,,,,,,G
PKGI-02860520,8月,PKG-01069799,PKG(箱なし),PKG-01069799,1782,CHIIKAWA INTERIOR TOTE BAG BOOK うさぎver.,store_tkj_jp,1,,identify,商品特定（撮影）,タグ・JAN・型番が写るように撮影し、点数を数えてください,タグ・JAN・型番・ブランド名を撮影、全体写真、数量,"qty!,photo!,candidate!,url",https://tkj.jp/goods/list?fmt=json&limit=20&n1l=0&q=CHIIKAWA+INTERIOR+TOTE+BAG+BOOK+%E3%81%86%E3%81%95%E3%81%8Ever.&sort=Number2%2Cnumber9&style=0&s1=chiikawa,https://tkj.jp/goods/list?fmt=json&limit=20&n1l=0&q=CHIIKAWA+INTERIOR+TOTE+BAG+BOOK+%E3%81%86%E3%81%95%E3%81%8Ever.&sort=Number2%2Cnumber9&style=0&s1=chiikawa,「chiikawa - CHIIKAWA INTERIOR TOTE BAG BOOK うさぎver.」の検索結果│宝島社の通販 宝島チャンネル,1.00,,,,G
PKGI-02567614,8月,PKG-01071297,PKG(箱なし),PKG-01071297,1595,逆愛～Revenged Love～　Blu-ray（初回盤）【コリタメ限定特典付き】,koretame_com,1,,variant,色・サイズ・版,現物の色・サイズ・種類を確認してください,版・種類・サイズ・色、数量・セット内容、bonus_or_purchase_benefit_presence,"qty!,color!,size!,edition,set,photo",https://koretame.com/SHOP/95559.html,,,,,,,A
PKGI-02569866,8月,PKG-01071916,PKG(箱なし),PKG-01071916,1885,バイオハザード30周年　アクリルスタンドコレクション　エイダ（2月お届け分）,e-capcom_com,1,,variant,色・サイズ・版,現物の色・サイズ・種類を確認してください,版・種類・サイズ・色,"qty!,color!,size!,edition,photo",https://www.e-capcom.com/shop/g/gC00009212/,,,,,,,A
PKGI-02572175,8月,PKG-01072478,PKG(箱なし),PKG-01072478,1677,【直?SHOP限定】厚底??鞋（黑色?合）,yosuke-idocorp_com,1,,identify,商品特定（撮影）,タグ・JAN・型番が写るように撮影し、点数を数えてください,タグ・JAN・型番・ブランド名を撮影、全体写真、数量,"qty!,photo!,url",,,,,,,,H
PKGI-02576221,8月,PKG-01073186,PKG(箱なし),PKG-01073186,1664,Synthesizer V AI 重音テト,ah-soft_net,1,,variant,色・サイズ・版,現物の色・サイズ・種類を確認してください,版・種類・サイズ・色、数量・セット内容、状態・未開封、画像と現物の一致、箱・袋の所在,"qty!,color!,size!,edition,condition!,set,photo",,,,,,,,A
PKGI-02723726,8月,PKG-01075496,PKG(箱なし),PKG-01075496,1886,【紛失】『黒子のバスケ』アクリルスタンド /黄瀬涼太 パルクールver.,anime-store_jp,1,,identify,商品特定（撮影）,タグ・JAN・型番が写るように撮影し、点数を数えてください,タグ・JAN・型番・ブランド名を撮影、全体写真、数量,"qty!,photo!,candidate!,url",https://anime-store.jp/products/4522776654097,https://anime-store.jp/products/4522776654097,『黒子のバスケ』アクリルスタンド /黄瀬涼太 パルクールver.｜Anime Store.JP,1.00,,,,G
PKGI-02639856,8月,PKG-01076136,PKG(箱なし),PKG-01076136,1790,伊藤潤二/のびるトートバッグ もろみ,store_hakabanogarou_jp,1,,identify,商品特定（撮影）,タグ・JAN・型番が写るように撮影し、点数を数えてください,タグ・JAN・型番・ブランド名を撮影、全体写真、数量,"qty!,photo!,candidate!,url",https://store.hakabanogarou.jp/view/item/000000016535,https://store.hakabanogarou.jp/view/item/000000016535,伊藤潤二/のびるトートバッグ もろみ｜墓場の画廊ONLINE STORE,0.95,,,,H
PKGI-02639855,8月,PKG-01076136,PKG(箱なし),PKG-01076136,1928,【新商品】【特典対象】伊藤潤二/桐絵 アクリル御守り,store_hakabanogarou_jp,1,,identify,商品特定（撮影）,タグ・JAN・型番が写るように撮影し、点数を数えてください,タグ・JAN・型番・ブランド名を撮影、全体写真、数量,"qty!,photo!,url",,,,,,,,G
PKGI-02640968,8月,PKG-01076170,PKG(箱なし),PKG-01076170,1739,ドロヘドロ ウサギ耳カイマンロングスリーブTシャツ,store_natalie_mu,1,,variant,色・サイズ・版,現物の色・サイズ・種類を確認してください,版・種類・サイズ・色、数量・セット内容、状態・未開封,"qty!,color!,size!,edition,condition!,set,photo",https://store.natalie.mu/shopdetail/000000005424/,,,,現物,,,A
PKGI-02640969,8月,PKG-01076170,PKG(箱なし),PKG-01076170,1862,ドロヘドロ 空腹虫八角小皿セット,store_natalie_mu,1,,presence,現物の有無,現物の有無と、ある場合は点数を確認してください,現物の有無と点数,"presence!,qty!",https://store.natalie.mu/shopdetail/000000005628,,,,現物,PD3CUNHTF73O,,I
PKGI-02671810,8月,PKG-01077798,PKG(箱なし),PKG-01077798,1641,【CAMBIO(カンビオ)】Cotton Rayon Brushed KIMONO Like Gown ガウン(A53325cmb),cambio_co_jp,1,,variant,色・サイズ・版,現物の色・サイズ・種類を確認してください,確認数量（元リストの商品単位） / 欠品・付属品の実際の内容 / 現物の色サイズ・タグを確認。リネン版の中古掲載を混用しない / 箱番号・実所在 / 箱番号・所在,"qty!,photo!,color!,size!,edition",https://www.cambio.co.jp/c/brand/cambio/mcg3660,,,,,,,B
PKGI-02674253,8月,PKG-01078889,PKG(箱なし),PKG-01078889,1621,【GLIMCLAP(グリムクラップ)】Printed T-shirtr-Mickey Mouse- 【ミッキー】プリントTシャツ(18-039-gls-cf),cambio_co_jp,1,,identify,商品特定（撮影）,タグ・JAN・型番が写るように撮影し、点数を数えてください,タグ・JAN・型番・ブランド名を撮影、全体写真、数量,"qty!,photo!,url",,,,,,,,H
PKGI-02674252,8月,PKG-01078889,PKG(箱なし),PKG-01078889,1649,【ADAM PATEK(アダムパテック)】【予約販売4月下旬～5月上旬入荷】gallagher agingT Tシャツ(AP2614021),cambio_co_jp,1,,variant,色・サイズ・版,現物の色・サイズ・種類を確認してください,版・種類・サイズ・色,"qty!,color!,size!,edition,photo",https://www.cambio.co.jp/c/brand/adam/mt10334,,,,,,,A
PKGI-02674251,8月,PKG-01078889,PKG(箱なし),PKG-01078889,1662,【GLIMCLAP】【預購：4月下旬至5月初出貨】圖案印花T?（202-058-gls-cg）,cambio_co_jp,1,,identify,商品特定（撮影）,タグ・JAN・型番が写るように撮影し、点数を数えてください,タグ・JAN・型番・ブランド名を撮影、全体写真、数量,"qty!,photo!,url",,,,,,,,H
PKGI-02638451,8月,PKG-01081425,PKG(箱なし),PKG-01081425,1651,ドビーツイル SETUP ノーカラージャケット,mix_tokyo,1,,variant,色・サイズ・版,現物の色・サイズ・種類を確認してください,版・種類・サイズ・色,"qty!,color!,size!,edition,photo",https://mix.tokyo/products/0176150210,,,,,,,A
PKGI-02638452,8月,PKG-01081425,PKG(箱なし),PKG-01081425,1669,ドビーツイル SETUP テーパードパンツ,mix_tokyo,1,,variant,色・サイズ・版,現物の色・サイズ・種類を確認してください,版・種類・サイズ・色,"qty!,color!,size!,edition,photo",https://mix.tokyo/products/0176130210,,,,,,,A
PKGI-02638450,8月,PKG-01081425,PKG(箱なし),PKG-01081425,1710,フロントタックフレアスリーブブラウス,mix_tokyo,1,,variant,色・サイズ・版,現物の色・サイズ・種類を確認してください,確認数量（元リストの商品単位） / 欠品・付属品の実際の内容 / 色・サイズ・種類の現物と根拠照合 / 箱番号・実所在 / 箱番号・所在,"qty!,photo!,color!,size!,edition",https://mitsui-shopping-park.com/ec/p/1530100015243,,,,,,,B
PKGI-02643053,8月,PKG-01081823,PKG(箱なし),PKG-01081823,1689,『頭文字D』 FC41巻版（ホワイト）無線マウス 高橋涼介 マツダ RX-7 (FC3S型)　41巻ver.  イニシャルD mazda,camshop_jp,1,,variant,色・サイズ・版,現物の色・サイズ・種類を確認してください,版・種類・サイズ・色、数量・セット内容、bonus_or_purchase_benefit_presence,"qty!,color!,size!,edition,set,photo",https://camshop.jp/?pid=179943980,,,,,,,A
PKGI-02653812,8月,PKG-01082836,PKG(箱なし),PKG-01082836,280,■G.I.S.M. - 「Performance」DVD■,fuudobrain_shop-pro_jp,1,,variant,色・サイズ・版,現物の色・サイズ・種類を確認してください,未確認,"qty!,edition,photo",https://fuudobrain.shop-pro.jp/?pid=190364528,,,,,,,C
PKGI-02653812,8月,PKG-01082836,PKG(箱なし),PKG-01082836,1678,■G.I.S.M. - 「Performance」DVD■,fuudobrain_shop-pro_jp,1,,variant,色・サイズ・版,現物の色・サイズ・種類を確認してください,未確認,"qty!,edition,photo",https://fuudobrain.shop-pro.jp/?pid=190364528,,,,,,,C
PKGI-02701096,8月,PKG-01083605,PKG(箱なし),PKG-01083605,1704,Synthesizer V 2 AI 重音テト SV1重音テト優待版,ah-soft_net,1,,variant,色・サイズ・版,現物の色・サイズ・種類を確認してください,版・種類・サイズ・色、数量・セット内容、状態・未開封、画像と現物の一致、箱・袋の所在,"qty!,color!,size!,edition,condition!,set,photo",,,,,,,,A
PKGI-02701098,8月,PKG-01083605,PKG(箱なし),PKG-01083605,1705,Synthesizer V 2 AI 弦巻マキ SV1弦巻マキ優待版,ah-soft_net,1,,variant,色・サイズ・版,現物の色・サイズ・種類を確認してください,版・種類・サイズ・色、数量・セット内容、状態・未開封,"qty!,color!,size!,edition,condition!,set,photo",https://www.ah-soft.net/shopdetail/000000001787/,,,,,,,A
PKGI-02699395,8月,PKG-01083655,PKG(箱なし),PKG-01083655,1847,【買取】[返品・交換不可商品]半袖Tシャツ「VELOCIRA”KIRA”PTOR」（ヴェロキラ”キラ”プトル）,ojico_net,1,,identify,商品特定（撮影）,タグ・JAN・型番が写るように撮影し、点数を数えてください,タグ・JAN・型番・ブランド名を撮影、全体写真、数量,"qty!,photo!,url",,,,,,,,H
PKGI-02708738,8月,PKG-01084085,PKG(箱なし),PKG-01084085,1633,イージーサンダル ブラック,racbaki_com,1,,variant,色・サイズ・版,現物の色・サイズ・種類を確認してください,版・種類・サイズ・色、数量・セット内容、状態・未開封,"qty!,color!,size!,edition,condition!,set,photo",https://racbaki.com/shop/products/4571692485865_es_bl_ksjy_s1,,,,,,,A
PKGI-02712660,8月,PKG-01084485,PKG(箱なし),PKG-01084485,1765,TVアニメ『ガチアクタ』 ぷちふれ トレーディングメタリック缶バッジ セット【予約商品：2月上旬発売予定】,eyeup_co_jp,1,,identify,商品特定（撮影）,タグ・JAN・型番が写るように撮影し、点数を数えてください,タグ・JAN・型番・ブランド名を撮影、全体写真、数量,"qty!,photo!,url",,,,,,,,H
PKGI-02712659,8月,PKG-01084485,PKG(箱なし),PKG-01084485,1887,TVアニメ『ガチアクタ』 ぷちべあマスコット【予約商品：4月下旬発売予定】,eyeup_co_jp,1,,variant,色・サイズ・版,現物の色・サイズ・種類を確認してください,版・種類・サイズ・色、数量・セット内容、bonus_or_purchase_benefit_presence、状態・未開封、画像と現物の一致,"qty!,color!,size!,edition,condition!,set,photo",,,,,,,,A
PKGI-02712662,8月,PKG-01084485,PKG(箱なし),PKG-01084485,1888,TVアニメ『ガチアクタ』 ぷちべあマスコット【予約商品：4月下旬発売予定】,eyeup_co_jp,1,,variant,色・サイズ・版,現物の色・サイズ・種類を確認してください,版・種類・サイズ・色、数量・セット内容、bonus_or_purchase_benefit_presence、状態・未開封、画像と現物の一致,"qty!,color!,size!,edition,condition!,set,photo",,,,,,,,A
PKGI-02712663,8月,PKG-01084485,PKG(箱なし),PKG-01084485,1914,TVアニメ『ガチアクタ』 ぷちふれ アクリルスタンド【予約商品：2月上旬発売予定】,eyeup_co_jp,1,,identify,商品特定（撮影）,タグ・JAN・型番が写るように撮影し、点数を数えてください,タグ・JAN・型番・ブランド名を撮影、全体写真、数量,"qty!,photo!,url",,,,,,,,H
PKGI-02712664,8月,PKG-01084485,PKG(箱なし),PKG-01084485,1923,TVアニメ『ガチアクタ』 ぷちふれ アクリルキーホルダー【予約商品：2月上旬発売予定】,eyeup_co_jp,1,,identify,商品特定（撮影）,タグ・JAN・型番が写るように撮影し、点数を数えてください,タグ・JAN・型番・ブランド名を撮影、全体写真、数量,"qty!,photo!,candidate!,url",https://www.netsea.jp/shop/5215/251208-8EU,https://www.netsea.jp/shop/5215/251208-8EU,ガチアクタ ぷちふれ アクリルキーホルダー,1.00,,,,G
PKGI-02429441,8月,PKG-01084485,PKG(箱なし),PKG-01084485,1941,TVアニメ『ガチアクタ』 メタリック缶バッジ【予約商品：12月発売予定】,eyeup_co_jp,1,,identify,商品特定（撮影）,タグ・JAN・型番が写るように撮影し、点数を数えてください,タグ・JAN・型番・ブランド名を撮影、全体写真、数量,"qty!,photo!,candidate!,url",https://www.amazon.co.jp/arma-bianca-TV%E3%82%A2%E3%83%8B%E3%83%A1%E3%80%8E%E3%82%AC%E3%83%81%E3%82%A2%E3%82%AF%E3%82%BF%E3%80%8F-%E3%83%88%E3%83%AC%E3%83%BC%E3%83%87%E3%82%A3%E3%83%B3%E3%82%B0%E3%83%A1%E3%82%BF%E3%83%AA%E3%83%83%E3%82%AF%E7%BC%B6%E3%83%90%E3%83%83%E3%82%B8-16%E5%80%8B%E5%85%A5%E3%82%8ABOX/dp/B0GNRLZLLW,https://www.amazon.co.jp/arma-bianca-TV%E3%82%A2%E3%83%8B%E3%83%A1%E3%80%8E%E3%82%AC%E3%83%81%E3%82%A2%E3%82%AF%E3%82%BF%E3%80%8F-%E3%83%88%E3%83%AC%E3%83%BC%E3%83%87%E3%82%A3%E3%83%B3%E3%82%B0%E3%83%A1%E3%82%BF%E3%83%AA%E3%83%83%E3%82%AF%E7%BC%B6%E3%83%90%E3%83%83%E3%82%B8-16%E5%80%8B%E5%85%A5%E3%82%8ABOX/dp/B0GNRLZLLW,Amazon.co.jp: TVアニメ『ガチアクタ』 トレーディングメタリック缶バッジ 16個入りBOX : おもちゃ,0.90,,,,G
PKGI-02429442,8月,PKG-01084485,PKG(箱なし),PKG-01084485,1942,TVアニメ『ガチアクタ』 メモリアルカット缶バッジ【予約商品：12月発売予定】,eyeup_co_jp,1,,identify,商品特定（撮影）,タグ・JAN・型番が写るように撮影し、点数を数えてください,タグ・JAN・型番・ブランド名を撮影、全体写真、数量,"qty!,photo!,url",,,,,,,,G
PKGI-02712661,8月,PKG-01084485,PKG(箱なし),PKG-01084485,1943,TVアニメ『ガチアクタ』 ぷちふれ トレーディングメタリック缶バッジ【予約商品：2月上旬発売予定】,eyeup_co_jp,1,,identify,商品特定（撮影）,タグ・JAN・型番が写るように撮影し、点数を数えてください,タグ・JAN・型番・ブランド名を撮影、全体写真、数量,"qty!,photo!,url",,,,,,,,H
PKGI-02714198,8月,PKG-01084701,PKG(箱なし),PKG-01084701,1718,フィニッシャーズ・メダルクリップ,tokyo42195-shopping_org,1,,identify,商品特定（撮影）,タグ・JAN・型番が写るように撮影し、点数を数えてください,タグ・JAN・型番・ブランド名を撮影、全体写真、数量,"qty!,photo!,url",,,,,,,,G
PKGI-02714940,8月,PKG-01084742,PKG(箱なし),PKG-01084742,1719,【買取】フィニッシャーズ・メダルクリップ,tokyo42195-shopping_org,1,,identify,商品特定（撮影）,タグ・JAN・型番が写るように撮影し、点数を数えてください,タグ・JAN・型番・ブランド名を撮影、全体写真、数量,"qty!,photo!,url",,,,,,,,H
PKGI-02661687,8月,PKG-01086507,PKG(箱なし),PKG-01086507,1824,【２次予約・送料無料】『ビバリウム Adoと私』 特装版　箔押しクリアしおり3種セット ※数量限定・お1人様1点まで 【Release Date: 2026/04/16】,store_kadokawa_co_jp,1,,variant,色・サイズ・版,現物の色・サイズ・種類を確認してください,版・種類・サイズ・色、数量・セット内容、状態・未開封、画像と現物の一致、箱・袋の所在,"qty!,color!,size!,edition,condition!,set,photo",,,,,,,,A
PKGI-02661688,8月,PKG-01086536,PKG(箱なし),PKG-01086536,1823,【２次予約・送料無料】『ビバリウム Adoと私』 特装版　箔押しクリアしおり3種セット ※数量限定・お1人様1点まで 【Release Date: 2026/04/16】,store_kadokawa_co_jp,1,,variant,色・サイズ・版,現物の色・サイズ・種類を確認してください,版・種類・サイズ・色、数量・セット内容、状態・未開封、画像と現物の一致、箱・袋の所在,"qty!,color!,size!,edition,condition!,set,photo",,,,,,,,A
PKGI-02661979,8月,PKG-01086580,PKG(箱なし),PKG-01086580,1825,【２次予約・送料無料】『ビバリウム Adoと私』 特装版　箔押しクリアしおり3種セット ※数量限定・お1人様1点まで 【Release Date: 2026/04/16】,store_kadokawa_co_jp,1,,variant,色・サイズ・版,現物の色・サイズ・種類を確認してください,版・種類・サイズ・色、数量・セット内容、状態・未開封、画像と現物の一致、箱・袋の所在,"qty!,color!,size!,edition,condition!,set,photo",,,,,,,,A
PKGI-02628848,8月,PKG-01087509,PKG(箱なし),PKG-01087509,1901,【グッズ】キルシェ顔布タオルハンカチ(Towel Handkerchief),suzuri_jp,1,,identify,商品特定（撮影）,タグ・JAN・型番が写るように撮影し、点数を数えてください,タグ・JAN・型番・ブランド名を撮影、全体写真、数量,"qty!,photo!,url",,,,,,,,G
PKGI-02634980,8月,PKG-01087947,PKG(箱なし),PKG-01087947,1668,Double Belt Cap,fei-lang_com,1,,identify,商品特定（撮影）,タグ・JAN・型番が写るように撮影し、点数を数えてください,タグ・JAN・型番・ブランド名を撮影、全体写真、数量,"qty!,photo!,candidate!,url",https://fei-lang.com/products/popup限定-キャップ-先行受注,https://fei-lang.com/products/popup限定-キャップ-先行受注,Double Belt Cap,1.00,,,,G
PKGI-02643849,8月,PKG-01088391,PKG(箱なし),PKG-01088391,1872,若い読者に贈る美しい生物学講義　感動する生命のはなし,books_rakuten_co_jp,1,,identify,商品特定（撮影）,タグ・JAN・型番が写るように撮影し、点数を数えてください,タグ・JAN・型番・ブランド名を撮影、全体写真、数量,"qty!,photo!,candidate!,url",https://books.rakuten.co.jp/rb/16120035/,https://books.rakuten.co.jp/rb/16120035/,若い読者に贈る美しい生物学講義 感動する生命のはなし,1.00,,,,G
PKGI-02720763,8月,PKG-01088593,PKG(箱なし),PKG-01088593,1873,【買取】ステッカー付アクセサリーポーチ（エルサ）(アベイル)【予約】,shop-shimamura_com,1,,identify,商品特定（撮影）,タグ・JAN・型番が写るように撮影し、点数を数えてください,タグ・JAN・型番・ブランド名を撮影、全体写真、数量,"qty!,photo!,url",,,,,,,,H
PKGI-02640955,8月,PKG-01090274,PKG(箱なし),PKG-01090274,1796,リファエールブラシ（ローズゴールド）,mtgec_jp,1,,variant,色・サイズ・版,現物の色・サイズ・種類を確認してください,説明文の未確認項目（サイズ・色・種類・構成など）,"qty!,color!,size!,edition,photo",https://www.mtgec.jp/shop/g/g1201310101/,,,,,,,C
PKGI-02598378,8月,PKG-01091458,PKG(箱なし),PKG-01091458,1755,LIVE AT STOCKHOLM 06/06/2006 - FM BROADCAST,diskunion_net,1,,identify,商品特定（撮影）,タグ・JAN・型番が写るように撮影し、点数を数えてください,タグ・JAN・型番・ブランド名を撮影、全体写真、数量,"qty!,photo!,url",,,,,,,,G
PKGI-02617496,8月,PKG-01092446,PKG(箱なし),PKG-01092446,1659,SPORTS JOG 3　バーガンディー,marugo-wellness_jp,1,,variant,色・サイズ・版,現物の色・サイズ・種類を確認してください,版・種類・サイズ・色,"qty!,color!,size!,edition,photo",https://marugo-wellness.jp/products/tabi-sports-jog-3-burgundy?_pos=1&_sid=cb61ba043&_ss=r,,,,,,,A
PKGI-02660195,8月,PKG-01093428,PKG(箱なし),PKG-01093428,1596,【ナイジェル・ケーボン】UNISEX / 2パックジム Tシャツ / 2PACK GYM T-SHIRT,cabourn_jp,2,,identify,商品特定（撮影）,タグ・JAN・型番が写るように撮影し、点数を数えてください,タグ・JAN・型番・ブランド名を撮影、全体写真、数量,"qty!,photo!,url",,,,,,,,G
PKGI-02675918,8月,PKG-01094229,PKG(箱なし),PKG-01094229,1840,バブルシガレット(パロディ_1),kingsidea_jp,2,,identify,商品特定（撮影）,タグ・JAN・型番が写るように撮影し、点数を数えてください,タグ・JAN・型番・ブランド名を撮影、全体写真、数量,"qty!,photo!,url",,,,,,,,G
PKGI-02675919,8月,PKG-01094229,PKG(箱なし),PKG-01094229,1841,バブルシガレット(パロディ_4),kingsidea_jp,2,,identify,商品特定（撮影）,タグ・JAN・型番が写るように撮影し、点数を数えてください,タグ・JAN・型番・ブランド名を撮影、全体写真、数量,"qty!,photo!,url",,,,,,,,G
PKGI-02590695,8月,PKG-01095752,PKG(箱なし),PKG-01095752,1660,ハイスクール！奇面組/ジャージ/ライトグレー,store_hakabanogarou_jp,1,,identify,商品特定（撮影）,タグ・JAN・型番が写るように撮影し、点数を数えてください,タグ・JAN・型番・ブランド名を撮影、全体写真、数量,"qty!,photo!,candidate!,url",https://store.hakabanogarou.jp/view/item/000000020460,https://store.hakabanogarou.jp/view/item/000000020460,,,,,,G
PKGI-02590607,8月,PKG-01095966,PKG(箱なし),PKG-01095966,1661,AXXZIA Beauty Eyes Essence Sheet Premium Plus 60 sheets,axxzia_jp,1,,variant,色・サイズ・版,現物の色・サイズ・種類を確認してください,版・種類・サイズ・色,"qty!,color!,size!,edition,photo",https://axxzia.jp/en/products/axx-be020,,,,,,,A
PKGI-02590758,8月,PKG-01095976,PKG(箱なし),PKG-01095976,1618,フィアット・アバルト専用 シートベルトガイド / 左用  [ Seat Belt Guide for Fiat Abarth - Left Side ],eve-design_jp,2,,identify,商品特定（撮影）,タグ・JAN・型番が写るように撮影し、点数を数えてください,タグ・JAN・型番・ブランド名を撮影、全体写真、数量,"qty!,photo!,url",,,,,,,,H
PKGI-02593131,8月,PKG-01096278,PKG(箱なし),PKG-01096278,1882,【2026年3月中旬お届け予定】「ブルーロック」アクリルスタンド Fairy tale 御影 玲王,shop_muzzle_co_jp,1,,identify,商品特定（撮影）,タグ・JAN・型番が写るように撮影し、点数を数えてください,タグ・JAN・型番・ブランド名を撮影、全体写真、数量,"qty!,photo!,candidate!,url",https://anime-store.jp/products/4582650031949,https://anime-store.jp/products/4582650031949,『ブルーロック』アクリルスタンド Fairy tale 御影玲王｜Anime Store.JP,0.95,,,,G
PKGI-02593132,8月,PKG-01096278,PKG(箱なし),PKG-01096278,1883,【2026年3月中旬お届け予定】「ブルーロック」アクリルスタンド Fairy tale 凪 誠士郎,shop_muzzle_co_jp,1,,identify,商品特定（撮影）,タグ・JAN・型番が写るように撮影し、点数を数えてください,タグ・JAN・型番・ブランド名を撮影、全体写真、数量,"qty!,photo!,url",,,,,,,,G
PKGI-02593133,8月,PKG-01096278,PKG(箱なし),PKG-01096278,1884,【2026年3月中旬お届け予定】「ブルーロック」アクリルスタンド Fairy tale 蜂楽 廻,shop_muzzle_co_jp,1,,identify,商品特定（撮影）,タグ・JAN・型番が写るように撮影し、点数を数えてください,タグ・JAN・型番・ブランド名を撮影、全体写真、数量,"qty!,photo!,candidate!,url",https://shop.muzzle.co.jp/shopdetail/000000004905/,https://shop.muzzle.co.jp/shopdetail/000000004905/,【2026年11月中旬お届け予定】「ブルーロック」アクリルスタンド Fairy tale 千切 豹馬-Muzzle ONLINE SHOP,0.90,,,,G
PKGI-02592652,8月,PKG-01096432,PKG(箱なし),PKG-01096432,1789,モンスターハンター モンでふぉ ぬいぐるみ ラギアクルス,e-capcom_com,1,,variant,色・サイズ・版,現物の色・サイズ・種類を確認してください,版・種類・サイズ・色,"qty!,color!,size!,edition,photo",,,,,,,,A
PKGI-02593704,8月,PKG-01098012,PKG(箱なし),PKG-01098012,1600,Trails in the Sky the 1st High-Speed Cruiser <Arseille> Chronograph Watches,animecollection_jp,1,,identify,商品特定（撮影）,タグ・JAN・型番が写るように撮影し、点数を数えてください,タグ・JAN・型番・ブランド名を撮影、全体写真、数量,"qty!,photo!,url",,,,,,,,G
PKGI-02602331,8月,PKG-01099824,PKG(箱なし),PKG-01099824,1738,【+B】/NEW ERA/9TWENTY CS NUANCE/ベージュ/ML,ec_baystars_co_jp,1,,variant,色・サイズ・版,現物の色・サイズ・種類を確認してください,版・種類・サイズ・色,"qty!,color!,size!,edition,photo",https://ec.baystars.co.jp/items/ydb4550665787823,,,,,,,A
PKGI-02717387,8月,PKG-01102562,PKG(箱なし),PKG-01102562,1759,Re:Smile T [dark],eveofficialstore_com,1,,variant,色・サイズ・版,現物の色・サイズ・種類を確認してください,版・種類・サイズ・色、状態・未開封、画像と現物の一致,"qty!,color!,size!,edition,condition!,photo",,,,,,,,A
PKGI-02618930,8月,PKG-01104660,PKG(箱なし),PKG-01104660,1631,ボリューム厚底ブーツサンダル,store_world_co_jp,1,,presence,現物の有無,現物の有無と、ある場合は点数を確認してください,現物の有無と点数,"presence!,qty!",https://store.world.co.jp/brand/esperanza/item/BRP0626S0038,,,,,PDERJ2JLEV7K;PDH3AYYA33TA,,I
PKGI-02618931,8月,PKG-01104660,PKG(箱なし),PKG-01104660,1632,ボリューム厚底ブーツサンダル,store_world_co_jp,1,,variant,色・サイズ・版,現物の色・サイズ・種類を確認してください,版・種類・サイズ・色、数量・セット内容、状態・未開封,"qty!,photo!,color!,size!,edition,condition!,set",,,,,,,,B
PKGI-02618932,8月,PKG-01104660,PKG(箱なし),PKG-01104660,1699,スニーカーソールストラップシューズ,store_world_co_jp,1,,presence,現物の有無,現物の有無と、ある場合は点数を確認してください,現物の有無と点数,"presence!,qty!",https://mitsui-shopping-park.com/ec/p/1603800003789,,,,,PDA5WJUBVYCK;PDT6FVY71RIA,,I
PKGI-02633033,8月,PKG-01108555,PKG(箱なし),PKG-01108555,1639,マドラス madras リカバリー meta インソール ユニセックスカップインソール アクティブタイプ【返品不可商品】,shoe-style_jp,1,,photo_count,撮影＋点数,全体を撮影して、点数を数えてください,元帳数量保持・現物未確認,"qty!,photo!",https://www.madras.co.jp/shop/g/gZPMETA-CM-BLA-F/,,,,元帳数量保持・現物,,,B
PKGI-02657644,8月,PKG-01109292,PKG(箱なし),PKG-01109292,1797,人妻　覗かれた欲情,books_rakuten_co_jp,1,,identify,商品特定（撮影）,タグ・JAN・型番が写るように撮影し、点数を数えてください,タグ・JAN・型番・ブランド名を撮影、全体写真、数量,"qty!,photo!,url",,,,,,,,H
PKGI-02661154,8月,PKG-01109489,PKG(箱なし),PKG-01109489,1763,L'ALBUM D'INTRODUCTION DU FAKER CLUB JAPON PR?T POUR L'AUTOROUTE,hmv_co_jp,1,,identify,商品特定（撮影）,タグ・JAN・型番が写るように撮影し、点数を数えてください,タグ・JAN・型番・ブランド名を撮影、全体写真、数量,"qty!,photo!,url",,,,,,,,H
PKGI-02677776,8月,PKG-01110681,PKG(箱なし),PKG-01110681,1604,BLUE HAWAII [LP] [IN LIQUID-FILLED VINYL &#8211; BLUE LIQUID & SAND],diskunion_net,1,,variant,色・サイズ・版,現物の色・サイズ・種類を確認してください,版・種類・サイズ・色、数量・セット内容、bonus_or_purchase_benefit_presence、状態・未開封,"qty!,color!,size!,edition,condition!,set,photo",https://tower.jp/item/7976230,,,,,,,A
PKGI-02683143,8月,PKG-01110909,PKG(箱なし),PKG-01110909,1648,ベルトバッグ,shop_kind_co_jp,1,,identify,商品特定（撮影）,タグ・JAN・型番が写るように撮影し、点数を数えてください,タグ・JAN・型番・ブランド名を撮影、全体写真、数量,"qty!,photo!,url",,,,,,,,G
PKGI-02685764,8月,PKG-01110999,PKG(箱なし),PKG-01110999,1640,キングダム ハーツ ／ アイコニック イヤオブジェ ～オリジナル～,mayla_jp,1,,variant,色・サイズ・版,現物の色・サイズ・種類を確認してください,説明文の未確認項目（サイズ・色・種類・構成など）,"qty!,color!,size!,edition,photo",https://mayla.jp/SHOP/aca0365.html,,,,,,,C
PKGI-02767240,8月,PKG-01111767,PKG(箱なし),PKG-01111767,1749,レコードクレート Record Crate オリーブグリーン,diskunion_net,1,,identify,商品特定（撮影）,タグ・JAN・型番が写るように撮影し、点数を数えてください,タグ・JAN・型番・ブランド名を撮影、全体写真、数量,"qty!,photo!,url",,,,,,,,G
PKGI-02767241,8月,PKG-01111767,PKG(箱なし),PKG-01111767,1750,レコードクレート Record Crate  ライトグレー,diskunion_net,1,,identify,商品特定（撮影）,タグ・JAN・型番が写るように撮影し、点数を数えてください,タグ・JAN・型番・ブランド名を撮影、全体写真、数量,"qty!,photo!,url",,,,,,,,G
PKGI-02767242,8月,PKG-01111767,PKG(箱なし),PKG-01111767,1751,レコードクレート Record Crate ブラック,diskunion_net,1,,identify,商品特定（撮影）,タグ・JAN・型番が写るように撮影し、点数を数えてください,タグ・JAN・型番・ブランド名を撮影、全体写真、数量,"qty!,photo!,url",,,,,,,,G
PKGI-02694448,8月,PKG-01113486,PKG(箱なし),PKG-01113486,1642,BLEACHED PLAID L/S SHIRT,calif_cc,1,,identify,商品特定（撮影）,タグ・JAN・型番が写るように撮影し、点数を数えてください,タグ・JAN・型番・ブランド名を撮影、全体写真、数量,"qty!,photo!,candidate!,url",https://calif.cc/products/105262014003,https://calif.cc/products/105262014003,BLEACHED PLAID L/S SHIRT,1.00,,,,G
PKGI-02694447,8月,PKG-01113486,PKG(箱なし),PKG-01113486,1703,FADED HEART SPRAY LOGO S/S BABY TEE,calif_cc,1,,variant,色・サイズ・版,現物の色・サイズ・種類を確認してください,版・種類・サイズ・色,"qty!,color!,size!,edition,photo",https://brandavenue.rakuten.co.jp/item/RX2497/,,,,,,,A
PKGI-02727657,8月,PKG-01113553,PKG(箱なし),PKG-01113553,1727,錦戸亮 LIVE TOUR 2021 ”Note” ＜初回限定盤＞（2Blu-ray Disc）【Blu-ray】,books_rakuten_co_jp,1,,identify,商品特定（撮影）,タグ・JAN・型番が写るように撮影し、点数を数えてください,タグ・JAN・型番・ブランド名を撮影、全体写真、数量,"qty!,photo!,url",,,,,,,,G
PKGI-02748835,8月,PKG-01115326,PKG(箱なし),PKG-01115326,1693,T-SHIRT【DOME/NAOYA INOUE X MHAK/CAMO】,monster-naoyainoue_com,1,,variant,色・サイズ・版,現物の色・サイズ・種類を確認してください,版・種類・サイズ・色、状態・未開封,"qty!,color!,size!,edition,condition!,photo",https://monster-naoyainoue.com/products/4550393581007,,,,,,,A
PKGI-02733826,8月,PKG-01115723,PKG(箱なし),PKG-01115723,1761,スパークプラグ（スタンダードTシャツ）(Regular Fit T-Shirt),suzuri_jp,1,,variant,色・サイズ・版,現物の色・サイズ・種類を確認してください,版・種類・サイズ・色,"qty!,color!,size!,edition,photo",https://suzuri.jp/officialnekojiru/13058739/t-shirt/s/white?locale=en,,,,,,,A
PKGI-02733827,8月,PKG-01115723,PKG(箱なし),PKG-01115723,1762,ブラヂル（スタンダードTシャツ）(Regular Fit T-Shirt),suzuri_jp,1,,variant,色・サイズ・版,現物の色・サイズ・種類を確認してください,版・種類・サイズ・色、数量・セット内容、状態・未開封、画像と現物の一致,"qty!,color!,size!,edition,condition!,set,photo",https://suzuri.jp/officialnekojiru/13058518/t-shirt/s/white,,,,,,,A
PKGI-02733825,8月,PKG-01115723,PKG(箱なし),PKG-01115723,1802,フラワーズ(Regular Fit T-Shirt),suzuri_jp,1,,identify,商品特定（撮影）,タグ・JAN・型番が写るように撮影し、点数を数えてください,タグ・JAN・型番・ブランド名を撮影、全体写真、数量,"qty!,photo!,url",,,,,,,,G
PKGI-02743881,8月,PKG-01116471,PKG(箱なし),PKG-01116471,1783,抱き枕 だいふく山,sumall_sumo_or_jp,1,,variant,色・サイズ・版,現物の色・サイズ・種類を確認してください,版・種類・サイズ・色,"qty!,color!,size!,edition,photo",,,,,,,,A
PKGI-02755665,8月,PKG-01119613,PKG(箱なし),PKG-01119613,1589,Track Pants,archstyle_tv,1,,identify,商品特定（撮影）,タグ・JAN・型番が写るように撮影し、点数を数えてください,タグ・JAN・型番・ブランド名を撮影、全体写真、数量,"qty!,photo!,url",,,,,,,,G
PKGI-02687577,8月,PKG-01125259,PKG(箱なし),PKG-01125259,1837,"ANAheim アナハイム ラップトップ スリーブ 16 インチ ""クラフト"" | 自分だけの風合いへと育つ素材の PCケース",detail_co_jp,1,,condition,状態,未開封か、傷・欠品がないかを確認してください,状態・未開封,"qty!,condition!,photo",,,,,,,,F
PKGI-02716187,8月,PKG-01126988,PKG(箱なし),PKG-01126988,1684,【買取】HANA Moment Box 2026【2026年3月下旬発送予定】,bmsg_shop,1,,identify,商品特定（撮影）,タグ・JAN・型番が写るように撮影し、点数を数えてください,タグ・JAN・型番・ブランド名を撮影、全体写真、数量,"qty!,photo!,url",,,,,,,,H
PKGI-02813412,8月,PKG-01129068,PKG(箱なし),PKG-01129068,1597,RADIO EVA SWITCHING NYLON JACKET（YELLOW（EVA-00））,radio-eva_jp,1,,variant,色・サイズ・版,現物の色・サイズ・種類を確認してください,版・種類・サイズ・色,"qty!,color!,size!,edition,photo",https://www.evastore.jp/shop/g/gA3144201/,,,,,,,A
PKGI-02813413,8月,PKG-01129068,PKG(箱なし),PKG-01129068,1598,RADIO EVA SWITCHING NYLON JACKET（RED（EVA-02））,radio-eva_jp,1,,variant,色・サイズ・版,現物の色・サイズ・種類を確認してください,版・種類・サイズ・色,"qty!,color!,size!,edition,photo",https://www.evastore.jp/shop/g/gA3144221/,,,,,,,A
PKGI-02824079,8月,PKG-01129904,PKG(箱なし),PKG-01129904,1722,【別注】中華 ラーメン 鉢,beams_co_jp,2,,variant,色・サイズ・版,現物の色・サイズ・種類を確認してください,確認数量（元リストの商品単位） / 欠品・付属品の実際の内容 / 現物の柄・刻印・欠け/状態を確認 / 箱番号・実所在 / 箱番号・所在,"qty!,photo!,edition,condition!",https://brandavenue.rakuten.co.jp/item/KU3662/?l2-id=brn_item_recommend&recommend=1&rtg=a0e57f6f531361d0fb09e06be9e6f0b7,,,,,,,B
PKGI-02716479,8月,PKG-01131071,PKG(箱なし),PKG-01131071,1898,【買取】Lパース,hightide-online_jp,1,,identify,商品特定（撮影）,タグ・JAN・型番が写るように撮影し、点数を数えてください,タグ・JAN・型番・ブランド名を撮影、全体写真、数量,"qty!,photo!,url",,,,,,,,H
PKGI-02716480,8月,PKG-01131071,PKG(箱なし),PKG-01131071,1935,【買取】ソフトPPノート B6 Grid,hightide-online_jp,1,,variant,色・サイズ・版,現物の色・サイズ・種類を確認してください,版・種類・サイズ・色,"qty!,color!,size!,edition,photo",https://www.hightide.co.jp/c/category/stationery/notebook/grid/item-cn159,,,,,,,A
PKGI-02716481,8月,PKG-01131071,PKG(箱なし),PKG-01131071,1936,【買取】ソフトPPノート B6 Grid,hightide-online_jp,1,,variant,色・サイズ・版,現物の色・サイズ・種類を確認してください,版・種類・サイズ・色,"qty!,color!,size!,edition,photo",,,,,,,,A
PKGI-02718062,8月,PKG-01131454,PKG(箱なし),PKG-01131454,1929,ケプト クリアペンケース,raymay-store_jp,1,,identify,商品特定（撮影）,タグ・JAN・型番が写るように撮影し、点数を数えてください,タグ・JAN・型番・ブランド名を撮影、全体写真、数量,"qty!,photo!,candidate!,url",https://www.raymay-store.jp/products/detail/1342,https://www.raymay-store.jp/products/detail/1342,,,,,,G
PKGI-02718063,8月,PKG-01131454,PKG(箱なし),PKG-01131454,1930,ケプト クリアペンケース,raymay-store_jp,1,,identify,商品特定（撮影）,タグ・JAN・型番が写るように撮影し、点数を数えてください,タグ・JAN・型番・ブランド名を撮影、全体写真、数量,"qty!,photo!,url",,,,,,,,G
PKGI-02808166,8月,PKG-01134165,PKG(箱なし),PKG-01134165,1767,カモフラージュ コンシーラーチーク,store_brilliage_jp,1,,variant,色・サイズ・版,現物の色・サイズ・種類を確認してください,版・種類・サイズ・色、数量・セット内容、bonus_or_purchase_benefit_presence、状態・未開封,"qty!,color!,size!,edition,condition!,set,photo",https://brilliage.jp/products/13398,,,,,,,A
PKGI-02808167,8月,PKG-01134165,PKG(箱なし),PKG-01134165,1778,ワイドフィンガーブラシ,store_brilliage_jp,1,,set,セット内容,点数と、セットの中身（何が何個あるか）を確認してください,数量・セット内容、状態・未開封,"qty!,set!,condition!,photo",https://brilliage.jp/products/13399,,,,,,,D
PKGI-02802340,8月,PKG-01136962,PKG(箱なし),PKG-01136962,1620,【受注生産】【特典つき】星のカービィ×阪急電車 添乗ぬいぐるみ カービィ,hankyudensha-shop_com,1,,identify,商品特定（撮影）,タグ・JAN・型番が写るように撮影し、点数を数えてください,タグ・JAN・型番・ブランド名を撮影、全体写真、数量,"qty!,photo!,url",,,,,,,,H
PKGI-02757528,8月,PKG-01137098,PKG(箱なし),PKG-01137098,1842,【買取】Ruby,hmv_co_jp,1,,identify,商品特定（撮影）,タグ・JAN・型番が写るように撮影し、点数を数えてください,タグ・JAN・型番・ブランド名を撮影、全体写真、数量,"qty!,photo!,url",,,,,,,,H
PKGI-02757527,8月,PKG-01137098,PKG(箱なし),PKG-01137098,1857,【買取】The Best,hmv_co_jp,1,,identify,商品特定（撮影）,タグ・JAN・型番が写るように撮影し、点数を数えてください,タグ・JAN・型番・ブランド名を撮影、全体写真、数量,"qty!,photo!,url",,,,,,,,G
PKGI-02752277,8月,PKG-01137189,PKG(箱なし),PKG-01137189,1838,ペインターズガッシュ　13色プラケースセット,nicker-shop_com,1,,identify,商品特定（撮影）,タグ・JAN・型番が写るように撮影し、点数を数えてください,タグ・JAN・型番・ブランド名を撮影、全体写真、数量,"qty!,photo!,url",,,,,,,,G
PKGI-02793028,8月,PKG-01139833,PKG(箱なし),PKG-01139833,1953,【買取】2415-AUS-01-000 3COINS ヘアスタイリングブラシHard／and us,palcloset_jp,1,,variant,色・サイズ・版,現物の色・サイズ・種類を確認してください,版・種類・サイズ・色、数量・セット内容、状態・未開封,"qty!,color!,size!,edition,condition!,set,photo",https://www.palcloset.jp/display/item/2415-AUS-01-000/,,,,,,,A
PKGI-02737627,8月,PKG-01141168,PKG(箱なし),PKG-01141168,1814,JR東日本 みどりの駅時計BOOK,tkj_jp,1,,photo_count,撮影＋点数,全体を撮影して、点数を数えてください,確認数量（元リストの商品単位） / 欠品・付属品の実際の内容 / 冊子と時計の揃い・BOOK初版/BOOK2の区別・電池/動作/現物数量を確認 / 箱番号・実所在 / 箱番号・所在,"qty!,photo!",,,,,,,,B
PKGI-02739213,8月,PKG-01144295,PKG(箱なし),PKG-01144295,1846,[申込期間：2026年4月5日迄]ジオラマアクリルスタンド,manga10_com,1,,identify,商品特定（撮影）,タグ・JAN・型番が写るように撮影し、点数を数えてください,タグ・JAN・型番・ブランド名を撮影、全体写真、数量,"qty!,photo!,url",,,,,,,,G
PKGI-02739217,8月,PKG-01144295,PKG(箱なし),PKG-01144295,1897,[申込期間：2026年4月5日迄]2連アクリルチャーム／ふたり,manga10_com,1,,identify,商品特定（撮影）,タグ・JAN・型番が写るように撮影し、点数を数えてください,タグ・JAN・型番・ブランド名を撮影、全体写真、数量,"qty!,photo!,url",,,,,,,,G
PKGI-02739214,8月,PKG-01144295,PKG(箱なし),PKG-01144295,1917,[申込期間：2026年4月5日迄]学生証風カード／航,manga10_com,1,,identify,商品特定（撮影）,タグ・JAN・型番が写るように撮影し、点数を数えてください,タグ・JAN・型番・ブランド名を撮影、全体写真、数量,"qty!,photo!,url",,,,,,,,H
PKGI-02739215,8月,PKG-01144295,PKG(箱なし),PKG-01144295,1918,[申込期間：2026年4月5日迄]学生証風カード／湊,manga10_com,1,,identify,商品特定（撮影）,タグ・JAN・型番が写るように撮影し、点数を数えてください,タグ・JAN・型番・ブランド名を撮影、全体写真、数量,"qty!,photo!,url",,,,,,,,H
PKGI-02739216,8月,PKG-01144295,PKG(箱なし),PKG-01144295,1922,[申込期間：2026年4月5日迄]自撮り風ブロマイド：トレーディング全6種,manga10_com,2,,identify,商品特定（撮影）,タグ・JAN・型番が写るように撮影し、点数を数えてください,タグ・JAN・型番・ブランド名を撮影、全体写真、数量,"qty!,photo!,url",,,,,,,,H
PKGI-02735006,8月,PKG-01144828,PKG(箱なし),PKG-01144828,1617,AllOUT BACKPACK 45L BLACK and AQUA,allout-official_com,1,,variant,色・サイズ・版,現物の色・サイズ・種類を確認してください,版・種類・サイズ・色、数量・セット内容、状態・未開封,"qty!,color!,size!,edition,condition!,set,photo",https://allout-official.com/products/allout_backpack_45l_blackandaqua,,,,現物,,,A
PKGI-02764817,8月,PKG-01145320,PKG(箱なし),PKG-01145320,1853,ニャンオェ着せ替え(ケロロ軍曹ver.),store_plusmember_jp,1,,identify,商品特定（撮影）,タグ・JAN・型番が写るように撮影し、点数を数えてください,タグ・JAN・型番・ブランド名を撮影、全体写真、数量,"qty!,photo!,url",,,,,,,,H
PKGI-02769791,8月,PKG-01145909,PKG(箱なし),PKG-01145909,1717,Rev CounterTシャツ（大人用）,tommy12_jp,1,,identify,商品特定（撮影）,タグ・JAN・型番が写るように撮影し、点数を数えてください,タグ・JAN・型番・ブランド名を撮影、全体写真、数量,"qty!,photo!,url",,,,,,,,H
PKGI-02768599,8月,PKG-01146007,PKG(箱なし),PKG-01146007,1635,【80日間前後お届け】POWER SEND ユニフォーム/VISITOR/ポケモン/マリル【予約】,ec_baystars_co_jp,1,,variant,色・サイズ・版,現物の色・サイズ・種類を確認してください,版・種類・サイズ・色、数量・セット内容、状態・未開封,"qty!,color!,size!,edition,condition!,set,photo",https://ec.baystars.co.jp/items/ydb4573676026095,,,,現物,,,A
PKGI-02777894,8月,PKG-01146772,PKG(箱なし),PKG-01146772,1766,Cyberpunk: Edgerunners 【サイバーパンク エッジランナーズ】　ルーシーTシャツ,blackballoon_market,1,,variant,色・サイズ・版,現物の色・サイズ・種類を確認してください,版・種類・サイズ・色、数量・セット内容、状態・未開封,"qty!,color!,size!,edition,condition!,set,photo",https://blackballoon.market/products/z553fptn9,,,,元帳数量保持・現物,,,A
PKGI-02823867,8月,PKG-01148947,PKG(箱なし),PKG-01148947,1895,【買取】PP102 WASHI WRAPPING PAPER SET 004 IVORY&WHITE,waccapaper_theshop_jp,1,,set,セット内容,点数と、セットの中身（何が何個あるか）を確認してください,数量・セット内容、状態・未開封,"qty!,set!,condition!,photo",https://waccapaper.theshop.jp/items/60480258,,,,,,,D
PKGI-02823868,8月,PKG-01148947,PKG(箱なし),PKG-01148947,1902,【買取】PP50　A5抄き返し ひっかけ和紙 ネイビー|水玉 30枚入,waccapaper_theshop_jp,1,,set,セット内容,点数と、セットの中身（何が何個あるか）を確認してください,数量・セット内容、状態・未開封,"qty!,set!,condition!,photo",https://waccapaper.theshop.jp/items/73675638,,,,,,,D
PKGI-02710915,8月,PKG-01150648,PKG(箱なし),PKG-01150648,1672,LB World Logo Simple Tee Black,lbwk_jp,1,,identify,商品特定（撮影）,タグ・JAN・型番が写るように撮影し、点数を数えてください,タグ・JAN・型番・ブランド名を撮影、全体写真、数量,"qty!,photo!,url",,,,,,,,G
PKGI-02741520,8月,PKG-01151679,PKG(箱なし),PKG-01151679,1714,【お試し】Hammer超極薄/OX[Hammer Ultra-Thin]WRM custom-made,rubber_ocnk_net,2,,variant,色・サイズ・版,現物の色・サイズ・種類を確認してください,版・種類・サイズ・色、数量・セット内容、状態・未開封,"qty!,photo!,color!,size!,edition,condition!,set",,,,,,,,B
PKGI-02710989,8月,PKG-01153237,PKG(箱なし),PKG-01153237,1612,星のカービィ トランジットラウンジ スーツケース 機内持ち込み 32L 36cm  50060 TRANSIT LOUNGE Kirby キャリーケース ハードキャリー かわいい キャラクター 軽量 修学旅行 旅行用 キャリーバッグ,sacsbar_com,1,,identify,商品特定（撮影）,タグ・JAN・型番が写るように撮影し、点数を数えてください,タグ・JAN・型番・ブランド名を撮影、全体写真、数量,"qty!,photo!,url",,,,,,,,H
PKGI-02706152,8月,PKG-01153369,PKG(箱なし),PKG-01153369,1748,【買取】スタイリッシュスラックス《セットアップ着用可》《WEB・一部店舗限定》,y-aoyama_jp,1,,identify,商品特定（撮影）,タグ・JAN・型番が写るように撮影し、点数を数えてください,タグ・JAN・型番・ブランド名を撮影、全体写真、数量,"qty!,photo!,url",,,,,,,,G
PKGI-02722671,8月,PKG-01154357,PKG(箱なし),PKG-01154357,1616,原神　七聖召喚　拡張パック　Vol.1　2025年2月仮予約,shop_fantasy-village_com,4,,identify,商品特定（撮影）,タグ・JAN・型番が写るように撮影し、点数を数えてください,タグ・JAN・型番・ブランド名を撮影、全体写真、数量,"qty!,photo!,url",,,,,,,,G
PKGI-02722672,8月,PKG-01154357,PKG(箱なし),PKG-01154357,1764,原神　七聖召喚　パーツセット　2025年6月仮予約,shop_fantasy-village_com,2,,identify,商品特定（撮影）,タグ・JAN・型番が写るように撮影し、点数を数えてください,タグ・JAN・型番・ブランド名を撮影、全体写真、数量,"qty!,photo!,candidate!,url",https://shop.fantasy-village.com/shopdetail/000000007555/,https://shop.fantasy-village.com/shopdetail/000000007555/,,,,,,G
PKGI-02722673,8月,PKG-01154357,PKG(箱なし),PKG-01154357,1908,原神　七聖召喚　構築済みデッキ　Vol.1　2025年2月仮予約,shop_fantasy-village_com,1,,identify,商品特定（撮影）,タグ・JAN・型番が写るように撮影し、点数を数えてください,タグ・JAN・型番・ブランド名を撮影、全体写真、数量,"qty!,photo!,url",,,,,,,,G
PKGI-02722674,8月,PKG-01154357,PKG(箱なし),PKG-01154357,1909,原神　七聖召喚　構築済みデッキ　Vol.1　2025年2月仮予約,shop_fantasy-village_com,1,,identify,商品特定（撮影）,タグ・JAN・型番が写るように撮影し、点数を数えてください,タグ・JAN・型番・ブランド名を撮影、全体写真、数量,"qty!,photo!,url",,,,,,,,G
PKGI-02709379,8月,PKG-01154490,PKG(箱なし),PKG-01154490,1815,HYSTERIC TIMES シアーハイソックス,store_hystericglamour_jp,1,,variant,色・サイズ・版,現物の色・サイズ・種類を確認してください,確認数量（元リストの商品単位） / 欠品・付属品の実際の内容 / 現物の左右の揃い・色・品番を確認 / 箱番号・実所在 / 箱番号・所在,"qty!,photo!,color!,edition",,,,,,,,B
PKGI-02711104,8月,PKG-01154578,PKG(箱なし),PKG-01154578,1650,VIVA LA 2008 SHIRT【BLACK】,domicile-tokyo_shop-pro_jp,1,,identify,商品特定（撮影）,タグ・JAN・型番が写るように撮影し、点数を数えてください,タグ・JAN・型番・ブランド名を撮影、全体写真、数量,"qty!,photo!,url",,,,,,,,G
PKGI-02771030,8月,PKG-01155224,PKG(箱なし),PKG-01155224,1844,Ascend-: 6th Mini Album (11 Ver.)(ランダムバージョン)＜限定特典対象＞ (発売日: 2026年05月19日) + '（特典あり)',tower_jp,1,,identify,商品特定（撮影）,タグ・JAN・型番が写るように撮影し、点数を数えてください,タグ・JAN・型番・ブランド名を撮影、全体写真、数量,"qty!,photo!,url",,,,,,,,G
PKGI-02780889,8月,PKG-01157531,PKG(箱なし),PKG-01157531,1588,オリムピック(OLYMPIC) 17コンパット(COMPATTO) GCMS-745M(スピニングモデル),casterhouse_co_jp,1,,variant,色・サイズ・版,現物の色・サイズ・種類を確認してください,版・種類・サイズ・色、数量・セット内容、状態・未開封、画像と現物の一致、箱・袋の所在,"qty!,color!,size!,edition,condition!,set,photo",https://www.casterhouse.co.jp/shop/products/detail/41871,,,,,,,A
PKGI-02787950,8月,PKG-01158201,PKG(箱なし),PKG-01158201,1716,【新商品】エウレカセブン/20周年記念展 アネモネ Tシャツ/ホワイト,store_hakabanogarou_jp,1,,identify,商品特定（撮影）,タグ・JAN・型番が写るように撮影し、点数を数えてください,タグ・JAN・型番・ブランド名を撮影、全体写真、数量,"qty!,photo!,candidate!,url",https://store.hakabanogarou.jp/view/item/000000021441,https://store.hakabanogarou.jp/view/item/000000021441,エウレカセブン/20周年記念展 アネモネ Tシャツ/ホワイト｜墓場の画廊ONLINE STORE,1.00,,,,G
PKGI-02787951,8月,PKG-01158201,PKG(箱なし),PKG-01158201,1924,【新商品】エウレカセブン/エウレカ コスチュームキーホルダー,store_hakabanogarou_jp,1,,identify,商品特定（撮影）,タグ・JAN・型番が写るように撮影し、点数を数えてください,タグ・JAN・型番・ブランド名を撮影、全体写真、数量,"qty!,photo!,url",,,,,,,,G
PKGI-02738025,8月,PKG-01159555,PKG(箱なし),PKG-01159555,1807,【当日発送】水光ネイルヌードピンクマグネットパールビジューオーバルネイルチップ,moda-jp_com,1,,variant,色・サイズ・版,現物の色・サイズ・種類を確認してください,説明文の未確認項目（サイズ・色・種類・構成など）,"qty!,color!,size!,edition,photo",https://anail.jp/products/ljnt424125,,,,,,,C
PKGI-02738026,8月,PKG-01159555,PKG(箱なし),PKG-01159555,1808,【当日発送】水光ネイルヌードピンクマグネットパールビジューオーバルネイルチップ,moda-jp_com,1,,variant,色・サイズ・版,現物の色・サイズ・種類を確認してください,説明文の未確認項目（サイズ・色・種類・構成など）,"qty!,color!,size!,edition,photo",,,,,,,,C
PKGI-02791632,8月,PKG-01160752,PKG(箱なし),PKG-01160752,1721,【買取】【光るおもちゃ】『輝光刀 スパークブレード』,toykidsworld_jp,3,,identify,商品特定（撮影）,タグ・JAN・型番が写るように撮影し、点数を数えてください,タグ・JAN・型番・ブランド名を撮影、全体写真、数量,"qty!,photo!,candidate!,url",https://toykidsworld.jp/view/item/000000005569,https://toykidsworld.jp/view/item/000000005569,,,,,,G
PKGI-02884485,8月,PKG-01161075,PKG(箱なし),PKG-01161075,1784,【買取】NARUTO-ナルト- 疾風伝 バイスクルトランプv2,brujula-store_com,2,,set,セット内容,点数と、セットの中身（何が何個あるか）を確認してください,数量・セット内容,"qty!,set!,photo",https://brujula-store.com/SHOP/4573548976244.html,,,,,,,D
PKGI-02884486,8月,PKG-01161075,PKG(箱なし),PKG-01161075,1785,【買取】「デジモンアドベンチャー」「デジモンアドベンチャー02」　バイスクルトランプ,brujula-store_com,2,,variant,色・サイズ・版,現物の色・サイズ・種類を確認してください,版・種類・サイズ・色、数量・セット内容、状態・未開封,"qty!,color!,size!,edition,condition!,set,photo",https://brujula-store.com/SHOP/4573548970334.html,,,,元帳数量保持・現物,,,A
PKGI-02822212,8月,PKG-01163865,PKG(箱なし),PKG-01163865,1724,Confessions II 【HMV限定盤】(12 Track)(ベビーピンク・ヴァイナル仕様/アナログレコード),hmv_co_jp,1,,identify,商品特定（撮影）,タグ・JAN・型番が写るように撮影し、点数を数えてください,タグ・JAN・型番・ブランド名を撮影、全体写真、数量,"qty!,photo!,url",,,,,,,,H
PKGI-02823818,8月,PKG-01164144,PKG(箱なし),PKG-01164144,1948,【買取】【レジンペン】単品 0.7mm クロームマーカー 全6色 リムーバーペン バラ売り 中細 金 銀 メタリック クローム ミラー ペン 光沢 鏡面 ゴールド ブロンズ シルバー クラフト《選べる7種》,shop-green-ocean_com,1,,identify,商品特定（撮影）,タグ・JAN・型番が写るように撮影し、点数を数えてください,タグ・JAN・型番・ブランド名を撮影、全体写真、数量,"qty!,photo!,url",,,,,,,,G
PKGI-02833367,8月,PKG-01164620,PKG(箱なし),PKG-01164620,1694,【買取】トレーディング缶バッジ(The movie ver.),store_kingrecords_co_jp,15,,identify,商品特定（撮影）,タグ・JAN・型番が写るように撮影し、点数を数えてください,タグ・JAN・型番・ブランド名を撮影、全体写真、数量,"qty!,photo!,url",,,,,,,,G
PKGI-02833365,8月,PKG-01164620,PKG(箱なし),PKG-01164620,1926,【買取】メタルキーホルダー(MOVIE CAFE ver.) Fling Posse,store_kingrecords_co_jp,1,,identify,商品特定（撮影）,タグ・JAN・型番が写るように撮影し、点数を数えてください,タグ・JAN・型番・ブランド名を撮影、全体写真、数量,"qty!,photo!,url",,,,,,,,G
PKGI-02834915,8月,PKG-01165126,PKG(箱なし),PKG-01165126,1673,【買取】ARIRANG (BTS The 5th Album 613 Limited Edition -Picture Vinyl)(ピクチャー・ヴァイナル仕様/アナログレコード),hmv_co_jp,1,,identify,商品特定（撮影）,タグ・JAN・型番が写るように撮影し、点数を数えてください,タグ・JAN・型番・ブランド名を撮影、全体写真、数量,"qty!,photo!,url",,,,,,,,G
PKGI-02854246,8月,PKG-01165198,PKG(箱なし),PKG-01165198,1737,ごひいきセット(豊昇龍),sumall_sumo_or_jp,1,,variant,色・サイズ・版,現物の色・サイズ・種類を確認してください,版・種類・サイズ・色、数量・セット内容、状態・未開封,"qty!,color!,size!,edition,condition!,set,photo",https://sumall.sumo.or.jp/products/4573619419182,,,,元帳数量保持・現物,,,A
PKGI-02884480,8月,PKG-01169016,PKG(箱なし),PKG-01169016,1667,【買取】合皮スクールバッグ(ブラック×シルバー)  ARCB-2016-11,conomi_jp,1,,variant,色・サイズ・版,現物の色・サイズ・種類を確認してください,版・種類・サイズ・色、数量・セット内容、状態・未開封、画像と現物の一致,"qty!,color!,size!,edition,condition!,set,photo",https://www.conomi.jp/c/price-10000/ARCB-2016-11,,,,,,,A
PKGI-02785415,8月,PKG-01176165,PKG(箱なし),PKG-01176165,1849,【買取】イヤホン　ポーチチャーム（AirPods対応）,usagi-online_com,1,,identify,商品特定（撮影）,タグ・JAN・型番が写るように撮影し、点数を数えてください,タグ・JAN・型番・ブランド名を撮影、全体写真、数量,"qty!,photo!,url",,,,,,,,G
PKGI-02786948,8月,PKG-01176485,PKG(箱なし),PKG-01176485,1803,TENDER CARE PAJAMA,mandarinebrothers_shop,1,,variant,色・サイズ・版,現物の色・サイズ・種類を確認してください,確認数量（元リストの商品単位） / 欠品・付属品の実際の内容 / 現物のサイズ・色・タグを確認。XS/S掲載ページから個体サイズを決めない / 箱番号・実所在 / 箱番号・所在,"qty!,photo!,color!,size!,edition",https://www.mandarinebrothers.com/items/132731535,,,,,,,B
PKGI-02786949,8月,PKG-01176485,PKG(箱なし),PKG-01176485,1804,TENDER CARE PAJAMA,mandarinebrothers_shop,1,,variant,色・サイズ・版,現物の色・サイズ・種類を確認してください,確認数量（元リストの商品単位） / 欠品・付属品の実際の内容 / 現物のサイズ・色・タグを確認。XS/S掲載ページから個体サイズを決めない / 箱番号・実所在 / 箱番号・所在,"qty!,photo!,color!,size!,edition",,,,,,,,B
PKGI-02786946,8月,PKG-01176485,PKG(箱なし),PKG-01176485,1850,SKIN TIGHT SUIT,mandarinebrothers_shop,1,,identify,商品特定（撮影）,タグ・JAN・型番が写るように撮影し、点数を数えてください,タグ・JAN・型番・ブランド名を撮影、全体写真、数量,"qty!,photo!,candidate!,url",https://mandarinebrothers.shop/view/item/000000000024,https://mandarinebrothers.shop/view/item/000000000024,SKIN TIGHT SUIT | WEAR | 犬服 MANDARINE BROTHERS マンダリンブラザーズ公式,1.00,,,,H
PKGI-02786947,8月,PKG-01176485,PKG(箱なし),PKG-01176485,1851,SKIN TIGHT SUIT,mandarinebrothers_shop,1,,identify,商品特定（撮影）,タグ・JAN・型番が写るように撮影し、点数を数えてください,タグ・JAN・型番・ブランド名を撮影、全体写真、数量,"qty!,photo!,url",,,,,,,,H
PKGI-02831568,8月,PKG-01178467,PKG(箱なし),PKG-01178467,1654,"【Mo,de in Japan】NOTOSNOW　Yシャツ",shop_modein_jp,1,,variant,色・サイズ・版,現物の色・サイズ・種類を確認してください,版・種類・サイズ・色、数量・セット内容、状態・未開封、箱・袋の所在,"qty!,color!,size!,edition,condition!,set,photo",https://shop.modein.jp/products/mo-de-in-japan-notosnow,,,,現物,,,A
PKGI-02834758,8月,PKG-01178569,PKG(箱なし),PKG-01178569,1836,【買取】リストラップ,allout-official_com,1,,photo_count,撮影＋点数,全体を撮影して、点数を数えてください,元帳数量保持・現物未確認,"qty!,photo!",https://allout-official.com/products/mmww,,,,元帳数量保持・現物,,,B
PKGI-02803531,8月,PKG-01181057,PKG(箱なし),PKG-01181057,1752,アニメ「えぶりでいホスト」 メタリック缶バッジ4個セット シン＆ルイ＆ミオ＆おこのみ太郎,charaon_jp,2,,variant,色・サイズ・版,現物の色・サイズ・種類を確認してください,版・種類・サイズ・色、数量・セット内容、状態・未開封,"qty!,color!,size!,edition,condition!,set,photo",https://www.charaon.jp/SHOP/AZEVD007.html,,,,現物4個の構成・印刷・状態,,,A
PKGI-02822181,8月,PKG-01181057,PKG(箱なし),PKG-01181057,1753,アニメ「えぶりでいホスト」 メタリック缶バッジ4個セット シン＆ルイ＆ミオ＆おこのみ太郎,charaon_jp,2,,variant,色・サイズ・版,現物の色・サイズ・種類を確認してください,版・種類・サイズ・色、数量・セット内容、状態・未開封,"qty!,color!,size!,edition,condition!,set,photo",,,,,現物4個の構成・印刷・状態,,,A
PKGI-02858983,8月,PKG-01186053,PKG(箱なし),PKG-01186053,1854,アーチ・エネミー2026年日本公演4月18日東京+bonus　Pro DVD,livebootleg_net,1,,identify,商品特定（撮影）,タグ・JAN・型番が写るように撮影し、点数を数えてください,タグ・JAN・型番・ブランド名を撮影、全体写真、数量,"qty!,photo!,url",,,,,,,,G
PKGI-02876701,8月,PKG-01187443,PKG(箱なし),PKG-01187443,1768,【買取】カモフラージュ コンシーラーチーク,store_brilliage_jp,1,,variant,色・サイズ・版,現物の色・サイズ・種類を確認してください,確認数量（元リストの商品単位） / 欠品・付属品の実際の内容 / 現物のカラー番号・外箱SKU・特典有無・未開封状態・数量を照合 / 箱番号・実所在 / 箱番号・所在,"qty!,photo!,edition,condition!",https://brilliage.jp/products/13398,,,,,,,B
PKGI-02888002,8月,PKG-01191434,PKG(箱なし),PKG-01191434,1665,Synthesizer V 2 AI 彩澄しゅお,ah-soft_net,1,,variant,色・サイズ・版,現物の色・サイズ・種類を確認してください,版・種類・サイズ・色、数量・セット内容、状態・未開封,"qty!,color!,size!,edition,condition!,set,photo",https://www.ah-soft.net/shopdetail/000000001797/,,,,,,,A
PKGI-02898370,8月,PKG-01194013,PKG(箱なし),PKG-01194013,1955,【ＡＡＡ?Ｉカップ】谷間ふっくら脇すっきり ３／４カップブラ,store_wacoal_jp,1,,identify,商品特定（撮影）,タグ・JAN・型番が写るように撮影し、点数を数えてください,タグ・JAN・型番・ブランド名を撮影、全体写真、数量,"qty!,photo!,candidate!,url",https://store.wacoal.jp/disp/02_BKD484.html,https://store.wacoal.jp/disp/02_BKD484.html,ワコールサイズオーダー／My Size Collection 谷間ふっくら脇すっきり ３／４カップブラ BKD484｜ワコール直営の公式下着通販サイト ワコールウェブストア,0.95,,,,H
PKGI-02060447,5月,BU-00778238,箱,ROG-001-1-1,6,【防シワ】ドライタッチメッシュジャケット,,1,1,count,点数を数える,この商品の点数と、在庫ラベルの有無を確認してください,現物の有無と点数、サイズ・色、在庫ラベル(IT)の有無,"qty!,label",,,,,,,,M4
PKGI-02060463,5月,BU-00778238,箱,ROG-001-1-1,32,ニットベアSETシアーニットトップス,,1,2,count,点数を数える,この商品の点数と、在庫ラベルの有無を確認してください,現物の有無と点数、サイズ・色、在庫ラベル(IT)の有無,"qty!,label",,,,,,,,M4
PKGI-02060464,5月,BU-00778238,箱,ROG-001-1-1,33,ニットベアSETシアーニットトップス,,1,2,count,点数を数える,この商品の点数と、在庫ラベルの有無を確認してください,現物の有無と点数、サイズ・色、在庫ラベル(IT)の有無,"qty!,label",,,,,,,,M4
PKGI-02060451,5月,BU-00778238,箱,ROG-001-1-1,40,【ウォッシャブル】クロップドハーフスリーブシャツ,,1,1,count,点数を数える,この商品の点数と、在庫ラベルの有無を確認してください,現物の有無と点数、サイズ・色、在庫ラベル(IT)の有無,"qty!,label",,,,,,,,M4
PKGI-02060453,5月,BU-00778238,箱,ROG-001-1-1,42,【WEB限定カラー】【UV加工】接触冷感オフショルリブニット,,2,5,presence,現物の有無,現物の有無と、ある場合は点数を確認してください,現物の有無と点数,"presence!,qty!",,,,,,PDJPM0AIX4ZM;PDM6D0O9N3DC,,M3
PKGI-02060454,5月,BU-00778238,箱,ROG-001-1-1,44,【WEB限定カラー】【UV加工】接触冷感オフショルリブニット,,1,5,count,点数を数える,この商品の点数と、在庫ラベルの有無を確認してください,現物の有無と点数、サイズ・色、在庫ラベル(IT)の有無,"qty!,label",,,,,,,,M4
PKGI-02060455,5月,BU-00778238,箱,ROG-001-1-1,45,【WEB限定カラー】【UV加工】接触冷感オフショルリブニット,,1,5,count,点数を数える,この商品の点数と、在庫ラベルの有無を確認してください,現物の有無と点数、サイズ・色、在庫ラベル(IT)の有無,"qty!,label",,,,,,,,M4
PKGI-02060456,5月,BU-00778238,箱,ROG-001-1-1,46,【WEB限定カラー】【UV加工】接触冷感オフショルリブニット,,1,5,count,点数を数える,この商品の点数と、在庫ラベルの有無を確認してください,現物の有無と点数、サイズ・色、在庫ラベル(IT)の有無,"qty!,label",,,,,,,,M4
PKGI-02060458,5月,BU-00778238,箱,ROG-001-1-1,65,2WAYレイヤードドッキングニットタンク,,1,2,count,点数を数える,この商品の点数と、在庫ラベルの有無を確認してください,現物の有無と点数、サイズ・色、在庫ラベル(IT)の有無,"qty!,label",,,,,,,,M4
PKGI-02060459,5月,BU-00778238,箱,ROG-001-1-1,66,2WAYレイヤードドッキングニットタンク,,1,2,count,点数を数える,この商品の点数と、在庫ラベルの有無を確認してください,現物の有無と点数、サイズ・色、在庫ラベル(IT)の有無,"qty!,label",,,,,,,,M4
PKGI-02099186,5月,BU-00778238,箱,WG-001-2-2,16,【ウォッシャブル】クロシェカットレイヤードタンク,,1,2,count,点数を数える,この商品の点数と、在庫ラベルの有無を確認してください,現物の有無と点数、サイズ・色、在庫ラベル(IT)の有無,"qty!,label",,,,,,,,M4
PKGI-02099187,5月,BU-00778238,箱,WG-001-2-2,17,【ウォッシャブル】クロシェカットレイヤードタンク,,1,2,count,点数を数える,この商品の点数と、在庫ラベルの有無を確認してください,現物の有無と点数、サイズ・色、在庫ラベル(IT)の有無,"qty!,label",,,,,,,,M4
PKGI-02099188,5月,BU-00778238,箱,WG-001-2-2,18,【ウォッシャブル】クロシェニットキャミ×ノースリトップス,,1,2,count,点数を数える,この商品の点数と、在庫ラベルの有無を確認してください,現物の有無と点数、サイズ・色、在庫ラベル(IT)の有無,"qty!,label",,,,,,,,M4
PKGI-02099189,5月,BU-00778238,箱,WG-001-2-2,19,【ウォッシャブル】クロシェニットキャミ×ノースリトップス,,1,2,count,点数を数える,この商品の点数と、在庫ラベルの有無を確認してください,現物の有無と点数、サイズ・色、在庫ラベル(IT)の有無,"qty!,label",,,,,,,,M4
PKGI-02099182,5月,BU-00778238,箱,WG-001-2-2,22,サイドラインジャージライクパンツ,,1,1,count,点数を数える,この商品の点数と、在庫ラベルの有無を確認してください,現物の有無と点数、サイズ・色、在庫ラベル(IT)の有無,"qty!,label",,,,,,,,M4
PKGI-02068006,5月,BU-00811457,箱,ROG-001-1-1,78,【XSサイズあり】ストレッチスリットフレアパンツ,,1,3,count,点数を数える,この商品の点数と、在庫ラベルの有無を確認してください,現物の有無と点数、サイズ・色、在庫ラベル(IT)の有無,"qty!,label",,,,,,,,M4
PKGI-02068007,5月,BU-00811457,箱,ROG-001-1-1,79,【XSサイズあり】ストレッチスリットフレアパンツ,,1,3,count,点数を数える,この商品の点数と、在庫ラベルの有無を確認してください,現物の有無と点数、サイズ・色、在庫ラベル(IT)の有無,"qty!,label",,,,,,,,M4
PKGI-02068010,5月,BU-00811457,箱,ROG-001-1-1,80,【XSサイズあり】ストレッチスリットフレアパンツ,,1,3,count,点数を数える,この商品の点数と、在庫ラベルの有無を確認してください,現物の有無と点数、サイズ・色、在庫ラベル(IT)の有無,"qty!,label",,,,,,,,M4
PKGI-02236102,5月,BU-00811457,箱,ROG-001-1-1,82,emmiロゴモヘアニットトップス,,1,1,count,点数を数える,この商品の点数と、在庫ラベルの有無を確認してください,現物の有無と点数、サイズ・色、在庫ラベル(IT)の有無,"qty!,label",,,,,,,,M4
PKGI-02233469,5月,BU-00811457,箱,ROG-001-1-1,85,巻きスカートレイヤウエストゴムシガレットパンツ,,1,2,count,点数を数える,この商品の点数と、在庫ラベルの有無を確認してください,現物の有無と点数、サイズ・色、在庫ラベル(IT)の有無,"qty!,label",,,,,,,,M4
PKGI-02233470,5月,BU-00811457,箱,ROG-001-1-1,86,巻きスカートレイヤウエストゴムシガレットパンツ,,1,2,count,点数を数える,この商品の点数と、在庫ラベルの有無を確認してください,現物の有無と点数、サイズ・色、在庫ラベル(IT)の有無,"qty!,label",,,,,,,,M4
PKGI-02080603,5月,BU-00811457,箱,ROG-001-1-1,92,リネンライクアメスリＩラインマキシワンピース,,1,1,count,点数を数える,この商品の点数と、在庫ラベルの有無を確認してください,現物の有無と点数、サイズ・色、在庫ラベル(IT)の有無,"qty!,label",,,,,,,,M4
PKGI-02233474,5月,BU-00811457,箱,ROG-001-1-1,93,ドットプリントスパイラルナロースカート,,1,2,count,点数を数える,この商品の点数と、在庫ラベルの有無を確認してください,現物の有無と点数、サイズ・色、在庫ラベル(IT)の有無,"qty!,label",,,,,,,,M4
PKGI-02066391,5月,BU-00811457,箱,ROG-001-1-1,100,ラミー100％袖スリットシャツ,,1,2,count,点数を数える,この商品の点数と、在庫ラベルの有無を確認してください,現物の有無と点数、サイズ・色、在庫ラベル(IT)の有無,"qty!,label",,,,,,,,M4
PKGI-02066392,5月,BU-00811457,箱,ROG-001-1-1,101,ラミー100％袖スリットシャツ,,1,2,count,点数を数える,この商品の点数と、在庫ラベルの有無を確認してください,現物の有無と点数、サイズ・色、在庫ラベル(IT)の有無,"qty!,label",,,,,,,,M4
PKGI-02233467,5月,BU-00811457,箱,ROG-001-1-1,108,【USAGI ONLINE・ZOZO限定】ビッグトレーナー,,1,1,count,点数を数える,この商品の点数と、在庫ラベルの有無を確認してください,現物の有無と点数、サイズ・色、在庫ラベル(IT)の有無,"qty!,label",,,,,,,,M4
PKGI-02063691,5月,BU-00811457,箱,ROG-001-1-1,110,【限定カラー】バックプリントオーバーTシャツ,,1,2,count,点数を数える,この商品の点数と、在庫ラベルの有無を確認してください,現物の有無と点数、サイズ・色、在庫ラベル(IT)の有無,"qty!,label",,,,,,,,M4
PKGI-02063692,5月,BU-00811457,箱,ROG-001-1-1,111,【限定カラー】バックプリントオーバーTシャツ,,1,2,count,点数を数える,この商品の点数と、在庫ラベルの有無を確認してください,現物の有無と点数、サイズ・色、在庫ラベル(IT)の有無,"qty!,label",,,,,,,,M4
PKGI-02047148,5月,BU-00811457,箱,ROG-001-1-1,113,【セットアップ対応】クールドライ金釦ニットベスト,,1,2,count,点数を数える,この商品の点数と、在庫ラベルの有無を確認してください,現物の有無と点数、サイズ・色、在庫ラベル(IT)の有無,"qty!,label",,,,,,,,M4
PKGI-02047149,5月,BU-00811457,箱,ROG-001-1-1,114,【セットアップ対応】クールドライ金釦ニットベスト,,1,2,count,点数を数える,この商品の点数と、在庫ラベルの有無を確認してください,現物の有無と点数、サイズ・色、在庫ラベル(IT)の有無,"qty!,label",,,,,,,,M4
PKGI-02066370,5月,BU-00811457,箱,ROG-001-1-1,129,【LILY BROWN Lingerie】【LILY BROWN×FRUIT OF THE LOOM】ホルターネックカップイントップス,,2,2,presence,現物の有無,現物の有無と、ある場合は点数を確認してください,現物の有無と点数,"presence!,qty!",,,,,,PDEOK5WJ3CUR;PDRBSX7I75B8,,M3
PKGI-02068008,5月,BU-00811457,箱,ROG-001-1-1,135,【WEB限定カラー】ハイラインフレンチスリーブカットトップス,,1,6,count,点数を数える,この商品の点数と、在庫ラベルの有無を確認してください,現物の有無と点数、サイズ・色、在庫ラベル(IT)の有無,"qty!,label",,,,,,,,M4
PKGI-02068009,5月,BU-00811457,箱,ROG-001-1-1,136,【WEB限定カラー】ハイラインフレンチスリーブカットトップス,,1,6,count,点数を数える,この商品の点数と、在庫ラベルの有無を確認してください,現物の有無と点数、サイズ・色、在庫ラベル(IT)の有無,"qty!,label",,,,,,,,M4
PKGI-02068011,5月,BU-00811457,箱,ROG-001-1-1,137,【WEB限定カラー】ハイラインフレンチスリーブカットトップス,,1,6,count,点数を数える,この商品の点数と、在庫ラベルの有無を確認してください,現物の有無と点数、サイズ・色、在庫ラベル(IT)の有無,"qty!,label",,,,,,,,M4
PKGI-02233472,5月,BU-00811457,箱,ROG-001-1-1,145,ロングチャームピアス,,1,3,presence,現物の有無,現物の有無と、ある場合は点数を確認してください,現物の有無と点数,"presence!,qty!",,,,,,PD73QQPV9A3W;PDG4RT3BIV8G,,M3
PKGI-02233473,5月,BU-00811457,箱,ROG-001-1-1,146,ロングチャームピアス,,1,3,count,点数を数える,この商品の点数と、在庫ラベルの有無を確認してください,現物の有無と点数、サイズ・色、在庫ラベル(IT)の有無,"qty!,label",,,,,,,,M4
PKGI-02254389,5月,BU-00811460,箱,IRG-001-1-3,153,缶バッチ付きGジャン,,1,1,count,点数を数える,この商品の点数と、在庫ラベルの有無を確認してください,現物の有無と点数、サイズ・色、在庫ラベル(IT)の有無,"qty!,label",,,,,,,,M4
PKGI-02253607,5月,BU-00811460,箱,IRG-001-1-3,171,フェイクレザーセンタープレスワイドイージーパンツ,,1,1,count,点数を数える,この商品の点数と、在庫ラベルの有無を確認してください,現物の有無と点数、サイズ・色、在庫ラベル(IT)の有無,"qty!,label",,,,,,,,M4
PKGI-02253602,5月,BU-00811460,箱,IRG-001-1-3,178,モヘア混シアーポロニットプルオーバー,,1,2,count,点数を数える,この商品の点数と、在庫ラベルの有無を確認してください,現物の有無と点数、サイズ・色、在庫ラベル(IT)の有無,"qty!,label",,,,,,,,M4
PKGI-02253603,5月,BU-00811460,箱,IRG-001-1-3,179,モヘア混シアーポロニットプルオーバー,,1,2,count,点数を数える,この商品の点数と、在庫ラベルの有無を確認してください,現物の有無と点数、サイズ・色、在庫ラベル(IT)の有無,"qty!,label",,,,,,,,M4
PKGI-02269022,5月,BU-00811460,箱,IRG-001-1-3,181,ワイヤーショートシャツ,,1,1,count,点数を数える,この商品の点数と、在庫ラベルの有無を確認してください,現物の有無と点数、サイズ・色、在庫ラベル(IT)の有無,"qty!,label",,,,,,,,M4
PKGI-02223474,5月,BU-00811460,箱,IRG-001-1-3,186,【WEB限定カラー】【セットアップ対応】ポロ衿リブニットプルオーバー,,1,2,count,点数を数える,この商品の点数と、在庫ラベルの有無を確認してください,現物の有無と点数、サイズ・色、在庫ラベル(IT)の有無,"qty!,label",,,,,,,,M4
PKGI-02223475,5月,BU-00811460,箱,IRG-001-1-3,187,【WEB限定カラー】【セットアップ対応】ポロ衿リブニットプルオーバー,,1,2,count,点数を数える,この商品の点数と、在庫ラベルの有無を確認してください,現物の有無と点数、サイズ・色、在庫ラベル(IT)の有無,"qty!,label",,,,,,,,M4
PKGI-02223478,5月,BU-00811460,箱,IRG-001-1-3,190,ボートネック後ろあきハーフスリーブT,,2,3,presence,現物の有無,現物の有無と、ある場合は点数を確認してください,現物の有無と点数,"presence!,qty!",,,,,,PDANCL9GEXT3;PDJU9JYN44RS,,M3
PKGI-02223479,5月,BU-00811460,箱,IRG-001-1-3,192,ボートネック後ろあきハーフスリーブT,,1,3,count,点数を数える,この商品の点数と、在庫ラベルの有無を確認してください,現物の有無と点数、サイズ・色、在庫ラベル(IT)の有無,"qty!,label",,,,,,,,M4
PKGI-02199710,5月,BU-00811460,箱,IRG-001-1-3,199,ロングチャームピアス,,1,3,count,点数を数える,この商品の点数と、在庫ラベルの有無を確認してください,現物の有無と点数、サイズ・色、在庫ラベル(IT)の有無,"qty!,label",,,,,,,,M4
PKGI-02063120,5月,BU-00811460,箱,ROG-001-1-1,151,フォルムタックナローワンピース,,1,1,count,点数を数える,この商品の点数と、在庫ラベルの有無を確認してください,現物の有無と点数、サイズ・色、在庫ラベル(IT)の有無,"qty!,label",,,,,,,,M4
PKGI-02063132,5月,BU-00811460,箱,ROG-001-1-1,155,共ベルト付ストレートリネンマキシスカート,,1,1,count,点数を数える,この商品の点数と、在庫ラベルの有無を確認してください,現物の有無と点数、サイズ・色、在庫ラベル(IT)の有無,"qty!,label",,,,,,,,M4
PKGI-02060724,5月,BU-00811460,箱,ROG-001-1-1,156,ダブルストラップサンダル,,2,2,presence,現物の有無,現物の有無と、ある場合は点数を確認してください,現物の有無と点数,"presence!,qty!",,,,,,PD0KQJBZ5N2W;PDDFEURYZYNG,,M2
PKGI-02060721,5月,BU-00811460,箱,ROG-001-1-1,160,【セットアップ対応】後ろゴムゆるみテーパードパンツ,,1,3,presence,現物の有無,現物の有無と、ある場合は点数を確認してください,現物の有無と点数,"presence!,qty!",,,,,,PDGFG786L2L0;PDLEF9O3DO4G,,M3
PKGI-02060722,5月,BU-00811460,箱,ROG-001-1-1,161,【セットアップ対応】後ろゴムゆるみテーパードパンツ,,1,3,count,点数を数える,この商品の点数と、在庫ラベルの有無を確認してください,現物の有無と点数、サイズ・色、在庫ラベル(IT)の有無,"qty!,label",,,,,,,,M4
PKGI-02063124,5月,BU-00811460,箱,ROG-001-1-1,167,クルーネックアメスリニットワンピース,,1,1,count,点数を数える,この商品の点数と、在庫ラベルの有無を確認してください,現物の有無と点数、サイズ・色、在庫ラベル(IT)の有無,"qty!,label",,,,,,,,M4
PKGI-02063127,5月,BU-00811460,箱,ROG-001-1-1,169,ボタニカル柄ウエストゴムイージーパンツ,,1,1,count,点数を数える,この商品の点数と、在庫ラベルの有無を確認してください,現物の有無と点数、サイズ・色、在庫ラベル(IT)の有無,"qty!,label",,,,,,,,M4
PKGI-02063130,5月,BU-00811460,箱,ROG-001-1-1,172,後ろゴムリネンライクテーパードパンツ,,2,2,presence,現物の有無,現物の有無と、ある場合は点数を確認してください,現物の有無と点数,"presence!,qty!",,,,,,PD2KN3LZ0TDE;PD2L2P5IZ5L0,,M3
PKGI-02063128,5月,BU-00811460,箱,ROG-001-1-1,176,前後2WAYノースリノットリボンブラウス,,1,1,count,点数を数える,この商品の点数と、在庫ラベルの有無を確認してください,現物の有無と点数、サイズ・色、在庫ラベル(IT)の有無,"qty!,label",,,,,,,,M4
PKGI-02053334,5月,BU-00811460,箱,ROG-001-1-1,183,【イージーケア】リボン付きストライプオーバーシャツ,,1,1,count,点数を数える,この商品の点数と、在庫ラベルの有無を確認してください,現物の有無と点数、サイズ・色、在庫ラベル(IT)の有無,"qty!,label",,,,,,,,M4
PKGI-02063123,5月,BU-00811460,箱,ROG-001-1-1,189,シェル釦ハイゲージボックスカーディガン,,1,1,count,点数を数える,この商品の点数と、在庫ラベルの有無を確認してください,現物の有無と点数、サイズ・色、在庫ラベル(IT)の有無,"qty!,label",,,,,,,,M4
PKGI-02053330,5月,BU-00811460,箱,ROG-001-1-1,195,【WEB限定カラー】ハイラインフレンチスリーブカットトップス,,1,6,count,点数を数える,この商品の点数と、在庫ラベルの有無を確認してください,現物の有無と点数、サイズ・色、在庫ラベル(IT)の有無,"qty!,label",,,,,,,,M4
PKGI-02053331,5月,BU-00811460,箱,ROG-001-1-1,196,【WEB限定カラー】ハイラインフレンチスリーブカットトップス,,1,6,count,点数を数える,この商品の点数と、在庫ラベルの有無を確認してください,現物の有無と点数、サイズ・色、在庫ラベル(IT)の有無,"qty!,label",,,,,,,,M4
PKGI-02053332,5月,BU-00811460,箱,ROG-001-1-1,197,【WEB限定カラー】ハイラインフレンチスリーブカットトップス,,1,6,count,点数を数える,この商品の点数と、在庫ラベルの有無を確認してください,現物の有無と点数、サイズ・色、在庫ラベル(IT)の有無,"qty!,label",,,,,,,,M4
PKGI-02081717,5月,BU-00836095,箱,ROG-001-1-1,207,【USAGI限定カラー】【emmi×PlaX（TM）】パイルアメスリワンピース,,1,2,count,点数を数える,この商品の点数と、在庫ラベルの有無を確認してください,現物の有無と点数、サイズ・色、在庫ラベル(IT)の有無,"qty!,label",,,,,,,,M4
PKGI-02081718,5月,BU-00836095,箱,ROG-001-1-1,208,【USAGI限定カラー】【emmi×PlaX（TM）】パイルアメスリワンピース,,1,2,count,点数を数える,この商品の点数と、在庫ラベルの有無を確認してください,現物の有無と点数、サイズ・色、在庫ラベル(IT)の有無,"qty!,label",,,,,,,,M4
PKGI-02060099,5月,BU-00836095,箱,ROG-001-1-1,211,【セットアップ対応】UV CUTバックオープンテーラードジャケット,,1,1,count,点数を数える,この商品の点数と、在庫ラベルの有無を確認してください,現物の有無と点数、サイズ・色、在庫ラベル(IT)の有無,"qty!,label",,,,,,,,M4
PKGI-02224120,5月,BU-00836095,箱,ROG-001-1-1,213,オーバーサイズフリースブルゾン,,1,1,count,点数を数える,この商品の点数と、在庫ラベルの有無を確認してください,現物の有無と点数、サイズ・色、在庫ラベル(IT)の有無,"qty!,label",,,,,,,,M4
PKGI-02081720,5月,BU-00836095,箱,ROG-001-1-1,217,【USAGI限定カラー】【emmi×PlaX（TM）】フードパーカー,,1,2,count,点数を数える,この商品の点数と、在庫ラベルの有無を確認してください,現物の有無と点数、サイズ・色、在庫ラベル(IT)の有無,"qty!,label",,,,,,,,M4
PKGI-02081721,5月,BU-00836095,箱,ROG-001-1-1,218,【USAGI限定カラー】【emmi×PlaX（TM）】フードパーカー,,1,2,count,点数を数える,この商品の点数と、在庫ラベルの有無を確認してください,現物の有無と点数、サイズ・色、在庫ラベル(IT)の有無,"qty!,label",,,,,,,,M4
PKGI-02194496,5月,BU-00836095,箱,ROG-001-1-1,224,ドットプリントスパイラルナロースカート,,1,2,count,点数を数える,この商品の点数と、在庫ラベルの有無を確認してください,現物の有無と点数、サイズ・色、在庫ラベル(IT)の有無,"qty!,label",,,,,,,,M4
PKGI-02194490,5月,BU-00836095,箱,ROG-001-1-1,230,リネンライクセンタープレスワイドイージーパンツ,,1,1,count,点数を数える,この商品の点数と、在庫ラベルの有無を確認してください,現物の有無と点数、サイズ・色、在庫ラベル(IT)の有無,"qty!,label",,,,,,,,M4
PKGI-02060096,5月,BU-00836095,箱,ROG-001-1-1,232,【セットアップ対応】後ろゴムゆるみテーパードパンツ,,1,3,count,点数を数える,この商品の点数と、在庫ラベルの有無を確認してください,現物の有無と点数、サイズ・色、在庫ラベル(IT)の有無,"qty!,label",,,,,,,,M4
PKGI-02224118,5月,BU-00836095,箱,ROG-001-1-1,235,後ろゴムセンタープレステーパードパンツ,,2,2,presence,現物の有無,現物の有無と、ある場合は点数を確認してください,現物の有無と点数,"presence!,qty!",,,,,,PD89P375IIKG;PDYJRBLIETE6,,M2
PKGI-02224116,5月,BU-00836095,箱,ROG-001-1-1,240,ボートネックタイ付ランダムリブシアーニット,,1,2,count,点数を数える,この商品の点数と、在庫ラベルの有無を確認してください,現物の有無と点数、サイズ・色、在庫ラベル(IT)の有無,"qty!,label",,,,,,,,M4
PKGI-02224117,5月,BU-00836095,箱,ROG-001-1-1,241,ボートネックタイ付ランダムリブシアーニット,,1,2,count,点数を数える,この商品の点数と、在庫ラベルの有無を確認してください,現物の有無と点数、サイズ・色、在庫ラベル(IT)の有無,"qty!,label",,,,,,,,M4
PKGI-02224114,5月,BU-00836095,箱,ROG-001-1-1,245,ボートネックシルケットカットプルオーバー,,1,1,count,点数を数える,この商品の点数と、在庫ラベルの有無を確認してください,現物の有無と点数、サイズ・色、在庫ラベル(IT)の有無,"qty!,label",,,,,,,,M4
PKGI-02219436,5月,BU-00836095,箱,WG-003-1-2,203,ラインフラワーエンブロイダリードレス,,1,2,count,点数を数える,この商品の点数と、在庫ラベルの有無を確認してください,現物の有無と点数、サイズ・色、在庫ラベル(IT)の有無,"qty!,label",,,,,,,,M4
PKGI-02219437,5月,BU-00836095,箱,WG-003-1-2,204,ラインフラワーエンブロイダリードレス,,1,2,count,点数を数える,この商品の点数と、在庫ラベルの有無を確認してください,現物の有無と点数、サイズ・色、在庫ラベル(IT)の有無,"qty!,label",,,,,,,,M4
PKGI-02187956,5月,BU-00836095,箱,WG-003-1-2,215,【限定カラー】カットツイードフリンジジャケット,,1,1,count,点数を数える,この商品の点数と、在庫ラベルの有無を確認してください,現物の有無と点数、サイズ・色、在庫ラベル(IT)の有無,"qty!,label",,,,,,,,M4
PKGI-02187949,5月,BU-00836095,箱,WG-003-1-2,221,【限定カラー】【WEB限定00サイズ】カットツイードパンツ,,1,1,count,点数を数える,この商品の点数と、在庫ラベルの有無を確認してください,現物の有無と点数、サイズ・色、在庫ラベル(IT)の有無,"qty!,label",,,,,,,,M4
PKGI-02187953,5月,BU-00836095,箱,WG-003-1-2,227,【セットアイテム】ペプラムベアニットアメスリタンクSET,,1,2,count,点数を数える,この商品の点数と、在庫ラベルの有無を確認してください,現物の有無と点数、サイズ・色、在庫ラベル(IT)の有無,"qty!,label",,,,,,,,M4
PKGI-02187954,5月,BU-00836095,箱,WG-003-1-2,228,【セットアイテム】ペプラムベアニットアメスリタンクSET,,1,2,count,点数を数える,この商品の点数と、在庫ラベルの有無を確認してください,現物の有無と点数、サイズ・色、在庫ラベル(IT)の有無,"qty!,label",,,,,,,,M4
PKGI-02195325,5月,BU-00836095,箱,WG-003-1-2,247,カラフルストーンネックレス,,1,1,count,点数を数える,この商品の点数と、在庫ラベルの有無を確認してください,現物の有無と点数、サイズ・色、在庫ラベル(IT)の有無,"qty!,label",,,,,,,,M4
PKGI-02558061,5月,BU-00963906,箱,ROG-001-1-1,298,長袖Tシャツ/XL/コットン/WHT【B】,,1,1,presence,現物の有無,現物の有無と、ある場合は点数を確認してください,現物の有無と点数,"presence!,qty!",,,,,,PDO0N23LCRU8;PDPFA456141M,,M2
PKGI-02561217,5月,BU-00965009,箱,ROJ-001-1-1,317,Penlight,,2,2,presence,現物の有無,現物の有無と、ある場合は点数を確認してください,現物の有無と点数,"presence!,qty!",,,,,,PDA0YF9J8USK;PDARB3Q4BFLG,,M2
PKGI-02563824,5月,BU-00966101,箱,ROG-001-1-1,356,HONDA Collab Cub Pants / ホンダコラボ カブパンツ,,1,1,count,点数を数える,この商品の点数と、在庫ラベルの有無を確認してください,現物の有無と点数、サイズ・色、在庫ラベル(IT)の有無,"qty!,label",,,,,,,,M4
PKGI-02564019,5月,BU-00966160,箱,ROI-001-1-1,358,PG ネームチャーム **Items with lottery option are not supported.**種類を選択した後に表示されます 3/10までに出荷  3/10までに出荷  3/10までに出荷  3/10までに出荷  3/10までに出荷  3/10までに出荷  3/10までに出荷  3/10までに出荷  3/10までに出荷  3/10までに出荷  3/10までに出荷  3/10までに出荷  3/10までに出荷  3/10までに出荷,,1,1,count,点数を数える,この商品の点数と、在庫ラベルの有無を確認してください,現物の有無と点数、サイズ・色、在庫ラベル(IT)の有無,"qty!,label",,,,,,,,M4
PKGI-02563643,5月,BU-00966231,箱,ROG-001-1-1,364,【11月28日12時三次受注予定】ギャラック チェンソーマン レゼモデル / HUC-CM-BD10-R,,1,4,count,点数を数える,この商品の点数と、在庫ラベルの有無を確認してください,現物の有無と点数、サイズ・色、在庫ラベル(IT)の有無,"qty!,label",,,,,,,,M4
PKGI-02563581,5月,BU-00966235,箱,ROG-001-1-1,365,【11月28日12時三次受注予定】ギャラック チェンソーマン レゼモデル / HUC-CM-BD10-R,,1,4,count,点数を数える,この商品の点数と、在庫ラベルの有無を確認してください,現物の有無と点数、サイズ・色、在庫ラベル(IT)の有無,"qty!,label",,,,,,,,M4
PKGI-02564274,5月,BU-00966287,箱,ROG-001-1-1,367,【11月28日12時三次受注予定】ギャラック チェンソーマン レゼモデル / HUC-CM-BD10-R,,1,4,count,点数を数える,この商品の点数と、在庫ラベルの有無を確認してください,現物の有無と点数、サイズ・色、在庫ラベル(IT)の有無,"qty!,label",,,,,,,,M4
PKGI-02565030,5月,BU-00966694,箱,ROG-001-1-1,375,【三次受注】ギャラック チェンソーマン デンジモデル / HUC-CM-BD10-D,,1,1,count,点数を数える,この商品の点数と、在庫ラベルの有無を確認してください,現物の有無と点数、サイズ・色、在庫ラベル(IT)の有無,"qty!,label",,,,,,,,M4
PKGI-02565048,5月,BU-00966707,箱,ROG-001-1-1,376,【三次受注】ギャラック チェンソーマン デンジモデル / HUC-CM-BD10-D,,1,1,count,点数を数える,この商品の点数と、在庫ラベルの有無を確認してください,現物の有無と点数、サイズ・色、在庫ラベル(IT)の有無,"qty!,label",,,,,,,,M4
PKGI-02569246,5月,BU-00968281,箱,ROJ-001-1-1,397,小花 刺繍 裏起毛 スウェット プルオーバー【限定展開】,,1,1,count,点数を数える,この商品の点数と、在庫ラベルの有無を確認してください,現物の有無と点数、サイズ・色、在庫ラベル(IT)の有無,"qty!,label",,,,,,,,M4
PKGI-02570445,5月,BU-00968753,箱,ROI-001-1-1,405,"シュプリーム スティック Tシャツ ""ブラック""",,1,1,count,点数を数える,この商品の点数と、在庫ラベルの有無を確認してください,現物の有無と点数、サイズ・色、在庫ラベル(IT)の有無,"qty!,label",,,,,,,,M4
PKGI-02570322,5月,BU-00969227,箱,ROG-001-1-1,411,完全受注生産｢週刊少年ジャンプ｣オールスター缶バッジ 『鬼滅の刃』 ［09－鬼－ 童磨］ BE3,,3,2,presence,現物の有無,現物の有無と、ある場合は点数を確認してください,現物の有無と点数,"presence!,qty!",,,,,,PDIURPA774LY;PDJV21BFSCXI;PDKEIEVFS47U;PDSE6S3JP582,,M3
PKGI-02570323,5月,BU-00969227,箱,ROG-001-1-1,412,完全受注生産｢週刊少年ジャンプ｣オールスター缶バッジ 『鬼滅の刃』 ［08－鬼－ 童磨］ BE3,,2,1,presence,現物の有無,現物の有無と、ある場合は点数を確認してください,現物の有無と点数,"presence!,qty!",,,,,,PDM907QM2L92;PDR0XEOV3O5S;PDTIFFGW5D40;PDXU3ZZRCJJW,,M3
PKGI-02574169,5月,BU-00970121,箱,ROG-001-1-1,426,バイオハザード30周年　アクリルスタンドコレクション　レオン（2月お届け分）,,3,2,presence,現物の有無,現物の有無と、ある場合は点数を確認してください,現物の有無と点数,"presence!,qty!",,,,,,PDTHHZB3XCE6;PDVYIZ2F3DCK,,M3
PKGI-02575769,5月,BU-00970724,箱,ROI-001-1-1,441,『.hack』シリーズ　ぬいぐるみ,,1,1,count,点数を数える,この商品の点数と、在庫ラベルの有無を確認してください,現物の有無と点数、サイズ・色、在庫ラベル(IT)の有無,"qty!,label",,,,,,,,M4
PKGI-02576215,5月,BU-00971037,箱,ROG-001-1-1,444,【送料無料】『ビバリウム Adoと私』 特装版　箔押しクリアしおり3種セット ※お1人様1点まで 【Release Date: 2026/03/05】,,1,13,count,点数を数える,この商品の点数と、在庫ラベルの有無を確認してください,現物の有無と点数、サイズ・色、在庫ラベル(IT)の有無,"qty!,label",,,,,,,,M4
PKGI-02575758,5月,BU-00971143,箱,ROG-001-1-1,449,【送料無料】『ビバリウム Adoと私』 特装版　箔押しクリアしおり3種セット ※お1人様1点まで 【Release Date: 2026/03/05】,,1,13,count,点数を数える,この商品の点数と、在庫ラベルの有無を確認してください,現物の有無と点数、サイズ・色、在庫ラベル(IT)の有無,"qty!,label",,,,,,,,M4
PKGI-02575691,5月,BU-00971176,箱,ROG-001-1-1,450,【送料無料】『ビバリウム Adoと私』 特装版　箔押しクリアしおり3種セット ※お1人様1点まで 【Release Date: 2026/03/05】,,1,13,count,点数を数える,この商品の点数と、在庫ラベルの有無を確認してください,現物の有無と点数、サイズ・色、在庫ラベル(IT)の有無,"qty!,label",,,,,,,,M4
PKGI-02576890,5月,BU-00971334,箱,ROG-001-1-1,452,【送料無料】『ビバリウム Adoと私』 特装版　箔押しクリアしおり3種セット ※お1人様1点まで 【Release Date: 2026/03/05】,,1,13,count,点数を数える,この商品の点数と、在庫ラベルの有無を確認してください,現物の有無と点数、サイズ・色、在庫ラベル(IT)の有無,"qty!,label",,,,,,,,M4
PKGI-02577432,5月,BU-00971590,箱,ROI-001-1-1,460,花刺?手?,,1,1,count,点数を数える,この商品の点数と、在庫ラベルの有無を確認してください,現物の有無と点数、サイズ・色、在庫ラベル(IT)の有無,"qty!,label",,,,,,,,M4
PKGI-02577523,5月,BU-00971624,箱,ROG-001-1-1,462,【送料無料】『ビバリウム Adoと私』 特装版　箔押しクリアしおり3種セット ※お1人様1点まで 【Release Date: 2026/03/05】,,1,13,count,点数を数える,この商品の点数と、在庫ラベルの有無を確認してください,現物の有無と点数、サイズ・色、在庫ラベル(IT)の有無,"qty!,label",,,,,,,,M4
PKGI-02578095,5月,BU-00971866,箱,ROG-001-1-1,464,【送料無料】『ビバリウム Adoと私』 特装版　箔押しクリアしおり3種セット ※お1人様1点まで 【Release Date: 2026/03/05】,,1,13,count,点数を数える,この商品の点数と、在庫ラベルの有無を確認してください,現物の有無と点数、サイズ・色、在庫ラベル(IT)の有無,"qty!,label",,,,,,,,M4
PKGI-02578481,5月,BU-00972083,箱,ROG-001-1-1,466,【送料無料】『ビバリウム Adoと私』 特装版　箔押しクリアしおり3種セット ※お1人様1点まで 【Release Date: 2026/03/05】,,1,13,count,点数を数える,この商品の点数と、在庫ラベルの有無を確認してください,現物の有無と点数、サイズ・色、在庫ラベル(IT)の有無,"qty!,label",,,,,,,,M4
PKGI-02576874,5月,BU-00972115,箱,ROG-001-1-1,467,【送料無料】『ビバリウム Adoと私』 特装版　箔押しクリアしおり3種セット ※お1人様1点まで 【Release Date: 2026/03/05】,,1,13,count,点数を数える,この商品の点数と、在庫ラベルの有無を確認してください,現物の有無と点数、サイズ・色、在庫ラベル(IT)の有無,"qty!,label",,,,,,,,M4
PKGI-02578855,5月,BU-00972298,箱,ROG-001-1-1,468,【送料無料】『ビバリウム Adoと私』 特装版　箔押しクリアしおり3種セット ※お1人様1点まで 【Release Date: 2026/03/05】,,1,13,count,点数を数える,この商品の点数と、在庫ラベルの有無を確認してください,現物の有無と点数、サイズ・色、在庫ラベル(IT)の有無,"qty!,label",,,,,,,,M4
PKGI-02579931,5月,BU-00972945,箱,ROG-001-1-1,478,[ストレイト・ストーリー× weber] T shirt (Logo),,2,1,presence,現物の有無,現物の有無と、ある場合は点数を確認してください,現物の有無と点数,"presence!,qty!",,,,,,PDDNVHPNSBM8;PDG97W1HL9M8,,M3
PKGI-02579930,5月,BU-00972945,箱,ROG-001-1-1,479,[ストレイト・ストーリー× weber] Mug,,2,1,presence,現物の有無,現物の有無と、ある場合は点数を確認してください,現物の有無と点数,"presence!,qty!",,,,,,PDDJ6AQA9CXZ;PDZKY60P0E0U,,M3
PKGI-02579989,5月,BU-00972961,箱,ROG-001-1-1,480,【送料無料】『ビバリウム Adoと私』 特装版　箔押しクリアしおり3種セット ※お1人様1点まで 【Release Date: 2026/03/05】,,1,13,count,点数を数える,この商品の点数と、在庫ラベルの有無を確認してください,現物の有無と点数、サイズ・色、在庫ラベル(IT)の有無,"qty!,label",,,,,,,,M4
PKGI-02579429,5月,BU-00973063,箱,ROG-001-1-1,481,【送料無料】『ビバリウム Adoと私』 特装版　箔押しクリアしおり3種セット ※お1人様1点まで 【Release Date: 2026/03/05】,,1,13,count,点数を数える,この商品の点数と、在庫ラベルの有無を確認してください,現物の有無と点数、サイズ・色、在庫ラベル(IT)の有無,"qty!,label",,,,,,,,M4
PKGI-02579786,5月,BU-00973101,箱,ROG-001-1-1,482,【送料無料】『ビバリウム Adoと私』 特装版　箔押しクリアしおり3種セット ※お1人様1点まで 【Release Date: 2026/03/05】,,1,13,count,点数を数える,この商品の点数と、在庫ラベルの有無を確認してください,現物の有無と点数、サイズ・色、在庫ラベル(IT)の有無,"qty!,label",,,,,,,,M4
PKGI-02580889,5月,BU-00973573,箱,ROG-001-1-1,490,シーエ JAPANESE Style 15th Memorial Costume,,1,4,count,点数を数える,この商品の点数と、在庫ラベルの有無を確認してください,現物の有無と点数、サイズ・色、在庫ラベル(IT)の有無,"qty!,label",,,,,,,,M4
PKGI-02580988,5月,BU-00973617,箱,ROG-001-1-1,491,シーエ JAPANESE Style 15th Memorial Costume,,1,4,count,点数を数える,この商品の点数と、在庫ラベルの有無を確認してください,現物の有無と点数、サイズ・色、在庫ラベル(IT)の有無,"qty!,label",,,,,,,,M4
PKGI-02581103,5月,BU-00973675,箱,ROG-001-1-1,496,【送料無料】『ビバリウム Adoと私』 特装版　箔押しクリアしおり3種セット ※お1人様1点まで 【Release Date: 2026/03/05】,,1,13,count,点数を数える,この商品の点数と、在庫ラベルの有無を確認してください,現物の有無と点数、サイズ・色、在庫ラベル(IT)の有無,"qty!,label",,,,,,,,M4
PKGI-02581332,5月,BU-00973820,箱,ROG-001-1-1,501,シーエ JAPANESE Style 15th Memorial Costume,,1,4,count,点数を数える,この商品の点数と、在庫ラベルの有無を確認してください,現物の有無と点数、サイズ・色、在庫ラベル(IT)の有無,"qty!,label",,,,,,,,M4
PKGI-02581338,5月,BU-00973822,箱,ROG-001-1-1,502,シーエ JAPANESE Style 15th Memorial Costume,,1,4,count,点数を数える,この商品の点数と、在庫ラベルの有無を確認してください,現物の有無と点数、サイズ・色、在庫ラベル(IT)の有無,"qty!,label",,,,,,,,M4
PKGI-02581607,5月,BU-00973906,箱,ROG-001-1-1,503,シーエ JAPANESE Style 15th Memorial Costume,,1,4,count,点数を数える,この商品の点数と、在庫ラベルの有無を確認してください,現物の有無と点数、サイズ・色、在庫ラベル(IT)の有無,"qty!,label",,,,,,,,M4
PKGI-02583170,5月,BU-00974499,箱,ROI-001-1-1,516,バルーンデニムワイドパンツ/バギー/カーブシルエット,,1,3,count,点数を数える,この商品の点数と、在庫ラベルの有無を確認してください,現物の有無と点数、サイズ・色、在庫ラベル(IT)の有無,"qty!,label",,,,,,,,M4
PKGI-02583171,5月,BU-00974499,箱,ROI-001-1-1,517,バルーンデニムワイドパンツ/バギー/カーブシルエット,,1,3,count,点数を数える,この商品の点数と、在庫ラベルの有無を確認してください,現物の有無と点数、サイズ・色、在庫ラベル(IT)の有無,"qty!,label",,,,,,,,M4
PKGI-02583172,5月,BU-00974499,箱,ROI-001-1-1,518,バルーンデニムワイドパンツ/バギー/カーブシルエット,,1,3,count,点数を数える,この商品の点数と、在庫ラベルの有無を確認してください,現物の有無と点数、サイズ・色、在庫ラベル(IT)の有無,"qty!,label",,,,,,,,M4
PKGI-02590356,5月,BU-00977100,箱,ROG-001-1-1,561,【お一人様、10個まで】京らー油ふりかけ,,10,36,count,点数を数える,この商品の点数と、在庫ラベルの有無を確認してください,現物の有無と点数、サイズ・色、在庫ラベル(IT)の有無,"qty!,label",,,,,,,,M4
PKGI-02594517,5月,BU-00978799,箱,ROG-001-1-1,605,海苔ふりかけ　贅沢あられたっぷり　１００g,,2,16,count,点数を数える,この商品の点数と、在庫ラベルの有無を確認してください,現物の有無と点数、サイズ・色、在庫ラベル(IT)の有無,"qty!,label",,,,,,,,M4
PKGI-02595231,5月,BU-00979088,箱,ROG-001-1-1,610,D賞: D-クリップ2,,1,1,count,点数を数える,この商品の点数と、在庫ラベルの有無を確認してください,現物の有無と点数、サイズ・色、在庫ラベル(IT)の有無,"qty!,label",,,,,,,,M4
PKGI-02595239,5月,BU-00979088,箱,ROG-001-1-1,618,E賞: E-ステッカー2,,1,1,count,点数を数える,この商品の点数と、在庫ラベルの有無を確認してください,現物の有無と点数、サイズ・色、在庫ラベル(IT)の有無,"qty!,label",,,,,,,,M4
PKGI-02595644,5月,BU-00979233,箱,ROG-001-1-1,627,Synthesizer V 2 AI 重音テト,,1,3,count,点数を数える,この商品の点数と、在庫ラベルの有無を確認してください,現物の有無と点数、サイズ・色、在庫ラベル(IT)の有無,"qty!,label",,,,,,,,M4
PKGI-02596048,5月,BU-00979377,箱,ROI-001-1-1,632,葬送のフリーレン アイコニック ヘアオブジェ マジェステ ＋ 簪 ～海外からご購入のお客様へ～,,1,1,count,点数を数える,この商品の点数と、在庫ラベルの有無を確認してください,現物の有無と点数、サイズ・色、在庫ラベル(IT)の有無,"qty!,label",,,,,,,,M4
PKGI-02596135,5月,BU-00979412,箱,ROG-001-1-1,634,"ANAheim アナハイム ラップトップ スリーブ 13 インチ ""クラフト"" | 自分だけの風合いへと育つ素材の PCケース",,1,5,count,点数を数える,この商品の点数と、在庫ラベルの有無を確認してください,現物の有無と点数、サイズ・色、在庫ラベル(IT)の有無,"qty!,label",,,,,,,,M4
PKGI-02596152,5月,BU-00979416,箱,ROI-001-1-1,635,葬送のフリーレン アイコニック ヘアオブジェ マジェステ ＋ 簪 ～海外からご購入のお客様へ～,,1,1,count,点数を数える,この商品の点数と、在庫ラベルの有無を確認してください,現物の有無と点数、サイズ・色、在庫ラベル(IT)の有無,"qty!,label",,,,,,,,M4
PKGI-02596423,5月,BU-00979534,箱,ROG-001-1-1,638,Synthesizer V 2 AI 重音テト,,1,3,count,点数を数える,この商品の点数と、在庫ラベルの有無を確認してください,現物の有無と点数、サイズ・色、在庫ラベル(IT)の有無,"qty!,label",,,,,,,,M4
PKGI-02596942,5月,BU-00979718,箱,ROG-001-1-1,641,PIXAR ディズニー / ピクサー 『TOY STORY』 トイ・ストーリー ポケット刺繍Tシャツ メンズ,,2,1,presence,現物の有無,現物の有無と、ある場合は点数を確認してください,現物の有無と点数,"presence!,qty!",,,,,,PDEJVOZ41IO4;PDIHV7IN8G8E,,M3
PKGI-02597208,5月,BU-00979788,箱,ROG-001-1-1,642,海苔ふりかけ　贅沢あられたっぷり　１００g,,4,16,count,点数を数える,この商品の点数と、在庫ラベルの有無を確認してください,現物の有無と点数、サイズ・色、在庫ラベル(IT)の有無,"qty!,label",,,,,,,,M4
PKGI-02597836,5月,BU-00980013,箱,ROG-001-1-1,645,【お一人様、10個まで】京らー油ふりかけ,,10,36,count,点数を数える,この商品の点数と、在庫ラベルの有無を確認してください,現物の有無と点数、サイズ・色、在庫ラベル(IT)の有無,"qty!,label",,,,,,,,M4
PKGI-02597246,5月,BU-00980071,箱,ROJ-001-1-1,648,＜接触冷感＞別注 ワンポイントロゴセットアップ　限定展開,,1,1,count,点数を数える,この商品の点数と、在庫ラベルの有無を確認してください,現物の有無と点数、サイズ・色、在庫ラベル(IT)の有無,"qty!,label",,,,,,,,M4
PKGI-02599457,5月,BU-00980606,箱,ROI-001-1-1,663,ベビー　半袖Tシャツ（90～100cm・ハローキティ）(しまむら)【予約】,,1,1,count,点数を数える,この商品の点数と、在庫ラベルの有無を確認してください,現物の有無と点数、サイズ・色、在庫ラベル(IT)の有無,"qty!,label",,,,,,,,M4
PKGI-02599621,5月,BU-00980678,箱,ROG-001-1-1,664,"ANAheim アナハイム ラップトップ スリーブ 13 インチ ""クラフト"" | 自分だけの風合いへと育つ素材の PCケース",,1,5,count,点数を数える,この商品の点数と、在庫ラベルの有無を確認してください,現物の有無と点数、サイズ・色、在庫ラベル(IT)の有無,"qty!,label",,,,,,,,M4
PKGI-02599921,5月,BU-00980811,箱,ROG-001-1-1,669,"ANAheim アナハイム ラップトップ スリーブ 13 インチ ""クラフト"" | 自分だけの風合いへと育つ素材の PCケース",,1,5,presence,現物の有無,現物の有無と、ある場合は点数を確認してください,現物の有無と点数,"presence!,qty!",,,,,,PDCXL0TCHO0R,,M3
PKGI-02602491,5月,BU-00981824,箱,ROG-001-1-1,691,"ANAheim アナハイム ラップトップ スリーブ 13 インチ ""クラフト"" | 自分だけの風合いへと育つ素材の PCケース",,1,5,count,点数を数える,この商品の点数と、在庫ラベルの有無を確認してください,現物の有無と点数、サイズ・色、在庫ラベル(IT)の有無,"qty!,label",,,,,,,,M4
PKGI-02603766,5月,BU-00982313,箱,ROG-001-1-1,706,Synthesizer V 2 AI 重音テト,,1,3,count,点数を数える,この商品の点数と、在庫ラベルの有無を確認してください,現物の有無と点数、サイズ・色、在庫ラベル(IT)の有無,"qty!,label",,,,,,,,M4
PKGI-02604849,5月,BU-00982746,箱,ROG-001-1-1,719,"ANAheim アナハイム ラップトップ スリーブ 13 インチ ""ブラック"" |  自分だけの風合いへと育つ素材の PCケース",,2,1,presence,現物の有無,現物の有無と、ある場合は点数を確認してください,現物の有無と点数,"presence!,qty!",,,,,,PDCIIA0JK9W2,,M3
PKGI-02604848,5月,BU-00982746,箱,ROG-001-1-1,721,"ANAheim アナハイム ラップトップ スリーブ 13 インチ ""クラフト"" | 自分だけの風合いへと育つ素材の PCケース",,1,5,count,点数を数える,この商品の点数と、在庫ラベルの有無を確認してください,現物の有無と点数、サイズ・色、在庫ラベル(IT)の有無,"qty!,label",,,,,,,,M4
PKGI-02604895,5月,BU-00982785,箱,ROG-001-1-1,722,御濃茶　初昔（はつむかし）,,4,4,presence,現物の有無,現物の有無と、ある場合は点数を確認してください,現物の有無と点数,"presence!,qty!",,,,,,PD2MV70X2DG4;PD2VJFK3ISUZ,,M2
PKGI-02604971,5月,BU-00982809,箱,ROG-001-1-1,727,F賞: F-ステッカー4,,1,4,presence,現物の有無,現物の有無と、ある場合は点数を確認してください,現物の有無と点数,"presence!,qty!",,,,,,PD3GMAH919WI;PDB4BGEKBO4C;PDMF6ANU1OL2;PDSTMIOM0RLC,,M2
PKGI-02604978,5月,BU-00982809,箱,ROG-001-1-1,734,G賞: G-ミニフォトカード4,,1,4,count,点数を数える,この商品の点数と、在庫ラベルの有無を確認してください,現物の有無と点数、サイズ・色、在庫ラベル(IT)の有無,"qty!,label",,,,,,,,M4
PKGI-02605010,5月,BU-00982823,箱,ROG-001-1-1,736,F賞: F-ステッカー5,,1,2,count,点数を数える,この商品の点数と、在庫ラベルの有無を確認してください,現物の有無と点数、サイズ・色、在庫ラベル(IT)の有無,"qty!,label",,,,,,,,M4
PKGI-02605011,5月,BU-00982823,箱,ROG-001-1-1,737,F賞: F-ステッカー4,,1,4,identify,商品特定（撮影）,タグ・JAN・型番が写るように撮影し、点数を数えてください,現物の有無と点数、サイズ・色、在庫ラベル(IT)の有無,"qty!,photo!,url",,,,,,,,M1
PKGI-02605013,5月,BU-00982823,箱,ROG-001-1-1,739,G賞: G-ミニフォトカード1,,1,4,count,点数を数える,この商品の点数と、在庫ラベルの有無を確認してください,現物の有無と点数、サイズ・色、在庫ラベル(IT)の有無,"qty!,label",,,,,,,,M4
PKGI-02605014,5月,BU-00982823,箱,ROG-001-1-1,740,G賞: G-ミニフォトカード4,,1,4,count,点数を数える,この商品の点数と、在庫ラベルの有無を確認してください,現物の有無と点数、サイズ・色、在庫ラベル(IT)の有無,"qty!,label",,,,,,,,M4
PKGI-02605015,5月,BU-00982823,箱,ROG-001-1-1,741,G賞: G-ミニフォトカード6,,1,4,count,点数を数える,この商品の点数と、在庫ラベルの有無を確認してください,現物の有無と点数、サイズ・色、在庫ラベル(IT)の有無,"qty!,label",,,,,,,,M4
PKGI-02605018,5月,BU-00982823,箱,ROG-001-1-1,744,G賞: G-ミニフォトカード1,,1,4,count,点数を数える,この商品の点数と、在庫ラベルの有無を確認してください,現物の有無と点数、サイズ・色、在庫ラベル(IT)の有無,"qty!,label",,,,,,,,M4
PKGI-02605020,5月,BU-00982823,箱,ROG-001-1-1,746,10連特典賞: 10連-プリントチェキ2,,1,2,count,点数を数える,この商品の点数と、在庫ラベルの有無を確認してください,現物の有無と点数、サイズ・色、在庫ラベル(IT)の有無,"qty!,label",,,,,,,,M4
PKGI-02605031,5月,BU-00982831,箱,ROG-001-1-1,747,【3月中旬入荷予定】無線マウス トヨタ AE86 『頭文字D』藤原とうふ店(自家用)仕様 Bluetooth対応 スプリンタートレノ イニD Toyota,,1,1,count,点数を数える,この商品の点数と、在庫ラベルの有無を確認してください,現物の有無と点数、サイズ・色、在庫ラベル(IT)の有無,"qty!,label",,,,,,,,M4
PKGI-02605038,5月,BU-00982834,箱,ROG-001-1-1,750,G賞: G-ミニフォトカード3,,1,4,presence,現物の有無,現物の有無と、ある場合は点数を確認してください,現物の有無と点数,"presence!,qty!",,,,,,PD00X3ETDBYK;PD1ILVO8RW3G;PD216F08SJSY;PDP8VOR0QBU8,,M3
PKGI-02605039,5月,BU-00982834,箱,ROG-001-1-1,751,G賞: G-ミニフォトカード1,,1,4,presence,現物の有無,現物の有無と、ある場合は点数を確認してください,現物の有無と点数,"presence!,qty!",,,,,,PD8140QWEIX0;PDBLAAMJ26TS;PDMSRKABI8ZU;PDT8PHRX6OTC,,M3
PKGI-02605040,5月,BU-00982834,箱,ROG-001-1-1,752,G賞: G-ミニフォトカード5,,1,5,presence,現物の有無,現物の有無と、ある場合は点数を確認してください,現物の有無と点数,"presence!,qty!",,,,,,PD04BKP4TDXC;PD19YSVZT7YO;PDMQGBNWE048;PDR6JZ5TO3XG,,M3
PKGI-02605042,5月,BU-00982834,箱,ROG-001-1-1,754,G賞: G-ミニフォトカード6,,1,4,presence,現物の有無,現物の有無と、ある場合は点数を確認してください,現物の有無と点数,"presence!,qty!",,,,,,PD947FDUVUH4;PDA6LJFNWC5Q;PDDWNCC89UIA;PDVCBGPOXZJV,,M3
PKGI-02605043,5月,BU-00982834,箱,ROG-001-1-1,755,G賞: G-ミニフォトカード2,,1,4,presence,現物の有無,現物の有無と、ある場合は点数を確認してください,現物の有無と点数,"presence!,qty!",,,,,,PD6X0IJ8HVKG;PDCCG4UOX6VG;PDGO6P0C9FIS;PDR2WAGUU1FS,,M3
PKGI-02605044,5月,BU-00982834,箱,ROG-001-1-1,756,F賞: F-ステッカー2,,1,3,presence,現物の有無,現物の有無と、ある場合は点数を確認してください,現物の有無と点数,"presence!,qty!",,,,,,PD6P5P5F9IGO;PDHTUYZG7T4K;PDJJ9UAYHE36;PDQXXSQP89DG,,M3
PKGI-02605045,5月,BU-00982834,箱,ROG-001-1-1,757,F賞: F-ステッカー1,,1,2,presence,現物の有無,現物の有無と、ある場合は点数を確認してください,現物の有無と点数,"presence!,qty!",,,,,,PD1LMH2IZYPG;PD41OBYAQKG6;PD90AGZR5C6S;PDJYZJNYXF93,,M3
PKGI-02605057,5月,BU-00982839,箱,ROG-001-1-1,761,"ANAheim アナハイム ラップトップ スリーブ 13 インチ ""クラフト"" | 自分だけの風合いへと育つ素材の PCケース",,1,5,count,点数を数える,この商品の点数と、在庫ラベルの有無を確認してください,現物の有無と点数、サイズ・色、在庫ラベル(IT)の有無,"qty!,label",,,,,,,,M4
PKGI-02605130,5月,BU-00982856,箱,ROG-001-1-1,766,G賞: G-ミニフォトカード3,,1,4,count,点数を数える,この商品の点数と、在庫ラベルの有無を確認してください,現物の有無と点数、サイズ・色、在庫ラベル(IT)の有無,"qty!,label",,,,,,,,M4
PKGI-02605131,5月,BU-00982856,箱,ROG-001-1-1,767,G賞: G-ミニフォトカード7,,1,5,count,点数を数える,この商品の点数と、在庫ラベルの有無を確認してください,現物の有無と点数、サイズ・色、在庫ラベル(IT)の有無,"qty!,label",,,,,,,,M4
PKGI-02605132,5月,BU-00982856,箱,ROG-001-1-1,768,G賞: G-ミニフォトカード2,,1,4,count,点数を数える,この商品の点数と、在庫ラベルの有無を確認してください,現物の有無と点数、サイズ・色、在庫ラベル(IT)の有無,"qty!,label",,,,,,,,M4
PKGI-02605133,5月,BU-00982856,箱,ROG-001-1-1,769,G賞: G-ミニフォトカード5,,1,5,count,点数を数える,この商品の点数と、在庫ラベルの有無を確認してください,現物の有無と点数、サイズ・色、在庫ラベル(IT)の有無,"qty!,label",,,,,,,,M4
PKGI-02605134,5月,BU-00982856,箱,ROG-001-1-1,770,G賞: G-ミニフォトカード1,,1,4,count,点数を数える,この商品の点数と、在庫ラベルの有無を確認してください,現物の有無と点数、サイズ・色、在庫ラベル(IT)の有無,"qty!,label",,,,,,,,M4
PKGI-02605135,5月,BU-00982856,箱,ROG-001-1-1,771,G賞: G-ミニフォトカード7,,1,5,count,点数を数える,この商品の点数と、在庫ラベルの有無を確認してください,現物の有無と点数、サイズ・色、在庫ラベル(IT)の有無,"qty!,label",,,,,,,,M4
PKGI-02605136,5月,BU-00982856,箱,ROG-001-1-1,772,F賞: F-ステッカー4,,1,4,identify,商品特定（撮影）,タグ・JAN・型番が写るように撮影し、点数を数えてください,現物の有無と点数、サイズ・色、在庫ラベル(IT)の有無,"qty!,photo!,url",,,,,,,,M1
PKGI-02605137,5月,BU-00982856,箱,ROG-001-1-1,773,F賞: F-ステッカー5,,1,2,count,点数を数える,この商品の点数と、在庫ラベルの有無を確認してください,現物の有無と点数、サイズ・色、在庫ラベル(IT)の有無,"qty!,label",,,,,,,,M4
PKGI-02605138,5月,BU-00982856,箱,ROG-001-1-1,774,F賞: F-ステッカー3,,1,3,count,点数を数える,この商品の点数と、在庫ラベルの有無を確認してください,現物の有無と点数、サイズ・色、在庫ラベル(IT)の有無,"qty!,label",,,,,,,,M4
PKGI-02605140,5月,BU-00982856,箱,ROG-001-1-1,776,10連特典賞: 10連-プリントチェキ1,,1,3,count,点数を数える,この商品の点数と、在庫ラベルの有無を確認してください,現物の有無と点数、サイズ・色、在庫ラベル(IT)の有無,"qty!,label",,,,,,,,M4
PKGI-02605223,5月,BU-00982882,箱,ROG-001-1-1,777,G賞: G-ミニフォトカード4,,1,4,presence,現物の有無,現物の有無と、ある場合は点数を確認してください,現物の有無と点数,"presence!,qty!",,,,,,PD8IP71KIKUO;PDEKF3UTSDZF;PDFHCDV7ABDQ;PDM3D4INKZH0,,M3
PKGI-02605224,5月,BU-00982882,箱,ROG-001-1-1,778,G賞: G-ミニフォトカード5,,1,5,count,点数を数える,この商品の点数と、在庫ラベルの有無を確認してください,現物の有無と点数、サイズ・色、在庫ラベル(IT)の有無,"qty!,label",,,,,,,,M4
PKGI-02605225,5月,BU-00982882,箱,ROG-001-1-1,779,G賞: G-ミニフォトカード7,,1,5,count,点数を数える,この商品の点数と、在庫ラベルの有無を確認してください,現物の有無と点数、サイズ・色、在庫ラベル(IT)の有無,"qty!,label",,,,,,,,M4
PKGI-02605226,5月,BU-00982882,箱,ROG-001-1-1,780,G賞: G-ミニフォトカード6,,1,4,count,点数を数える,この商品の点数と、在庫ラベルの有無を確認してください,現物の有無と点数、サイズ・色、在庫ラベル(IT)の有無,"qty!,label",,,,,,,,M4
PKGI-02605227,5月,BU-00982882,箱,ROG-001-1-1,781,G賞: G-ミニフォトカード5,,1,5,count,点数を数える,この商品の点数と、在庫ラベルの有無を確認してください,現物の有無と点数、サイズ・色、在庫ラベル(IT)の有無,"qty!,label",,,,,,,,M4
PKGI-02605228,5月,BU-00982882,箱,ROG-001-1-1,782,G賞: G-ミニフォトカード7,,1,5,count,点数を数える,この商品の点数と、在庫ラベルの有無を確認してください,現物の有無と点数、サイズ・色、在庫ラベル(IT)の有無,"qty!,label",,,,,,,,M4
PKGI-02605230,5月,BU-00982882,箱,ROG-001-1-1,784,D賞: D-アクキー1,,1,3,presence,現物の有無,現物の有無と、ある場合は点数を確認してください,現物の有無と点数,"presence!,qty!",,,,,,PD58JASI5560;PDD6TBMG7L8V;PDEP51Z0H9P0;PDYIC8BNHFWQ,,M3
PKGI-02605231,5月,BU-00982882,箱,ROG-001-1-1,785,F賞: F-ステッカー3,,1,3,presence,現物の有無,現物の有無と、ある場合は点数を確認してください,現物の有無と点数,"presence!,qty!",,,,,,PD0SUNDUAOEW;PDAVOPPZTW8E;PDLW9S0OSE0G;PDX4V6L9J428,,M3
PKGI-02605232,5月,BU-00982882,箱,ROG-001-1-1,786,F賞: F-ステッカー2,,1,3,count,点数を数える,この商品の点数と、在庫ラベルの有無を確認してください,現物の有無と点数、サイズ・色、在庫ラベル(IT)の有無,"qty!,label",,,,,,,,M4
PKGI-02605233,5月,BU-00982882,箱,ROG-001-1-1,787,10連特典賞: 10連-プリントチェキ1,,1,3,count,点数を数える,この商品の点数と、在庫ラベルの有無を確認してください,現物の有無と点数、サイズ・色、在庫ラベル(IT)の有無,"qty!,label",,,,,,,,M4
PKGI-02605449,5月,BU-00983004,箱,ROG-001-1-1,788,ポピーザぱフォーマー ぬいぐるみ ポピー&ケダモノセット,,1,1,count,点数を数える,この商品の点数と、在庫ラベルの有無を確認してください,現物の有無と点数、サイズ・色、在庫ラベル(IT)の有無,"qty!,label",,,,,,,,M4
PKGI-02605754,5月,BU-00983146,箱,ROG-001-1-1,797,G賞: G-ミニフォトカード4,,1,4,count,点数を数える,この商品の点数と、在庫ラベルの有無を確認してください,現物の有無と点数、サイズ・色、在庫ラベル(IT)の有無,"qty!,label",,,,,,,,M4
PKGI-02605755,5月,BU-00983146,箱,ROG-001-1-1,798,G賞: G-ミニフォトカード2,,1,4,count,点数を数える,この商品の点数と、在庫ラベルの有無を確認してください,現物の有無と点数、サイズ・色、在庫ラベル(IT)の有無,"qty!,label",,,,,,,,M4
PKGI-02605756,5月,BU-00983146,箱,ROG-001-1-1,799,G賞: G-ミニフォトカード3,,1,4,count,点数を数える,この商品の点数と、在庫ラベルの有無を確認してください,現物の有無と点数、サイズ・色、在庫ラベル(IT)の有無,"qty!,label",,,,,,,,M4
PKGI-02605757,5月,BU-00983146,箱,ROG-001-1-1,800,G賞: G-ミニフォトカード7,,1,5,count,点数を数える,この商品の点数と、在庫ラベルの有無を確認してください,現物の有無と点数、サイズ・色、在庫ラベル(IT)の有無,"qty!,label",,,,,,,,M4
PKGI-02605758,5月,BU-00983146,箱,ROG-001-1-1,801,F賞: F-ステッカー4,,1,4,identify,商品特定（撮影）,タグ・JAN・型番が写るように撮影し、点数を数えてください,現物の有無と点数、サイズ・色、在庫ラベル(IT)の有無,"qty!,photo!,url",,,,,,,,M1
PKGI-02605759,5月,BU-00983146,箱,ROG-001-1-1,802,F賞: F-ステッカー1,,1,2,count,点数を数える,この商品の点数と、在庫ラベルの有無を確認してください,現物の有無と点数、サイズ・色、在庫ラベル(IT)の有無,"qty!,label",,,,,,,,M4
PKGI-02605760,5月,BU-00983146,箱,ROG-001-1-1,803,D賞: D-アクキー3,,1,2,count,点数を数える,この商品の点数と、在庫ラベルの有無を確認してください,現物の有無と点数、サイズ・色、在庫ラベル(IT)の有無,"qty!,label",,,,,,,,M4
PKGI-02605761,5月,BU-00983146,箱,ROG-001-1-1,804,D賞: D-アクキー1,,1,3,count,点数を数える,この商品の点数と、在庫ラベルの有無を確認してください,現物の有無と点数、サイズ・色、在庫ラベル(IT)の有無,"qty!,label",,,,,,,,M4
PKGI-02605762,5月,BU-00983146,箱,ROG-001-1-1,805,D賞: D-アクキー1,,1,3,count,点数を数える,この商品の点数と、在庫ラベルの有無を確認してください,現物の有無と点数、サイズ・色、在庫ラベル(IT)の有無,"qty!,label",,,,,,,,M4
PKGI-02605764,5月,BU-00983146,箱,ROG-001-1-1,807,10連特典賞: 10連-プリントチェキ1,,1,3,count,点数を数える,この商品の点数と、在庫ラベルの有無を確認してください,現物の有無と点数、サイズ・色、在庫ラベル(IT)の有無,"qty!,label",,,,,,,,M4
PKGI-02606475,5月,BU-00983431,箱,ROG-001-1-1,809,D賞: D-アクキー3,,1,2,count,点数を数える,この商品の点数と、在庫ラベルの有無を確認してください,現物の有無と点数、サイズ・色、在庫ラベル(IT)の有無,"qty!,label",,,,,,,,M4
PKGI-02606476,5月,BU-00983431,箱,ROG-001-1-1,810,D賞: D-アクキー2,,1,1,count,点数を数える,この商品の点数と、在庫ラベルの有無を確認してください,現物の有無と点数、サイズ・色、在庫ラベル(IT)の有無,"qty!,label",,,,,,,,M4
PKGI-02606477,5月,BU-00983431,箱,ROG-001-1-1,811,G賞: G-ミニフォトカード6,,1,4,count,点数を数える,この商品の点数と、在庫ラベルの有無を確認してください,現物の有無と点数、サイズ・色、在庫ラベル(IT)の有無,"qty!,label",,,,,,,,M4
PKGI-02606478,5月,BU-00983431,箱,ROG-001-1-1,812,G賞: G-ミニフォトカード3,,1,4,count,点数を数える,この商品の点数と、在庫ラベルの有無を確認してください,現物の有無と点数、サイズ・色、在庫ラベル(IT)の有無,"qty!,label",,,,,,,,M4
PKGI-02606479,5月,BU-00983431,箱,ROG-001-1-1,813,G賞: G-ミニフォトカード5,,1,5,count,点数を数える,この商品の点数と、在庫ラベルの有無を確認してください,現物の有無と点数、サイズ・色、在庫ラベル(IT)の有無,"qty!,label",,,,,,,,M4
PKGI-02606480,5月,BU-00983431,箱,ROG-001-1-1,814,G賞: G-ミニフォトカード2,,1,4,count,点数を数える,この商品の点数と、在庫ラベルの有無を確認してください,現物の有無と点数、サイズ・色、在庫ラベル(IT)の有無,"qty!,label",,,,,,,,M4
PKGI-02606481,5月,BU-00983431,箱,ROG-001-1-1,815,C賞: C-ミニタオル2,,1,1,presence,現物の有無,現物の有無と、ある場合は点数を確認してください,現物の有無と点数,"presence!,qty!",,,,,,PD5HF9S8W78W;PDA32U3N1FB8;PDG1ZDEUY9S0;PDVB4B4IY9RW,,M3
PKGI-02606482,5月,BU-00983431,箱,ROG-001-1-1,816,F賞: F-ステッカー2,,1,3,count,点数を数える,この商品の点数と、在庫ラベルの有無を確認してください,現物の有無と点数、サイズ・色、在庫ラベル(IT)の有無,"qty!,label",,,,,,,,M4
PKGI-02606483,5月,BU-00983431,箱,ROG-001-1-1,817,F賞: F-ステッカー3,,1,3,count,点数を数える,この商品の点数と、在庫ラベルの有無を確認してください,現物の有無と点数、サイズ・色、在庫ラベル(IT)の有無,"qty!,label",,,,,,,,M4
PKGI-02606485,5月,BU-00983431,箱,ROG-001-1-1,819,10連特典賞: 10連-プリントチェキ2,,1,2,count,点数を数える,この商品の点数と、在庫ラベルの有無を確認してください,現物の有無と点数、サイズ・色、在庫ラベル(IT)の有無,"qty!,label",,,,,,,,M4
PKGI-02606630,5月,BU-00983476,箱,ROG-001-1-1,821,【お一人様、10個まで】京らー油ふりかけ,,2,36,count,点数を数える,この商品の点数と、在庫ラベルの有無を確認してください,現物の有無と点数、サイズ・色、在庫ラベル(IT)の有無,"qty!,label",,,,,,,,M4
PKGI-02608634,5月,BU-00984053,箱,ROG-001-1-1,832,【お一人様、2セットまで】京らー油ふりかけ：手土産セット,,2,1,presence,現物の有無,現物の有無と、ある場合は点数を確認してください,現物の有無と点数,"presence!,qty!",,,,,,PDDV0N27LWO4;PDLZ0RCEF0KM,,M3
PKGI-02608633,5月,BU-00984053,箱,ROG-001-1-1,835,【お一人様、10個まで】京らー油ふりかけ,,5,36,count,点数を数える,この商品の点数と、在庫ラベルの有無を確認してください,現物の有無と点数、サイズ・色、在庫ラベル(IT)の有無,"qty!,label",,,,,,,,M4
PKGI-02608635,5月,BU-00984053,箱,ROG-001-1-1,836,京の胡麻ふりかけ-黒七味風味-,,2,1,count,点数を数える,この商品の点数と、在庫ラベルの有無を確認してください,現物の有無と点数、サイズ・色、在庫ラベル(IT)の有無,"qty!,label",,,,,,,,M4
PKGI-02609021,5月,BU-00984191,箱,ROJ-001-1-1,841,コットンカシミヤ ドットジャカードポロカーディガン,,1,1,presence,現物の有無,現物の有無と、ある場合は点数を確認してください,現物の有無と点数,"presence!,qty!",,,,,,PD2LBKOL6WPW;PDVB8DRS9UX2,,M2
PKGI-02616034,5月,BU-00987036,箱,ROG-001-1-1,900,『頭文字D』 FD1巻版（イエロー）無線マウス 高橋啓介 マツダ RX-7 (FD3S型)　1巻ver.  イニシャルD mazda,,3,2,presence,現物の有無,現物の有無と、ある場合は点数を確認してください,現物の有無と点数,"presence!,qty!",,,,,,PDIB8ID4N34S;PDTOM347WGFS,,M3
PKGI-02616935,5月,BU-00987275,箱,ROI-001-1-1,910,ベビー　半袖Ｔシャツ（80～95cm・Atelier Apricot）(バースデイ)【予約】,,1,1,count,点数を数える,この商品の点数と、在庫ラベルの有無を確認してください,現物の有無と点数、サイズ・色、在庫ラベル(IT)の有無,"qty!,label",,,,,,,,M4
PKGI-02617337,5月,BU-00987391,箱,ROJ-001-1-1,913,MARK'S Log Diary Date Free Weekly,,1,1,presence,現物の有無,現物の有無と、ある場合は点数を確認してください,現物の有無と点数,"presence!,qty!,color,size",,,,,,PDM8S1EQRCM0;PDMNZFEGPAE6,,M3
PKGI-02617338,5月,BU-00987391,箱,ROJ-001-1-1,914,MARK'S Log Diary Date Free Weekly,,1,1,count,点数を数える,この商品の点数と、在庫ラベルの有無を確認してください,現物の有無と点数、サイズ・色、在庫ラベル(IT)の有無,"qty!,label",,,,,,,,M4
PKGI-02618196,5月,BU-00987690,箱,ROI-001-1-1,917,ベビー　Ｔシャツ（80～90cm・RYOKKUMi ）(バースデイ)【予約】,,1,1,count,点数を数える,この商品の点数と、在庫ラベルの有無を確認してください,現物の有無と点数、サイズ・色、在庫ラベル(IT)の有無,"qty!,label",,,,,,,,M4
PKGI-02619004,5月,BU-00988058,箱,ROG-001-1-1,921,【3月下旬～4月中旬入荷予定】無線マウス トヨタ AE86 『頭文字D』藤原とうふ店(自家用)仕様 Bluetooth対応 スプリンタートレノ イニD Toyota,,2,3,presence,現物の有無,現物の有無と、ある場合は点数を確認してください,現物の有無と点数,"presence!,qty!",,,,,,PD3MOAKXRII8,,M3
PKGI-02619203,5月,BU-00988115,箱,ROG-001-1-1,923,【3月下旬～4月中旬入荷予定】無線マウス トヨタ AE86 『頭文字D』藤原とうふ店(自家用)仕様 Bluetooth対応 スプリンタートレノ イニD Toyota,,1,3,count,点数を数える,この商品の点数と、在庫ラベルの有無を確認してください,現物の有無と点数、サイズ・色、在庫ラベル(IT)の有無,"qty!,label",,,,,,,,M4
PKGI-02619970,5月,BU-00988360,箱,ROG-001-1-1,934,Tulle tiered skirt,,1,1,count,点数を数える,この商品の点数と、在庫ラベルの有無を確認してください,現物の有無と点数、サイズ・色、在庫ラベル(IT)の有無,"qty!,label",,,,,,,,M4
PKGI-02620756,5月,BU-00988594,箱,ROG-001-1-1,936,海苔ふりかけ　贅沢あられたっぷり　１００g,,5,16,count,点数を数える,この商品の点数と、在庫ラベルの有無を確認してください,現物の有無と点数、サイズ・色、在庫ラベル(IT)の有無,"qty!,label",,,,,,,,M4
PKGI-02621306,5月,BU-00988731,箱,ROG-001-1-1,941,海苔ふりかけ　贅沢あられたっぷり　１００g,,6,16,count,点数を数える,この商品の点数と、在庫ラベルの有無を確認してください,現物の有無と点数、サイズ・色、在庫ラベル(IT)の有無,"qty!,label",,,,,,,,M4
PKGI-02622059,5月,BU-00989037,箱,ROG-001-1-1,946,【お一人様、10個まで】京らー油ふりかけ,,10,36,count,点数を数える,この商品の点数と、在庫ラベルの有無を確認してください,現物の有無と点数、サイズ・色、在庫ラベル(IT)の有無,"qty!,label",,,,,,,,M4
PKGI-02622207,5月,BU-00989099,箱,ROG-001-1-1,947,【予約】【METAL GEAR SOLID Δ × EDWIN】TIGER STRIPE T SHIRTS,,1,2,presence,現物の有無,現物の有無と、ある場合は点数を確認してください,現物の有無と点数,"presence!,qty!,color,size",,,,,,PDNY2TA6FAY6;PDRUHTGOBD7A;PDZ5PVK6PUDV,,M3
PKGI-02622260,5月,BU-00989129,箱,ROG-001-1-1,948,【予約】【METAL GEAR SOLID Δ × EDWIN】TIGER STRIPE T SHIRTS,,1,2,count,点数を数える,この商品の点数と、在庫ラベルの有無を確認してください,現物の有無と点数、サイズ・色、在庫ラベル(IT)の有無,"qty!,label",,,,,,,,M4
PKGI-02622259,5月,BU-00989130,箱,ROG-001-1-1,949,バイオハザード30周年　アクリルスタンドコレクション　エイダ（2月お届け分）,,1,1,count,点数を数える,この商品の点数と、在庫ラベルの有無を確認してください,現物の有無と点数、サイズ・色、在庫ラベル(IT)の有無,"qty!,label",,,,,,,,M4
PKGI-02623590,5月,BU-00989615,箱,ROI-001-1-1,977,ベビー　７分丈パンツ（80～95cm・wiggle wiggle）(バースデイ)【予約】,,2,3,presence,現物の有無,現物の有無と、ある場合は点数を確認してください,現物の有無と点数,"presence!,qty!",,,,,,PD6Y3FPNDGA3;PDU8RSZOYJR4,,M3
PKGI-02623592,5月,BU-00989615,箱,ROI-001-1-1,979,ベビー　７分丈パンツ（80～95cm・wiggle wiggle）(バースデイ)【予約】,,1,3,count,点数を数える,この商品の点数と、在庫ラベルの有無を確認してください,現物の有無と点数、サイズ・色、在庫ラベル(IT)の有無,"qty!,label",,,,,,,,M4
PKGI-02623593,5月,BU-00989615,箱,ROI-001-1-1,980,ベビー　Ｔシャツ（80～95cm・wiggle wiggle）(バースデイ)【予約】,,1,4,count,点数を数える,この商品の点数と、在庫ラベルの有無を確認してください,現物の有無と点数、サイズ・色、在庫ラベル(IT)の有無,"qty!,label",,,,,,,,M4
PKGI-02623594,5月,BU-00989615,箱,ROI-001-1-1,981,ベビー　Ｔシャツ（80～95cm・wiggle wiggle）(バースデイ)【予約】,,1,4,count,点数を数える,この商品の点数と、在庫ラベルの有無を確認してください,現物の有無と点数、サイズ・色、在庫ラベル(IT)の有無,"qty!,label",,,,,,,,M4
PKGI-02623595,5月,BU-00989615,箱,ROI-001-1-1,982,ベビー　Ｔシャツ（80～95cm・wiggle wiggle）(バースデイ)【予約】,,1,4,count,点数を数える,この商品の点数と、在庫ラベルの有無を確認してください,現物の有無と点数、サイズ・色、在庫ラベル(IT)の有無,"qty!,label",,,,,,,,M4
PKGI-02623596,5月,BU-00989615,箱,ROI-001-1-1,983,ベビー　Ｔシャツ（80～95cm・wiggle wiggle）(バースデイ)【予約】,,1,4,count,点数を数える,この商品の点数と、在庫ラベルの有無を確認してください,現物の有無と点数、サイズ・色、在庫ラベル(IT)の有無,"qty!,label",,,,,,,,M4
PKGI-02626596,5月,BU-00990643,箱,ROJ-001-1-1,1007,DESIGN PARACORD SHOULDER デザインパラコードショルダー,,1,1,presence,現物の有無,現物の有無と、ある場合は点数を確認してください,現物の有無と点数,"presence!,qty!,color,size",,,,,,PDE0CDXMBSQG;PDEGCCL9MYPE,,M3
PKGI-02626597,5月,BU-00990643,箱,ROJ-001-1-1,1008,DESIGN PARACORD SHOULDER デザインパラコードショルダー,,1,1,count,点数を数える,この商品の点数と、在庫ラベルの有無を確認してください,現物の有無と点数、サイズ・色、在庫ラベル(IT)の有無,"qty!,label",,,,,,,,M4
PKGI-02626598,5月,BU-00990643,箱,ROJ-001-1-1,1009,Design paracord shoulder/ デザインパラコードショルダー,,1,1,presence,現物の有無,現物の有無と、ある場合は点数を確認してください,現物の有無と点数,"presence!,qty!,color,size",,,,,,PDGUPRECLIJK,,M3
PKGI-02627807,5月,BU-00991127,箱,ROG-001-1-1,1019,大カイジ展/沼 ビッグシルエットTシャツ2/ブラック,,2,2,presence,現物の有無,現物の有無と、ある場合は点数を確認してください,現物の有無と点数,"presence!,qty!",,,,,,PD78D9NQW4MU;PDJTSUSY3WGE,,M2
PKGI-02628590,5月,BU-00991463,箱,ROG-001-1-1,1033,木刀　一刀流　（ツバ・ツバ止めは別売りです）,,10,10,presence,現物の有無,現物の有無と、ある場合は点数を確認してください,現物の有無と点数,"presence!,qty!",,,,,,PDHK48MRMIWH;PDL2C0UQC0CK,,M2
PKGI-02633603,5月,BU-00993274,箱,ROG-001-1-1,1062,Yamasanka / 山鳥のカラビナ,,1,1,presence,現物の有無,現物の有無と、ある場合は点数を確認してください,現物の有無と点数,"presence!,qty!,color,size",,,,,,PDEZTEGOXUAE;PDNH96BUFSX1,,M3
PKGI-02633604,5月,BU-00993274,箱,ROG-001-1-1,1063,Yamasanka / 山鳥のカラビナ,,1,1,count,点数を数える,この商品の点数と、在庫ラベルの有無を確認してください,現物の有無と点数、サイズ・色、在庫ラベル(IT)の有無,"qty!,label",,,,,,,,M4
PKGI-02633862,5月,BU-00993374,箱,ROG-001-1-1,1067,【暖】深Uネック 2分袖インナー,,1,5,presence,現物の有無,現物の有無と、ある場合は点数を確認してください,現物の有無と点数,"presence!,qty!,color,size",,,,,,PDA450WH1X88;PDQNKUOYKIPC,,M2
PKGI-02633863,5月,BU-00993374,箱,ROG-001-1-1,1068,【暖】深Uネック 2分袖インナー,,1,5,identify,商品特定（撮影）,タグ・JAN・型番が写るように撮影し、点数を数えてください,現物の有無と点数、サイズ・色、在庫ラベル(IT)の有無,"qty!,photo!,url",,,,,,,,M1
PKGI-02633864,5月,BU-00993374,箱,ROG-001-1-1,1069,【暖】深Uネック 2分袖インナー,,1,5,identify,商品特定（撮影）,タグ・JAN・型番が写るように撮影し、点数を数えてください,現物の有無と点数、サイズ・色、在庫ラベル(IT)の有無,"qty!,photo!,url",,,,,,,,M1
PKGI-02633865,5月,BU-00993374,箱,ROG-001-1-1,1070,【暖】深Uネック 2分袖インナー,,1,5,identify,商品特定（撮影）,タグ・JAN・型番が写るように撮影し、点数を数えてください,現物の有無と点数、サイズ・色、在庫ラベル(IT)の有無,"qty!,photo!,url",,,,,,,,M1
PKGI-02633866,5月,BU-00993374,箱,ROG-001-1-1,1071,【暖】深Uネック 2分袖インナー,,1,5,identify,商品特定（撮影）,タグ・JAN・型番が写るように撮影し、点数を数えてください,現物の有無と点数、サイズ・色、在庫ラベル(IT)の有無,"qty!,photo!,url",,,,,,,,M1
PKGI-02056601,5月,PKG-00733993,箱,BUI-001-1-1,1080,【買取】ちいかわ まじかるちいかわ トレーディング ステンドグラス風クリアブックマーカー（全8種）,,1,1,presence,現物の有無,現物の有無と、ある場合は点数を確認してください,現物の有無と点数,"presence!,qty!",,,,,,PDPEZ60FO7JG;PDVPI4K16ET8,,M2
PKGI-02213244,5月,PKG-00744228,箱,BUI-001-2-1,1087,【買取】ちいかわ まじかるちいかわ 悪いバージョンだ？マスコット（モモンガ）,,1,2,count,点数を数える,この商品の点数と、在庫ラベルの有無を確認してください,現物の有無と点数、サイズ・色、在庫ラベル(IT)の有無,"qty!,label",,,,,,,,M4
PKGI-02480367,5月,PKG-00843210,箱,BUI-001-2-1,1143,【買取】Lilac bloom スマホケース　キンモクセイ/紫陽花,,1,2,presence,現物の有無,現物の有無と、ある場合は点数を確認してください,現物の有無と点数,"presence!,qty!,color,size",,,,,,PDAGGE3EYC0L,,M2
PKGI-02480401,5月,PKG-00843210,箱,BUI-001-2-1,1144,【買取】Lilac bloom スマホケース　キンモクセイ/紫陽花,,1,2,identify,商品特定（撮影）,タグ・JAN・型番が写るように撮影し、点数を数えてください,現物の有無と点数、サイズ・色、在庫ラベル(IT)の有無,"qty!,photo!,url",,,,,,,,M1
PKGI-02248838,5月,PKG-00911691,箱,BUI-001-1-2,1188,【買取】ちいかわ まじかるちいかわ 悪いバージョンだ？マスコット（モモンガ）,,1,2,count,点数を数える,この商品の点数と、在庫ラベルの有無を確認してください,現物の有無と点数、サイズ・色、在庫ラベル(IT)の有無,"qty!,label",,,,,,,,M4
PKGI-02396329,5月,PKG-00932220,箱,RTG-006-1-1,1208,パターンデザインソックス（R）(25-27cm),,1,1,count,点数を数える,この商品の点数と、在庫ラベルの有無を確認してください,現物の有無と点数、サイズ・色、在庫ラベル(IT)の有無,"qty!,label",,,,,,,,M4
PKGI-02657046,5月,PKG-00972932,箱,BUG-001-2-3,1228,【買取】【3月下旬～4月中旬入荷予定】無線マウス トヨタ AE86 『頭文字D』藤原とうふ店(自家用)仕様 Bluetooth対応 スプリンタートレノ イニD Toyota,,1,21,count,点数を数える,この商品の点数と、在庫ラベルの有無を確認してください,現物の有無と点数、サイズ・色、在庫ラベル(IT)の有無,"qty!,label",,,,,,,,M4
PKGI-02652750,5月,PKG-00972934,箱,BUG-001-1-1,1229,【買取】【3月下旬～4月中旬入荷予定】無線マウス トヨタ AE86 『頭文字D』藤原とうふ店(自家用)仕様 Bluetooth対応 スプリンタートレノ イニD Toyota,,1,21,count,点数を数える,この商品の点数と、在庫ラベルの有無を確認してください,現物の有無と点数、サイズ・色、在庫ラベル(IT)の有無,"qty!,label",,,,,,,,M4
PKGI-02534203,5月,PKG-01027600,箱,RTG-004-3-1,1309,まいにち美胸ライトプリントレースブラＤ,,2,2,presence,現物の有無,現物の有無と、ある場合は点数を確認してください,現物の有無と点数,"presence!,qty!",,,,,,PDI66O8R6PJT;PDX50DJTALBI,,M2
PKGI-02584094,5月,PKG-01034807,箱,BUI-001-2-1,1327,Lilac bloom スマホケース　キンモクセイ/紫陽花,,1,1,presence,現物の有無,現物の有無と、ある場合は点数を確認してください,現物の有無と点数,"presence!,qty!",,,,,,PD7NIR8BD8NK;PDF8L4O40L8K;PDTUO28RE8SY,,M3
PKGI-02485287,5月,PKG-01038000,箱,BUG-002-2-1,1331,コンフォートリラックスレギュラーシャツ,,1,1,count,点数を数える,この商品の点数と、在庫ラベルの有無を確認してください,現物の有無と点数、サイズ・色、在庫ラベル(IT)の有無,"qty!,label",,,,,,,,M4
PKGI-02704147,5月,PKG-01064777,箱,BUJ-001-3-1,1370,【2ショット撮影会応募用シリアルコード対象】My First Kick: 4th Mini Album (Digipack Ver.)(ランダムバージョン)＜オンライン限定＞ (発売日: 2026年05月上旬) + '（特典あり)',,2,1,count,点数を数える,この商品の点数と、在庫ラベルの有無を確認してください,現物の有無と点数、サイズ・色、在庫ラベル(IT)の有無,"qty!,label",,,,,,,,M4
PKGI-02652733,5月,PKG-01077528,箱,BUG-001-1-1,1377,【買取】【3月下旬～4月中旬入荷予定】無線マウス トヨタ AE86 『頭文字D』藤原とうふ店(自家用)仕様 Bluetooth対応 スプリンタートレノ イニD Toyota,,2,21,presence,現物の有無,現物の有無と、ある場合は点数を確認してください,現物の有無と点数,"presence!,qty!",,,,,,PD5WWN4RLH0W;PD7AYWU1YN51;PDE9Z09CMENG,,M3
PKGI-02654408,5月,PKG-01077538,箱,BUG-001-1-1,1378,【買取】【3月下旬～4月中旬入荷予定】無線マウス トヨタ AE86 『頭文字D』藤原とうふ店(自家用)仕様 Bluetooth対応 スプリンタートレノ イニD Toyota,,1,21,count,点数を数える,この商品の点数と、在庫ラベルの有無を確認してください,現物の有無と点数、サイズ・色、在庫ラベル(IT)の有無,"qty!,label",,,,,,,,M4
PKGI-02652722,5月,PKG-01077541,箱,BUG-001-1-1,1379,【買取】【3月下旬～4月中旬入荷予定】無線マウス トヨタ AE86 『頭文字D』藤原とうふ店(自家用)仕様 Bluetooth対応 スプリンタートレノ イニD Toyota,,1,21,count,点数を数える,この商品の点数と、在庫ラベルの有無を確認してください,現物の有無と点数、サイズ・色、在庫ラベル(IT)の有無,"qty!,label",,,,,,,,M4
PKGI-02654444,5月,PKG-01077545,箱,BUG-001-1-1,1380,【買取】【3月下旬～4月中旬入荷予定】無線マウス トヨタ AE86 『頭文字D』藤原とうふ店(自家用)仕様 Bluetooth対応 スプリンタートレノ イニD Toyota,,1,21,count,点数を数える,この商品の点数と、在庫ラベルの有無を確認してください,現物の有無と点数、サイズ・色、在庫ラベル(IT)の有無,"qty!,label",,,,,,,,M4
PKGI-02654662,5月,PKG-01077571,箱,BUG-001-1-1,1381,【買取】【3月下旬～4月中旬入荷予定】無線マウス トヨタ AE86 『頭文字D』藤原とうふ店(自家用)仕様 Bluetooth対応 スプリンタートレノ イニD Toyota,,1,21,count,点数を数える,この商品の点数と、在庫ラベルの有無を確認してください,現物の有無と点数、サイズ・色、在庫ラベル(IT)の有無,"qty!,label",,,,,,,,M4
PKGI-02647561,5月,PKG-01082166,箱,BUG-001-1-1,1384,【買取】【3月下旬～4月中旬入荷予定】無線マウス トヨタ AE86 『頭文字D』藤原とうふ店(自家用)仕様 Bluetooth対応 スプリンタートレノ イニD Toyota,,1,21,count,点数を数える,この商品の点数と、在庫ラベルの有無を確認してください,現物の有無と点数、サイズ・色、在庫ラベル(IT)の有無,"qty!,label",,,,,,,,M4
PKGI-02647624,5月,PKG-01082189,箱,BUG-001-1-1,1385,【買取】【3月下旬～4月中旬入荷予定】無線マウス トヨタ AE86 『頭文字D』藤原とうふ店(自家用)仕様 Bluetooth対応 スプリンタートレノ イニD Toyota,,1,21,count,点数を数える,この商品の点数と、在庫ラベルの有無を確認してください,現物の有無と点数、サイズ・色、在庫ラベル(IT)の有無,"qty!,label",,,,,,,,M4
PKGI-02655795,5月,PKG-01085188,箱,BUG-001-1-1,1387,【買取】【3月下旬～4月中旬入荷予定】無線マウス トヨタ AE86 『頭文字D』藤原とうふ店(自家用)仕様 Bluetooth対応 スプリンタートレノ イニD Toyota,,1,21,count,点数を数える,この商品の点数と、在庫ラベルの有無を確認してください,現物の有無と点数、サイズ・色、在庫ラベル(IT)の有無,"qty!,label",,,,,,,,M4
PKGI-02655867,5月,PKG-01085193,箱,BUG-001-1-1,1388,【買取】【3月下旬～4月中旬入荷予定】無線マウス トヨタ AE86 『頭文字D』藤原とうふ店(自家用)仕様 Bluetooth対応 スプリンタートレノ イニD Toyota,,1,21,count,点数を数える,この商品の点数と、在庫ラベルの有無を確認してください,現物の有無と点数、サイズ・色、在庫ラベル(IT)の有無,"qty!,label",,,,,,,,M4
PKGI-02655827,5月,PKG-01085200,箱,BUG-001-1-1,1389,【買取】【3月下旬～4月中旬入荷予定】無線マウス トヨタ AE86 『頭文字D』藤原とうふ店(自家用)仕様 Bluetooth対応 スプリンタートレノ イニD Toyota,,1,21,count,点数を数える,この商品の点数と、在庫ラベルの有無を確認してください,現物の有無と点数、サイズ・色、在庫ラベル(IT)の有無,"qty!,label",,,,,,,,M4
PKGI-02655660,5月,PKG-01085208,箱,BUG-001-1-1,1390,【買取】【3月下旬～4月中旬入荷予定】無線マウス トヨタ AE86 『頭文字D』藤原とうふ店(自家用)仕様 Bluetooth対応 スプリンタートレノ イニD Toyota,,1,21,count,点数を数える,この商品の点数と、在庫ラベルの有無を確認してください,現物の有無と点数、サイズ・色、在庫ラベル(IT)の有無,"qty!,label",,,,,,,,M4
PKGI-02658628,5月,PKG-01085430,箱,BUG-001-2-3,1391,【買取】【3月下旬～4月中旬入荷予定】無線マウス トヨタ AE86 『頭文字D』藤原とうふ店(自家用)仕様 Bluetooth対応 スプリンタートレノ イニD Toyota,,1,21,count,点数を数える,この商品の点数と、在庫ラベルの有無を確認してください,現物の有無と点数、サイズ・色、在庫ラベル(IT)の有無,"qty!,label",,,,,,,,M4
PKGI-02658496,5月,PKG-01085444,箱,BUG-001-1-1,1392,【買取】【3月下旬～4月中旬入荷予定】無線マウス トヨタ AE86 『頭文字D』藤原とうふ店(自家用)仕様 Bluetooth対応 スプリンタートレノ イニD Toyota,,1,21,count,点数を数える,この商品の点数と、在庫ラベルの有無を確認してください,現物の有無と点数、サイズ・色、在庫ラベル(IT)の有無,"qty!,label",,,,,,,,M4
PKGI-02658274,5月,PKG-01085467,箱,BUG-001-1-1,1393,【買取】【3月下旬～4月中旬入荷予定】無線マウス トヨタ AE86 『頭文字D』藤原とうふ店(自家用)仕様 Bluetooth対応 スプリンタートレノ イニD Toyota,,1,21,count,点数を数える,この商品の点数と、在庫ラベルの有無を確認してください,現物の有無と点数、サイズ・色、在庫ラベル(IT)の有無,"qty!,label",,,,,,,,M4
PKGI-02658444,5月,PKG-01085469,箱,BUG-001-2-3,1394,【買取】【3月下旬～4月中旬入荷予定】無線マウス トヨタ AE86 『頭文字D』藤原とうふ店(自家用)仕様 Bluetooth対応 スプリンタートレノ イニD Toyota,,1,21,count,点数を数える,この商品の点数と、在庫ラベルの有無を確認してください,現物の有無と点数、サイズ・色、在庫ラベル(IT)の有無,"qty!,label",,,,,,,,M4
PKGI-02658383,5月,PKG-01085475,箱,BUG-001-1-1,1395,【買取】【3月下旬～4月中旬入荷予定】無線マウス トヨタ AE86 『頭文字D』藤原とうふ店(自家用)仕様 Bluetooth対応 スプリンタートレノ イニD Toyota,,1,21,count,点数を数える,この商品の点数と、在庫ラベルの有無を確認してください,現物の有無と点数、サイズ・色、在庫ラベル(IT)の有無,"qty!,label",,,,,,,,M4
PKGI-02658403,5月,PKG-01085476,箱,BUG-001-1-1,1396,【買取】【3月下旬～4月中旬入荷予定】無線マウス トヨタ AE86 『頭文字D』藤原とうふ店(自家用)仕様 Bluetooth対応 スプリンタートレノ イニD Toyota,,1,21,count,点数を数える,この商品の点数と、在庫ラベルの有無を確認してください,現物の有無と点数、サイズ・色、在庫ラベル(IT)の有無,"qty!,label",,,,,,,,M4
PKGI-02660495,5月,PKG-01085898,箱,BUG-001-2-3,1397,【買取】【3月下旬～4月中旬入荷予定】無線マウス トヨタ AE86 『頭文字D』藤原とうふ店(自家用)仕様 Bluetooth対応 スプリンタートレノ イニD Toyota,,1,21,count,点数を数える,この商品の点数と、在庫ラベルの有無を確認してください,現物の有無と点数、サイズ・色、在庫ラベル(IT)の有無,"qty!,label",,,,,,,,M4
PKGI-02660485,5月,PKG-01085922,箱,BUG-001-2-3,1398,【買取】【3月下旬～4月中旬入荷予定】無線マウス トヨタ AE86 『頭文字D』藤原とうふ店(自家用)仕様 Bluetooth対応 スプリンタートレノ イニD Toyota,,1,21,count,点数を数える,この商品の点数と、在庫ラベルの有無を確認してください,現物の有無と点数、サイズ・色、在庫ラベル(IT)の有無,"qty!,label",,,,,,,,M4
PKGI-02660590,5月,PKG-01085923,箱,BUG-001-2-3,1399,【買取】【3月下旬～4月中旬入荷予定】無線マウス トヨタ AE86 『頭文字D』藤原とうふ店(自家用)仕様 Bluetooth対応 スプリンタートレノ イニD Toyota,,1,21,count,点数を数える,この商品の点数と、在庫ラベルの有無を確認してください,現物の有無と点数、サイズ・色、在庫ラベル(IT)の有無,"qty!,label",,,,,,,,M4
PKGI-02628325,5月,PKG-01108125,箱,BUG-001-2-3,1423,Synthesizer V 2 AI 重音テト,,1,3,count,点数を数える,この商品の点数と、在庫ラベルの有無を確認してください,現物の有無と点数、サイズ・色、在庫ラベル(IT)の有無,"qty!,label",,,,,,,,M4
PKGI-02628819,5月,PKG-01108336,箱,RTG-004-3-1,1424,バイオハザード30周年　アクリルスタンドコレクション　エイダ（2月お届け分）,,1,1,count,点数を数える,この商品の点数と、在庫ラベルの有無を確認してください,現物の有無と点数、サイズ・色、在庫ラベル(IT)の有無,"qty!,label",,,,,,,,M4
